customer_id,customer_name,gender,age,city,state,city_tier,pincode,signup_date
C00001,Komal Reddy,F,32,Kolkata,West Bengal,1,700040,2023-09-23
C00002,Priya Sharma,F,22,Jaipur,Rajasthan,2,302045,2023-12-13
C00003,Payal Ansari,F,31,Patna,Bihar,2,800038,2023-01-29
C00004,Shalini Patel,F,31,Chennai,Tamil Nadu,1,600051,2024-01-20
C00005,Ruchi Kumari,F,20,Delhi,Delhi,1,110055,2022-12-31
C00006,Sana Nair,F,26,Chennai,Tamil Nadu,1,600053,2024-03-23
C00007,Meena Singh,F,32,Agartala,Tripura,3,799035,2022-10-15
C00008,Priya Yadav,F,18,Kanpur,Uttar Pradesh,2,208024,2024-06-19
C00009,Nisha Sharma,F,22,Pune,Maharashtra,1,411002,2023-05-15
C00010,Payal Pandey,F,19,Hyderabad,Telangana,1,500043,2024-07-11
C00011,Rahul Nair,M,20,Siliguri,West Bengal,3,734070,2023-06-08
C00012,Arjun Kumari,M,21,Hyderabad,Telangana,1,500099,2022-10-01
C00013,Nisha Reddy,F,19,Chennai,Tamil Nadu,1,600026,2023-06-18
C00014,Deepa Patel,F,27,Guwahati,Assam,2,781042,2024-04-22
C00015,Komal Chauhan,F,33,Coimbatore,Tamil Nadu,2,641082,2023-12-01
C00016,Vikram Singh,M,31,Hyderabad,Telangana,1,500042,2024-09-16
C00017,Neha Kumari,F,18,Hyderabad,Telangana,1,500006,2023-02-14
C00018,Sana Yadav,F,20,Varanasi,Uttar Pradesh,3,221032,2024-04-23
C00019,Divya Verma,F,22,Patna,Bihar,2,800090,2023-04-01
C00020,Aisha Mishra,F,47,Varanasi,Uttar Pradesh,3,221083,2022-08-19
C00021,Vikram Sharma,M,29,Lucknow,Uttar Pradesh,2,226093,2024-05-17
C00022,Rahul Joshi,F,33,Chennai,Tamil Nadu,1,600025,2023-03-01
C00023,Amit Joshi,F,23,Hyderabad,Telangana,1,500009,2023-04-07
C00024,Fatima Rao,F,18,Delhi,Delhi,1,110082,2023-05-02
C00025,Priya Devi,F,25,Jaipur,Rajasthan,2,302042,2022-09-24
C00026,Suresh Patel,M,33,Mumbai,Maharashtra,1,400099,2023-03-17
C00027,Simran Mishra,F,34,Delhi,Delhi,1,110085,2024-07-25
C00028,Rohit Verma,M,33,Bengaluru,Karnataka,1,560025,2024-06-22
C00029,Ruchi Ansari,F,26,Bengaluru,Karnataka,1,560007,2023-09-22
C00030,Priya Patel,F,20,Chennai,Tamil Nadu,1,600060,2022-07-04
C00031,Amit Iyer,F,19,Coimbatore,Tamil Nadu,2,641079,2024-01-03
C00032,Meena Gupta,F,43,Bhopal,Madhya Pradesh,2,462013,2024-06-20
C00033,Ritika Patel,F,25,Ranchi,Jharkhand,2,834073,2022-12-31
C00034,Komal Iyer,F,29,Hubballi,Karnataka,3,580087,2023-06-20
C00035,Neha Khan,F,30,Ranchi,Jharkhand,2,834065,2023-10-22
C00036,Sana Joshi,F,40,Ludhiana,Punjab,2,141071,2023-11-04
C00037,Lakshmi Iyer,F,28,Siliguri,West Bengal,3,734078,2024-01-29
C00038,Komal Nair,F,32,Surat,Gujarat,2,395058,2023-08-22
C00039,Meena Devi,F,22,Bengaluru,Karnataka,1,560039,2024-09-25
C00040,Divya Sharma,F,26,Kolkata,West Bengal,1,700071,2023-04-27
C00041,Rohit Singh,M,29,Nagpur,Maharashtra,2,440020,2024-05-13
C00042,Vikram Reddy,M,27,Pune,Maharashtra,1,411012,2023-02-25
C00043,Amit Mishra,M,23,Jaipur,Rajasthan,2,302063,2022-06-09
C00044,Neha Devi,F,19,Muzaffarpur,Bihar,3,842094,2022-06-27
C00045,Anjali Mishra,F,31,Surat,Gujarat,2,395054,2022-04-27
C00046,Amit Devi,F,45,Delhi,Delhi,1,110081,2023-09-06
C00047,Divya Rao,F,28,Mumbai,Maharashtra,1,400065,2022-10-18
C00048,Amit Kumari,F,47,Chennai,Tamil Nadu,1,600077,2023-02-20
C00049,Meena Kumari,F,28,Bhopal,Madhya Pradesh,2,462011,2023-06-02
C00050,Ruchi Nair,F,34,Surat,Gujarat,2,395056,2022-08-01
C00051,Payal Rao,F,30,Raipur,Chhattisgarh,2,492084,2023-02-24
C00052,Amit Chauhan,F,20,Hyderabad,Telangana,1,500035,2022-07-29
C00053,Rani Gupta,F,31,Indore,Madhya Pradesh,2,452055,2023-09-23
C00054,Sana Sharma,F,23,Lucknow,Uttar Pradesh,2,226045,2023-01-09
C00055,Rohit Joshi,M,25,Gorakhpur,Uttar Pradesh,3,273026,2022-10-31
C00056,Pooja Singh,F,25,Jaipur,Rajasthan,2,302080,2024-05-03
C00057,Rahul Mishra,M,21,Shillong,Meghalaya,3,793040,2023-06-29
C00058,Amit Rao,F,34,Patna,Bihar,2,800097,2024-01-11
C00059,Sneha Sharma,F,34,Nagpur,Maharashtra,2,440006,2024-01-14
C00060,Rahul Devi,F,32,Hyderabad,Telangana,1,500084,2024-09-23
C00061,Deepa Pandey,F,18,Mumbai,Maharashtra,1,400038,2022-04-27
C00062,Ruchi Chauhan,F,36,Shillong,Meghalaya,3,793041,2023-05-24
C00063,Kavya Patel,F,32,Agartala,Tripura,3,799072,2022-10-03
C00064,Swati Das,F,30,Bengaluru,Karnataka,1,560096,2024-04-24
C00065,Shalini Das,F,34,Bengaluru,Karnataka,1,560036,2022-06-23
C00066,Ruchi Sharma,F,39,Mumbai,Maharashtra,1,400029,2024-04-29
C00067,Sneha Gupta,F,34,Lucknow,Uttar Pradesh,2,226087,2023-01-13
C00068,Simran Reddy,F,31,Shillong,Meghalaya,3,793040,2023-01-21
C00069,Ritika Yadav,F,24,Lucknow,Uttar Pradesh,2,226018,2023-11-20
C00070,Rohit Iyer,M,47,Raipur,Chhattisgarh,2,492019,2022-11-30
C00071,Imran Gupta,M,21,Ujjain,Madhya Pradesh,3,456024,2023-11-11
C00072,Priya Mishra,F,31,Siliguri,West Bengal,3,734053,2023-11-26
C00073,Arjun Yadav,M,21,Indore,Madhya Pradesh,2,452017,2024-03-26
C00074,Arjun Devi,M,25,Bengaluru,Karnataka,1,560077,2024-02-07
C00075,Pooja Ansari,F,33,Chennai,Tamil Nadu,1,600092,2022-12-06
C00076,Karan Ansari,M,24,Jaipur,Rajasthan,2,302029,2024-08-29
C00077,Arjun Iyer,M,24,Jaipur,Rajasthan,2,302097,2024-03-06
C00078,Karan Devi,M,28,Mumbai,Maharashtra,1,400059,2024-01-23
C00079,Sana Kumari,F,30,Indore,Madhya Pradesh,2,452079,2022-09-02
C00080,Lakshmi Verma,F,32,Surat,Gujarat,2,395059,2022-06-08
C00081,Vikram Chauhan,M,19,Shillong,Meghalaya,3,793072,2023-09-01
C00082,Anjali Patel,F,30,Bhopal,Madhya Pradesh,2,462039,2022-08-01
C00083,Simran Das,F,19,Gorakhpur,Uttar Pradesh,3,273089,2023-04-21
C00084,Lakshmi Joshi,F,34,Muzaffarpur,Bihar,3,842015,2024-03-31
C00085,Rohit Kumari,M,32,Dehradun,Uttarakhand,2,248004,2024-04-01
C00086,Vikram Joshi,M,28,Indore,Madhya Pradesh,2,452089,2022-12-07
C00087,Amit Gupta,M,32,Muzaffarpur,Bihar,3,842082,2023-09-26
C00088,Amit Chauhan,F,23,Mumbai,Maharashtra,1,400049,2023-03-18
C00089,Divya Saikia,F,22,Jaipur,Rajasthan,2,302021,2022-04-26
C00090,Anjali Iyer,F,32,Delhi,Delhi,1,110037,2022-12-30
C00091,Vikram Sharma,M,26,Hyderabad,Telangana,1,500002,2023-06-20
C00092,Priya Devi,F,25,Patna,Bihar,2,800028,2023-02-07
C00093,Nisha Gupta,F,18,Ludhiana,Punjab,2,141032,2023-03-21
C00094,Ritika Verma,F,19,Pune,Maharashtra,1,411084,2023-10-10
C00095,Arjun Mishra,M,35,Bengaluru,Karnataka,1,560014,2023-08-02
C00096,Meena Devi,F,23,Bareilly,Uttar Pradesh,3,243059,2022-08-26
C00097,Amit Das,M,30,Surat,Gujarat,2,395009,2022-08-17
C00098,Meena Ansari,F,26,Indore,Madhya Pradesh,2,452043,2023-04-11
C00099,Ritika Devi,F,34,Indore,Madhya Pradesh,2,452012,2023-05-25
C00100,Rahul Das,F,28,Ranchi,Jharkhand,2,834034,2023-04-12
C00101,Sneha Devi,F,34,Surat,Gujarat,2,395094,2022-12-24
C00102,Vikram Das,M,35,Patna,Bihar,2,800016,2024-09-07
C00103,Vikram Devi,M,41,Patna,Bihar,2,800006,2023-10-26
C00104,Vikram Sharma,M,27,Lucknow,Uttar Pradesh,2,226033,2022-07-15
C00105,Komal Mishra,F,21,Mumbai,Maharashtra,1,400088,2023-10-26
C00106,Sana Sharma,F,24,Lucknow,Uttar Pradesh,2,226043,2022-06-01
C00107,Payal Verma,F,33,Lucknow,Uttar Pradesh,2,226020,2022-12-29
C00108,Imran Joshi,M,31,Patna,Bihar,2,800096,2024-08-05
C00109,Amit Mishra,F,18,Siliguri,West Bengal,3,734027,2023-02-18
C00110,Imran Gupta,M,39,Raipur,Chhattisgarh,2,492004,2023-10-20
C00111,Kavya Saikia,F,23,Bareilly,Uttar Pradesh,3,243077,2024-06-04
C00112,Rahul Mishra,F,26,Agartala,Tripura,3,799053,2024-07-05
C00113,Nisha Das,F,27,Patna,Bihar,2,800023,2024-06-09
C00114,Ritika Gupta,F,18,Jaipur,Rajasthan,2,302062,2023-05-08
C00115,Payal Chauhan,F,28,Delhi,Delhi,1,110019,2022-08-06
C00116,Rohit Patel,M,32,Shillong,Meghalaya,3,793050,2022-10-02
C00117,Meena Verma,F,20,Agartala,Tripura,3,799043,2023-06-11
C00118,Deepa Das,F,27,Imphal,Manipur,3,795082,2024-03-01
C00119,Fatima Rao,F,32,Lucknow,Uttar Pradesh,2,226086,2024-06-03
C00120,Neha Sharma,F,43,Pune,Maharashtra,1,411066,2024-06-19
C00121,Divya Nair,F,27,Hyderabad,Telangana,1,500074,2024-01-25
C00122,Divya Rao,F,22,Hyderabad,Telangana,1,500004,2023-06-07
C00123,Ruchi Verma,F,30,Muzaffarpur,Bihar,3,842023,2022-10-11
C00124,Rahul Joshi,F,27,Kanpur,Uttar Pradesh,2,208043,2022-06-17
C00125,Komal Gupta,F,47,Hyderabad,Telangana,1,500098,2023-06-13
C00126,Rahul Joshi,F,27,Surat,Gujarat,2,395088,2022-12-12
C00127,Aisha Reddy,F,26,Ranchi,Jharkhand,2,834047,2023-08-27
C00128,Imran Mishra,M,18,Hyderabad,Telangana,1,500009,2023-06-03
C00129,Kavya Das,F,22,Delhi,Delhi,1,110066,2024-06-18
C00130,Neha Mishra,F,20,Jaipur,Rajasthan,2,302039,2023-04-05
C00131,Aisha Devi,F,23,Patna,Bihar,2,800062,2023-09-04
C00132,Rahul Saikia,F,31,Mumbai,Maharashtra,1,400073,2022-07-18
C00133,Kavya Gupta,F,33,Lucknow,Uttar Pradesh,2,226015,2023-02-03
C00134,Neha Joshi,F,30,Kanpur,Uttar Pradesh,2,208009,2023-01-28
C00135,Suresh Mishra,M,19,Delhi,Delhi,1,110012,2024-02-22
C00136,Rahul Yadav,M,32,Gorakhpur,Uttar Pradesh,3,273069,2023-12-08
C00137,Ritika Patel,F,28,Jaipur,Rajasthan,2,302039,2023-02-26
C00138,Simran Pandey,F,44,Varanasi,Uttar Pradesh,3,221002,2023-01-14
C00139,Sneha Das,F,19,Bareilly,Uttar Pradesh,3,243001,2022-10-12
C00140,Amit Das,M,25,Nagpur,Maharashtra,2,440056,2022-10-13
C00141,Rahul Kumari,F,31,Kanpur,Uttar Pradesh,2,208070,2024-02-28
C00142,Ritika Rao,F,29,Ludhiana,Punjab,2,141054,2024-04-27
C00143,Rohit Yadav,M,18,Pune,Maharashtra,1,411019,2022-09-24
C00144,Sneha Gupta,F,31,Shillong,Meghalaya,3,793059,2022-07-17
C00145,Rohit Joshi,M,32,Raipur,Chhattisgarh,2,492050,2023-10-04
C00146,Priya Saikia,F,25,Chennai,Tamil Nadu,1,600092,2023-05-07
C00147,Imran Verma,M,44,Pune,Maharashtra,1,411062,2022-10-11
C00148,Rahul Gupta,F,34,Jaipur,Rajasthan,2,302097,2022-07-27
C00149,Swati Devi,F,33,Pune,Maharashtra,1,411081,2022-09-03
C00150,Deepa Rao,F,27,Ludhiana,Punjab,2,141079,2024-08-08
C00151,Priya Ansari,F,33,Muzaffarpur,Bihar,3,842074,2022-09-11
C00152,Meena Das,F,27,Lucknow,Uttar Pradesh,2,226094,2022-07-21
C00153,Payal Saikia,F,19,Surat,Gujarat,2,395085,2023-12-08
C00154,Meena Ansari,F,34,Gorakhpur,Uttar Pradesh,3,273010,2022-05-14
C00155,Sana Nair,F,26,Varanasi,Uttar Pradesh,3,221002,2022-09-03
C00156,Rani Yadav,F,29,Delhi,Delhi,1,110023,2024-01-08
C00157,Kavya Chauhan,F,28,Varanasi,Uttar Pradesh,3,221011,2024-05-06
C00158,Karan Iyer,M,25,Kanpur,Uttar Pradesh,2,208085,2023-07-09
C00159,Rani Pandey,F,26,Ranchi,Jharkhand,2,834097,2022-06-15
C00160,Ruchi Ansari,F,25,Delhi,Delhi,1,110049,2022-11-02
C00161,Sneha Chauhan,F,18,Ranchi,Jharkhand,2,834037,2022-07-08
C00162,Swati Verma,F,29,Indore,Madhya Pradesh,2,452056,2023-01-15
C00163,Imran Nair,M,21,Bilaspur,Chhattisgarh,3,495033,2022-12-01
C00164,Deepa Reddy,F,24,Surat,Gujarat,2,395067,2023-10-22
C00165,Imran Rao,M,18,Raipur,Chhattisgarh,2,492009,2024-09-19
C00166,Deepa Joshi,F,27,Jaipur,Rajasthan,2,302033,2024-03-18
C00167,Anjali Devi,F,24,Bengaluru,Karnataka,1,560077,2022-12-18
C00168,Amit Devi,M,23,Delhi,Delhi,1,110015,2022-10-20
C00169,Deepa Gupta,F,26,Hyderabad,Telangana,1,500099,2023-07-22
C00170,Divya Nair,F,20,Raipur,Chhattisgarh,2,492036,2022-07-29
C00171,Anjali Nair,F,39,Mumbai,Maharashtra,1,400023,2023-07-08
C00172,Vikram Devi,M,33,Mumbai,Maharashtra,1,400014,2024-05-07
C00173,Sana Singh,F,46,Nagpur,Maharashtra,2,440034,2024-06-18
C00174,Amit Nair,F,18,Bengaluru,Karnataka,1,560064,2024-05-02
C00175,Anjali Kumari,F,28,Ludhiana,Punjab,2,141051,2023-02-21
C00176,Payal Ansari,F,20,Bengaluru,Karnataka,1,560070,2024-02-13
C00177,Karan Singh,M,29,Bengaluru,Karnataka,1,560043,2022-11-03
C00178,Lakshmi Gupta,F,28,Kolkata,West Bengal,1,700011,2022-05-24
C00179,Lakshmi Patel,F,19,Patna,Bihar,2,800050,2022-11-25
C00180,Neha Pandey,F,32,Hyderabad,Telangana,1,500095,2024-03-21
C00181,Amit Saikia,F,30,Delhi,Delhi,1,110009,2022-07-13
C00182,Komal Joshi,F,35,Nagpur,Maharashtra,2,440005,2023-10-20
C00183,Rahul Kumari,M,34,Mumbai,Maharashtra,1,400059,2022-11-07
C00184,Amit Saikia,F,20,Shillong,Meghalaya,3,793005,2022-09-09
C00185,Payal Devi,F,22,Delhi,Delhi,1,110002,2024-04-08
C00186,Amit Joshi,M,20,Coimbatore,Tamil Nadu,2,641014,2024-06-07
C00187,Vikram Gupta,M,31,Patna,Bihar,2,800044,2022-06-24
C00188,Ruchi Mishra,F,22,Siliguri,West Bengal,3,734042,2022-05-29
C00189,Anjali Saikia,F,20,Hubballi,Karnataka,3,580016,2023-12-26
C00190,Rahul Pandey,F,32,Delhi,Delhi,1,110032,2023-02-14
C00191,Lakshmi Devi,F,23,Bengaluru,Karnataka,1,560003,2022-04-15
C00192,Kavya Gupta,F,27,Patna,Bihar,2,800054,2022-10-22
C00193,Rahul Yadav,F,26,Gorakhpur,Uttar Pradesh,3,273067,2023-06-28
C00194,Rahul Devi,M,33,Jaipur,Rajasthan,2,302079,2024-07-03
C00195,Imran Iyer,M,25,Coimbatore,Tamil Nadu,2,641025,2024-06-03
C00196,Imran Rao,M,32,Bareilly,Uttar Pradesh,3,243099,2022-12-30
C00197,Ritika Singh,F,33,Ludhiana,Punjab,2,141064,2024-04-04
C00198,Rahul Pandey,M,31,Delhi,Delhi,1,110033,2023-10-25
C00199,Karan Verma,M,19,Kanpur,Uttar Pradesh,2,208069,2024-04-04
C00200,Swati Singh,F,25,Delhi,Delhi,1,110093,2023-07-04
C00201,Ritika Mishra,F,21,Kanpur,Uttar Pradesh,2,208042,2024-02-11
C00202,Ritika Kumari,F,20,Mumbai,Maharashtra,1,400061,2023-02-10
C00203,Rohit Patel,M,42,Patna,Bihar,2,800023,2023-09-01
C00204,Ritika Pandey,F,38,Jaipur,Rajasthan,2,302043,2024-05-24
C00205,Fatima Yadav,F,32,Bengaluru,Karnataka,1,560059,2023-07-31
C00206,Meena Devi,F,23,Hyderabad,Telangana,1,500074,2023-03-15
C00207,Swati Ansari,F,24,Agartala,Tripura,3,799076,2023-06-05
C00208,Amit Iyer,F,25,Siliguri,West Bengal,3,734032,2023-11-01
C00209,Rani Yadav,F,35,Indore,Madhya Pradesh,2,452054,2024-08-17
C00210,Swati Verma,F,30,Bengaluru,Karnataka,1,560062,2022-06-25
C00211,Karan Ansari,M,18,Varanasi,Uttar Pradesh,3,221089,2022-09-13
C00212,Shalini Das,F,20,Jaipur,Rajasthan,2,302003,2023-05-29
C00213,Nisha Saikia,F,18,Ludhiana,Punjab,2,141059,2023-06-15
C00214,Suresh Khan,M,29,Dehradun,Uttarakhand,2,248081,2023-06-14
C00215,Lakshmi Gupta,F,28,Ranchi,Jharkhand,2,834068,2024-08-29
C00216,Rahul Devi,F,24,Kolkata,West Bengal,1,700088,2024-07-11
C00217,Anjali Chauhan,F,45,Kanpur,Uttar Pradesh,2,208047,2024-08-10
C00218,Sana Verma,F,23,Delhi,Delhi,1,110083,2023-03-09
C00219,Ritika Yadav,F,38,Ranchi,Jharkhand,2,834070,2024-06-07
C00220,Rani Patel,F,25,Coimbatore,Tamil Nadu,2,641042,2023-10-06
C00221,Simran Nair,F,29,Muzaffarpur,Bihar,3,842045,2023-06-26
C00222,Neha Ansari,F,27,Patna,Bihar,2,800058,2023-01-05
C00223,Rahul Gupta,F,32,Lucknow,Uttar Pradesh,2,226012,2024-07-11
C00224,Pooja Singh,F,21,Jaipur,Rajasthan,2,302090,2024-05-03
C00225,Rahul Das,M,22,Patna,Bihar,2,800061,2023-10-12
C00226,Priya Das,F,18,Indore,Madhya Pradesh,2,452030,2022-05-31
C00227,Simran Saikia,F,28,Hubballi,Karnataka,3,580063,2023-02-02
C00228,Komal Joshi,F,22,Ludhiana,Punjab,2,141040,2024-04-09
C00229,Shalini Das,F,19,Varanasi,Uttar Pradesh,3,221019,2023-10-06
C00230,Rohit Rao,M,23,Pune,Maharashtra,1,411091,2022-10-23
C00231,Rohit Reddy,M,28,Muzaffarpur,Bihar,3,842074,2024-05-25
C00232,Ritika Rao,F,28,Indore,Madhya Pradesh,2,452045,2024-05-03
C00233,Kavya Rao,F,18,Jaipur,Rajasthan,2,302052,2023-05-09
C00234,Imran Yadav,M,34,Dehradun,Uttarakhand,2,248043,2022-12-09
C00235,Meena Saikia,F,32,Ranchi,Jharkhand,2,834044,2022-10-27
C00236,Anjali Yadav,F,21,Delhi,Delhi,1,110040,2024-09-06
C00237,Karan Pandey,M,19,Jaipur,Rajasthan,2,302078,2022-12-15
C00238,Fatima Patel,F,32,Hyderabad,Telangana,1,500087,2022-11-14
C00239,Suresh Patel,M,34,Hubballi,Karnataka,3,580008,2022-11-19
C00240,Simran Pandey,F,18,Lucknow,Uttar Pradesh,2,226037,2023-10-14
C00241,Amit Patel,M,32,Lucknow,Uttar Pradesh,2,226095,2023-08-03
C00242,Amit Iyer,F,31,Varanasi,Uttar Pradesh,3,221018,2022-05-30
C00243,Ritika Das,F,34,Surat,Gujarat,2,395043,2024-07-26
C00244,Ruchi Gupta,F,26,Ujjain,Madhya Pradesh,3,456054,2024-04-05
C00245,Sneha Patel,F,30,Nagpur,Maharashtra,2,440038,2023-03-14
C00246,Arjun Saikia,M,32,Patna,Bihar,2,800029,2024-09-04
C00247,Meena Ansari,F,27,Varanasi,Uttar Pradesh,3,221054,2024-04-01
C00248,Aisha Sharma,F,26,Patna,Bihar,2,800064,2024-07-25
C00249,Payal Saikia,F,26,Kanpur,Uttar Pradesh,2,208081,2022-10-30
C00250,Neha Pandey,F,18,Patna,Bihar,2,800034,2024-04-18
C00251,Nisha Yadav,F,19,Surat,Gujarat,2,395035,2023-09-28
C00252,Imran Verma,M,34,Indore,Madhya Pradesh,2,452082,2024-07-15
C00253,Kavya Singh,F,23,Bhopal,Madhya Pradesh,2,462070,2023-11-06
C00254,Arjun Nair,M,29,Shillong,Meghalaya,3,793013,2023-04-03
C00255,Rahul Yadav,M,29,Surat,Gujarat,2,395063,2023-08-07
C00256,Amit Patel,M,25,Lucknow,Uttar Pradesh,2,226025,2022-07-10
C00257,Swati Rao,F,21,Muzaffarpur,Bihar,3,842054,2023-06-18
C00258,Sneha Sharma,F,27,Bilaspur,Chhattisgarh,3,495089,2023-09-26
C00259,Sana Chauhan,F,28,Delhi,Delhi,1,110023,2022-10-06
C00260,Neha Reddy,F,22,Kolkata,West Bengal,1,700089,2024-02-12
C00261,Pooja Iyer,F,21,Kolkata,West Bengal,1,700010,2024-09-12
C00262,Anjali Patel,F,34,Dehradun,Uttarakhand,2,248076,2024-08-02
C00263,Rahul Gupta,M,18,Patna,Bihar,2,800097,2024-06-25
C00264,Vikram Saikia,M,37,Varanasi,Uttar Pradesh,3,221086,2023-10-08
C00265,Amit Nair,F,40,Bengaluru,Karnataka,1,560046,2024-04-20
C00266,Vikram Chauhan,M,21,Agartala,Tripura,3,799075,2022-08-12
C00267,Ritika Das,F,18,Bengaluru,Karnataka,1,560093,2024-06-22
C00268,Karan Pandey,M,23,Bilaspur,Chhattisgarh,3,495057,2022-11-12
C00269,Shalini Kumari,F,34,Hubballi,Karnataka,3,580030,2023-08-11
C00270,Amit Joshi,M,22,Delhi,Delhi,1,110064,2022-08-13
C00271,Amit Verma,F,33,Lucknow,Uttar Pradesh,2,226015,2023-09-03
C00272,Meena Joshi,F,31,Pune,Maharashtra,1,411038,2022-05-10
C00273,Karan Pandey,M,33,Indore,Madhya Pradesh,2,452087,2024-06-16
C00274,Deepa Gupta,F,30,Jaipur,Rajasthan,2,302052,2022-10-21
C00275,Kavya Gupta,F,24,Kanpur,Uttar Pradesh,2,208044,2024-03-10
C00276,Amit Reddy,M,33,Kanpur,Uttar Pradesh,2,208036,2022-08-10
C00277,Fatima Kumari,F,30,Ranchi,Jharkhand,2,834063,2023-04-27
C00278,Neha Singh,F,33,Pune,Maharashtra,1,411030,2022-12-28
C00279,Amit Verma,F,33,Ujjain,Madhya Pradesh,3,456087,2024-09-04
C00280,Deepa Mishra,F,21,Bhilwara,Rajasthan,3,311098,2024-07-15
C00281,Payal Joshi,F,33,Ludhiana,Punjab,2,141063,2023-05-04
C00282,Komal Rao,F,19,Pune,Maharashtra,1,411056,2024-06-02
C00283,Ruchi Joshi,F,19,Jaipur,Rajasthan,2,302023,2023-03-11
C00284,Rahul Khan,F,22,Ludhiana,Punjab,2,141040,2022-09-30
C00285,Rani Ansari,F,33,Jaipur,Rajasthan,2,302061,2023-03-06
C00286,Ruchi Nair,F,30,Agartala,Tripura,3,799079,2022-11-09
C00287,Imran Verma,M,19,Lucknow,Uttar Pradesh,2,226017,2022-05-28
C00288,Rahul Mishra,M,31,Lucknow,Uttar Pradesh,2,226045,2023-10-02
C00289,Aisha Reddy,F,27,Jaipur,Rajasthan,2,302076,2024-07-07
C00290,Meena Singh,F,18,Muzaffarpur,Bihar,3,842069,2023-11-03
C00291,Simran Saikia,F,31,Bengaluru,Karnataka,1,560035,2024-09-11
C00292,Divya Kumari,F,28,Raipur,Chhattisgarh,2,492074,2024-06-23
C00293,Deepa Patel,F,34,Gorakhpur,Uttar Pradesh,3,273098,2022-11-18
C00294,Shalini Iyer,F,20,Lucknow,Uttar Pradesh,2,226069,2024-02-25
C00295,Rani Kumari,F,20,Pune,Maharashtra,1,411092,2022-05-21
C00296,Fatima Gupta,F,34,Surat,Gujarat,2,395061,2023-07-22
C00297,Arjun Chauhan,M,31,Hyderabad,Telangana,1,500085,2023-03-29
C00298,Fatima Devi,F,23,Kolkata,West Bengal,1,700003,2022-12-29
C00299,Karan Patel,M,32,Ranchi,Jharkhand,2,834035,2022-12-18
C00300,Simran Saikia,F,19,Bhopal,Madhya Pradesh,2,462067,2024-03-10
C00301,Sneha Das,F,31,Lucknow,Uttar Pradesh,2,226041,2022-05-05
C00302,Ritika Iyer,F,27,Gorakhpur,Uttar Pradesh,3,273083,2024-04-20
C00303,Ruchi Reddy,F,24,Pune,Maharashtra,1,411004,2024-01-24
C00304,Payal Rao,F,41,Varanasi,Uttar Pradesh,3,221083,2024-08-25
C00305,Priya Nair,F,26,Hyderabad,Telangana,1,500085,2023-03-18
C00306,Karan Sharma,M,20,Hyderabad,Telangana,1,500041,2023-01-24
C00307,Simran Pandey,F,20,Kolkata,West Bengal,1,700051,2022-05-26
C00308,Neha Saikia,F,21,Ranchi,Jharkhand,2,834067,2022-11-21
C00309,Arjun Ansari,M,25,Gorakhpur,Uttar Pradesh,3,273077,2024-05-29
C00310,Rani Kumari,F,25,Dehradun,Uttarakhand,2,248055,2024-02-21
C00311,Fatima Joshi,F,19,Delhi,Delhi,1,110063,2023-04-04
C00312,Imran Rao,M,25,Jaipur,Rajasthan,2,302036,2022-04-15
C00313,Payal Pandey,F,18,Varanasi,Uttar Pradesh,3,221083,2023-01-20
C00314,Anjali Reddy,F,30,Bengaluru,Karnataka,1,560040,2022-12-17
C00315,Deepa Singh,F,25,Hubballi,Karnataka,3,580057,2023-08-31
C00316,Arjun Das,M,25,Bengaluru,Karnataka,1,560039,2024-02-29
C00317,Nisha Mishra,F,31,Agartala,Tripura,3,799005,2023-12-26
C00318,Karan Ansari,M,28,Agartala,Tripura,3,799092,2023-07-27
C00319,Rohit Nair,M,29,Shillong,Meghalaya,3,793054,2023-01-24
C00320,Divya Joshi,F,19,Guwahati,Assam,2,781083,2022-12-15
C00321,Lakshmi Yadav,F,24,Hyderabad,Telangana,1,500081,2023-11-24
C00322,Kavya Reddy,F,22,Kolkata,West Bengal,1,700077,2022-10-30
C00323,Karan Ansari,M,22,Jaipur,Rajasthan,2,302034,2024-04-07
C00324,Arjun Patel,M,29,Raipur,Chhattisgarh,2,492024,2023-08-26
C00325,Vikram Sharma,M,43,Shillong,Meghalaya,3,793083,2023-01-14
C00326,Karan Patel,M,23,Coimbatore,Tamil Nadu,2,641007,2023-08-18
C00327,Sneha Gupta,F,37,Kanpur,Uttar Pradesh,2,208073,2024-06-03
C00328,Nisha Ansari,F,24,Bengaluru,Karnataka,1,560025,2022-05-03
C00329,Amit Ansari,F,31,Gorakhpur,Uttar Pradesh,3,273027,2023-01-26
C00330,Vikram Iyer,M,22,Hyderabad,Telangana,1,500004,2023-12-09
C00331,Nisha Reddy,F,32,Bhilwara,Rajasthan,3,311011,2024-09-21
C00332,Suresh Patel,M,31,Patna,Bihar,2,800095,2023-01-29
C00333,Anjali Verma,F,25,Pune,Maharashtra,1,411061,2023-10-05
C00334,Rahul Sharma,M,30,Bareilly,Uttar Pradesh,3,243039,2023-08-24
C00335,Komal Verma,F,26,Ludhiana,Punjab,2,141022,2023-05-05
C00336,Nisha Yadav,F,34,Patna,Bihar,2,800056,2024-05-09
C00337,Sneha Ansari,F,26,Pune,Maharashtra,1,411096,2023-09-28
C00338,Fatima Devi,F,26,Bilaspur,Chhattisgarh,3,495067,2023-11-16
C00339,Amit Ansari,F,22,Indore,Madhya Pradesh,2,452072,2022-05-12
C00340,Nisha Verma,F,19,Bilaspur,Chhattisgarh,3,495030,2024-03-28
C00341,Rahul Joshi,F,33,Bengaluru,Karnataka,1,560006,2023-07-07
C00342,Payal Joshi,F,22,Lucknow,Uttar Pradesh,2,226016,2023-10-10
C00343,Rohit Khan,M,26,Mumbai,Maharashtra,1,400073,2022-11-22
C00344,Priya Chauhan,F,23,Surat,Gujarat,2,395054,2024-07-15
C00345,Neha Mishra,F,21,Chennai,Tamil Nadu,1,600051,2023-09-15
C00346,Imran Yadav,M,32,Kanpur,Uttar Pradesh,2,208091,2022-11-26
C00347,Fatima Devi,F,28,Patna,Bihar,2,800006,2022-11-30
C00348,Amit Saikia,F,19,Kanpur,Uttar Pradesh,2,208083,2023-12-17
C00349,Pooja Rao,F,41,Lucknow,Uttar Pradesh,2,226012,2023-08-20
C00350,Ruchi Gupta,F,24,Pune,Maharashtra,1,411021,2023-08-31
C00351,Lakshmi Yadav,F,33,Dehradun,Uttarakhand,2,248056,2022-09-09
C00352,Deepa Devi,F,21,Varanasi,Uttar Pradesh,3,221048,2023-04-26
C00353,Ruchi Ansari,F,31,Hyderabad,Telangana,1,500012,2022-08-19
C00354,Kavya Iyer,F,20,Indore,Madhya Pradesh,2,452006,2023-04-25
C00355,Aisha Yadav,F,43,Lucknow,Uttar Pradesh,2,226081,2022-12-09
C00356,Simran Gupta,F,42,Bhopal,Madhya Pradesh,2,462039,2024-05-02
C00357,Meena Reddy,F,27,Bareilly,Uttar Pradesh,3,243073,2024-08-14
C00358,Amit Chauhan,M,21,Nagpur,Maharashtra,2,440060,2022-11-25
C00359,Imran Nair,M,34,Ranchi,Jharkhand,2,834003,2024-06-07
C00360,Kavya Kumari,F,31,Guwahati,Assam,2,781091,2023-12-02
C00361,Deepa Joshi,F,26,Kolkata,West Bengal,1,700044,2022-04-23
C00362,Pooja Devi,F,21,Gorakhpur,Uttar Pradesh,3,273056,2023-04-03
C00363,Priya Khan,F,32,Bengaluru,Karnataka,1,560089,2023-08-14
C00364,Karan Das,M,29,Shillong,Meghalaya,3,793089,2022-11-12
C00365,Meena Gupta,F,18,Hubballi,Karnataka,3,580025,2024-06-09
C00366,Ritika Sharma,F,22,Gorakhpur,Uttar Pradesh,3,273084,2024-01-28
C00367,Komal Patel,F,32,Indore,Madhya Pradesh,2,452019,2023-06-04
C00368,Sneha Joshi,F,42,Indore,Madhya Pradesh,2,452003,2022-05-05
C00369,Meena Saikia,F,30,Indore,Madhya Pradesh,2,452007,2023-10-26
C00370,Rahul Iyer,F,48,Bengaluru,Karnataka,1,560064,2022-09-08
C00371,Meena Verma,F,33,Surat,Gujarat,2,395066,2023-02-04
C00372,Karan Reddy,M,34,Ranchi,Jharkhand,2,834003,2023-07-27
C00373,Fatima Iyer,F,21,Surat,Gujarat,2,395064,2023-01-03
C00374,Rahul Iyer,F,27,Ujjain,Madhya Pradesh,3,456093,2024-03-19
C00375,Swati Reddy,F,28,Patna,Bihar,2,800078,2022-05-12
C00376,Sneha Das,F,30,Siliguri,West Bengal,3,734054,2022-06-01
C00377,Shalini Ansari,F,23,Ujjain,Madhya Pradesh,3,456080,2024-03-03
C00378,Deepa Ansari,F,24,Pune,Maharashtra,1,411021,2023-01-20
C00379,Karan Das,M,19,Patna,Bihar,2,800003,2023-09-30
C00380,Kavya Khan,F,34,Shillong,Meghalaya,3,793005,2022-06-28
C00381,Sana Reddy,F,25,Mumbai,Maharashtra,1,400063,2024-01-11
C00382,Rahul Rao,M,22,Bareilly,Uttar Pradesh,3,243089,2022-04-21
C00383,Rahul Verma,F,42,Bhopal,Madhya Pradesh,2,462059,2022-05-24
C00384,Amit Rao,M,21,Guwahati,Assam,2,781022,2022-12-26
C00385,Shalini Khan,F,32,Delhi,Delhi,1,110098,2023-05-02
C00386,Rohit Pandey,M,22,Patna,Bihar,2,800016,2022-05-17
C00387,Rahul Reddy,M,33,Hyderabad,Telangana,1,500044,2023-12-13
C00388,Shalini Iyer,F,25,Bhopal,Madhya Pradesh,2,462020,2022-08-22
C00389,Aisha Yadav,F,31,Guwahati,Assam,2,781053,2023-06-20
C00390,Deepa Pandey,F,42,Hubballi,Karnataka,3,580019,2022-08-05
C00391,Amit Gupta,M,30,Bengaluru,Karnataka,1,560099,2024-04-16
C00392,Anjali Yadav,F,35,Indore,Madhya Pradesh,2,452081,2022-10-02
C00393,Arjun Iyer,M,27,Varanasi,Uttar Pradesh,3,221093,2022-09-02
C00394,Fatima Chauhan,F,22,Kolkata,West Bengal,1,700090,2023-08-15
C00395,Komal Devi,F,32,Indore,Madhya Pradesh,2,452090,2023-10-14
C00396,Suresh Patel,M,20,Imphal,Manipur,3,795005,2023-03-31
C00397,Amit Yadav,F,27,Lucknow,Uttar Pradesh,2,226028,2024-06-28
C00398,Divya Khan,F,26,Bhopal,Madhya Pradesh,2,462031,2022-06-02
C00399,Swati Singh,F,29,Dehradun,Uttarakhand,2,248034,2022-12-29
C00400,Lakshmi Singh,F,18,Bhopal,Madhya Pradesh,2,462059,2023-10-20
C00401,Vikram Pandey,M,22,Bareilly,Uttar Pradesh,3,243092,2023-09-11
C00402,Divya Chauhan,F,29,Bhopal,Madhya Pradesh,2,462059,2024-06-23
C00403,Simran Gupta,F,31,Delhi,Delhi,1,110017,2023-06-02
C00404,Deepa Chauhan,F,34,Hyderabad,Telangana,1,500051,2022-04-23
C00405,Simran Joshi,F,33,Pune,Maharashtra,1,411094,2023-08-02
C00406,Sneha Ansari,F,22,Gorakhpur,Uttar Pradesh,3,273091,2023-04-25
C00407,Ritika Joshi,F,23,Agartala,Tripura,3,799072,2023-09-19
C00408,Simran Singh,F,27,Bilaspur,Chhattisgarh,3,495006,2023-04-15
C00409,Shalini Das,F,18,Delhi,Delhi,1,110019,2024-05-09
C00410,Meena Das,F,33,Varanasi,Uttar Pradesh,3,221001,2024-05-29
C00411,Anjali Iyer,F,27,Nagpur,Maharashtra,2,440073,2023-06-26
C00412,Karan Devi,M,22,Muzaffarpur,Bihar,3,842065,2022-12-20
C00413,Nisha Yadav,F,28,Patna,Bihar,2,800012,2022-07-05
C00414,Ruchi Reddy,F,40,Coimbatore,Tamil Nadu,2,641070,2024-08-16
C00415,Arjun Gupta,M,18,Hubballi,Karnataka,3,580074,2022-12-26
C00416,Komal Singh,F,20,Varanasi,Uttar Pradesh,3,221025,2023-01-07
C00417,Rani Chauhan,F,33,Nagpur,Maharashtra,2,440065,2024-09-12
C00418,Rohit Sharma,M,24,Delhi,Delhi,1,110032,2022-06-05
C00419,Karan Gupta,M,28,Ranchi,Jharkhand,2,834052,2023-02-06
C00420,Rahul Mishra,M,31,Bengaluru,Karnataka,1,560004,2022-05-05
C00421,Pooja Singh,F,43,Bhopal,Madhya Pradesh,2,462022,2023-12-14
C00422,Pooja Yadav,F,31,Delhi,Delhi,1,110087,2024-04-11
C00423,Rohit Sharma,M,27,Mumbai,Maharashtra,1,400050,2024-06-22
C00424,Divya Nair,F,21,Lucknow,Uttar Pradesh,2,226007,2024-03-08
C00425,Aisha Ansari,F,34,Chennai,Tamil Nadu,1,600050,2024-06-06
C00426,Komal Iyer,F,18,Pune,Maharashtra,1,411053,2022-12-23
C00427,Arjun Rao,M,45,Chennai,Tamil Nadu,1,600013,2024-01-23
C00428,Sneha Das,F,32,Guwahati,Assam,2,781011,2022-05-19
C00429,Sneha Pandey,F,23,Coimbatore,Tamil Nadu,2,641032,2023-03-31
C00430,Karan Verma,M,32,Hubballi,Karnataka,3,580080,2023-12-10
C00431,Anjali Ansari,F,26,Ludhiana,Punjab,2,141088,2023-09-08
C00432,Vikram Saikia,M,27,Bareilly,Uttar Pradesh,3,243006,2024-04-19
C00433,Meena Gupta,F,21,Guwahati,Assam,2,781018,2022-09-20
C00434,Simran Patel,F,28,Nagpur,Maharashtra,2,440088,2023-10-17
C00435,Karan Nair,M,28,Coimbatore,Tamil Nadu,2,641044,2024-02-29
C00436,Priya Yadav,F,18,Patna,Bihar,2,800078,2023-06-02
C00437,Kavya Iyer,F,33,Bengaluru,Karnataka,1,560098,2023-08-26
C00438,Amit Rao,M,32,Nagpur,Maharashtra,2,440087,2024-05-28
C00439,Imran Kumari,M,18,Lucknow,Uttar Pradesh,2,226016,2023-06-16
C00440,Priya Reddy,F,26,Jaipur,Rajasthan,2,302088,2022-10-06
C00441,Sana Das,F,25,Lucknow,Uttar Pradesh,2,226030,2023-05-15
C00442,Payal Devi,F,24,Bhilwara,Rajasthan,3,311082,2023-08-23
C00443,Swati Ansari,F,24,Delhi,Delhi,1,110085,2022-09-06
C00444,Rani Khan,F,22,Surat,Gujarat,2,395096,2024-07-27
C00445,Vikram Chauhan,M,26,Delhi,Delhi,1,110025,2022-05-17
C00446,Arjun Rao,M,18,Raipur,Chhattisgarh,2,492055,2022-12-15
C00447,Divya Iyer,F,31,Ludhiana,Punjab,2,141036,2024-05-30
C00448,Shalini Chauhan,F,25,Raipur,Chhattisgarh,2,492007,2023-12-22
C00449,Divya Sharma,F,28,Bilaspur,Chhattisgarh,3,495011,2023-02-24
C00450,Vikram Iyer,M,38,Gorakhpur,Uttar Pradesh,3,273026,2024-04-16
C00451,Lakshmi Singh,F,31,Lucknow,Uttar Pradesh,2,226004,2023-02-03
C00452,Arjun Reddy,M,25,Varanasi,Uttar Pradesh,3,221044,2022-06-02
C00453,Aisha Gupta,F,32,Mumbai,Maharashtra,1,400098,2024-06-26
C00454,Pooja Verma,F,41,Coimbatore,Tamil Nadu,2,641041,2022-05-17
C00455,Rahul Joshi,M,31,Raipur,Chhattisgarh,2,492009,2024-06-19
C00456,Meena Kumari,F,31,Raipur,Chhattisgarh,2,492030,2022-04-30
C00457,Priya Joshi,F,31,Kanpur,Uttar Pradesh,2,208080,2023-01-06
C00458,Deepa Sharma,F,28,Mumbai,Maharashtra,1,400076,2024-03-18
C00459,Rahul Gupta,F,24,Delhi,Delhi,1,110074,2024-05-25
C00460,Simran Ansari,F,32,Coimbatore,Tamil Nadu,2,641024,2024-01-27
C00461,Sneha Das,F,34,Delhi,Delhi,1,110084,2022-08-21
C00462,Komal Yadav,F,27,Lucknow,Uttar Pradesh,2,226078,2023-10-16
C00463,Rohit Verma,M,19,Kolkata,West Bengal,1,700055,2023-10-15
C00464,Ritika Gupta,F,33,Hyderabad,Telangana,1,500089,2022-10-24
C00465,Divya Saikia,F,28,Bhilwara,Rajasthan,3,311079,2023-11-30
C00466,Nisha Verma,F,18,Indore,Madhya Pradesh,2,452082,2024-02-16
C00467,Ritika Reddy,F,28,Raipur,Chhattisgarh,2,492095,2023-09-13
C00468,Priya Pandey,F,29,Hyderabad,Telangana,1,500004,2023-03-13
C00469,Ritika Saikia,F,40,Delhi,Delhi,1,110006,2024-09-01
C00470,Aisha Nair,F,28,Hyderabad,Telangana,1,500071,2024-01-24
C00471,Fatima Singh,F,22,Hyderabad,Telangana,1,500049,2022-12-01
C00472,Ritika Das,F,29,Varanasi,Uttar Pradesh,3,221048,2022-11-25
C00473,Sana Iyer,F,20,Hyderabad,Telangana,1,500016,2024-05-07
C00474,Ritika Patel,F,29,Shillong,Meghalaya,3,793041,2023-01-27
C00475,Anjali Devi,F,27,Indore,Madhya Pradesh,2,452020,2023-11-01
C00476,Fatima Yadav,F,33,Chennai,Tamil Nadu,1,600027,2022-09-18
C00477,Deepa Devi,F,34,Mumbai,Maharashtra,1,400050,2022-08-24
C00478,Shalini Ansari,F,23,Shillong,Meghalaya,3,793042,2022-10-03
C00479,Rahul Ansari,F,30,Jaipur,Rajasthan,2,302082,2022-07-15
C00480,Aisha Patel,F,25,Surat,Gujarat,2,395051,2024-02-21
C00481,Rohit Pandey,M,20,Kolkata,West Bengal,1,700018,2022-08-24
C00482,Shalini Reddy,F,32,Mumbai,Maharashtra,1,400066,2023-01-04
C00483,Simran Iyer,F,33,Lucknow,Uttar Pradesh,2,226041,2023-12-27
C00484,Aisha Nair,F,29,Jaipur,Rajasthan,2,302011,2023-12-05
C00485,Lakshmi Gupta,F,25,Siliguri,West Bengal,3,734013,2024-06-02
C00486,Ritika Mishra,F,28,Mumbai,Maharashtra,1,400033,2023-11-27
C00487,Fatima Patel,F,22,Guwahati,Assam,2,781097,2022-09-29
C00488,Rahul Das,M,29,Guwahati,Assam,2,781052,2023-08-13
C00489,Priya Ansari,F,22,Gorakhpur,Uttar Pradesh,3,273051,2024-02-11
C00490,Payal Reddy,F,32,Chennai,Tamil Nadu,1,600093,2022-06-21
C00491,Imran Patel,M,31,Patna,Bihar,2,800027,2023-07-10
C00492,Shalini Yadav,F,22,Indore,Madhya Pradesh,2,452040,2022-09-07
C00493,Imran Mishra,M,31,Bengaluru,Karnataka,1,560088,2022-08-23
C00494,Komal Das,F,18,Jaipur,Rajasthan,2,302073,2022-07-20
C00495,Divya Saikia,F,30,Bengaluru,Karnataka,1,560049,2024-03-06
C00496,Ruchi Patel,F,28,Hubballi,Karnataka,3,580073,2023-06-27
C00497,Kavya Singh,F,23,Coimbatore,Tamil Nadu,2,641005,2022-06-08
C00498,Kavya Patel,F,30,Raipur,Chhattisgarh,2,492037,2024-03-05
C00499,Pooja Joshi,F,34,Chennai,Tamil Nadu,1,600002,2024-04-09
C00500,Suresh Khan,M,37,Lucknow,Uttar Pradesh,2,226069,2023-07-31
C00501,Ritika Yadav,F,27,Patna,Bihar,2,800056,2022-06-17
C00502,Sana Saikia,F,44,Ranchi,Jharkhand,2,834026,2023-05-06
C00503,Ritika Sharma,F,42,Ranchi,Jharkhand,2,834009,2022-06-10
C00504,Imran Saikia,M,32,Jaipur,Rajasthan,2,302060,2023-02-20
C00505,Lakshmi Joshi,F,27,Bengaluru,Karnataka,1,560051,2023-01-13
C00506,Suresh Reddy,M,31,Gorakhpur,Uttar Pradesh,3,273059,2023-09-04
C00507,Rani Singh,F,19,Muzaffarpur,Bihar,3,842031,2022-04-24
C00508,Arjun Gupta,M,24,Delhi,Delhi,1,110064,2023-08-07
C00509,Shalini Gupta,F,34,Bareilly,Uttar Pradesh,3,243099,2022-07-26
C00510,Fatima Patel,F,32,Lucknow,Uttar Pradesh,2,226004,2024-07-19
C00511,Nisha Kumari,F,30,Coimbatore,Tamil Nadu,2,641025,2023-08-22
C00512,Rahul Yadav,F,32,Bengaluru,Karnataka,1,560063,2023-06-17
C00513,Aisha Joshi,F,26,Mumbai,Maharashtra,1,400021,2024-04-10
C00514,Kavya Das,F,30,Siliguri,West Bengal,3,734022,2024-07-14
C00515,Fatima Yadav,F,23,Ludhiana,Punjab,2,141028,2022-10-01
C00516,Ritika Joshi,F,34,Bengaluru,Karnataka,1,560083,2022-11-23
C00517,Suresh Das,M,18,Ranchi,Jharkhand,2,834007,2022-08-03
C00518,Aisha Pandey,F,38,Jaipur,Rajasthan,2,302012,2024-09-15
C00519,Imran Patel,M,20,Indore,Madhya Pradesh,2,452029,2024-06-25
C00520,Rohit Khan,M,34,Varanasi,Uttar Pradesh,3,221014,2022-06-19
C00521,Ritika Devi,F,30,Lucknow,Uttar Pradesh,2,226055,2024-05-31
C00522,Divya Khan,F,28,Chennai,Tamil Nadu,1,600002,2023-08-30
C00523,Deepa Nair,F,29,Hyderabad,Telangana,1,500006,2024-07-25
C00524,Sana Ansari,F,36,Shillong,Meghalaya,3,793092,2023-04-01
C00525,Rohit Nair,M,44,Varanasi,Uttar Pradesh,3,221042,2022-12-25
C00526,Rahul Yadav,F,28,Raipur,Chhattisgarh,2,492086,2023-05-27
C00527,Rani Joshi,F,25,Mumbai,Maharashtra,1,400065,2023-02-08
C00528,Priya Devi,F,21,Ranchi,Jharkhand,2,834040,2024-02-02
C00529,Sana Gupta,F,29,Guwahati,Assam,2,781064,2023-12-03
C00530,Lakshmi Verma,F,32,Hyderabad,Telangana,1,500095,2022-04-17
C00531,Lakshmi Verma,F,31,Lucknow,Uttar Pradesh,2,226083,2022-06-22
C00532,Amit Mishra,F,24,Pune,Maharashtra,1,411070,2024-08-07
C00533,Aisha Reddy,F,30,Muzaffarpur,Bihar,3,842067,2023-11-07
C00534,Pooja Ansari,F,24,Hyderabad,Telangana,1,500007,2022-12-22
C00535,Rohit Gupta,M,24,Bareilly,Uttar Pradesh,3,243031,2023-05-01
C00536,Meena Khan,F,25,Mumbai,Maharashtra,1,400055,2024-04-04
C00537,Rani Joshi,F,38,Kanpur,Uttar Pradesh,2,208035,2022-05-02
C00538,Shalini Kumari,F,33,Varanasi,Uttar Pradesh,3,221057,2023-07-27
C00539,Sneha Ansari,F,30,Bhopal,Madhya Pradesh,2,462055,2022-05-11
C00540,Arjun Devi,M,23,Mumbai,Maharashtra,1,400033,2023-09-08
C00541,Ruchi Rao,F,20,Patna,Bihar,2,800043,2024-05-15
C00542,Ritika Sharma,F,34,Ranchi,Jharkhand,2,834094,2022-09-20
C00543,Simran Kumari,F,40,Jaipur,Rajasthan,2,302050,2023-05-19
C00544,Amit Iyer,M,21,Kolkata,West Bengal,1,700050,2023-03-02
C00545,Fatima Pandey,F,33,Delhi,Delhi,1,110082,2022-10-27
C00546,Ruchi Iyer,F,25,Lucknow,Uttar Pradesh,2,226062,2024-08-27
C00547,Rahul Sharma,F,22,Bilaspur,Chhattisgarh,3,495034,2023-01-21
C00548,Fatima Reddy,F,23,Indore,Madhya Pradesh,2,452002,2024-06-04
C00549,Ruchi Kumari,F,20,Dehradun,Uttarakhand,2,248067,2024-03-22
C00550,Simran Nair,F,34,Shillong,Meghalaya,3,793069,2022-11-27
C00551,Amit Iyer,F,20,Imphal,Manipur,3,795014,2022-12-20
C00552,Rohit Nair,M,30,Surat,Gujarat,2,395090,2023-11-21
C00553,Payal Sharma,F,31,Bengaluru,Karnataka,1,560068,2023-08-02
C00554,Kavya Khan,F,22,Ludhiana,Punjab,2,141026,2023-05-22
C00555,Karan Saikia,M,23,Hyderabad,Telangana,1,500026,2024-08-02
C00556,Vikram Nair,M,48,Guwahati,Assam,2,781053,2023-07-08
C00557,Lakshmi Khan,F,20,Coimbatore,Tamil Nadu,2,641049,2024-05-27
C00558,Rani Reddy,F,21,Pune,Maharashtra,1,411002,2024-07-31
C00559,Rahul Singh,M,18,Pune,Maharashtra,1,411049,2023-01-23
C00560,Arjun Ansari,M,28,Bhopal,Madhya Pradesh,2,462078,2023-07-20
C00561,Divya Mishra,F,29,Lucknow,Uttar Pradesh,2,226086,2023-08-20
C00562,Shalini Mishra,F,18,Jaipur,Rajasthan,2,302059,2022-04-24
C00563,Sneha Sharma,F,34,Raipur,Chhattisgarh,2,492036,2022-10-16
C00564,Nisha Devi,F,33,Guwahati,Assam,2,781066,2023-08-05
C00565,Lakshmi Mishra,F,29,Ludhiana,Punjab,2,141006,2022-06-28
C00566,Aisha Devi,F,20,Guwahati,Assam,2,781045,2023-07-21
C00567,Karan Singh,M,27,Ujjain,Madhya Pradesh,3,456078,2024-03-16
C00568,Rahul Yadav,M,20,Ranchi,Jharkhand,2,834039,2022-06-02
C00569,Nisha Khan,F,21,Ludhiana,Punjab,2,141062,2022-11-23
C00570,Kavya Gupta,F,18,Nagpur,Maharashtra,2,440021,2023-11-02
C00571,Aisha Nair,F,21,Muzaffarpur,Bihar,3,842086,2024-05-15
C00572,Payal Gupta,F,28,Bilaspur,Chhattisgarh,3,495029,2023-02-20
C00573,Lakshmi Mishra,F,30,Dehradun,Uttarakhand,2,248084,2022-12-14
C00574,Suresh Reddy,M,21,Varanasi,Uttar Pradesh,3,221038,2024-07-04
C00575,Rani Patel,F,21,Delhi,Delhi,1,110074,2023-09-21
C00576,Ruchi Saikia,F,27,Delhi,Delhi,1,110008,2023-02-05
C00577,Suresh Mishra,M,22,Nagpur,Maharashtra,2,440067,2022-11-22
C00578,Ruchi Sharma,F,32,Kanpur,Uttar Pradesh,2,208041,2024-05-06
C00579,Aisha Ansari,F,22,Gorakhpur,Uttar Pradesh,3,273077,2023-12-16
C00580,Rahul Verma,F,27,Delhi,Delhi,1,110065,2022-10-27
C00581,Karan Patel,M,30,Delhi,Delhi,1,110008,2022-06-25
C00582,Vikram Reddy,M,19,Lucknow,Uttar Pradesh,2,226023,2022-05-08
C00583,Deepa Khan,F,43,Patna,Bihar,2,800051,2023-10-22
C00584,Shalini Kumari,F,34,Indore,Madhya Pradesh,2,452094,2023-12-17
C00585,Suresh Singh,M,19,Pune,Maharashtra,1,411091,2023-11-25
C00586,Sneha Joshi,F,27,Patna,Bihar,2,800019,2024-03-01
C00587,Amit Sharma,F,21,Hyderabad,Telangana,1,500087,2022-07-20
C00588,Simran Khan,F,36,Bareilly,Uttar Pradesh,3,243046,2023-06-04
C00589,Swati Mishra,F,22,Hyderabad,Telangana,1,500081,2022-09-23
C00590,Aisha Kumari,F,23,Jaipur,Rajasthan,2,302084,2022-08-30
C00591,Deepa Gupta,F,30,Jaipur,Rajasthan,2,302036,2022-12-24
C00592,Neha Singh,F,33,Ludhiana,Punjab,2,141083,2022-11-17
C00593,Rani Saikia,F,42,Muzaffarpur,Bihar,3,842036,2022-10-22
C00594,Rohit Kumari,M,31,Guwahati,Assam,2,781039,2023-02-24
C00595,Rahul Rao,F,18,Delhi,Delhi,1,110051,2023-03-12
C00596,Karan Gupta,M,21,Gorakhpur,Uttar Pradesh,3,273097,2022-08-22
C00597,Neha Khan,F,23,Hyderabad,Telangana,1,500001,2023-03-13
C00598,Anjali Yadav,F,23,Indore,Madhya Pradesh,2,452012,2023-03-06
C00599,Pooja Singh,F,29,Pune,Maharashtra,1,411070,2024-04-09
C00600,Rahul Reddy,M,34,Indore,Madhya Pradesh,2,452038,2022-11-27
C00601,Payal Mishra,F,29,Bhopal,Madhya Pradesh,2,462078,2023-03-30
C00602,Deepa Verma,F,24,Bhopal,Madhya Pradesh,2,462019,2023-11-30
C00603,Sneha Devi,F,29,Agartala,Tripura,3,799036,2024-05-23
C00604,Komal Nair,F,23,Guwahati,Assam,2,781052,2023-06-22
C00605,Simran Yadav,F,20,Mumbai,Maharashtra,1,400081,2022-09-12
C00606,Lakshmi Patel,F,34,Pune,Maharashtra,1,411078,2024-04-17
C00607,Simran Kumari,F,25,Indore,Madhya Pradesh,2,452010,2023-12-30
C00608,Komal Iyer,F,20,Delhi,Delhi,1,110047,2023-10-26
C00609,Aisha Nair,F,30,Dehradun,Uttarakhand,2,248029,2023-09-10
C00610,Amit Khan,M,27,Hubballi,Karnataka,3,580076,2022-06-13
C00611,Shalini Saikia,F,26,Varanasi,Uttar Pradesh,3,221078,2024-06-22
C00612,Ruchi Khan,F,30,Muzaffarpur,Bihar,3,842062,2023-02-03
C00613,Swati Yadav,F,22,Delhi,Delhi,1,110049,2023-02-28
C00614,Amit Pandey,F,25,Guwahati,Assam,2,781087,2023-01-17
C00615,Nisha Pandey,F,34,Indore,Madhya Pradesh,2,452037,2023-12-24
C00616,Rahul Reddy,F,20,Hubballi,Karnataka,3,580040,2023-08-12
C00617,Amit Gupta,M,20,Dehradun,Uttarakhand,2,248022,2023-02-20
C00618,Komal Ansari,F,18,Mumbai,Maharashtra,1,400055,2022-11-08
C00619,Payal Ansari,F,21,Bhopal,Madhya Pradesh,2,462052,2024-09-17
C00620,Rahul Iyer,M,29,Kanpur,Uttar Pradesh,2,208032,2022-09-06
C00621,Rahul Devi,M,23,Ludhiana,Punjab,2,141087,2022-08-11
C00622,Pooja Pandey,F,34,Bhopal,Madhya Pradesh,2,462046,2024-08-10
C00623,Shalini Singh,F,25,Indore,Madhya Pradesh,2,452070,2022-05-14
C00624,Meena Ansari,F,24,Dehradun,Uttarakhand,2,248001,2022-09-07
C00625,Meena Chauhan,F,19,Coimbatore,Tamil Nadu,2,641060,2023-01-08
C00626,Priya Devi,F,27,Siliguri,West Bengal,3,734046,2024-06-14
C00627,Rohit Kumari,M,21,Bengaluru,Karnataka,1,560056,2023-05-17
C00628,Sneha Iyer,F,33,Hyderabad,Telangana,1,500001,2024-04-25
C00629,Payal Kumari,F,29,Dehradun,Uttarakhand,2,248055,2024-03-29
C00630,Nisha Joshi,F,29,Nagpur,Maharashtra,2,440096,2023-07-15
C00631,Vikram Singh,M,19,Bengaluru,Karnataka,1,560018,2023-08-24
C00632,Anjali Khan,F,33,Indore,Madhya Pradesh,2,452086,2024-01-03
C00633,Payal Yadav,F,30,Delhi,Delhi,1,110065,2022-09-19
C00634,Suresh Yadav,M,21,Bilaspur,Chhattisgarh,3,495003,2024-05-25
C00635,Deepa Reddy,F,28,Delhi,Delhi,1,110055,2023-01-29
C00636,Meena Das,F,31,Guwahati,Assam,2,781032,2023-01-08
C00637,Aisha Nair,F,26,Delhi,Delhi,1,110090,2024-01-22
C00638,Payal Singh,F,34,Ludhiana,Punjab,2,141079,2024-03-30
C00639,Rohit Reddy,M,30,Hyderabad,Telangana,1,500005,2023-12-26
C00640,Suresh Sharma,M,20,Bareilly,Uttar Pradesh,3,243007,2023-09-08
C00641,Lakshmi Reddy,F,31,Jaipur,Rajasthan,2,302062,2024-07-31
C00642,Meena Singh,F,26,Bhopal,Madhya Pradesh,2,462045,2022-10-04
C00643,Anjali Khan,F,19,Indore,Madhya Pradesh,2,452085,2022-08-31
C00644,Fatima Devi,F,23,Lucknow,Uttar Pradesh,2,226033,2023-05-17
C00645,Neha Sharma,F,22,Lucknow,Uttar Pradesh,2,226043,2023-09-28
C00646,Rani Chauhan,F,25,Guwahati,Assam,2,781084,2023-12-24
C00647,Neha Yadav,F,21,Hyderabad,Telangana,1,500006,2023-02-09
C00648,Vikram Patel,M,21,Bhilwara,Rajasthan,3,311010,2023-03-22
C00649,Payal Patel,F,22,Kanpur,Uttar Pradesh,2,208006,2024-05-24
C00650,Fatima Rao,F,40,Hyderabad,Telangana,1,500058,2022-12-27
C00651,Amit Ansari,M,34,Ranchi,Jharkhand,2,834003,2024-04-14
C00652,Sneha Das,F,19,Kanpur,Uttar Pradesh,2,208089,2024-03-21
C00653,Deepa Rao,F,20,Guwahati,Assam,2,781022,2023-07-11
C00654,Ruchi Kumari,F,24,Guwahati,Assam,2,781024,2024-09-28
C00655,Rahul Sharma,F,34,Delhi,Delhi,1,110059,2023-05-05
C00656,Meena Reddy,F,26,Ranchi,Jharkhand,2,834071,2024-06-02
C00657,Aisha Das,F,22,Hyderabad,Telangana,1,500036,2024-05-18
C00658,Vikram Patel,M,18,Pune,Maharashtra,1,411084,2023-10-12
C00659,Imran Gupta,M,43,Coimbatore,Tamil Nadu,2,641034,2022-09-23
C00660,Arjun Mishra,M,45,Delhi,Delhi,1,110002,2022-06-11
C00661,Fatima Khan,F,18,Lucknow,Uttar Pradesh,2,226069,2022-11-28
C00662,Rani Singh,F,30,Bhilwara,Rajasthan,3,311084,2024-01-12
C00663,Komal Patel,F,25,Shillong,Meghalaya,3,793042,2023-12-31
C00664,Ruchi Yadav,F,31,Hyderabad,Telangana,1,500048,2024-05-03
C00665,Kavya Joshi,F,23,Muzaffarpur,Bihar,3,842025,2023-02-26
C00666,Lakshmi Das,F,23,Patna,Bihar,2,800023,2022-06-17
C00667,Pooja Yadav,F,25,Jaipur,Rajasthan,2,302059,2022-12-11
C00668,Swati Yadav,F,18,Bhilwara,Rajasthan,3,311078,2024-06-21
C00669,Priya Verma,F,20,Jaipur,Rajasthan,2,302035,2024-05-08
C00670,Priya Singh,F,28,Ujjain,Madhya Pradesh,3,456091,2024-07-06
C00671,Rani Joshi,F,27,Hyderabad,Telangana,1,500043,2023-05-30
C00672,Rahul Nair,F,21,Delhi,Delhi,1,110003,2022-06-10
C00673,Neha Chauhan,F,31,Bengaluru,Karnataka,1,560019,2024-09-30
C00674,Simran Kumari,F,27,Muzaffarpur,Bihar,3,842029,2022-04-15
C00675,Rahul Singh,F,21,Raipur,Chhattisgarh,2,492029,2024-06-19
C00676,Pooja Devi,F,29,Hubballi,Karnataka,3,580011,2024-08-18
C00677,Swati Mishra,F,31,Kanpur,Uttar Pradesh,2,208020,2022-11-18
C00678,Meena Pandey,F,26,Raipur,Chhattisgarh,2,492064,2022-11-24
C00679,Rahul Gupta,F,22,Jaipur,Rajasthan,2,302084,2024-05-04
C00680,Amit Ansari,F,21,Lucknow,Uttar Pradesh,2,226074,2023-07-22
C00681,Pooja Mishra,F,37,Hubballi,Karnataka,3,580099,2023-09-03
C00682,Payal Iyer,F,28,Lucknow,Uttar Pradesh,2,226018,2022-07-03
C00683,Suresh Iyer,M,33,Ujjain,Madhya Pradesh,3,456069,2023-04-01
C00684,Rani Iyer,F,25,Gorakhpur,Uttar Pradesh,3,273090,2024-07-04
C00685,Priya Pandey,F,22,Chennai,Tamil Nadu,1,600015,2024-08-01
C00686,Sneha Das,F,31,Muzaffarpur,Bihar,3,842032,2024-02-29
C00687,Sneha Singh,F,46,Gorakhpur,Uttar Pradesh,3,273019,2023-09-11
C00688,Simran Pandey,F,21,Guwahati,Assam,2,781085,2023-02-14
C00689,Rohit Sharma,M,22,Mumbai,Maharashtra,1,400011,2024-01-25
C00690,Simran Yadav,F,33,Mumbai,Maharashtra,1,400096,2024-05-11
C00691,Meena Ansari,F,28,Guwahati,Assam,2,781057,2022-07-24
C00692,Neha Yadav,F,19,Coimbatore,Tamil Nadu,2,641078,2022-08-24
C00693,Ruchi Iyer,F,32,Hyderabad,Telangana,1,500071,2022-10-04
C00694,Arjun Reddy,M,23,Gorakhpur,Uttar Pradesh,3,273035,2024-06-29
C00695,Rohit Patel,M,19,Bhopal,Madhya Pradesh,2,462029,2023-08-27
C00696,Komal Devi,F,32,Hyderabad,Telangana,1,500062,2023-11-16
C00697,Ruchi Khan,F,29,Ludhiana,Punjab,2,141083,2023-07-25
C00698,Pooja Pandey,F,28,Hyderabad,Telangana,1,500004,2024-01-30
C00699,Pooja Patel,F,27,Pune,Maharashtra,1,411025,2023-03-17
C00700,Vikram Nair,M,19,Hyderabad,Telangana,1,500073,2022-07-15
C00701,Pooja Das,F,29,Patna,Bihar,2,800097,2023-12-17
C00702,Divya Kumari,F,22,Hubballi,Karnataka,3,580090,2022-11-11
C00703,Amit Chauhan,F,22,Mumbai,Maharashtra,1,400004,2023-02-08
C00704,Anjali Das,F,32,Varanasi,Uttar Pradesh,3,221011,2022-12-31
C00705,Ritika Yadav,F,23,Mumbai,Maharashtra,1,400065,2023-04-22
C00706,Swati Mishra,F,22,Bareilly,Uttar Pradesh,3,243044,2023-12-09
C00707,Suresh Verma,M,30,Lucknow,Uttar Pradesh,2,226031,2024-03-02
C00708,Sneha Saikia,F,33,Bareilly,Uttar Pradesh,3,243013,2022-06-30
C00709,Meena Rao,F,20,Bengaluru,Karnataka,1,560064,2024-06-27
C00710,Meena Khan,F,29,Indore,Madhya Pradesh,2,452046,2024-07-02
C00711,Nisha Nair,F,39,Mumbai,Maharashtra,1,400098,2022-04-18
C00712,Amit Saikia,M,29,Indore,Madhya Pradesh,2,452037,2023-08-18
C00713,Deepa Yadav,F,34,Jaipur,Rajasthan,2,302080,2023-11-15
C00714,Swati Joshi,F,19,Jaipur,Rajasthan,2,302080,2022-12-12
C00715,Rahul Yadav,M,27,Mumbai,Maharashtra,1,400049,2024-04-22
C00716,Vikram Kumari,M,20,Surat,Gujarat,2,395045,2023-06-12
C00717,Nisha Singh,F,21,Patna,Bihar,2,800051,2022-08-07
C00718,Pooja Mishra,F,33,Indore,Madhya Pradesh,2,452028,2022-10-13
C00719,Nisha Verma,F,33,Guwahati,Assam,2,781019,2022-12-16
C00720,Sana Kumari,F,29,Hyderabad,Telangana,1,500056,2023-06-05
C00721,Priya Iyer,F,23,Hyderabad,Telangana,1,500011,2024-05-09
C00722,Meena Joshi,F,34,Mumbai,Maharashtra,1,400028,2022-11-16
C00723,Anjali Gupta,F,31,Imphal,Manipur,3,795044,2022-08-22
C00724,Simran Ansari,F,23,Kolkata,West Bengal,1,700090,2023-07-12
C00725,Ruchi Sharma,F,24,Lucknow,Uttar Pradesh,2,226010,2022-09-22
C00726,Divya Mishra,F,32,Ludhiana,Punjab,2,141019,2023-05-09
C00727,Deepa Iyer,F,18,Agartala,Tripura,3,799058,2022-06-02
C00728,Lakshmi Saikia,F,24,Agartala,Tripura,3,799096,2024-03-23
C00729,Kavya Devi,F,29,Indore,Madhya Pradesh,2,452027,2024-03-20
C00730,Priya Pandey,F,18,Bhilwara,Rajasthan,3,311039,2023-11-22
C00731,Karan Joshi,M,29,Bhopal,Madhya Pradesh,2,462046,2022-06-06
C00732,Divya Singh,F,42,Nagpur,Maharashtra,2,440055,2023-09-15
C00733,Komal Iyer,F,31,Hyderabad,Telangana,1,500082,2023-12-16
C00734,Amit Gupta,M,21,Ranchi,Jharkhand,2,834012,2022-12-06
C00735,Amit Ansari,M,21,Bengaluru,Karnataka,1,560082,2023-07-05
C00736,Arjun Iyer,M,32,Bhopal,Madhya Pradesh,2,462071,2023-09-07
C00737,Amit Pandey,M,42,Delhi,Delhi,1,110053,2022-06-14
C00738,Suresh Sharma,M,47,Coimbatore,Tamil Nadu,2,641029,2023-05-01
C00739,Arjun Das,M,31,Pune,Maharashtra,1,411087,2024-01-28
C00740,Rahul Sharma,M,29,Bengaluru,Karnataka,1,560067,2022-06-15
C00741,Kavya Saikia,F,38,Guwahati,Assam,2,781072,2023-08-28
C00742,Anjali Saikia,F,30,Hyderabad,Telangana,1,500094,2024-04-07
C00743,Kavya Iyer,F,22,Jaipur,Rajasthan,2,302065,2024-06-02
C00744,Arjun Rao,M,28,Coimbatore,Tamil Nadu,2,641027,2024-06-28
C00745,Lakshmi Saikia,F,20,Mumbai,Maharashtra,1,400074,2023-09-06
C00746,Nisha Pandey,F,25,Bengaluru,Karnataka,1,560039,2024-03-17
C00747,Ruchi Nair,F,26,Nagpur,Maharashtra,2,440011,2024-05-07
C00748,Rani Singh,F,21,Coimbatore,Tamil Nadu,2,641014,2024-05-09
C00749,Amit Gupta,M,29,Pune,Maharashtra,1,411027,2023-08-28
C00750,Suresh Gupta,M,20,Mumbai,Maharashtra,1,400027,2022-10-29
C00751,Karan Khan,M,18,Indore,Madhya Pradesh,2,452023,2022-11-26
C00752,Anjali Singh,F,40,Surat,Gujarat,2,395062,2023-01-12
C00753,Swati Nair,F,38,Kanpur,Uttar Pradesh,2,208078,2024-09-01
C00754,Sneha Patel,F,21,Nagpur,Maharashtra,2,440028,2024-09-01
C00755,Amit Yadav,F,33,Lucknow,Uttar Pradesh,2,226026,2024-06-29
C00756,Meena Joshi,F,33,Lucknow,Uttar Pradesh,2,226056,2023-04-26
C00757,Arjun Khan,M,26,Ujjain,Madhya Pradesh,3,456051,2024-06-18
C00758,Meena Khan,F,33,Surat,Gujarat,2,395056,2023-07-03
C00759,Divya Devi,F,30,Indore,Madhya Pradesh,2,452055,2024-03-11
C00760,Lakshmi Gupta,F,19,Surat,Gujarat,2,395066,2024-01-16
C00761,Lakshmi Chauhan,F,18,Surat,Gujarat,2,395015,2024-03-31
C00762,Kavya Pandey,F,24,Gorakhpur,Uttar Pradesh,3,273085,2023-09-17
C00763,Neha Sharma,F,18,Jaipur,Rajasthan,2,302092,2023-10-31
C00764,Divya Reddy,F,30,Hyderabad,Telangana,1,500037,2023-01-24
C00765,Komal Nair,F,20,Hyderabad,Telangana,1,500074,2022-12-10
C00766,Divya Mishra,F,19,Indore,Madhya Pradesh,2,452064,2023-05-10
C00767,Neha Singh,F,28,Bengaluru,Karnataka,1,560076,2023-09-05
C00768,Priya Saikia,F,42,Chennai,Tamil Nadu,1,600037,2024-05-20
C00769,Komal Chauhan,F,18,Siliguri,West Bengal,3,734009,2023-06-08
C00770,Arjun Nair,M,29,Mumbai,Maharashtra,1,400052,2024-07-12
C00771,Sana Verma,F,32,Nagpur,Maharashtra,2,440064,2022-05-16
C00772,Imran Devi,M,25,Coimbatore,Tamil Nadu,2,641007,2022-06-09
C00773,Divya Iyer,F,20,Bengaluru,Karnataka,1,560025,2022-09-21
C00774,Komal Sharma,F,48,Muzaffarpur,Bihar,3,842007,2024-01-10
C00775,Anjali Das,F,28,Shillong,Meghalaya,3,793089,2023-01-13
C00776,Rahul Khan,F,44,Varanasi,Uttar Pradesh,3,221059,2024-06-01
C00777,Suresh Joshi,M,34,Delhi,Delhi,1,110068,2024-01-29
C00778,Fatima Mishra,F,33,Surat,Gujarat,2,395029,2024-06-29
C00779,Pooja Pandey,F,25,Pune,Maharashtra,1,411085,2022-12-09
C00780,Pooja Gupta,F,35,Guwahati,Assam,2,781028,2024-09-18
C00781,Ruchi Patel,F,28,Ludhiana,Punjab,2,141027,2022-06-21
C00782,Divya Das,F,22,Kanpur,Uttar Pradesh,2,208065,2024-06-15
C00783,Shalini Kumari,F,48,Bilaspur,Chhattisgarh,3,495080,2023-04-25
C00784,Pooja Nair,F,27,Hyderabad,Telangana,1,500074,2022-12-08
C00785,Neha Singh,F,32,Mumbai,Maharashtra,1,400024,2024-01-02
C00786,Nisha Pandey,F,20,Bengaluru,Karnataka,1,560046,2023-07-18
C00787,Simran Chauhan,F,32,Hyderabad,Telangana,1,500035,2023-09-19
C00788,Amit Iyer,F,24,Mumbai,Maharashtra,1,400052,2024-04-04
C00789,Payal Chauhan,F,19,Kanpur,Uttar Pradesh,2,208083,2024-01-21
C00790,Anjali Verma,F,25,Hubballi,Karnataka,3,580009,2023-04-06
C00791,Sana Kumari,F,21,Mumbai,Maharashtra,1,400029,2022-09-11
C00792,Payal Patel,F,24,Gorakhpur,Uttar Pradesh,3,273045,2022-12-19
C00793,Amit Sharma,F,34,Pune,Maharashtra,1,411090,2023-01-03
C00794,Rahul Reddy,F,20,Patna,Bihar,2,800022,2024-03-24
C00795,Priya Ansari,F,18,Lucknow,Uttar Pradesh,2,226023,2024-01-05
C00796,Priya Devi,F,33,Shillong,Meghalaya,3,793075,2024-09-30
C00797,Neha Verma,F,27,Patna,Bihar,2,800030,2023-04-13
C00798,Neha Singh,F,28,Bhopal,Madhya Pradesh,2,462058,2023-05-18
C00799,Arjun Ansari,M,32,Guwahati,Assam,2,781002,2022-06-07
C00800,Swati Devi,F,26,Lucknow,Uttar Pradesh,2,226088,2023-04-19
C00801,Simran Reddy,F,22,Guwahati,Assam,2,781046,2023-05-11
C00802,Rahul Iyer,F,20,Bengaluru,Karnataka,1,560025,2023-09-11
C00803,Karan Chauhan,M,29,Coimbatore,Tamil Nadu,2,641043,2023-08-28
C00804,Arjun Das,M,34,Kanpur,Uttar Pradesh,2,208090,2023-10-16
C00805,Nisha Saikia,F,47,Siliguri,West Bengal,3,734045,2023-12-11
C00806,Deepa Yadav,F,22,Delhi,Delhi,1,110067,2023-12-10
C00807,Meena Ansari,F,27,Coimbatore,Tamil Nadu,2,641002,2023-06-25
C00808,Rani Singh,F,27,Bengaluru,Karnataka,1,560001,2023-07-19
C00809,Rahul Nair,M,27,Lucknow,Uttar Pradesh,2,226065,2022-11-20
C00810,Pooja Nair,F,24,Hubballi,Karnataka,3,580056,2023-02-10
C00811,Anjali Ansari,F,38,Bilaspur,Chhattisgarh,3,495087,2022-12-19
C00812,Neha Nair,F,44,Jaipur,Rajasthan,2,302040,2024-04-07
C00813,Divya Saikia,F,24,Surat,Gujarat,2,395033,2024-05-16
C00814,Meena Gupta,F,32,Indore,Madhya Pradesh,2,452070,2024-03-28
C00815,Suresh Singh,M,32,Jaipur,Rajasthan,2,302089,2023-11-16
C00816,Shalini Joshi,F,32,Bhopal,Madhya Pradesh,2,462054,2023-08-08
C00817,Rahul Iyer,M,22,Patna,Bihar,2,800079,2023-11-27
C00818,Shalini Yadav,F,27,Varanasi,Uttar Pradesh,3,221007,2022-08-20
C00819,Deepa Sharma,F,34,Siliguri,West Bengal,3,734059,2022-05-26
C00820,Lakshmi Singh,F,21,Mumbai,Maharashtra,1,400038,2023-03-02
C00821,Anjali Singh,F,34,Patna,Bihar,2,800095,2022-09-28
C00822,Sneha Rao,F,33,Mumbai,Maharashtra,1,400018,2024-02-16
C00823,Sneha Das,F,18,Muzaffarpur,Bihar,3,842063,2023-01-02
C00824,Priya Yadav,F,21,Raipur,Chhattisgarh,2,492067,2024-06-24
C00825,Priya Chauhan,F,19,Chennai,Tamil Nadu,1,600016,2023-11-29
C00826,Vikram Rao,M,32,Jaipur,Rajasthan,2,302085,2023-01-09
C00827,Priya Khan,F,25,Delhi,Delhi,1,110022,2023-04-27
C00828,Payal Ansari,F,21,Guwahati,Assam,2,781076,2023-05-16
C00829,Ruchi Singh,F,31,Lucknow,Uttar Pradesh,2,226019,2024-09-03
C00830,Ruchi Sharma,F,19,Pune,Maharashtra,1,411083,2022-12-05
C00831,Anjali Pandey,F,42,Imphal,Manipur,3,795093,2023-06-20
C00832,Imran Chauhan,M,34,Pune,Maharashtra,1,411027,2023-10-10
C00833,Swati Gupta,F,22,Muzaffarpur,Bihar,3,842046,2022-11-30
C00834,Rahul Yadav,F,27,Ranchi,Jharkhand,2,834051,2024-07-24
C00835,Ruchi Ansari,F,23,Bilaspur,Chhattisgarh,3,495074,2022-10-07
C00836,Swati Nair,F,28,Bilaspur,Chhattisgarh,3,495076,2023-02-15
C00837,Ruchi Gupta,F,23,Lucknow,Uttar Pradesh,2,226030,2024-06-25
C00838,Deepa Ansari,F,25,Ludhiana,Punjab,2,141099,2022-06-27
C00839,Amit Khan,M,30,Bilaspur,Chhattisgarh,3,495097,2023-07-29
C00840,Fatima Singh,F,20,Bilaspur,Chhattisgarh,3,495057,2022-08-12
C00841,Priya Khan,F,32,Jaipur,Rajasthan,2,302049,2024-05-18
C00842,Ritika Patel,F,32,Bareilly,Uttar Pradesh,3,243087,2023-12-14
C00843,Simran Chauhan,F,24,Chennai,Tamil Nadu,1,600012,2023-02-13
C00844,Amit Patel,M,22,Bengaluru,Karnataka,1,560001,2023-09-29
C00845,Pooja Mishra,F,34,Dehradun,Uttarakhand,2,248064,2024-03-21
C00846,Payal Chauhan,F,22,Gorakhpur,Uttar Pradesh,3,273009,2023-07-10
C00847,Pooja Saikia,F,34,Indore,Madhya Pradesh,2,452039,2024-06-20
C00848,Sana Rao,F,25,Delhi,Delhi,1,110038,2022-06-06
C00849,Pooja Khan,F,36,Chennai,Tamil Nadu,1,600069,2023-02-20
C00850,Sana Chauhan,F,19,Chennai,Tamil Nadu,1,600070,2022-10-18
C00851,Fatima Sharma,F,31,Imphal,Manipur,3,795034,2024-03-10
C00852,Sneha Patel,F,28,Lucknow,Uttar Pradesh,2,226097,2022-11-22
C00853,Payal Gupta,F,19,Bilaspur,Chhattisgarh,3,495045,2024-07-21
C00854,Sana Gupta,F,33,Hubballi,Karnataka,3,580017,2023-12-29
C00855,Payal Chauhan,F,29,Ranchi,Jharkhand,2,834056,2023-05-31
C00856,Vikram Sharma,M,35,Kolkata,West Bengal,1,700026,2023-04-03
C00857,Deepa Sharma,F,19,Kanpur,Uttar Pradesh,2,208050,2022-08-09
C00858,Rahul Iyer,F,21,Jaipur,Rajasthan,2,302057,2024-06-03
C00859,Imran Pandey,M,31,Muzaffarpur,Bihar,3,842008,2024-02-01
C00860,Aisha Iyer,F,19,Chennai,Tamil Nadu,1,600002,2022-04-21
C00861,Amit Verma,M,23,Ranchi,Jharkhand,2,834037,2024-08-18
C00862,Aisha Das,F,30,Kolkata,West Bengal,1,700062,2022-11-28
C00863,Fatima Rao,F,29,Delhi,Delhi,1,110029,2023-07-05
C00864,Arjun Reddy,M,26,Ranchi,Jharkhand,2,834041,2022-10-18
C00865,Shalini Iyer,F,33,Nagpur,Maharashtra,2,440036,2024-07-13
C00866,Swati Reddy,F,24,Hyderabad,Telangana,1,500016,2023-09-16
C00867,Rahul Reddy,M,32,Ranchi,Jharkhand,2,834015,2024-09-10
C00868,Fatima Saikia,F,20,Patna,Bihar,2,800008,2023-12-21
C00869,Priya Kumari,F,19,Agartala,Tripura,3,799029,2024-03-05
C00870,Komal Verma,F,19,Jaipur,Rajasthan,2,302070,2022-08-12
C00871,Sana Mishra,F,39,Lucknow,Uttar Pradesh,2,226097,2023-02-04
C00872,Amit Devi,F,31,Hyderabad,Telangana,1,500094,2022-09-09
C00873,Suresh Das,M,32,Guwahati,Assam,2,781055,2023-02-23
C00874,Fatima Khan,F,42,Ranchi,Jharkhand,2,834096,2024-02-01
C00875,Deepa Nair,F,25,Delhi,Delhi,1,110099,2023-03-26
C00876,Anjali Devi,F,26,Kolkata,West Bengal,1,700085,2024-01-19
C00877,Rahul Singh,M,28,Varanasi,Uttar Pradesh,3,221034,2022-05-18
C00878,Nisha Sharma,F,29,Hyderabad,Telangana,1,500062,2022-12-18
C00879,Anjali Saikia,F,39,Siliguri,West Bengal,3,734079,2023-03-17
C00880,Kavya Nair,F,26,Kolkata,West Bengal,1,700034,2022-04-26
C00881,Kavya Yadav,F,19,Patna,Bihar,2,800030,2024-06-06
C00882,Swati Joshi,F,19,Ludhiana,Punjab,2,141071,2022-09-28
C00883,Arjun Nair,M,29,Chennai,Tamil Nadu,1,600070,2022-09-27
C00884,Neha Gupta,F,21,Bengaluru,Karnataka,1,560066,2024-07-14
C00885,Shalini Iyer,F,31,Chennai,Tamil Nadu,1,600037,2024-05-08
C00886,Shalini Mishra,F,45,Bengaluru,Karnataka,1,560048,2023-06-08
C00887,Priya Khan,F,27,Ujjain,Madhya Pradesh,3,456020,2023-02-04
C00888,Divya Chauhan,F,34,Bengaluru,Karnataka,1,560075,2022-10-03
C00889,Rani Verma,F,22,Lucknow,Uttar Pradesh,2,226049,2022-08-13
C00890,Pooja Reddy,F,31,Bareilly,Uttar Pradesh,3,243069,2022-09-12
C00891,Rahul Devi,M,34,Delhi,Delhi,1,110067,2023-07-08
C00892,Rani Das,F,40,Lucknow,Uttar Pradesh,2,226032,2022-07-06
C00893,Nisha Mishra,F,21,Dehradun,Uttarakhand,2,248089,2024-01-29
C00894,Suresh Pandey,M,34,Indore,Madhya Pradesh,2,452010,2023-09-27
C00895,Nisha Iyer,F,22,Ludhiana,Punjab,2,141069,2024-01-25
C00896,Rani Yadav,F,27,Dehradun,Uttarakhand,2,248044,2023-11-15
C00897,Swati Yadav,F,24,Delhi,Delhi,1,110024,2022-04-18
C00898,Simran Nair,F,33,Indore,Madhya Pradesh,2,452096,2024-06-20
C00899,Simran Sharma,F,20,Delhi,Delhi,1,110017,2023-04-23
C00900,Suresh Pandey,M,25,Agartala,Tripura,3,799092,2023-12-06
C00901,Imran Saikia,M,21,Delhi,Delhi,1,110093,2024-08-16
C00902,Karan Iyer,M,31,Mumbai,Maharashtra,1,400038,2022-08-18
C00903,Kavya Saikia,F,43,Patna,Bihar,2,800011,2024-04-29
C00904,Shalini Joshi,F,32,Muzaffarpur,Bihar,3,842023,2023-04-30
C00905,Neha Reddy,F,28,Ranchi,Jharkhand,2,834007,2023-03-04
C00906,Swati Iyer,F,30,Bhopal,Madhya Pradesh,2,462041,2022-08-18
C00907,Amit Patel,F,26,Hyderabad,Telangana,1,500074,2022-04-15
C00908,Meena Khan,F,26,Kanpur,Uttar Pradesh,2,208063,2023-07-10
C00909,Fatima Devi,F,25,Chennai,Tamil Nadu,1,600086,2023-12-21
C00910,Swati Khan,F,19,Delhi,Delhi,1,110070,2023-03-31
C00911,Priya Pandey,F,31,Varanasi,Uttar Pradesh,3,221094,2023-07-04
C00912,Arjun Singh,M,21,Bhopal,Madhya Pradesh,2,462057,2023-07-17
C00913,Sneha Nair,F,21,Patna,Bihar,2,800046,2022-07-02
C00914,Amit Mishra,M,28,Mumbai,Maharashtra,1,400036,2023-06-25
C00915,Pooja Mishra,F,19,Coimbatore,Tamil Nadu,2,641056,2024-06-21
C00916,Imran Patel,M,19,Ujjain,Madhya Pradesh,3,456082,2022-12-29
C00917,Ruchi Reddy,F,26,Bengaluru,Karnataka,1,560061,2024-04-29
C00918,Payal Das,F,20,Patna,Bihar,2,800067,2022-05-08
C00919,Simran Gupta,F,24,Ranchi,Jharkhand,2,834091,2024-04-02
C00920,Sana Kumari,F,25,Bengaluru,Karnataka,1,560082,2023-10-10
C00921,Kavya Das,F,27,Patna,Bihar,2,800086,2023-05-24
C00922,Sana Pandey,F,27,Patna,Bihar,2,800013,2024-02-20
C00923,Arjun Iyer,M,40,Delhi,Delhi,1,110032,2022-11-23
C00924,Divya Singh,F,30,Indore,Madhya Pradesh,2,452091,2024-05-23
C00925,Payal Devi,F,25,Dehradun,Uttarakhand,2,248004,2023-12-09
C00926,Simran Verma,F,28,Pune,Maharashtra,1,411034,2022-11-10
C00927,Nisha Iyer,F,19,Lucknow,Uttar Pradesh,2,226035,2023-05-23
C00928,Anjali Das,F,25,Guwahati,Assam,2,781074,2022-04-19
C00929,Lakshmi Singh,F,44,Delhi,Delhi,1,110079,2023-10-30
C00930,Amit Sharma,F,20,Delhi,Delhi,1,110091,2023-10-26
C00931,Komal Gupta,F,34,Muzaffarpur,Bihar,3,842027,2023-09-27
C00932,Suresh Reddy,M,23,Nagpur,Maharashtra,2,440048,2023-10-28
C00933,Aisha Sharma,F,18,Indore,Madhya Pradesh,2,452097,2023-04-11
C00934,Payal Verma,F,27,Mumbai,Maharashtra,1,400004,2024-02-09
C00935,Anjali Nair,F,30,Coimbatore,Tamil Nadu,2,641084,2023-08-18
C00936,Fatima Gupta,F,34,Delhi,Delhi,1,110093,2022-10-12
C00937,Priya Rao,F,22,Guwahati,Assam,2,781013,2022-09-09
C00938,Sana Das,F,31,Kanpur,Uttar Pradesh,2,208066,2022-09-01
C00939,Ritika Singh,F,33,Bengaluru,Karnataka,1,560049,2023-12-08
C00940,Simran Rao,F,27,Indore,Madhya Pradesh,2,452090,2023-04-04
C00941,Payal Kumari,F,47,Bhopal,Madhya Pradesh,2,462070,2022-10-01
C00942,Priya Kumari,F,32,Delhi,Delhi,1,110048,2023-06-01
C00943,Divya Yadav,F,20,Surat,Gujarat,2,395013,2023-03-07
C00944,Karan Saikia,M,22,Hyderabad,Telangana,1,500052,2023-01-09
C00945,Rani Reddy,F,33,Siliguri,West Bengal,3,734033,2023-08-07
C00946,Sneha Verma,F,31,Kolkata,West Bengal,1,700001,2024-01-01
C00947,Payal Rao,F,25,Raipur,Chhattisgarh,2,492042,2023-06-17
C00948,Amit Gupta,F,41,Ranchi,Jharkhand,2,834090,2024-07-14
C00949,Kavya Chauhan,F,23,Jaipur,Rajasthan,2,302026,2023-07-11
C00950,Simran Ansari,F,34,Shillong,Meghalaya,3,793063,2024-05-11
C00951,Ruchi Sharma,F,31,Guwahati,Assam,2,781038,2022-09-25
C00952,Swati Mishra,F,29,Bilaspur,Chhattisgarh,3,495073,2022-12-06
C00953,Deepa Patel,F,29,Delhi,Delhi,1,110067,2023-01-21
C00954,Divya Yadav,F,33,Chennai,Tamil Nadu,1,600002,2023-11-11
C00955,Pooja Sharma,F,24,Indore,Madhya Pradesh,2,452026,2022-10-22
C00956,Neha Verma,F,23,Mumbai,Maharashtra,1,400009,2023-10-09
C00957,Imran Sharma,M,39,Coimbatore,Tamil Nadu,2,641037,2022-06-14
C00958,Amit Das,F,30,Muzaffarpur,Bihar,3,842033,2023-03-07
C00959,Pooja Saikia,F,24,Nagpur,Maharashtra,2,440036,2024-04-02
C00960,Swati Saikia,F,30,Pune,Maharashtra,1,411043,2023-02-20
C00961,Fatima Devi,F,33,Dehradun,Uttarakhand,2,248027,2024-04-12
C00962,Ritika Gupta,F,44,Bengaluru,Karnataka,1,560019,2024-05-08
C00963,Imran Gupta,M,19,Delhi,Delhi,1,110018,2023-04-27
C00964,Payal Mishra,F,21,Gorakhpur,Uttar Pradesh,3,273031,2023-03-08
C00965,Rahul Ansari,F,34,Jaipur,Rajasthan,2,302041,2023-04-07
C00966,Ritika Khan,F,48,Mumbai,Maharashtra,1,400036,2022-10-04
C00967,Nisha Ansari,F,26,Delhi,Delhi,1,110088,2024-05-31
C00968,Shalini Khan,F,29,Nagpur,Maharashtra,2,440060,2022-08-04
C00969,Ritika Devi,F,24,Ludhiana,Punjab,2,141049,2023-09-14
C00970,Priya Patel,F,34,Hyderabad,Telangana,1,500025,2024-09-26
C00971,Shalini Nair,F,18,Surat,Gujarat,2,395078,2023-12-27
C00972,Payal Kumari,F,26,Bengaluru,Karnataka,1,560036,2022-12-31
C00973,Priya Ansari,F,45,Mumbai,Maharashtra,1,400059,2023-05-18
C00974,Lakshmi Rao,F,19,Hyderabad,Telangana,1,500048,2024-09-02
C00975,Rahul Khan,F,22,Kanpur,Uttar Pradesh,2,208011,2023-07-30
C00976,Nisha Verma,F,26,Siliguri,West Bengal,3,734025,2022-12-01
C00977,Deepa Mishra,F,23,Kanpur,Uttar Pradesh,2,208076,2022-09-23
C00978,Deepa Kumari,F,19,Ujjain,Madhya Pradesh,3,456009,2024-03-18
C00979,Amit Nair,F,32,Gorakhpur,Uttar Pradesh,3,273006,2023-12-24
C00980,Simran Khan,F,18,Kanpur,Uttar Pradesh,2,208040,2023-12-26
C00981,Nisha Saikia,F,20,Nagpur,Maharashtra,2,440073,2023-06-15
C00982,Rohit Gupta,M,18,Mumbai,Maharashtra,1,400099,2024-04-11
C00983,Shalini Joshi,F,25,Varanasi,Uttar Pradesh,3,221040,2022-05-28
C00984,Vikram Yadav,M,30,Raipur,Chhattisgarh,2,492091,2023-12-13
C00985,Divya Iyer,F,24,Hyderabad,Telangana,1,500035,2024-03-11
C00986,Rahul Joshi,F,33,Hyderabad,Telangana,1,500046,2023-02-17
C00987,Swati Joshi,F,23,Lucknow,Uttar Pradesh,2,226005,2022-05-31
C00988,Rani Patel,F,41,Surat,Gujarat,2,395045,2022-12-10
C00989,Vikram Mishra,M,34,Gorakhpur,Uttar Pradesh,3,273071,2022-06-05
C00990,Swati Patel,F,32,Guwahati,Assam,2,781034,2024-08-30
C00991,Lakshmi Khan,F,32,Bilaspur,Chhattisgarh,3,495076,2023-11-06
C00992,Rani Verma,F,21,Jaipur,Rajasthan,2,302081,2023-09-30
C00993,Simran Ansari,F,21,Shillong,Meghalaya,3,793024,2023-10-01
C00994,Kavya Sharma,F,32,Kolkata,West Bengal,1,700076,2023-02-20
C00995,Payal Reddy,F,29,Raipur,Chhattisgarh,2,492077,2023-10-22
C00996,Anjali Reddy,F,34,Patna,Bihar,2,800014,2023-07-28
C00997,Rani Kumari,F,23,Indore,Madhya Pradesh,2,452066,2024-04-14
C00998,Vikram Saikia,M,22,Bilaspur,Chhattisgarh,3,495085,2023-10-26
C00999,Pooja Das,F,22,Varanasi,Uttar Pradesh,3,221045,2023-06-20
C01000,Deepa Yadav,F,23,Jaipur,Rajasthan,2,302039,2023-11-22
C01001,Ritika Iyer,F,25,Mumbai,Maharashtra,1,400020,2022-10-31
C01002,Priya Ansari,F,21,Nagpur,Maharashtra,2,440061,2023-03-18
C01003,Payal Kumari,F,25,Raipur,Chhattisgarh,2,492098,2024-06-25
C01004,Sneha Kumari,F,27,Jaipur,Rajasthan,2,302087,2022-09-15
C01005,Komal Gupta,F,18,Shillong,Meghalaya,3,793029,2023-01-17
C01006,Shalini Mishra,F,18,Hyderabad,Telangana,1,500079,2023-01-27
C01007,Vikram Yadav,M,19,Guwahati,Assam,2,781028,2023-11-27
C01008,Lakshmi Khan,F,27,Indore,Madhya Pradesh,2,452040,2023-09-01
C01009,Fatima Iyer,F,30,Ludhiana,Punjab,2,141088,2023-04-21
C01010,Pooja Pandey,F,21,Siliguri,West Bengal,3,734084,2022-05-02
C01011,Rohit Mishra,M,34,Jaipur,Rajasthan,2,302050,2022-10-30
C01012,Deepa Kumari,F,19,Indore,Madhya Pradesh,2,452039,2023-07-24
C01013,Sana Joshi,F,33,Pune,Maharashtra,1,411092,2023-10-24
C01014,Amit Khan,M,43,Siliguri,West Bengal,3,734098,2023-09-05
C01015,Priya Mishra,F,46,Shillong,Meghalaya,3,793076,2024-01-11
C01016,Karan Iyer,M,27,Hyderabad,Telangana,1,500006,2024-05-30
C01017,Anjali Devi,F,26,Agartala,Tripura,3,799055,2023-10-22
C01018,Priya Rao,F,27,Ludhiana,Punjab,2,141046,2023-08-01
C01019,Lakshmi Verma,F,29,Bengaluru,Karnataka,1,560094,2024-08-25
C01020,Kavya Gupta,F,22,Bhopal,Madhya Pradesh,2,462094,2024-05-06
C01021,Fatima Pandey,F,46,Coimbatore,Tamil Nadu,2,641080,2024-01-26
C01022,Karan Verma,M,29,Bilaspur,Chhattisgarh,3,495005,2024-05-04
C01023,Neha Kumari,F,20,Kanpur,Uttar Pradesh,2,208044,2022-12-19
C01024,Priya Khan,F,39,Guwahati,Assam,2,781093,2022-12-03
C01025,Simran Singh,F,26,Guwahati,Assam,2,781039,2023-01-10
C01026,Vikram Verma,M,33,Bhopal,Madhya Pradesh,2,462028,2022-08-15
C01027,Rahul Khan,F,19,Ujjain,Madhya Pradesh,3,456078,2023-08-20
C01028,Fatima Sharma,F,18,Muzaffarpur,Bihar,3,842054,2022-11-29
C01029,Sana Mishra,F,25,Delhi,Delhi,1,110003,2022-10-06
C01030,Meena Devi,F,31,Lucknow,Uttar Pradesh,2,226082,2023-01-31
C01031,Komal Sharma,F,28,Lucknow,Uttar Pradesh,2,226045,2022-06-12
C01032,Amit Ansari,F,23,Indore,Madhya Pradesh,2,452087,2023-08-29
C01033,Rani Gupta,F,29,Pune,Maharashtra,1,411011,2024-03-03
C01034,Meena Das,F,32,Guwahati,Assam,2,781087,2023-06-11
C01035,Kavya Devi,F,31,Bengaluru,Karnataka,1,560054,2022-08-10
C01036,Karan Reddy,M,22,Bengaluru,Karnataka,1,560049,2023-01-19
C01037,Ruchi Patel,F,21,Hubballi,Karnataka,3,580074,2023-12-10
C01038,Amit Kumari,F,29,Hyderabad,Telangana,1,500097,2024-02-22
C01039,Divya Pandey,F,28,Indore,Madhya Pradesh,2,452065,2023-04-02
C01040,Ruchi Ansari,F,27,Bhopal,Madhya Pradesh,2,462058,2024-04-24
C01041,Meena Sharma,F,28,Bilaspur,Chhattisgarh,3,495098,2023-06-14
C01042,Neha Kumari,F,31,Ludhiana,Punjab,2,141054,2023-08-08
C01043,Aisha Yadav,F,34,Hyderabad,Telangana,1,500011,2023-01-27
C01044,Priya Mishra,F,23,Surat,Gujarat,2,395073,2022-12-31
C01045,Shalini Sharma,F,30,Patna,Bihar,2,800071,2023-04-27
C01046,Rohit Joshi,M,25,Agartala,Tripura,3,799023,2023-06-06
C01047,Imran Yadav,M,18,Ujjain,Madhya Pradesh,3,456027,2023-02-18
C01048,Sana Joshi,F,47,Patna,Bihar,2,800023,2023-06-17
C01049,Sana Mishra,F,23,Bhopal,Madhya Pradesh,2,462032,2023-06-16
C01050,Amit Verma,F,31,Ranchi,Jharkhand,2,834067,2023-06-08
C01051,Simran Nair,F,21,Agartala,Tripura,3,799092,2022-07-29
C01052,Rahul Joshi,M,19,Kanpur,Uttar Pradesh,2,208038,2022-06-23
C01053,Rahul Pandey,M,34,Jaipur,Rajasthan,2,302081,2022-12-06
C01054,Amit Yadav,M,21,Indore,Madhya Pradesh,2,452093,2024-04-11
C01055,Sneha Reddy,F,24,Lucknow,Uttar Pradesh,2,226034,2024-06-24
C01056,Nisha Ansari,F,26,Lucknow,Uttar Pradesh,2,226044,2023-12-04
C01057,Nisha Nair,F,19,Raipur,Chhattisgarh,2,492098,2024-05-11
C01058,Aisha Pandey,F,27,Delhi,Delhi,1,110040,2022-09-29
C01059,Payal Joshi,F,22,Delhi,Delhi,1,110096,2022-06-30
C01060,Meena Kumari,F,25,Raipur,Chhattisgarh,2,492004,2022-05-14
C01061,Rani Sharma,F,34,Hyderabad,Telangana,1,500096,2022-04-24
C01062,Sana Khan,F,45,Bareilly,Uttar Pradesh,3,243020,2023-02-08
C01063,Shalini Kumari,F,33,Agartala,Tripura,3,799083,2024-04-11
C01064,Payal Kumari,F,20,Shillong,Meghalaya,3,793044,2024-02-14
C01065,Fatima Devi,F,21,Kolkata,West Bengal,1,700084,2024-03-14
C01066,Lakshmi Sharma,F,34,Lucknow,Uttar Pradesh,2,226030,2022-09-03
C01067,Ruchi Singh,F,43,Hyderabad,Telangana,1,500009,2023-12-29
C01068,Amit Rao,F,19,Nagpur,Maharashtra,2,440058,2023-03-01
C01069,Amit Khan,F,25,Bhopal,Madhya Pradesh,2,462030,2022-10-26
C01070,Sana Nair,F,20,Ranchi,Jharkhand,2,834096,2024-03-21
C01071,Rohit Chauhan,M,24,Guwahati,Assam,2,781030,2024-01-26
C01072,Nisha Singh,F,19,Surat,Gujarat,2,395041,2022-07-16
C01073,Neha Joshi,F,24,Coimbatore,Tamil Nadu,2,641013,2023-03-26
C01074,Meena Saikia,F,31,Kanpur,Uttar Pradesh,2,208015,2022-09-25
C01075,Ritika Saikia,F,32,Imphal,Manipur,3,795001,2024-01-18
C01076,Payal Khan,F,33,Guwahati,Assam,2,781066,2023-12-16
C01077,Komal Reddy,F,34,Hubballi,Karnataka,3,580040,2022-12-31
C01078,Rohit Ansari,M,34,Indore,Madhya Pradesh,2,452061,2023-05-13
C01079,Simran Das,F,32,Delhi,Delhi,1,110044,2022-12-18
C01080,Vikram Singh,M,24,Raipur,Chhattisgarh,2,492040,2023-05-07
C01081,Payal Singh,F,24,Kolkata,West Bengal,1,700074,2022-11-13
C01082,Ruchi Khan,F,23,Delhi,Delhi,1,110042,2023-04-22
C01083,Simran Nair,F,26,Bhilwara,Rajasthan,3,311061,2022-05-09
C01084,Meena Mishra,F,28,Siliguri,West Bengal,3,734058,2023-11-21
C01085,Simran Sharma,F,30,Indore,Madhya Pradesh,2,452008,2023-08-10
C01086,Karan Nair,M,24,Lucknow,Uttar Pradesh,2,226027,2022-11-24
C01087,Shalini Sharma,F,30,Ranchi,Jharkhand,2,834042,2023-03-10
C01088,Ritika Devi,F,26,Nagpur,Maharashtra,2,440014,2024-07-17
C01089,Payal Saikia,F,19,Chennai,Tamil Nadu,1,600085,2023-08-29
C01090,Karan Reddy,M,30,Raipur,Chhattisgarh,2,492008,2024-06-20
C01091,Komal Pandey,F,27,Mumbai,Maharashtra,1,400015,2023-06-06
C01092,Divya Iyer,F,22,Delhi,Delhi,1,110076,2023-11-30
C01093,Nisha Reddy,F,26,Surat,Gujarat,2,395072,2023-04-07
C01094,Sneha Gupta,F,28,Gorakhpur,Uttar Pradesh,3,273047,2022-08-02
C01095,Rohit Mishra,M,32,Indore,Madhya Pradesh,2,452047,2023-10-26
C01096,Arjun Nair,M,18,Hyderabad,Telangana,1,500018,2024-06-01
C01097,Payal Verma,F,19,Coimbatore,Tamil Nadu,2,641066,2023-09-15
C01098,Anjali Chauhan,F,28,Bengaluru,Karnataka,1,560069,2023-05-17
C01099,Pooja Gupta,F,21,Pune,Maharashtra,1,411069,2024-04-22
C01100,Amit Saikia,M,44,Varanasi,Uttar Pradesh,3,221084,2024-03-20
C01101,Simran Nair,F,22,Guwahati,Assam,2,781084,2023-10-29
C01102,Divya Joshi,F,31,Mumbai,Maharashtra,1,400003,2023-08-17
C01103,Ruchi Sharma,F,28,Surat,Gujarat,2,395055,2024-04-30
C01104,Deepa Mishra,F,24,Pune,Maharashtra,1,411099,2022-06-13
C01105,Rahul Saikia,F,22,Surat,Gujarat,2,395027,2023-11-21
C01106,Sana Verma,F,29,Hyderabad,Telangana,1,500009,2023-11-01
C01107,Vikram Patel,M,31,Shillong,Meghalaya,3,793035,2024-02-06
C01108,Shalini Sharma,F,32,Ujjain,Madhya Pradesh,3,456016,2022-05-31
C01109,Amit Patel,F,32,Hubballi,Karnataka,3,580057,2023-08-20
C01110,Rani Singh,F,23,Hyderabad,Telangana,1,500065,2023-02-17
C01111,Ritika Singh,F,46,Ranchi,Jharkhand,2,834078,2023-10-01
C01112,Ritika Patel,F,47,Guwahati,Assam,2,781065,2023-09-29
C01113,Nisha Sharma,F,31,Patna,Bihar,2,800052,2022-05-07
C01114,Meena Gupta,F,27,Mumbai,Maharashtra,1,400030,2022-10-14
C01115,Ruchi Ansari,F,26,Mumbai,Maharashtra,1,400094,2022-12-09
C01116,Aisha Khan,F,22,Muzaffarpur,Bihar,3,842067,2024-04-25
C01117,Anjali Verma,F,24,Delhi,Delhi,1,110095,2022-11-25
C01118,Kavya Iyer,F,34,Kolkata,West Bengal,1,700020,2022-09-03
C01119,Shalini Singh,F,18,Gorakhpur,Uttar Pradesh,3,273064,2024-03-07
C01120,Fatima Devi,F,18,Kolkata,West Bengal,1,700043,2024-09-02
C01121,Sneha Iyer,F,30,Imphal,Manipur,3,795098,2023-01-28
C01122,Neha Sharma,F,25,Ranchi,Jharkhand,2,834012,2023-07-30
C01123,Payal Joshi,F,48,Bareilly,Uttar Pradesh,3,243069,2023-07-09
C01124,Lakshmi Sharma,F,33,Delhi,Delhi,1,110033,2024-05-23
C01125,Sana Singh,F,24,Lucknow,Uttar Pradesh,2,226017,2024-02-20
C01126,Rohit Reddy,M,21,Bhopal,Madhya Pradesh,2,462092,2023-08-15
C01127,Aisha Reddy,F,27,Pune,Maharashtra,1,411043,2022-10-05
C01128,Swati Chauhan,F,26,Bhilwara,Rajasthan,3,311098,2024-05-20
C01129,Sneha Saikia,F,19,Lucknow,Uttar Pradesh,2,226096,2022-07-06
C01130,Ritika Khan,F,19,Jaipur,Rajasthan,2,302031,2024-04-19
C01131,Payal Ansari,F,24,Jaipur,Rajasthan,2,302081,2022-04-25
C01132,Nisha Patel,F,26,Gorakhpur,Uttar Pradesh,3,273070,2023-07-09
C01133,Swati Mishra,F,23,Delhi,Delhi,1,110033,2023-10-18
C01134,Komal Joshi,F,28,Varanasi,Uttar Pradesh,3,221098,2023-04-19
C01135,Suresh Sharma,M,37,Pune,Maharashtra,1,411013,2024-02-12
C01136,Amit Rao,M,22,Bhilwara,Rajasthan,3,311045,2023-11-22
C01137,Pooja Chauhan,F,34,Indore,Madhya Pradesh,2,452025,2024-05-09
C01138,Priya Patel,F,29,Siliguri,West Bengal,3,734068,2023-01-25
C01139,Swati Chauhan,F,29,Dehradun,Uttarakhand,2,248070,2024-02-09
C01140,Rohit Pandey,M,23,Raipur,Chhattisgarh,2,492082,2022-12-22
C01141,Rahul Yadav,F,31,Agartala,Tripura,3,799026,2023-12-21
C01142,Suresh Das,M,34,Bengaluru,Karnataka,1,560054,2023-06-02
C01143,Meena Sharma,F,27,Patna,Bihar,2,800027,2022-09-11
C01144,Rahul Iyer,M,33,Kanpur,Uttar Pradesh,2,208021,2022-08-11
C01145,Vikram Kumari,M,31,Bhilwara,Rajasthan,3,311051,2023-02-04
C01146,Amit Reddy,M,39,Hyderabad,Telangana,1,500018,2023-08-17
C01147,Deepa Yadav,F,22,Delhi,Delhi,1,110087,2023-12-24
C01148,Neha Chauhan,F,21,Guwahati,Assam,2,781099,2022-12-28
C01149,Nisha Das,F,32,Kanpur,Uttar Pradesh,2,208020,2024-07-21
C01150,Amit Mishra,F,19,Shillong,Meghalaya,3,793049,2022-05-27
C01151,Nisha Iyer,F,33,Imphal,Manipur,3,795098,2023-12-08
C01152,Amit Devi,F,48,Chennai,Tamil Nadu,1,600047,2024-01-28
C01153,Rahul Iyer,F,21,Shillong,Meghalaya,3,793099,2023-12-20
C01154,Fatima Chauhan,F,26,Siliguri,West Bengal,3,734046,2024-07-08
C01155,Payal Reddy,F,25,Bengaluru,Karnataka,1,560076,2023-07-15
C01156,Rahul Ansari,F,30,Ludhiana,Punjab,2,141078,2023-04-19
C01157,Anjali Devi,F,21,Shillong,Meghalaya,3,793074,2024-06-26
C01158,Shalini Saikia,F,31,Delhi,Delhi,1,110051,2022-09-27
C01159,Nisha Joshi,F,34,Guwahati,Assam,2,781005,2023-08-20
C01160,Simran Sharma,F,23,Gorakhpur,Uttar Pradesh,3,273004,2022-12-26
C01161,Simran Sharma,F,26,Ujjain,Madhya Pradesh,3,456046,2022-06-16
C01162,Aisha Nair,F,19,Raipur,Chhattisgarh,2,492042,2023-06-20
C01163,Kavya Patel,F,28,Raipur,Chhattisgarh,2,492095,2023-08-18
C01164,Rohit Ansari,M,28,Guwahati,Assam,2,781046,2023-01-09
C01165,Vikram Mishra,M,21,Nagpur,Maharashtra,2,440093,2024-07-01
C01166,Payal Khan,F,24,Coimbatore,Tamil Nadu,2,641034,2022-05-09
C01167,Nisha Pandey,F,23,Ranchi,Jharkhand,2,834042,2024-09-15
C01168,Swati Rao,F,23,Delhi,Delhi,1,110051,2023-01-07
C01169,Pooja Devi,F,45,Raipur,Chhattisgarh,2,492052,2022-05-13
C01170,Komal Pandey,F,30,Pune,Maharashtra,1,411014,2022-05-20
C01171,Arjun Devi,M,20,Hubballi,Karnataka,3,580042,2024-02-14
C01172,Komal Yadav,F,26,Indore,Madhya Pradesh,2,452004,2023-05-14
C01173,Aisha Reddy,F,32,Chennai,Tamil Nadu,1,600083,2022-06-23
C01174,Aisha Sharma,F,33,Hyderabad,Telangana,1,500057,2023-08-04
C01175,Vikram Iyer,M,34,Nagpur,Maharashtra,2,440075,2023-08-19
C01176,Suresh Nair,M,29,Coimbatore,Tamil Nadu,2,641034,2023-07-18
C01177,Vikram Mishra,M,20,Jaipur,Rajasthan,2,302089,2024-05-17
C01178,Vikram Rao,M,21,Lucknow,Uttar Pradesh,2,226065,2022-10-07
C01179,Sana Reddy,F,25,Patna,Bihar,2,800060,2023-12-31
C01180,Sana Joshi,F,31,Surat,Gujarat,2,395009,2024-04-09
C01181,Lakshmi Verma,F,33,Bengaluru,Karnataka,1,560091,2024-05-03
C01182,Amit Nair,F,18,Mumbai,Maharashtra,1,400092,2023-01-28
C01183,Sneha Kumari,F,32,Patna,Bihar,2,800040,2023-03-30
C01184,Aisha Saikia,F,34,Raipur,Chhattisgarh,2,492053,2024-05-07
C01185,Imran Sharma,M,35,Dehradun,Uttarakhand,2,248092,2022-08-21
C01186,Pooja Devi,F,31,Lucknow,Uttar Pradesh,2,226094,2024-04-19
C01187,Sana Khan,F,18,Guwahati,Assam,2,781084,2023-05-14
C01188,Neha Kumari,F,30,Guwahati,Assam,2,781053,2023-09-07
C01189,Divya Khan,F,29,Raipur,Chhattisgarh,2,492023,2022-10-08
C01190,Pooja Khan,F,24,Indore,Madhya Pradesh,2,452030,2023-10-08
C01191,Divya Joshi,F,34,Bareilly,Uttar Pradesh,3,243033,2024-09-11
C01192,Komal Verma,F,21,Shillong,Meghalaya,3,793022,2024-09-30
C01193,Priya Mishra,F,18,Hubballi,Karnataka,3,580073,2023-03-05
C01194,Kavya Patel,F,33,Jaipur,Rajasthan,2,302024,2023-04-02
C01195,Deepa Yadav,F,23,Hyderabad,Telangana,1,500057,2022-10-09
C01196,Swati Yadav,F,32,Siliguri,West Bengal,3,734004,2023-01-03
C01197,Neha Das,F,36,Bengaluru,Karnataka,1,560045,2022-11-02
C01198,Neha Ansari,F,22,Hyderabad,Telangana,1,500079,2023-10-22
C01199,Suresh Joshi,M,45,Ujjain,Madhya Pradesh,3,456071,2024-07-26
C01200,Aisha Ansari,F,30,Lucknow,Uttar Pradesh,2,226006,2023-10-01
C01201,Karan Saikia,M,34,Mumbai,Maharashtra,1,400012,2022-11-22
C01202,Suresh Rao,M,27,Ludhiana,Punjab,2,141042,2024-05-16
C01203,Lakshmi Iyer,F,30,Indore,Madhya Pradesh,2,452011,2023-05-18
C01204,Komal Ansari,F,27,Bengaluru,Karnataka,1,560064,2022-07-19
C01205,Rahul Verma,F,19,Dehradun,Uttarakhand,2,248025,2024-07-02
C01206,Rani Rao,F,28,Kolkata,West Bengal,1,700095,2024-08-13
C01207,Meena Kumari,F,19,Bhopal,Madhya Pradesh,2,462088,2022-04-21
C01208,Kavya Chauhan,F,19,Indore,Madhya Pradesh,2,452028,2024-06-22
C01209,Aisha Mishra,F,24,Patna,Bihar,2,800064,2024-03-04
C01210,Anjali Kumari,F,21,Surat,Gujarat,2,395038,2024-09-27
C01211,Divya Khan,F,48,Muzaffarpur,Bihar,3,842030,2023-09-17
C01212,Sneha Yadav,F,26,Bilaspur,Chhattisgarh,3,495055,2022-11-05
C01213,Arjun Patel,M,45,Surat,Gujarat,2,395095,2023-12-27
C01214,Simran Kumari,F,24,Jaipur,Rajasthan,2,302063,2024-01-16
C01215,Ruchi Verma,F,32,Kanpur,Uttar Pradesh,2,208017,2022-11-23
C01216,Neha Singh,F,33,Raipur,Chhattisgarh,2,492009,2024-03-28
C01217,Amit Nair,F,46,Nagpur,Maharashtra,2,440089,2023-08-21
C01218,Rani Nair,F,21,Pune,Maharashtra,1,411051,2022-06-12
C01219,Pooja Rao,F,24,Shillong,Meghalaya,3,793017,2023-04-20
C01220,Neha Singh,F,30,Bareilly,Uttar Pradesh,3,243024,2024-07-08
C01221,Vikram Iyer,M,32,Guwahati,Assam,2,781095,2024-05-08
C01222,Deepa Chauhan,F,24,Indore,Madhya Pradesh,2,452099,2024-02-29
C01223,Priya Yadav,F,26,Ranchi,Jharkhand,2,834023,2023-10-09
C01224,Rahul Kumari,M,27,Patna,Bihar,2,800065,2024-07-28
C01225,Divya Joshi,F,32,Chennai,Tamil Nadu,1,600009,2022-05-22
C01226,Komal Khan,F,28,Chennai,Tamil Nadu,1,600008,2024-06-09
C01227,Komal Sharma,F,23,Raipur,Chhattisgarh,2,492093,2023-11-07
C01228,Neha Reddy,F,18,Jaipur,Rajasthan,2,302073,2024-08-03
C01229,Neha Reddy,F,19,Gorakhpur,Uttar Pradesh,3,273073,2023-03-23
C01230,Payal Saikia,F,27,Mumbai,Maharashtra,1,400088,2023-01-10
C01231,Vikram Ansari,M,29,Jaipur,Rajasthan,2,302082,2023-06-24
C01232,Karan Rao,M,25,Patna,Bihar,2,800019,2023-12-13
C01233,Ruchi Nair,F,29,Coimbatore,Tamil Nadu,2,641095,2024-09-10
C01234,Anjali Joshi,F,25,Indore,Madhya Pradesh,2,452052,2024-05-26
C01235,Ruchi Iyer,F,32,Siliguri,West Bengal,3,734094,2023-06-26
C01236,Shalini Mishra,F,30,Indore,Madhya Pradesh,2,452018,2022-09-22
C01237,Rahul Patel,F,29,Bhopal,Madhya Pradesh,2,462060,2023-03-20
C01238,Imran Das,M,22,Agartala,Tripura,3,799061,2024-06-12
C01239,Sana Iyer,F,24,Nagpur,Maharashtra,2,440044,2023-03-17
C01240,Swati Iyer,F,32,Imphal,Manipur,3,795004,2022-10-22
C01241,Kavya Nair,F,45,Hyderabad,Telangana,1,500073,2022-08-06
C01242,Ritika Yadav,F,32,Delhi,Delhi,1,110032,2022-04-27
C01243,Payal Mishra,F,34,Guwahati,Assam,2,781095,2022-12-28
C01244,Pooja Gupta,F,19,Shillong,Meghalaya,3,793043,2022-05-12
C01245,Imran Patel,M,24,Mumbai,Maharashtra,1,400040,2022-05-25
C01246,Divya Saikia,F,42,Mumbai,Maharashtra,1,400061,2023-10-21
C01247,Neha Rao,F,22,Ranchi,Jharkhand,2,834021,2023-08-03
C01248,Suresh Khan,M,33,Delhi,Delhi,1,110090,2023-12-19
C01249,Amit Yadav,M,36,Raipur,Chhattisgarh,2,492097,2024-08-22
C01250,Ruchi Ansari,F,18,Delhi,Delhi,1,110076,2022-10-28
C01251,Nisha Saikia,F,32,Bareilly,Uttar Pradesh,3,243003,2023-05-17
C01252,Divya Gupta,F,20,Ujjain,Madhya Pradesh,3,456023,2024-05-16
C01253,Sneha Singh,F,47,Coimbatore,Tamil Nadu,2,641086,2024-03-14
C01254,Rahul Gupta,F,33,Hubballi,Karnataka,3,580003,2023-01-04
C01255,Kavya Pandey,F,24,Imphal,Manipur,3,795066,2023-12-20
C01256,Rahul Ansari,M,23,Bhilwara,Rajasthan,3,311007,2022-12-07
C01257,Nisha Iyer,F,26,Chennai,Tamil Nadu,1,600096,2022-08-16
C01258,Divya Rao,F,18,Ludhiana,Punjab,2,141095,2023-02-22
C01259,Payal Kumari,F,26,Bengaluru,Karnataka,1,560090,2023-09-13
C01260,Suresh Iyer,M,22,Lucknow,Uttar Pradesh,2,226045,2022-09-26
C01261,Meena Nair,F,32,Pune,Maharashtra,1,411086,2024-07-07
C01262,Amit Sharma,M,21,Varanasi,Uttar Pradesh,3,221032,2024-07-17
C01263,Rani Reddy,F,20,Hyderabad,Telangana,1,500002,2022-09-22
C01264,Amit Yadav,M,32,Bengaluru,Karnataka,1,560081,2022-04-21
C01265,Sana Singh,F,22,Lucknow,Uttar Pradesh,2,226026,2022-08-30
C01266,Rahul Gupta,F,25,Bilaspur,Chhattisgarh,3,495027,2024-08-11
C01267,Lakshmi Chauhan,F,24,Ranchi,Jharkhand,2,834091,2023-05-13
C01268,Meena Saikia,F,19,Kanpur,Uttar Pradesh,2,208057,2024-03-26
C01269,Ritika Nair,F,24,Bhopal,Madhya Pradesh,2,462090,2024-05-28
C01270,Kavya Mishra,F,25,Ranchi,Jharkhand,2,834021,2023-08-24
C01271,Sana Iyer,F,27,Coimbatore,Tamil Nadu,2,641028,2023-07-23
C01272,Aisha Chauhan,F,26,Chennai,Tamil Nadu,1,600037,2022-08-21
C01273,Payal Pandey,F,35,Delhi,Delhi,1,110080,2022-08-20
C01274,Rahul Joshi,F,20,Gorakhpur,Uttar Pradesh,3,273041,2023-02-07
C01275,Amit Saikia,M,28,Dehradun,Uttarakhand,2,248058,2023-10-01
C01276,Payal Das,F,28,Guwahati,Assam,2,781070,2022-08-31
C01277,Anjali Pandey,F,32,Hyderabad,Telangana,1,500042,2022-07-09
C01278,Karan Joshi,M,22,Siliguri,West Bengal,3,734095,2022-08-25
C01279,Rohit Mishra,M,22,Jaipur,Rajasthan,2,302052,2023-09-23
C01280,Rohit Yadav,M,23,Bengaluru,Karnataka,1,560028,2024-06-26
C01281,Fatima Mishra,F,33,Bengaluru,Karnataka,1,560051,2024-04-22
C01282,Arjun Reddy,M,33,Kolkata,West Bengal,1,700056,2023-07-14
C01283,Deepa Verma,F,21,Ujjain,Madhya Pradesh,3,456009,2023-11-05
C01284,Sneha Reddy,F,33,Ranchi,Jharkhand,2,834028,2023-08-02
C01285,Rohit Mishra,M,31,Patna,Bihar,2,800079,2024-05-30
C01286,Divya Pandey,F,22,Kanpur,Uttar Pradesh,2,208048,2023-03-03
C01287,Nisha Pandey,F,24,Bhilwara,Rajasthan,3,311042,2022-10-28
C01288,Imran Ansari,M,28,Chennai,Tamil Nadu,1,600074,2022-07-12
C01289,Sneha Mishra,F,25,Lucknow,Uttar Pradesh,2,226091,2023-02-02
C01290,Vikram Ansari,M,18,Kanpur,Uttar Pradesh,2,208041,2023-04-27
C01291,Sneha Devi,F,34,Shillong,Meghalaya,3,793063,2023-06-16
C01292,Arjun Gupta,M,24,Kanpur,Uttar Pradesh,2,208099,2023-12-24
C01293,Anjali Ansari,F,18,Ranchi,Jharkhand,2,834042,2023-10-03
C01294,Sneha Nair,F,42,Gorakhpur,Uttar Pradesh,3,273041,2023-01-21
C01295,Lakshmi Patel,F,44,Shillong,Meghalaya,3,793078,2024-05-31
C01296,Ritika Chauhan,F,27,Kolkata,West Bengal,1,700032,2022-07-15
C01297,Priya Das,F,22,Jaipur,Rajasthan,2,302038,2024-09-06
C01298,Simran Gupta,F,22,Bengaluru,Karnataka,1,560058,2022-12-31
C01299,Nisha Mishra,F,26,Jaipur,Rajasthan,2,302059,2023-12-24
C01300,Meena Khan,F,28,Hyderabad,Telangana,1,500003,2024-05-28
C01301,Payal Pandey,F,30,Bengaluru,Karnataka,1,560071,2024-09-05
C01302,Ruchi Khan,F,19,Coimbatore,Tamil Nadu,2,641083,2023-12-17
C01303,Anjali Chauhan,F,22,Lucknow,Uttar Pradesh,2,226064,2024-07-28
C01304,Neha Chauhan,F,25,Bilaspur,Chhattisgarh,3,495012,2022-08-21
C01305,Pooja Iyer,F,20,Lucknow,Uttar Pradesh,2,226064,2023-08-18
C01306,Lakshmi Kumari,F,20,Nagpur,Maharashtra,2,440027,2023-06-30
C01307,Fatima Reddy,F,18,Delhi,Delhi,1,110007,2022-12-13
C01308,Anjali Verma,F,25,Siliguri,West Bengal,3,734020,2022-04-24
C01309,Ruchi Kumari,F,27,Delhi,Delhi,1,110064,2024-09-07
C01310,Komal Gupta,F,19,Ludhiana,Punjab,2,141027,2024-02-09
C01311,Rahul Gupta,F,29,Surat,Gujarat,2,395066,2022-06-06
C01312,Komal Sharma,F,46,Delhi,Delhi,1,110080,2023-12-18
C01313,Ruchi Khan,F,26,Pune,Maharashtra,1,411043,2024-03-15
C01314,Neha Das,F,32,Lucknow,Uttar Pradesh,2,226078,2022-12-04
C01315,Ritika Khan,F,30,Ludhiana,Punjab,2,141014,2022-09-02
C01316,Rani Das,F,24,Ujjain,Madhya Pradesh,3,456076,2022-06-17
C01317,Lakshmi Reddy,F,26,Kolkata,West Bengal,1,700028,2023-04-27
C01318,Kavya Mishra,F,30,Bengaluru,Karnataka,1,560093,2023-11-01
C01319,Kavya Ansari,F,27,Patna,Bihar,2,800086,2022-05-08
C01320,Neha Sharma,F,19,Ujjain,Madhya Pradesh,3,456002,2023-12-26
C01321,Ruchi Saikia,F,36,Ujjain,Madhya Pradesh,3,456007,2023-09-21
C01322,Simran Pandey,F,31,Hyderabad,Telangana,1,500084,2024-09-09
C01323,Neha Das,F,32,Kolkata,West Bengal,1,700027,2024-05-31
C01324,Deepa Sharma,F,33,Bilaspur,Chhattisgarh,3,495023,2024-09-17
C01325,Nisha Saikia,F,26,Delhi,Delhi,1,110035,2024-09-08
C01326,Amit Yadav,F,30,Ranchi,Jharkhand,2,834087,2023-09-11
C01327,Nisha Iyer,F,18,Bengaluru,Karnataka,1,560074,2024-08-17
C01328,Arjun Das,M,24,Ludhiana,Punjab,2,141035,2024-09-07
C01329,Vikram Reddy,M,18,Ludhiana,Punjab,2,141084,2024-08-17
C01330,Suresh Rao,M,42,Shillong,Meghalaya,3,793030,2022-09-30
C01331,Shalini Gupta,F,32,Siliguri,West Bengal,3,734061,2023-03-24
C01332,Shalini Rao,F,28,Delhi,Delhi,1,110095,2022-12-17
C01333,Ruchi Pandey,F,29,Lucknow,Uttar Pradesh,2,226099,2023-12-07
C01334,Payal Rao,F,31,Delhi,Delhi,1,110012,2023-01-24
C01335,Shalini Joshi,F,23,Chennai,Tamil Nadu,1,600006,2023-10-16
C01336,Rohit Devi,M,23,Bhopal,Madhya Pradesh,2,462074,2024-05-12
C01337,Suresh Gupta,M,21,Bhilwara,Rajasthan,3,311065,2023-03-24
C01338,Priya Nair,F,45,Bengaluru,Karnataka,1,560022,2022-09-05
C01339,Divya Ansari,F,29,Chennai,Tamil Nadu,1,600071,2023-08-24
C01340,Vikram Saikia,M,31,Bhopal,Madhya Pradesh,2,462089,2022-08-24
C01341,Lakshmi Joshi,F,24,Bareilly,Uttar Pradesh,3,243092,2024-10-01
C01342,Amit Ansari,M,20,Imphal,Manipur,3,795089,2023-11-23
C01343,Ritika Rao,F,24,Chennai,Tamil Nadu,1,600004,2024-09-15
C01344,Kavya Gupta,F,32,Bengaluru,Karnataka,1,560016,2023-07-27
C01345,Priya Devi,F,30,Ujjain,Madhya Pradesh,3,456048,2024-03-02
C01346,Payal Devi,F,33,Kolkata,West Bengal,1,700005,2023-05-09
C01347,Rahul Ansari,F,30,Lucknow,Uttar Pradesh,2,226097,2023-03-30
C01348,Rani Devi,F,33,Dehradun,Uttarakhand,2,248004,2023-09-08
C01349,Pooja Ansari,F,20,Bengaluru,Karnataka,1,560011,2024-01-24
C01350,Neha Joshi,F,28,Ranchi,Jharkhand,2,834031,2023-01-22
C01351,Meena Rao,F,32,Bareilly,Uttar Pradesh,3,243028,2023-01-12
C01352,Sneha Saikia,F,18,Jaipur,Rajasthan,2,302065,2023-07-04
C01353,Fatima Saikia,F,19,Mumbai,Maharashtra,1,400033,2023-02-10
C01354,Kavya Joshi,F,23,Delhi,Delhi,1,110006,2023-12-09
C01355,Deepa Yadav,F,36,Kanpur,Uttar Pradesh,2,208026,2023-05-27
C01356,Amit Khan,F,19,Patna,Bihar,2,800039,2024-03-28
C01357,Karan Reddy,M,21,Chennai,Tamil Nadu,1,600013,2024-04-16
C01358,Sana Saikia,F,33,Delhi,Delhi,1,110047,2022-07-11
C01359,Swati Pandey,F,21,Raipur,Chhattisgarh,2,492054,2023-06-04
C01360,Rahul Iyer,F,20,Bengaluru,Karnataka,1,560034,2022-04-17
C01361,Ruchi Chauhan,F,37,Hubballi,Karnataka,3,580016,2024-09-07
C01362,Deepa Patel,F,29,Delhi,Delhi,1,110072,2024-01-06
C01363,Rohit Saikia,M,19,Patna,Bihar,2,800030,2024-03-08
C01364,Rahul Kumari,F,19,Delhi,Delhi,1,110066,2022-07-17
C01365,Fatima Saikia,F,27,Bengaluru,Karnataka,1,560018,2023-11-09
C01366,Vikram Patel,M,33,Bilaspur,Chhattisgarh,3,495062,2024-02-25
C01367,Lakshmi Rao,F,20,Mumbai,Maharashtra,1,400019,2022-11-18
C01368,Pooja Ansari,F,20,Delhi,Delhi,1,110073,2024-04-16
C01369,Lakshmi Pandey,F,48,Chennai,Tamil Nadu,1,600034,2023-08-12
C01370,Divya Kumari,F,29,Mumbai,Maharashtra,1,400051,2023-06-29
C01371,Rohit Ansari,M,34,Kanpur,Uttar Pradesh,2,208053,2022-12-10
C01372,Aisha Devi,F,33,Shillong,Meghalaya,3,793099,2024-07-17
C01373,Pooja Rao,F,22,Indore,Madhya Pradesh,2,452099,2022-12-15
C01374,Fatima Joshi,F,28,Bengaluru,Karnataka,1,560039,2022-05-29
C01375,Meena Ansari,F,30,Nagpur,Maharashtra,2,440097,2022-04-23
C01376,Komal Devi,F,22,Siliguri,West Bengal,3,734061,2023-10-22
C01377,Divya Rao,F,20,Mumbai,Maharashtra,1,400033,2022-12-27
C01378,Meena Devi,F,28,Pune,Maharashtra,1,411042,2024-01-30
C01379,Meena Patel,F,34,Surat,Gujarat,2,395087,2023-08-07
C01380,Deepa Patel,F,22,Pune,Maharashtra,1,411099,2022-10-28
C01381,Shalini Rao,F,24,Kolkata,West Bengal,1,700060,2023-02-14
C01382,Amit Das,F,24,Bhopal,Madhya Pradesh,2,462077,2022-07-16
C01383,Lakshmi Ansari,F,30,Coimbatore,Tamil Nadu,2,641062,2022-09-28
C01384,Komal Mishra,F,20,Pune,Maharashtra,1,411033,2024-05-27
C01385,Suresh Sharma,M,26,Bhilwara,Rajasthan,3,311064,2023-06-24
C01386,Fatima Chauhan,F,24,Ujjain,Madhya Pradesh,3,456035,2024-08-10
C01387,Payal Devi,F,31,Bhilwara,Rajasthan,3,311050,2023-11-16
C01388,Shalini Verma,F,20,Delhi,Delhi,1,110036,2024-06-13
C01389,Neha Iyer,F,19,Nagpur,Maharashtra,2,440002,2024-06-09
C01390,Fatima Das,F,25,Lucknow,Uttar Pradesh,2,226029,2023-01-07
C01391,Komal Pandey,F,22,Kanpur,Uttar Pradesh,2,208003,2023-03-15
C01392,Kavya Kumari,F,18,Surat,Gujarat,2,395021,2024-06-30
C01393,Fatima Ansari,F,25,Surat,Gujarat,2,395053,2024-02-18
C01394,Kavya Reddy,F,18,Chennai,Tamil Nadu,1,600031,2022-11-14
C01395,Sana Kumari,F,25,Kolkata,West Bengal,1,700013,2022-05-18
C01396,Nisha Yadav,F,30,Mumbai,Maharashtra,1,400079,2022-08-25
C01397,Fatima Patel,F,33,Jaipur,Rajasthan,2,302056,2022-07-16
C01398,Priya Ansari,F,30,Shillong,Meghalaya,3,793057,2023-01-19
C01399,Pooja Devi,F,30,Hyderabad,Telangana,1,500022,2022-07-18
C01400,Shalini Kumari,F,27,Jaipur,Rajasthan,2,302030,2023-09-09
C01401,Priya Saikia,F,20,Kanpur,Uttar Pradesh,2,208058,2022-10-02
C01402,Shalini Pandey,F,33,Varanasi,Uttar Pradesh,3,221056,2022-09-21
C01403,Simran Nair,F,26,Indore,Madhya Pradesh,2,452047,2024-01-09
C01404,Rani Chauhan,F,24,Patna,Bihar,2,800005,2023-09-07
C01405,Pooja Khan,F,19,Lucknow,Uttar Pradesh,2,226033,2024-07-12
C01406,Sneha Das,F,31,Bhopal,Madhya Pradesh,2,462036,2022-04-24
C01407,Meena Khan,F,25,Bilaspur,Chhattisgarh,3,495012,2023-01-05
C01408,Amit Khan,F,33,Bengaluru,Karnataka,1,560055,2024-04-13
C01409,Vikram Devi,M,20,Chennai,Tamil Nadu,1,600099,2024-06-20
C01410,Amit Joshi,M,29,Pune,Maharashtra,1,411093,2024-04-01
C01411,Vikram Sharma,M,23,Delhi,Delhi,1,110099,2023-12-28
C01412,Swati Verma,F,23,Bhopal,Madhya Pradesh,2,462007,2023-06-09
C01413,Sana Pandey,F,26,Delhi,Delhi,1,110060,2024-01-24
C01414,Rahul Reddy,F,19,Indore,Madhya Pradesh,2,452009,2023-09-11
C01415,Swati Ansari,F,30,Delhi,Delhi,1,110071,2023-03-27
C01416,Karan Chauhan,M,30,Ranchi,Jharkhand,2,834097,2024-01-18
C01417,Swati Ansari,F,19,Bhopal,Madhya Pradesh,2,462027,2024-07-18
C01418,Meena Singh,F,31,Kanpur,Uttar Pradesh,2,208049,2023-09-13
C01419,Payal Patel,F,24,Kolkata,West Bengal,1,700056,2022-07-31
C01420,Rani Yadav,F,27,Coimbatore,Tamil Nadu,2,641051,2024-01-25
C01421,Karan Nair,M,32,Delhi,Delhi,1,110092,2023-06-13
C01422,Sneha Iyer,F,38,Jaipur,Rajasthan,2,302019,2022-12-16
C01423,Anjali Pandey,F,30,Bilaspur,Chhattisgarh,3,495084,2022-04-22
C01424,Shalini Chauhan,F,19,Indore,Madhya Pradesh,2,452062,2024-07-24
C01425,Swati Khan,F,21,Lucknow,Uttar Pradesh,2,226019,2022-08-31
C01426,Priya Chauhan,F,34,Ranchi,Jharkhand,2,834048,2024-09-07
C01427,Sana Joshi,F,28,Indore,Madhya Pradesh,2,452037,2023-09-21
C01428,Neha Joshi,F,31,Bengaluru,Karnataka,1,560098,2023-04-24
C01429,Amit Saikia,F,22,Bengaluru,Karnataka,1,560049,2023-10-29
C01430,Amit Nair,F,24,Ludhiana,Punjab,2,141012,2023-01-09
C01431,Anjali Verma,F,22,Jaipur,Rajasthan,2,302025,2023-07-31
C01432,Sneha Iyer,F,26,Surat,Gujarat,2,395027,2024-10-01
C01433,Anjali Nair,F,20,Bareilly,Uttar Pradesh,3,243029,2023-06-10
C01434,Deepa Ansari,F,32,Bilaspur,Chhattisgarh,3,495044,2023-01-09
C01435,Payal Nair,F,28,Ranchi,Jharkhand,2,834081,2022-11-21
C01436,Deepa Saikia,F,26,Lucknow,Uttar Pradesh,2,226077,2022-07-28
C01437,Priya Iyer,F,28,Muzaffarpur,Bihar,3,842066,2023-11-29
C01438,Ruchi Verma,F,39,Patna,Bihar,2,800033,2024-06-14
C01439,Aisha Reddy,F,22,Gorakhpur,Uttar Pradesh,3,273013,2022-10-18
C01440,Amit Kumari,F,28,Nagpur,Maharashtra,2,440039,2024-07-10
C01441,Deepa Gupta,F,19,Chennai,Tamil Nadu,1,600056,2023-08-13
C01442,Payal Sharma,F,29,Gorakhpur,Uttar Pradesh,3,273016,2023-11-21
C01443,Karan Kumari,M,30,Chennai,Tamil Nadu,1,600056,2022-05-16
C01444,Kavya Mishra,F,28,Chennai,Tamil Nadu,1,600076,2023-09-12
C01445,Pooja Sharma,F,31,Agartala,Tripura,3,799064,2024-06-29
C01446,Rohit Verma,M,23,Ujjain,Madhya Pradesh,3,456005,2024-05-18
C01447,Imran Saikia,M,23,Kolkata,West Bengal,1,700040,2023-10-29
C01448,Amit Verma,M,24,Mumbai,Maharashtra,1,400022,2023-08-28
C01449,Fatima Saikia,F,34,Gorakhpur,Uttar Pradesh,3,273010,2022-06-03
C01450,Nisha Devi,F,23,Kanpur,Uttar Pradesh,2,208083,2022-07-30
C01451,Sana Reddy,F,19,Raipur,Chhattisgarh,2,492051,2022-05-13
C01452,Payal Joshi,F,34,Lucknow,Uttar Pradesh,2,226040,2023-12-06
C01453,Suresh Reddy,M,27,Ludhiana,Punjab,2,141086,2023-11-02
C01454,Rahul Yadav,F,19,Hyderabad,Telangana,1,500076,2022-04-19
C01455,Nisha Yadav,F,20,Delhi,Delhi,1,110037,2022-08-05
C01456,Aisha Ansari,F,21,Lucknow,Uttar Pradesh,2,226083,2022-11-17
C01457,Rani Das,F,38,Ujjain,Madhya Pradesh,3,456061,2022-11-30
C01458,Ritika Pandey,F,19,Bengaluru,Karnataka,1,560033,2023-08-30
C01459,Deepa Kumari,F,28,Hyderabad,Telangana,1,500058,2024-05-18
C01460,Rahul Iyer,F,23,Gorakhpur,Uttar Pradesh,3,273001,2022-04-25
C01461,Suresh Gupta,M,28,Varanasi,Uttar Pradesh,3,221019,2024-08-19
C01462,Sana Ansari,F,38,Shillong,Meghalaya,3,793093,2024-03-31
C01463,Lakshmi Pandey,F,29,Indore,Madhya Pradesh,2,452044,2024-09-29
C01464,Swati Patel,F,28,Mumbai,Maharashtra,1,400088,2022-11-27
C01465,Fatima Chauhan,F,34,Agartala,Tripura,3,799076,2023-01-13
C01466,Amit Verma,F,27,Bilaspur,Chhattisgarh,3,495069,2022-08-20
C01467,Priya Iyer,F,20,Patna,Bihar,2,800061,2022-06-05
C01468,Vikram Mishra,M,25,Shillong,Meghalaya,3,793058,2024-01-04
C01469,Anjali Reddy,F,26,Kolkata,West Bengal,1,700051,2024-01-04
C01470,Aisha Joshi,F,18,Bengaluru,Karnataka,1,560056,2024-08-14
C01471,Arjun Rao,M,31,Hubballi,Karnataka,3,580003,2023-05-07
C01472,Lakshmi Das,F,19,Shillong,Meghalaya,3,793064,2023-02-15
C01473,Meena Singh,F,30,Hyderabad,Telangana,1,500072,2022-09-19
C01474,Ritika Sharma,F,20,Lucknow,Uttar Pradesh,2,226043,2022-12-09
C01475,Neha Yadav,F,46,Chennai,Tamil Nadu,1,600034,2024-04-11
C01476,Simran Khan,F,38,Ludhiana,Punjab,2,141094,2024-04-17
C01477,Meena Das,F,46,Lucknow,Uttar Pradesh,2,226071,2022-12-17
C01478,Amit Sharma,M,36,Mumbai,Maharashtra,1,400099,2022-07-11
C01479,Kavya Singh,F,28,Guwahati,Assam,2,781016,2023-05-08
C01480,Nisha Chauhan,F,26,Dehradun,Uttarakhand,2,248011,2023-10-03
C01481,Ruchi Patel,F,26,Varanasi,Uttar Pradesh,3,221093,2024-09-13
C01482,Pooja Gupta,F,28,Muzaffarpur,Bihar,3,842021,2023-04-16
C01483,Payal Pandey,F,30,Gorakhpur,Uttar Pradesh,3,273097,2023-07-17
C01484,Ruchi Patel,F,33,Mumbai,Maharashtra,1,400076,2022-08-28
C01485,Vikram Ansari,M,32,Raipur,Chhattisgarh,2,492050,2023-11-07
C01486,Anjali Verma,F,18,Coimbatore,Tamil Nadu,2,641074,2023-10-04
C01487,Shalini Mishra,F,18,Bengaluru,Karnataka,1,560041,2022-05-03
C01488,Neha Devi,F,21,Patna,Bihar,2,800076,2024-05-15
C01489,Komal Mishra,F,19,Patna,Bihar,2,800082,2023-11-12
C01490,Simran Das,F,21,Chennai,Tamil Nadu,1,600008,2023-11-29
C01491,Arjun Kumari,M,39,Ludhiana,Punjab,2,141044,2022-05-15
C01492,Swati Pandey,F,27,Jaipur,Rajasthan,2,302095,2023-11-29
C01493,Meena Mishra,F,20,Jaipur,Rajasthan,2,302018,2023-04-13
C01494,Imran Singh,M,26,Kanpur,Uttar Pradesh,2,208099,2023-10-26
C01495,Rani Patel,F,20,Lucknow,Uttar Pradesh,2,226030,2024-08-12
C01496,Amit Rao,M,48,Pune,Maharashtra,1,411089,2023-03-22
C01497,Meena Singh,F,19,Kolkata,West Bengal,1,700040,2022-04-16
C01498,Fatima Verma,F,21,Indore,Madhya Pradesh,2,452076,2024-09-27
C01499,Payal Pandey,F,21,Delhi,Delhi,1,110034,2024-04-22
C01500,Aisha Gupta,F,23,Kanpur,Uttar Pradesh,2,208084,2023-02-27
C01501,Priya Ansari,F,22,Raipur,Chhattisgarh,2,492022,2022-09-07
C01502,Vikram Iyer,M,34,Hubballi,Karnataka,3,580035,2023-02-19
C01503,Ritika Ansari,F,19,Varanasi,Uttar Pradesh,3,221056,2024-02-28
C01504,Swati Das,F,30,Kanpur,Uttar Pradesh,2,208076,2023-08-07
C01505,Aisha Devi,F,21,Muzaffarpur,Bihar,3,842091,2023-07-29
C01506,Priya Singh,F,24,Pune,Maharashtra,1,411096,2024-01-16
C01507,Lakshmi Saikia,F,25,Raipur,Chhattisgarh,2,492017,2022-10-04
C01508,Rahul Gupta,M,22,Bengaluru,Karnataka,1,560028,2023-12-23
C01509,Lakshmi Patel,F,18,Hubballi,Karnataka,3,580053,2024-06-14
C01510,Sneha Singh,F,28,Lucknow,Uttar Pradesh,2,226053,2023-09-10
C01511,Nisha Patel,F,22,Ludhiana,Punjab,2,141027,2023-08-30
C01512,Vikram Ansari,M,26,Lucknow,Uttar Pradesh,2,226056,2024-08-12
C01513,Kavya Verma,F,19,Chennai,Tamil Nadu,1,600096,2023-06-20
C01514,Neha Das,F,26,Bhopal,Madhya Pradesh,2,462023,2023-07-23
C01515,Swati Gupta,F,29,Dehradun,Uttarakhand,2,248039,2022-12-12
C01516,Fatima Ansari,F,39,Chennai,Tamil Nadu,1,600021,2023-05-29
C01517,Rahul Reddy,M,30,Chennai,Tamil Nadu,1,600029,2023-03-17
C01518,Amit Nair,M,34,Bhopal,Madhya Pradesh,2,462033,2022-10-26
C01519,Arjun Kumari,M,21,Mumbai,Maharashtra,1,400031,2023-12-17
C01520,Deepa Rao,F,34,Chennai,Tamil Nadu,1,600024,2022-12-29
C01521,Sneha Sharma,F,31,Patna,Bihar,2,800073,2023-10-18
C01522,Neha Das,F,31,Bengaluru,Karnataka,1,560033,2022-10-20
C01523,Lakshmi Kumari,F,29,Varanasi,Uttar Pradesh,3,221013,2023-09-08
C01524,Aisha Mishra,F,28,Patna,Bihar,2,800046,2023-06-07
C01525,Payal Reddy,F,18,Guwahati,Assam,2,781089,2024-07-15
C01526,Vikram Iyer,M,24,Mumbai,Maharashtra,1,400060,2023-08-06
C01527,Neha Rao,F,22,Bhopal,Madhya Pradesh,2,462029,2022-09-07
C01528,Anjali Nair,F,31,Hyderabad,Telangana,1,500016,2023-12-19
C01529,Vikram Gupta,M,25,Coimbatore,Tamil Nadu,2,641079,2024-06-02
C01530,Sana Rao,F,25,Mumbai,Maharashtra,1,400006,2023-06-02
C01531,Deepa Sharma,F,42,Raipur,Chhattisgarh,2,492028,2022-07-10
C01532,Pooja Chauhan,F,26,Jaipur,Rajasthan,2,302001,2023-07-22
C01533,Karan Rao,M,18,Raipur,Chhattisgarh,2,492095,2024-06-24
C01534,Deepa Nair,F,23,Bhilwara,Rajasthan,3,311030,2022-09-07
C01535,Ritika Patel,F,32,Bengaluru,Karnataka,1,560008,2022-11-24
C01536,Anjali Singh,F,24,Indore,Madhya Pradesh,2,452047,2022-12-29
C01537,Deepa Iyer,F,20,Guwahati,Assam,2,781021,2023-06-04
C01538,Anjali Rao,F,31,Jaipur,Rajasthan,2,302014,2024-07-07
C01539,Sneha Iyer,F,25,Dehradun,Uttarakhand,2,248090,2022-06-22
C01540,Rahul Rao,F,34,Delhi,Delhi,1,110076,2023-02-10
C01541,Rohit Devi,M,24,Bareilly,Uttar Pradesh,3,243058,2023-07-24
C01542,Karan Nair,M,24,Hyderabad,Telangana,1,500094,2022-07-07
C01543,Ruchi Das,F,32,Dehradun,Uttarakhand,2,248012,2022-04-20
C01544,Rohit Verma,M,21,Surat,Gujarat,2,395072,2023-05-30
C01545,Rahul Yadav,F,23,Jaipur,Rajasthan,2,302069,2022-04-19
C01546,Anjali Chauhan,F,20,Chennai,Tamil Nadu,1,600031,2023-03-30
C01547,Komal Gupta,F,28,Nagpur,Maharashtra,2,440071,2024-05-15
C01548,Payal Patel,F,25,Gorakhpur,Uttar Pradesh,3,273090,2022-12-20
C01549,Nisha Gupta,F,20,Mumbai,Maharashtra,1,400095,2022-08-15
C01550,Fatima Mishra,F,18,Lucknow,Uttar Pradesh,2,226004,2022-07-31
C01551,Amit Sharma,F,23,Ludhiana,Punjab,2,141097,2022-09-02
C01552,Pooja Patel,F,21,Gorakhpur,Uttar Pradesh,3,273057,2022-07-22
C01553,Anjali Devi,F,22,Imphal,Manipur,3,795046,2023-11-16
C01554,Swati Das,F,26,Jaipur,Rajasthan,2,302021,2024-07-06
C01555,Deepa Saikia,F,27,Nagpur,Maharashtra,2,440063,2023-04-16
C01556,Kavya Das,F,19,Muzaffarpur,Bihar,3,842041,2023-09-09
C01557,Nisha Sharma,F,19,Patna,Bihar,2,800001,2022-11-24
C01558,Shalini Mishra,F,34,Pune,Maharashtra,1,411036,2023-04-08
C01559,Neha Reddy,F,26,Delhi,Delhi,1,110066,2024-02-11
C01560,Anjali Pandey,F,23,Bareilly,Uttar Pradesh,3,243074,2023-09-13
C01561,Anjali Ansari,F,24,Guwahati,Assam,2,781031,2023-08-08
C01562,Nisha Devi,F,18,Kanpur,Uttar Pradesh,2,208099,2023-01-01
C01563,Rohit Yadav,M,26,Dehradun,Uttarakhand,2,248007,2024-05-29
C01564,Swati Singh,F,34,Agartala,Tripura,3,799095,2024-09-26
C01565,Lakshmi Khan,F,33,Pune,Maharashtra,1,411064,2024-01-21
C01566,Ritika Chauhan,F,30,Bhopal,Madhya Pradesh,2,462035,2024-01-27
C01567,Rahul Kumari,F,27,Delhi,Delhi,1,110093,2024-04-10
C01568,Deepa Das,F,23,Bhopal,Madhya Pradesh,2,462003,2024-01-27
C01569,Sneha Pandey,F,34,Shillong,Meghalaya,3,793056,2024-02-25
C01570,Arjun Gupta,M,19,Mumbai,Maharashtra,1,400050,2023-12-08
C01571,Kavya Pandey,F,40,Ujjain,Madhya Pradesh,3,456097,2023-12-09
C01572,Ruchi Reddy,F,29,Agartala,Tripura,3,799044,2023-03-25
C01573,Amit Sharma,F,33,Raipur,Chhattisgarh,2,492049,2023-11-21
C01574,Meena Chauhan,F,34,Jaipur,Rajasthan,2,302065,2024-09-08
C01575,Shalini Reddy,F,34,Dehradun,Uttarakhand,2,248067,2024-04-02
C01576,Amit Yadav,F,19,Gorakhpur,Uttar Pradesh,3,273087,2022-10-28
C01577,Lakshmi Verma,F,39,Lucknow,Uttar Pradesh,2,226031,2024-03-06
C01578,Shalini Patel,F,26,Bilaspur,Chhattisgarh,3,495076,2023-11-14
C01579,Amit Reddy,F,21,Shillong,Meghalaya,3,793012,2024-06-27
C01580,Nisha Singh,F,24,Ranchi,Jharkhand,2,834031,2023-02-02
C01581,Payal Patel,F,28,Mumbai,Maharashtra,1,400029,2024-08-22
C01582,Amit Gupta,M,44,Shillong,Meghalaya,3,793098,2023-05-03
C01583,Suresh Singh,M,34,Patna,Bihar,2,800053,2022-07-27
C01584,Rahul Sharma,M,38,Nagpur,Maharashtra,2,440004,2022-06-24
C01585,Simran Singh,F,34,Bengaluru,Karnataka,1,560002,2024-01-25
C01586,Lakshmi Ansari,F,27,Raipur,Chhattisgarh,2,492077,2024-06-01
C01587,Rahul Devi,M,30,Hubballi,Karnataka,3,580048,2023-01-16
C01588,Anjali Gupta,F,20,Varanasi,Uttar Pradesh,3,221016,2022-04-24
C01589,Meena Singh,F,25,Bhopal,Madhya Pradesh,2,462030,2023-08-22
C01590,Priya Saikia,F,31,Bhopal,Madhya Pradesh,2,462025,2024-04-10
C01591,Ritika Devi,F,22,Gorakhpur,Uttar Pradesh,3,273010,2024-01-30
C01592,Simran Gupta,F,19,Indore,Madhya Pradesh,2,452090,2022-08-30
C01593,Swati Rao,F,19,Agartala,Tripura,3,799047,2022-12-26
C01594,Vikram Ansari,M,41,Bengaluru,Karnataka,1,560056,2022-07-15
C01595,Neha Singh,F,31,Guwahati,Assam,2,781003,2024-08-19
C01596,Rahul Chauhan,M,29,Ujjain,Madhya Pradesh,3,456050,2023-08-21
C01597,Priya Kumari,F,32,Shillong,Meghalaya,3,793010,2023-11-08
C01598,Kavya Patel,F,28,Ujjain,Madhya Pradesh,3,456046,2024-08-09
C01599,Kavya Iyer,F,33,Gorakhpur,Uttar Pradesh,3,273081,2022-05-18
C01600,Lakshmi Yadav,F,34,Patna,Bihar,2,800034,2023-12-09
C01601,Aisha Das,F,18,Guwahati,Assam,2,781068,2023-07-01
C01602,Aisha Ansari,F,34,Dehradun,Uttarakhand,2,248018,2023-08-11
C01603,Shalini Devi,F,19,Bengaluru,Karnataka,1,560014,2022-11-18
C01604,Priya Devi,F,34,Jaipur,Rajasthan,2,302048,2023-03-03
C01605,Meena Das,F,18,Surat,Gujarat,2,395092,2023-06-26
C01606,Kavya Kumari,F,31,Bareilly,Uttar Pradesh,3,243099,2023-01-01
C01607,Deepa Das,F,32,Surat,Gujarat,2,395012,2023-04-16
C01608,Shalini Saikia,F,25,Kolkata,West Bengal,1,700019,2023-10-29
C01609,Swati Das,F,24,Surat,Gujarat,2,395023,2024-03-21
C01610,Vikram Das,M,31,Delhi,Delhi,1,110052,2023-03-04
C01611,Suresh Devi,M,33,Nagpur,Maharashtra,2,440020,2023-08-21
C01612,Simran Sharma,F,23,Coimbatore,Tamil Nadu,2,641096,2024-02-23
C01613,Vikram Chauhan,M,28,Kolkata,West Bengal,1,700086,2022-11-23
C01614,Aisha Chauhan,F,18,Kanpur,Uttar Pradesh,2,208037,2022-06-07
C01615,Simran Singh,F,46,Bengaluru,Karnataka,1,560073,2023-01-16
C01616,Sneha Kumari,F,29,Indore,Madhya Pradesh,2,452070,2022-11-09
C01617,Pooja Rao,F,30,Delhi,Delhi,1,110045,2023-08-12
C01618,Vikram Sharma,M,31,Coimbatore,Tamil Nadu,2,641013,2022-11-13
C01619,Vikram Chauhan,M,28,Gorakhpur,Uttar Pradesh,3,273097,2024-05-31
C01620,Fatima Kumari,F,25,Chennai,Tamil Nadu,1,600076,2022-07-09
C01621,Arjun Verma,M,23,Dehradun,Uttarakhand,2,248062,2022-08-23
C01622,Swati Iyer,F,30,Chennai,Tamil Nadu,1,600009,2024-08-06
C01623,Suresh Chauhan,M,20,Delhi,Delhi,1,110086,2024-03-18
C01624,Priya Verma,F,41,Gorakhpur,Uttar Pradesh,3,273068,2024-08-05
C01625,Meena Devi,F,28,Kanpur,Uttar Pradesh,2,208007,2023-06-25
C01626,Lakshmi Chauhan,F,32,Jaipur,Rajasthan,2,302083,2023-08-07
C01627,Shalini Reddy,F,26,Coimbatore,Tamil Nadu,2,641003,2023-05-13
C01628,Ruchi Khan,F,32,Indore,Madhya Pradesh,2,452018,2022-09-19
C01629,Rohit Devi,M,18,Jaipur,Rajasthan,2,302072,2022-07-07
C01630,Karan Kumari,M,37,Mumbai,Maharashtra,1,400073,2022-10-16
C01631,Fatima Sharma,F,34,Ujjain,Madhya Pradesh,3,456087,2023-04-04
C01632,Vikram Patel,M,20,Pune,Maharashtra,1,411017,2023-11-15
C01633,Vikram Pandey,M,41,Lucknow,Uttar Pradesh,2,226014,2023-06-11
C01634,Priya Patel,F,23,Nagpur,Maharashtra,2,440087,2024-06-19
C01635,Ruchi Singh,F,31,Mumbai,Maharashtra,1,400031,2022-06-10
C01636,Sneha Joshi,F,29,Bhopal,Madhya Pradesh,2,462049,2024-05-30
C01637,Deepa Rao,F,26,Hyderabad,Telangana,1,500076,2024-08-12
C01638,Rani Mishra,F,30,Ranchi,Jharkhand,2,834038,2023-04-28
C01639,Suresh Nair,M,19,Bengaluru,Karnataka,1,560031,2023-06-27
C01640,Neha Kumari,F,21,Hyderabad,Telangana,1,500019,2023-06-15
C01641,Swati Khan,F,36,Guwahati,Assam,2,781002,2022-06-01
C01642,Payal Saikia,F,23,Delhi,Delhi,1,110014,2022-12-28
C01643,Simran Khan,F,28,Hyderabad,Telangana,1,500095,2022-06-05
C01644,Sana Joshi,F,31,Patna,Bihar,2,800030,2022-04-20
C01645,Neha Chauhan,F,28,Gorakhpur,Uttar Pradesh,3,273053,2024-09-02
C01646,Nisha Sharma,F,31,Lucknow,Uttar Pradesh,2,226052,2022-11-04
C01647,Payal Verma,F,33,Bilaspur,Chhattisgarh,3,495031,2023-08-14
C01648,Rahul Pandey,M,30,Bhopal,Madhya Pradesh,2,462070,2024-05-07
C01649,Rohit Reddy,M,28,Mumbai,Maharashtra,1,400087,2024-04-21
C01650,Deepa Pandey,F,28,Mumbai,Maharashtra,1,400070,2023-07-01
C01651,Ruchi Saikia,F,20,Ujjain,Madhya Pradesh,3,456067,2022-12-05
C01652,Rani Yadav,F,30,Dehradun,Uttarakhand,2,248059,2022-08-20
C01653,Rani Rao,F,26,Kanpur,Uttar Pradesh,2,208031,2023-07-19
C01654,Komal Sharma,F,37,Coimbatore,Tamil Nadu,2,641005,2022-05-14
C01655,Sana Reddy,F,31,Lucknow,Uttar Pradesh,2,226093,2023-01-28
C01656,Meena Yadav,F,28,Ranchi,Jharkhand,2,834095,2023-01-16
C01657,Lakshmi Gupta,F,32,Bhopal,Madhya Pradesh,2,462081,2023-03-23
C01658,Rahul Joshi,M,23,Bhopal,Madhya Pradesh,2,462031,2023-03-24
C01659,Ritika Rao,F,23,Jaipur,Rajasthan,2,302004,2023-01-10
C01660,Pooja Devi,F,32,Indore,Madhya Pradesh,2,452064,2023-01-15
C01661,Sneha Devi,F,31,Bhopal,Madhya Pradesh,2,462065,2023-05-11
C01662,Sneha Mishra,F,24,Ranchi,Jharkhand,2,834064,2022-08-26
C01663,Divya Chauhan,F,23,Bengaluru,Karnataka,1,560088,2022-12-31
C01664,Rahul Nair,F,29,Varanasi,Uttar Pradesh,3,221097,2023-08-29
C01665,Deepa Joshi,F,18,Jaipur,Rajasthan,2,302087,2024-05-27
C01666,Rohit Mishra,M,26,Hyderabad,Telangana,1,500033,2024-03-29
C01667,Rani Kumari,F,29,Ujjain,Madhya Pradesh,3,456079,2023-12-05
C01668,Sneha Rao,F,26,Hyderabad,Telangana,1,500051,2022-06-04
C01669,Vikram Rao,M,44,Agartala,Tripura,3,799014,2023-10-19
C01670,Deepa Mishra,F,28,Jaipur,Rajasthan,2,302093,2023-05-26
C01671,Suresh Khan,M,37,Hyderabad,Telangana,1,500052,2023-02-06
C01672,Divya Chauhan,F,29,Chennai,Tamil Nadu,1,600014,2024-02-16
C01673,Amit Rao,M,29,Agartala,Tripura,3,799047,2024-09-05
C01674,Fatima Kumari,F,43,Hubballi,Karnataka,3,580042,2024-09-15
C01675,Deepa Das,F,25,Kanpur,Uttar Pradesh,2,208001,2024-03-17
C01676,Deepa Chauhan,F,20,Kolkata,West Bengal,1,700015,2023-05-28
C01677,Ritika Chauhan,F,28,Kanpur,Uttar Pradesh,2,208075,2024-02-03
C01678,Shalini Patel,F,20,Pune,Maharashtra,1,411042,2023-12-06
C01679,Divya Patel,F,23,Indore,Madhya Pradesh,2,452047,2023-01-06
C01680,Karan Chauhan,M,31,Imphal,Manipur,3,795058,2022-05-14
C01681,Sana Nair,F,37,Lucknow,Uttar Pradesh,2,226090,2022-04-30
C01682,Pooja Verma,F,23,Coimbatore,Tamil Nadu,2,641059,2023-09-05
C01683,Amit Saikia,M,19,Kanpur,Uttar Pradesh,2,208078,2022-09-12
C01684,Priya Nair,F,25,Siliguri,West Bengal,3,734066,2023-04-11
C01685,Ruchi Khan,F,28,Nagpur,Maharashtra,2,440072,2022-06-26
C01686,Simran Verma,F,48,Bilaspur,Chhattisgarh,3,495099,2023-02-12
C01687,Karan Rao,M,27,Bhopal,Madhya Pradesh,2,462022,2024-05-13
C01688,Divya Nair,F,28,Patna,Bihar,2,800094,2023-02-07
C01689,Divya Devi,F,34,Indore,Madhya Pradesh,2,452017,2023-11-25
C01690,Amit Iyer,M,35,Hubballi,Karnataka,3,580018,2022-05-14
C01691,Sneha Das,F,25,Bengaluru,Karnataka,1,560076,2022-12-09
C01692,Aisha Yadav,F,21,Shillong,Meghalaya,3,793042,2022-04-26
C01693,Divya Mishra,F,34,Lucknow,Uttar Pradesh,2,226027,2022-12-23
C01694,Kavya Singh,F,27,Coimbatore,Tamil Nadu,2,641067,2023-04-13
C01695,Sana Ansari,F,25,Kanpur,Uttar Pradesh,2,208055,2023-06-30
C01696,Arjun Iyer,M,18,Muzaffarpur,Bihar,3,842017,2023-09-22
C01697,Rohit Pandey,M,20,Siliguri,West Bengal,3,734068,2024-02-21
C01698,Komal Singh,F,24,Varanasi,Uttar Pradesh,3,221009,2024-05-25
C01699,Lakshmi Sharma,F,20,Hyderabad,Telangana,1,500008,2023-09-11
C01700,Vikram Iyer,M,23,Guwahati,Assam,2,781027,2022-09-28
C01701,Komal Khan,F,30,Nagpur,Maharashtra,2,440067,2022-10-09
C01702,Kavya Pandey,F,28,Mumbai,Maharashtra,1,400034,2022-08-29
C01703,Fatima Ansari,F,22,Bhilwara,Rajasthan,3,311074,2024-08-29
C01704,Swati Joshi,F,25,Lucknow,Uttar Pradesh,2,226094,2024-06-19
C01705,Kavya Joshi,F,45,Jaipur,Rajasthan,2,302061,2024-04-05
C01706,Ritika Joshi,F,24,Mumbai,Maharashtra,1,400073,2022-11-30
C01707,Priya Mishra,F,22,Surat,Gujarat,2,395074,2023-03-01
C01708,Simran Khan,F,46,Muzaffarpur,Bihar,3,842055,2022-07-06
C01709,Amit Das,M,22,Lucknow,Uttar Pradesh,2,226031,2024-04-14
C01710,Aisha Saikia,F,24,Lucknow,Uttar Pradesh,2,226041,2023-03-12
C01711,Neha Ansari,F,32,Ujjain,Madhya Pradesh,3,456095,2022-09-01
C01712,Ruchi Das,F,18,Shillong,Meghalaya,3,793074,2023-10-27
C01713,Payal Devi,F,21,Pune,Maharashtra,1,411024,2023-07-02
C01714,Karan Sharma,M,23,Kanpur,Uttar Pradesh,2,208057,2024-07-22
C01715,Deepa Devi,F,34,Delhi,Delhi,1,110064,2022-09-26
C01716,Divya Yadav,F,34,Delhi,Delhi,1,110032,2024-05-21
C01717,Amit Yadav,M,30,Delhi,Delhi,1,110094,2022-07-15
C01718,Ritika Khan,F,19,Ranchi,Jharkhand,2,834034,2022-08-14
C01719,Deepa Joshi,F,34,Nagpur,Maharashtra,2,440073,2023-07-11
C01720,Amit Pandey,F,29,Lucknow,Uttar Pradesh,2,226024,2024-02-02
C01721,Anjali Verma,F,26,Coimbatore,Tamil Nadu,2,641039,2024-02-03
C01722,Rani Saikia,F,32,Bilaspur,Chhattisgarh,3,495009,2023-10-12
C01723,Ritika Saikia,F,20,Siliguri,West Bengal,3,734003,2022-07-27
C01724,Amit Saikia,F,18,Delhi,Delhi,1,110012,2023-11-26
C01725,Amit Chauhan,F,24,Hyderabad,Telangana,1,500001,2023-02-19
C01726,Ritika Saikia,F,21,Indore,Madhya Pradesh,2,452019,2023-08-21
C01727,Sneha Singh,F,21,Bengaluru,Karnataka,1,560088,2022-10-15
C01728,Deepa Yadav,F,20,Hubballi,Karnataka,3,580015,2024-06-08
C01729,Kavya Verma,F,19,Jaipur,Rajasthan,2,302058,2024-05-15
C01730,Swati Joshi,F,38,Ranchi,Jharkhand,2,834080,2022-08-29
C01731,Rani Patel,F,28,Guwahati,Assam,2,781027,2023-04-01
C01732,Lakshmi Das,F,21,Bengaluru,Karnataka,1,560020,2022-08-11
C01733,Pooja Das,F,30,Varanasi,Uttar Pradesh,3,221081,2023-04-13
C01734,Priya Saikia,F,22,Delhi,Delhi,1,110020,2023-01-30
C01735,Rani Patel,F,29,Pune,Maharashtra,1,411045,2022-09-24
C01736,Rahul Patel,M,29,Jaipur,Rajasthan,2,302017,2022-07-27
C01737,Priya Singh,F,32,Raipur,Chhattisgarh,2,492016,2024-05-09
C01738,Shalini Rao,F,29,Pune,Maharashtra,1,411050,2023-11-22
C01739,Priya Nair,F,46,Guwahati,Assam,2,781020,2024-09-05
C01740,Anjali Iyer,F,23,Delhi,Delhi,1,110062,2024-02-08
C01741,Kavya Devi,F,32,Nagpur,Maharashtra,2,440093,2022-09-24
C01742,Rani Sharma,F,22,Hubballi,Karnataka,3,580017,2022-05-05
C01743,Neha Mishra,F,23,Pune,Maharashtra,1,411088,2022-12-25
C01744,Rahul Das,F,19,Coimbatore,Tamil Nadu,2,641016,2024-09-14
C01745,Suresh Ansari,M,32,Kanpur,Uttar Pradesh,2,208048,2023-07-26
C01746,Pooja Pandey,F,29,Imphal,Manipur,3,795048,2023-12-15
C01747,Aisha Nair,F,21,Indore,Madhya Pradesh,2,452018,2022-05-29
C01748,Priya Singh,F,19,Gorakhpur,Uttar Pradesh,3,273099,2024-06-02
C01749,Anjali Patel,F,31,Varanasi,Uttar Pradesh,3,221071,2024-02-09
C01750,Pooja Ansari,F,34,Mumbai,Maharashtra,1,400006,2023-03-24
C01751,Amit Pandey,F,22,Bengaluru,Karnataka,1,560076,2024-08-31
C01752,Divya Verma,F,24,Shillong,Meghalaya,3,793066,2024-08-19
C01753,Anjali Joshi,F,28,Jaipur,Rajasthan,2,302011,2024-08-14
C01754,Swati Nair,F,24,Gorakhpur,Uttar Pradesh,3,273052,2024-04-05
C01755,Priya Saikia,F,29,Delhi,Delhi,1,110069,2022-05-05
C01756,Simran Iyer,F,33,Bhopal,Madhya Pradesh,2,462004,2024-03-06
C01757,Ritika Patel,F,23,Delhi,Delhi,1,110057,2024-01-15
C01758,Suresh Yadav,M,20,Siliguri,West Bengal,3,734068,2024-01-29
C01759,Payal Sharma,F,26,Gorakhpur,Uttar Pradesh,3,273052,2023-08-04
C01760,Divya Saikia,F,20,Indore,Madhya Pradesh,2,452015,2024-08-11
C01761,Nisha Singh,F,35,Indore,Madhya Pradesh,2,452003,2022-08-27
C01762,Komal Rao,F,26,Ludhiana,Punjab,2,141074,2024-09-28
C01763,Rahul Gupta,F,23,Kolkata,West Bengal,1,700006,2024-01-14
C01764,Rani Das,F,33,Kanpur,Uttar Pradesh,2,208051,2022-07-22
C01765,Vikram Gupta,M,32,Kanpur,Uttar Pradesh,2,208088,2024-05-31
C01766,Komal Das,F,30,Gorakhpur,Uttar Pradesh,3,273013,2024-05-02
C01767,Anjali Ansari,F,26,Hyderabad,Telangana,1,500032,2024-02-06
C01768,Simran Khan,F,34,Gorakhpur,Uttar Pradesh,3,273086,2023-02-04
C01769,Neha Devi,F,18,Kanpur,Uttar Pradesh,2,208009,2022-10-04
C01770,Simran Yadav,F,32,Gorakhpur,Uttar Pradesh,3,273007,2023-04-23
C01771,Rohit Singh,M,19,Patna,Bihar,2,800021,2022-11-25
C01772,Deepa Nair,F,20,Ludhiana,Punjab,2,141031,2023-09-19
C01773,Rani Chauhan,F,32,Raipur,Chhattisgarh,2,492019,2024-06-09
C01774,Priya Rao,F,27,Mumbai,Maharashtra,1,400085,2023-04-30
C01775,Amit Rao,M,39,Bengaluru,Karnataka,1,560039,2023-04-03
C01776,Nisha Pandey,F,25,Delhi,Delhi,1,110074,2023-07-09
C01777,Priya Rao,F,18,Bhilwara,Rajasthan,3,311034,2023-03-28
C01778,Payal Gupta,F,23,Bengaluru,Karnataka,1,560025,2023-09-08
C01779,Ruchi Gupta,F,20,Surat,Gujarat,2,395021,2023-04-27
C01780,Rani Nair,F,31,Imphal,Manipur,3,795072,2023-05-04
C01781,Ruchi Saikia,F,45,Delhi,Delhi,1,110062,2022-11-21
C01782,Rani Pandey,F,21,Coimbatore,Tamil Nadu,2,641034,2022-07-15
C01783,Neha Pandey,F,33,Mumbai,Maharashtra,1,400071,2022-12-14
C01784,Deepa Rao,F,28,Chennai,Tamil Nadu,1,600093,2023-09-11
C01785,Nisha Saikia,F,30,Lucknow,Uttar Pradesh,2,226024,2023-12-07
C01786,Suresh Das,M,30,Coimbatore,Tamil Nadu,2,641050,2023-03-22
C01787,Sana Iyer,F,32,Chennai,Tamil Nadu,1,600066,2023-11-17
C01788,Sneha Rao,F,30,Delhi,Delhi,1,110019,2024-04-21
C01789,Aisha Iyer,F,22,Bhilwara,Rajasthan,3,311001,2023-05-06
C01790,Vikram Nair,M,34,Bhilwara,Rajasthan,3,311030,2023-01-12
C01791,Fatima Kumari,F,34,Bengaluru,Karnataka,1,560057,2023-01-24
C01792,Sana Gupta,F,20,Surat,Gujarat,2,395028,2022-06-05
C01793,Vikram Pandey,M,23,Delhi,Delhi,1,110027,2022-10-01
C01794,Payal Iyer,F,28,Jaipur,Rajasthan,2,302024,2024-01-21
C01795,Komal Chauhan,F,28,Bengaluru,Karnataka,1,560090,2024-09-09
C01796,Fatima Das,F,26,Muzaffarpur,Bihar,3,842016,2023-01-09
C01797,Anjali Patel,F,26,Mumbai,Maharashtra,1,400004,2022-07-18
C01798,Pooja Ansari,F,33,Surat,Gujarat,2,395096,2024-07-27
C01799,Fatima Devi,F,19,Dehradun,Uttarakhand,2,248070,2023-03-27
C01800,Ruchi Joshi,F,22,Hubballi,Karnataka,3,580013,2023-12-28
C01801,Swati Singh,F,28,Mumbai,Maharashtra,1,400080,2024-03-26
C01802,Fatima Rao,F,25,Bilaspur,Chhattisgarh,3,495090,2023-02-14
C01803,Nisha Das,F,41,Jaipur,Rajasthan,2,302073,2023-11-17
C01804,Imran Mishra,M,28,Raipur,Chhattisgarh,2,492085,2024-08-12
C01805,Amit Devi,F,19,Delhi,Delhi,1,110088,2022-07-25
C01806,Rahul Kumari,F,19,Patna,Bihar,2,800045,2024-06-07
C01807,Deepa Verma,F,30,Mumbai,Maharashtra,1,400027,2023-07-28
C01808,Rahul Yadav,F,26,Kolkata,West Bengal,1,700042,2023-09-16
C01809,Priya Verma,F,27,Kanpur,Uttar Pradesh,2,208018,2023-12-01
C01810,Kavya Verma,F,30,Bhopal,Madhya Pradesh,2,462049,2022-11-03
C01811,Suresh Iyer,M,19,Agartala,Tripura,3,799042,2022-07-16
C01812,Meena Mishra,F,29,Indore,Madhya Pradesh,2,452063,2022-08-19
C01813,Priya Saikia,F,27,Indore,Madhya Pradesh,2,452099,2023-11-10
C01814,Swati Devi,F,22,Hubballi,Karnataka,3,580032,2022-05-08
C01815,Ruchi Kumari,F,23,Varanasi,Uttar Pradesh,3,221099,2023-07-31
C01816,Neha Kumari,F,29,Lucknow,Uttar Pradesh,2,226030,2024-08-08
C01817,Suresh Khan,M,21,Bengaluru,Karnataka,1,560023,2024-04-29
C01818,Karan Iyer,M,42,Kolkata,West Bengal,1,700089,2022-11-29
C01819,Divya Devi,F,18,Patna,Bihar,2,800014,2024-07-13
C01820,Neha Gupta,F,34,Hyderabad,Telangana,1,500033,2023-04-04
C01821,Anjali Sharma,F,18,Varanasi,Uttar Pradesh,3,221014,2023-06-04
C01822,Karan Ansari,M,37,Kanpur,Uttar Pradesh,2,208026,2022-04-20
C01823,Shalini Joshi,F,35,Mumbai,Maharashtra,1,400035,2023-07-03
C01824,Fatima Khan,F,31,Delhi,Delhi,1,110010,2024-05-04
C01825,Rahul Patel,M,25,Guwahati,Assam,2,781095,2022-08-16
C01826,Simran Pandey,F,30,Shillong,Meghalaya,3,793097,2023-04-05
C01827,Lakshmi Khan,F,26,Bengaluru,Karnataka,1,560066,2024-04-05
C01828,Komal Reddy,F,26,Kolkata,West Bengal,1,700047,2022-07-08
C01829,Rahul Verma,M,31,Guwahati,Assam,2,781033,2023-11-24
C01830,Nisha Mishra,F,24,Ludhiana,Punjab,2,141010,2024-06-09
C01831,Rahul Joshi,F,33,Delhi,Delhi,1,110088,2023-01-05
C01832,Karan Joshi,M,41,Guwahati,Assam,2,781098,2024-03-04
C01833,Lakshmi Khan,F,18,Chennai,Tamil Nadu,1,600025,2022-04-27
C01834,Deepa Khan,F,33,Gorakhpur,Uttar Pradesh,3,273046,2022-10-01
C01835,Pooja Devi,F,25,Bengaluru,Karnataka,1,560006,2024-01-14
C01836,Anjali Kumari,F,25,Lucknow,Uttar Pradesh,2,226042,2022-09-26
C01837,Arjun Devi,M,28,Nagpur,Maharashtra,2,440030,2023-11-24
C01838,Amit Chauhan,M,30,Bengaluru,Karnataka,1,560057,2023-06-04
C01839,Pooja Iyer,F,23,Bhopal,Madhya Pradesh,2,462036,2024-01-15
C01840,Shalini Nair,F,19,Pune,Maharashtra,1,411069,2024-02-29
C01841,Amit Ansari,M,24,Gorakhpur,Uttar Pradesh,3,273058,2022-10-11
C01842,Lakshmi Mishra,F,21,Varanasi,Uttar Pradesh,3,221019,2023-04-01
C01843,Deepa Nair,F,30,Patna,Bihar,2,800080,2023-02-28
C01844,Rohit Devi,M,28,Surat,Gujarat,2,395062,2023-02-17
C01845,Amit Nair,M,22,Ranchi,Jharkhand,2,834033,2023-09-12
C01846,Suresh Nair,M,22,Chennai,Tamil Nadu,1,600027,2022-06-03
C01847,Nisha Khan,F,25,Nagpur,Maharashtra,2,440073,2022-07-13
C01848,Karan Sharma,M,23,Mumbai,Maharashtra,1,400073,2024-02-29
C01849,Swati Verma,F,24,Bareilly,Uttar Pradesh,3,243022,2024-05-05
C01850,Rahul Khan,M,18,Delhi,Delhi,1,110003,2024-07-29
C01851,Simran Kumari,F,18,Raipur,Chhattisgarh,2,492066,2022-05-24
C01852,Komal Ansari,F,21,Coimbatore,Tamil Nadu,2,641002,2023-03-21
C01853,Shalini Kumari,F,27,Mumbai,Maharashtra,1,400008,2022-09-21
C01854,Divya Reddy,F,20,Chennai,Tamil Nadu,1,600076,2023-04-28
C01855,Arjun Iyer,M,22,Guwahati,Assam,2,781025,2023-11-14
C01856,Imran Singh,M,24,Kolkata,West Bengal,1,700094,2022-08-02
C01857,Ruchi Khan,F,26,Bareilly,Uttar Pradesh,3,243043,2022-09-02
C01858,Pooja Mishra,F,19,Kanpur,Uttar Pradesh,2,208056,2023-07-16
C01859,Simran Nair,F,18,Bhilwara,Rajasthan,3,311083,2023-08-26
C01860,Pooja Gupta,F,25,Bilaspur,Chhattisgarh,3,495037,2024-09-30
C01861,Neha Kumari,F,26,Gorakhpur,Uttar Pradesh,3,273099,2023-01-07
C01862,Priya Pandey,F,24,Patna,Bihar,2,800056,2023-07-30
C01863,Sneha Kumari,F,30,Nagpur,Maharashtra,2,440021,2023-08-31
C01864,Vikram Rao,M,34,Kanpur,Uttar Pradesh,2,208082,2023-03-02
C01865,Deepa Ansari,F,20,Delhi,Delhi,1,110047,2024-08-31
C01866,Kavya Pandey,F,20,Jaipur,Rajasthan,2,302073,2023-06-24
C01867,Sana Reddy,F,20,Muzaffarpur,Bihar,3,842017,2023-07-18
C01868,Shalini Joshi,F,34,Shillong,Meghalaya,3,793074,2023-03-09
C01869,Priya Das,F,43,Gorakhpur,Uttar Pradesh,3,273001,2022-08-14
C01870,Imran Yadav,M,47,Ujjain,Madhya Pradesh,3,456060,2023-09-28
C01871,Neha Joshi,F,27,Lucknow,Uttar Pradesh,2,226091,2024-07-01
C01872,Meena Kumari,F,20,Ludhiana,Punjab,2,141013,2023-03-27
C01873,Rohit Nair,M,30,Ludhiana,Punjab,2,141018,2023-07-13
C01874,Sana Ansari,F,20,Pune,Maharashtra,1,411058,2024-08-08
C01875,Arjun Pandey,M,22,Gorakhpur,Uttar Pradesh,3,273014,2022-06-11
C01876,Shalini Ansari,F,19,Nagpur,Maharashtra,2,440041,2023-07-14
C01877,Rani Yadav,F,29,Dehradun,Uttarakhand,2,248064,2022-06-04
C01878,Amit Verma,F,30,Bengaluru,Karnataka,1,560029,2022-10-11
C01879,Anjali Joshi,F,22,Muzaffarpur,Bihar,3,842036,2022-05-18
C01880,Rohit Rao,M,26,Agartala,Tripura,3,799001,2024-08-03
C01881,Swati Khan,F,26,Mumbai,Maharashtra,1,400092,2023-06-26
C01882,Simran Gupta,F,29,Chennai,Tamil Nadu,1,600001,2023-05-27
C01883,Rahul Gupta,M,29,Mumbai,Maharashtra,1,400001,2023-01-15
C01884,Neha Gupta,F,31,Hyderabad,Telangana,1,500011,2022-08-28
C01885,Aisha Joshi,F,22,Shillong,Meghalaya,3,793026,2024-08-18
C01886,Simran Saikia,F,18,Bengaluru,Karnataka,1,560001,2023-05-25
C01887,Lakshmi Gupta,F,27,Pune,Maharashtra,1,411072,2022-10-04
C01888,Lakshmi Yadav,F,34,Lucknow,Uttar Pradesh,2,226060,2023-08-05
C01889,Simran Pandey,F,26,Kanpur,Uttar Pradesh,2,208036,2023-06-06
C01890,Amit Gupta,F,47,Dehradun,Uttarakhand,2,248093,2023-04-23
C01891,Vikram Das,M,20,Bilaspur,Chhattisgarh,3,495028,2022-08-04
C01892,Fatima Mishra,F,29,Ranchi,Jharkhand,2,834072,2022-11-22
C01893,Kavya Gupta,F,27,Kanpur,Uttar Pradesh,2,208028,2022-07-22
C01894,Fatima Chauhan,F,25,Varanasi,Uttar Pradesh,3,221044,2022-04-23
C01895,Anjali Kumari,F,31,Bilaspur,Chhattisgarh,3,495005,2022-08-30
C01896,Komal Reddy,F,39,Indore,Madhya Pradesh,2,452039,2023-03-27
C01897,Kavya Mishra,F,30,Bhopal,Madhya Pradesh,2,462081,2022-05-15
C01898,Rahul Mishra,M,32,Kolkata,West Bengal,1,700057,2023-12-23
C01899,Nisha Devi,F,20,Ranchi,Jharkhand,2,834047,2023-08-22
C01900,Amit Sharma,F,28,Delhi,Delhi,1,110099,2023-11-04
C01901,Rahul Das,F,21,Delhi,Delhi,1,110030,2024-06-21
C01902,Karan Chauhan,M,36,Hubballi,Karnataka,3,580077,2022-10-29
C01903,Meena Joshi,F,19,Bengaluru,Karnataka,1,560088,2022-10-13
C01904,Ruchi Devi,F,25,Hyderabad,Telangana,1,500041,2022-06-17
C01905,Pooja Khan,F,36,Bilaspur,Chhattisgarh,3,495086,2024-05-16
C01906,Imran Verma,M,31,Hyderabad,Telangana,1,500098,2022-06-23
C01907,Divya Singh,F,23,Raipur,Chhattisgarh,2,492045,2022-07-07
C01908,Fatima Joshi,F,28,Ludhiana,Punjab,2,141005,2023-07-11
C01909,Karan Singh,M,24,Pune,Maharashtra,1,411017,2023-06-15
C01910,Shalini Saikia,F,18,Kanpur,Uttar Pradesh,2,208030,2022-11-19
C01911,Priya Kumari,F,24,Guwahati,Assam,2,781039,2022-08-02
C01912,Rani Singh,F,29,Ranchi,Jharkhand,2,834017,2024-08-30
C01913,Swati Devi,F,27,Shillong,Meghalaya,3,793009,2024-07-20
C01914,Neha Reddy,F,40,Nagpur,Maharashtra,2,440079,2023-01-09
C01915,Imran Pandey,M,25,Imphal,Manipur,3,795048,2022-10-30
C01916,Shalini Kumari,F,19,Surat,Gujarat,2,395053,2023-05-22
C01917,Lakshmi Sharma,F,31,Surat,Gujarat,2,395071,2024-08-02
C01918,Nisha Ansari,F,25,Mumbai,Maharashtra,1,400062,2023-05-08
C01919,Rahul Patel,F,27,Pune,Maharashtra,1,411040,2023-02-15
C01920,Vikram Sharma,M,33,Raipur,Chhattisgarh,2,492059,2023-09-11
C01921,Imran Mishra,M,23,Guwahati,Assam,2,781082,2023-10-11
C01922,Ritika Kumari,F,22,Gorakhpur,Uttar Pradesh,3,273051,2024-03-27
C01923,Fatima Khan,F,23,Pune,Maharashtra,1,411085,2023-02-23
C01924,Aisha Das,F,21,Ranchi,Jharkhand,2,834009,2024-09-16
C01925,Anjali Iyer,F,19,Guwahati,Assam,2,781046,2024-01-25
C01926,Komal Rao,F,43,Bengaluru,Karnataka,1,560033,2024-01-27
C01927,Amit Gupta,M,32,Bengaluru,Karnataka,1,560029,2022-07-11
C01928,Arjun Mishra,M,42,Delhi,Delhi,1,110043,2022-08-21
C01929,Komal Joshi,F,23,Shillong,Meghalaya,3,793012,2024-04-09
C01930,Simran Das,F,19,Kanpur,Uttar Pradesh,2,208030,2022-05-22
C01931,Kavya Sharma,F,22,Chennai,Tamil Nadu,1,600059,2023-09-19
C01932,Fatima Joshi,F,35,Lucknow,Uttar Pradesh,2,226089,2023-01-30
C01933,Amit Gupta,M,23,Delhi,Delhi,1,110029,2022-10-02
C01934,Ritika Iyer,F,23,Guwahati,Assam,2,781013,2022-12-09
C01935,Kavya Gupta,F,34,Varanasi,Uttar Pradesh,3,221016,2023-04-16
C01936,Priya Pandey,F,31,Surat,Gujarat,2,395014,2022-08-02
C01937,Komal Pandey,F,20,Delhi,Delhi,1,110094,2023-02-07
C01938,Nisha Ansari,F,21,Shillong,Meghalaya,3,793049,2023-03-12
C01939,Divya Reddy,F,24,Bhopal,Madhya Pradesh,2,462009,2023-03-21
C01940,Sneha Chauhan,F,42,Bhilwara,Rajasthan,3,311023,2022-07-02
C01941,Meena Verma,F,34,Bhopal,Madhya Pradesh,2,462018,2024-04-12
C01942,Priya Verma,F,24,Ranchi,Jharkhand,2,834079,2023-12-05
C01943,Aisha Yadav,F,22,Nagpur,Maharashtra,2,440008,2024-01-17
C01944,Fatima Patel,F,34,Mumbai,Maharashtra,1,400096,2024-06-11
C01945,Imran Saikia,M,24,Mumbai,Maharashtra,1,400090,2024-09-21
C01946,Amit Sharma,F,24,Ludhiana,Punjab,2,141007,2023-12-23
C01947,Aisha Yadav,F,32,Ujjain,Madhya Pradesh,3,456064,2023-09-30
C01948,Neha Reddy,F,24,Siliguri,West Bengal,3,734006,2022-07-29
C01949,Simran Mishra,F,31,Guwahati,Assam,2,781033,2023-08-23
C01950,Anjali Pandey,F,25,Hyderabad,Telangana,1,500057,2023-06-22
C01951,Rani Singh,F,25,Patna,Bihar,2,800017,2022-08-07
C01952,Kavya Devi,F,20,Mumbai,Maharashtra,1,400061,2023-12-01
C01953,Kavya Saikia,F,34,Jaipur,Rajasthan,2,302028,2024-06-01
C01954,Aisha Rao,F,20,Ujjain,Madhya Pradesh,3,456080,2023-09-01
C01955,Pooja Patel,F,41,Jaipur,Rajasthan,2,302063,2024-09-17
C01956,Komal Pandey,F,41,Bhopal,Madhya Pradesh,2,462051,2023-06-18
C01957,Rahul Kumari,M,30,Hubballi,Karnataka,3,580020,2024-07-07
C01958,Imran Pandey,M,27,Surat,Gujarat,2,395098,2022-07-22
C01959,Nisha Iyer,F,24,Pune,Maharashtra,1,411088,2023-11-23
C01960,Aisha Saikia,F,18,Kanpur,Uttar Pradesh,2,208039,2022-12-09
C01961,Ritika Yadav,F,30,Kanpur,Uttar Pradesh,2,208018,2023-07-15
C01962,Meena Yadav,F,31,Shillong,Meghalaya,3,793086,2024-05-14
C01963,Lakshmi Rao,F,26,Bilaspur,Chhattisgarh,3,495087,2024-04-30
C01964,Swati Verma,F,33,Mumbai,Maharashtra,1,400077,2022-10-29
C01965,Simran Yadav,F,27,Kanpur,Uttar Pradesh,2,208092,2024-07-07
C01966,Ruchi Nair,F,28,Ludhiana,Punjab,2,141031,2024-05-17
C01967,Arjun Joshi,M,37,Ranchi,Jharkhand,2,834047,2022-11-19
C01968,Aisha Reddy,F,24,Mumbai,Maharashtra,1,400005,2022-06-26
C01969,Rahul Pandey,F,34,Raipur,Chhattisgarh,2,492064,2023-08-13
C01970,Arjun Pandey,M,30,Bengaluru,Karnataka,1,560089,2023-03-04
C01971,Nisha Kumari,F,26,Ludhiana,Punjab,2,141093,2022-08-03
C01972,Imran Patel,M,25,Ujjain,Madhya Pradesh,3,456056,2023-09-18
C01973,Arjun Kumari,M,34,Surat,Gujarat,2,395049,2022-06-28
C01974,Fatima Yadav,F,28,Mumbai,Maharashtra,1,400037,2023-09-19
C01975,Priya Saikia,F,27,Bengaluru,Karnataka,1,560066,2024-07-04
C01976,Ruchi Devi,F,29,Gorakhpur,Uttar Pradesh,3,273074,2023-09-07
C01977,Rohit Singh,M,25,Jaipur,Rajasthan,2,302002,2023-06-25
C01978,Aisha Pandey,F,21,Shillong,Meghalaya,3,793035,2024-03-30
C01979,Arjun Verma,M,39,Jaipur,Rajasthan,2,302084,2023-03-24
C01980,Kavya Iyer,F,27,Surat,Gujarat,2,395041,2023-11-20
C01981,Karan Saikia,M,32,Hyderabad,Telangana,1,500029,2024-06-17
C01982,Priya Sharma,F,21,Hubballi,Karnataka,3,580064,2023-04-07
C01983,Rohit Singh,M,32,Gorakhpur,Uttar Pradesh,3,273012,2023-03-11
C01984,Shalini Nair,F,23,Pune,Maharashtra,1,411056,2023-05-03
C01985,Deepa Ansari,F,33,Varanasi,Uttar Pradesh,3,221025,2022-12-13
C01986,Rahul Chauhan,M,28,Hubballi,Karnataka,3,580095,2022-06-14
C01987,Karan Joshi,M,31,Delhi,Delhi,1,110052,2022-11-03
C01988,Nisha Sharma,F,19,Lucknow,Uttar Pradesh,2,226083,2022-06-07
C01989,Rahul Pandey,F,32,Bengaluru,Karnataka,1,560069,2024-07-29
C01990,Imran Chauhan,M,19,Bengaluru,Karnataka,1,560005,2024-09-06
C01991,Deepa Khan,F,20,Bilaspur,Chhattisgarh,3,495040,2024-03-25
C01992,Ritika Singh,F,27,Lucknow,Uttar Pradesh,2,226030,2023-02-22
C01993,Ritika Kumari,F,20,Raipur,Chhattisgarh,2,492064,2024-04-16
C01994,Ritika Kumari,F,29,Muzaffarpur,Bihar,3,842091,2024-04-27
C01995,Amit Sharma,F,23,Bhopal,Madhya Pradesh,2,462074,2022-09-19
C01996,Aisha Pandey,F,29,Coimbatore,Tamil Nadu,2,641079,2023-10-07
C01997,Vikram Reddy,M,22,Gorakhpur,Uttar Pradesh,3,273082,2022-10-23
C01998,Rahul Devi,F,34,Dehradun,Uttarakhand,2,248078,2023-01-18
C01999,Payal Reddy,F,25,Hyderabad,Telangana,1,500017,2024-02-12
C02000,Shalini Verma,F,20,Indore,Madhya Pradesh,2,452007,2023-03-17
C02001,Kavya Kumari,F,21,Bhilwara,Rajasthan,3,311098,2023-05-03
C02002,Vikram Kumari,M,18,Varanasi,Uttar Pradesh,3,221063,2024-05-27
C02003,Lakshmi Rao,F,23,Delhi,Delhi,1,110091,2024-07-02
C02004,Lakshmi Iyer,F,47,Hubballi,Karnataka,3,580034,2023-04-04
C02005,Payal Patel,F,26,Agartala,Tripura,3,799017,2024-05-06
C02006,Vikram Yadav,M,23,Hyderabad,Telangana,1,500092,2023-04-30
C02007,Sana Das,F,22,Bengaluru,Karnataka,1,560045,2023-03-08
C02008,Rohit Khan,M,29,Bareilly,Uttar Pradesh,3,243052,2024-08-04
C02009,Imran Patel,M,19,Jaipur,Rajasthan,2,302050,2024-01-27
C02010,Amit Ansari,F,25,Gorakhpur,Uttar Pradesh,3,273009,2022-05-10
C02011,Fatima Kumari,F,33,Coimbatore,Tamil Nadu,2,641036,2024-06-16
C02012,Deepa Mishra,F,27,Gorakhpur,Uttar Pradesh,3,273099,2024-05-30
C02013,Priya Gupta,F,30,Ludhiana,Punjab,2,141023,2023-08-18
C02014,Meena Kumari,F,33,Ludhiana,Punjab,2,141085,2023-09-23
C02015,Fatima Ansari,F,28,Jaipur,Rajasthan,2,302033,2023-02-27
C02016,Lakshmi Gupta,F,31,Mumbai,Maharashtra,1,400093,2024-01-01
C02017,Deepa Mishra,F,26,Mumbai,Maharashtra,1,400003,2023-02-26
C02018,Amit Kumari,F,24,Ujjain,Madhya Pradesh,3,456076,2023-11-08
C02019,Kavya Verma,F,18,Indore,Madhya Pradesh,2,452018,2024-09-13
C02020,Kavya Sharma,F,33,Chennai,Tamil Nadu,1,600013,2024-05-15
C02021,Meena Gupta,F,44,Guwahati,Assam,2,781032,2022-08-24
C02022,Suresh Joshi,M,32,Ranchi,Jharkhand,2,834052,2024-08-25
C02023,Ritika Gupta,F,33,Surat,Gujarat,2,395062,2024-02-08
C02024,Kavya Yadav,F,30,Mumbai,Maharashtra,1,400087,2022-08-11
C02025,Karan Rao,M,25,Bengaluru,Karnataka,1,560082,2024-03-03
C02026,Rahul Das,F,20,Ujjain,Madhya Pradesh,3,456081,2022-08-05
C02027,Priya Chauhan,F,28,Jaipur,Rajasthan,2,302024,2024-02-06
C02028,Neha Saikia,F,18,Delhi,Delhi,1,110045,2023-05-23
C02029,Meena Saikia,F,27,Gorakhpur,Uttar Pradesh,3,273062,2024-09-24
C02030,Simran Rao,F,27,Ranchi,Jharkhand,2,834040,2023-03-24
C02031,Ruchi Das,F,32,Ludhiana,Punjab,2,141040,2024-07-02
C02032,Shalini Iyer,F,19,Indore,Madhya Pradesh,2,452033,2022-05-07
C02033,Aisha Pandey,F,25,Lucknow,Uttar Pradesh,2,226061,2024-03-12
C02034,Fatima Saikia,F,23,Bengaluru,Karnataka,1,560060,2023-07-08
C02035,Imran Yadav,M,30,Mumbai,Maharashtra,1,400029,2023-11-08
C02036,Rani Joshi,F,23,Hyderabad,Telangana,1,500048,2023-10-09
C02037,Nisha Iyer,F,31,Delhi,Delhi,1,110039,2024-02-04
C02038,Arjun Chauhan,M,28,Bareilly,Uttar Pradesh,3,243079,2023-08-26
C02039,Deepa Iyer,F,28,Lucknow,Uttar Pradesh,2,226097,2024-01-07
C02040,Arjun Reddy,M,26,Shillong,Meghalaya,3,793010,2022-07-14
C02041,Ruchi Saikia,F,44,Muzaffarpur,Bihar,3,842032,2022-08-22
C02042,Arjun Nair,M,27,Kanpur,Uttar Pradesh,2,208029,2023-02-21
C02043,Arjun Sharma,M,23,Shillong,Meghalaya,3,793019,2024-02-15
C02044,Simran Yadav,F,33,Bengaluru,Karnataka,1,560093,2024-02-21
C02045,Komal Chauhan,F,26,Bareilly,Uttar Pradesh,3,243013,2024-01-20
C02046,Karan Yadav,M,23,Delhi,Delhi,1,110015,2022-05-04
C02047,Divya Das,F,34,Patna,Bihar,2,800045,2024-03-18
C02048,Simran Pandey,F,22,Pune,Maharashtra,1,411017,2024-08-24
C02049,Fatima Saikia,F,27,Chennai,Tamil Nadu,1,600049,2024-07-28
C02050,Rani Verma,F,22,Delhi,Delhi,1,110095,2022-04-20
C02051,Neha Patel,F,32,Lucknow,Uttar Pradesh,2,226043,2022-05-06
C02052,Rahul Devi,F,28,Jaipur,Rajasthan,2,302075,2023-10-22
C02053,Rahul Rao,M,47,Coimbatore,Tamil Nadu,2,641011,2023-02-22
C02054,Arjun Pandey,M,24,Kanpur,Uttar Pradesh,2,208034,2022-10-20
C02055,Pooja Gupta,F,29,Lucknow,Uttar Pradesh,2,226007,2024-03-06
C02056,Simran Khan,F,46,Kolkata,West Bengal,1,700018,2024-08-28
C02057,Nisha Das,F,31,Agartala,Tripura,3,799027,2022-11-30
C02058,Deepa Joshi,F,31,Delhi,Delhi,1,110065,2022-09-03
C02059,Suresh Rao,M,19,Raipur,Chhattisgarh,2,492071,2022-07-14
C02060,Imran Yadav,M,26,Muzaffarpur,Bihar,3,842049,2022-08-22
C02061,Lakshmi Gupta,F,33,Surat,Gujarat,2,395057,2023-12-14
C02062,Anjali Das,F,28,Mumbai,Maharashtra,1,400008,2024-04-26
C02063,Imran Verma,M,26,Chennai,Tamil Nadu,1,600055,2023-08-28
C02064,Divya Khan,F,22,Lucknow,Uttar Pradesh,2,226067,2024-04-28
C02065,Sneha Sharma,F,30,Coimbatore,Tamil Nadu,2,641074,2024-06-13
C02066,Vikram Sharma,M,26,Hyderabad,Telangana,1,500053,2023-06-10
C02067,Neha Iyer,F,29,Indore,Madhya Pradesh,2,452002,2023-07-11
C02068,Payal Devi,F,28,Agartala,Tripura,3,799032,2022-08-27
C02069,Shalini Patel,F,23,Mumbai,Maharashtra,1,400030,2022-09-10
C02070,Payal Khan,F,24,Surat,Gujarat,2,395035,2022-09-29
C02071,Rahul Yadav,M,32,Bilaspur,Chhattisgarh,3,495009,2022-07-06
C02072,Priya Gupta,F,23,Surat,Gujarat,2,395021,2022-11-24
C02073,Shalini Verma,F,31,Varanasi,Uttar Pradesh,3,221034,2022-11-25
C02074,Neha Ansari,F,33,Shillong,Meghalaya,3,793042,2022-06-10
C02075,Sana Khan,F,35,Pune,Maharashtra,1,411050,2023-09-29
C02076,Nisha Yadav,F,33,Coimbatore,Tamil Nadu,2,641081,2024-05-03
C02077,Amit Khan,M,19,Lucknow,Uttar Pradesh,2,226075,2022-07-24
C02078,Komal Das,F,34,Raipur,Chhattisgarh,2,492093,2022-09-05
C02079,Aisha Patel,F,20,Delhi,Delhi,1,110024,2024-06-21
C02080,Anjali Singh,F,34,Delhi,Delhi,1,110006,2024-02-03
C02081,Suresh Devi,M,20,Raipur,Chhattisgarh,2,492059,2022-05-10
C02082,Arjun Verma,M,25,Bengaluru,Karnataka,1,560077,2024-04-30
C02083,Sana Devi,F,29,Lucknow,Uttar Pradesh,2,226023,2023-01-28
C02084,Amit Ansari,M,23,Lucknow,Uttar Pradesh,2,226019,2023-05-16
C02085,Aisha Reddy,F,23,Ujjain,Madhya Pradesh,3,456021,2024-09-10
C02086,Sneha Singh,F,30,Lucknow,Uttar Pradesh,2,226087,2023-11-08
C02087,Lakshmi Kumari,F,24,Raipur,Chhattisgarh,2,492025,2022-09-05
C02088,Ritika Patel,F,39,Guwahati,Assam,2,781039,2023-07-06
C02089,Arjun Chauhan,M,33,Shillong,Meghalaya,3,793066,2023-01-27
C02090,Fatima Joshi,F,23,Surat,Gujarat,2,395002,2022-05-05
C02091,Swati Pandey,F,28,Jaipur,Rajasthan,2,302025,2022-07-18
C02092,Sana Khan,F,24,Raipur,Chhattisgarh,2,492021,2022-04-17
C02093,Aisha Nair,F,33,Kanpur,Uttar Pradesh,2,208061,2023-11-10
C02094,Shalini Saikia,F,31,Varanasi,Uttar Pradesh,3,221011,2023-08-20
C02095,Sana Yadav,F,29,Lucknow,Uttar Pradesh,2,226074,2022-09-20
C02096,Meena Singh,F,31,Bilaspur,Chhattisgarh,3,495028,2024-08-19
C02097,Deepa Saikia,F,31,Delhi,Delhi,1,110032,2023-06-15
C02098,Suresh Khan,M,27,Ludhiana,Punjab,2,141086,2022-08-11
C02099,Ruchi Gupta,F,26,Hubballi,Karnataka,3,580080,2023-04-24
C02100,Divya Singh,F,21,Bengaluru,Karnataka,1,560029,2022-12-01
C02101,Rahul Nair,M,25,Nagpur,Maharashtra,2,440091,2022-05-09
C02102,Amit Khan,M,21,Delhi,Delhi,1,110023,2022-07-24
C02103,Swati Singh,F,22,Mumbai,Maharashtra,1,400056,2023-03-25
C02104,Ruchi Das,F,21,Indore,Madhya Pradesh,2,452098,2023-02-13
C02105,Komal Rao,F,27,Delhi,Delhi,1,110040,2022-08-25
C02106,Rahul Verma,M,23,Delhi,Delhi,1,110073,2023-05-06
C02107,Lakshmi Chauhan,F,28,Bilaspur,Chhattisgarh,3,495067,2023-11-01
C02108,Suresh Das,M,41,Dehradun,Uttarakhand,2,248096,2023-11-18
C02109,Simran Yadav,F,23,Dehradun,Uttarakhand,2,248015,2023-01-15
C02110,Rohit Khan,M,23,Delhi,Delhi,1,110003,2023-11-24
C02111,Kavya Devi,F,24,Raipur,Chhattisgarh,2,492015,2023-12-18
C02112,Amit Gupta,M,32,Guwahati,Assam,2,781020,2022-06-09
C02113,Sana Devi,F,34,Guwahati,Assam,2,781013,2022-12-04
C02114,Neha Rao,F,25,Delhi,Delhi,1,110056,2023-07-27
C02115,Amit Khan,F,19,Jaipur,Rajasthan,2,302001,2023-10-11
C02116,Komal Mishra,F,30,Ujjain,Madhya Pradesh,3,456025,2022-04-22
C02117,Anjali Mishra,F,26,Mumbai,Maharashtra,1,400032,2023-04-08
C02118,Priya Pandey,F,23,Muzaffarpur,Bihar,3,842054,2022-05-23
C02119,Rani Devi,F,32,Gorakhpur,Uttar Pradesh,3,273051,2023-04-04
C02120,Nisha Iyer,F,48,Raipur,Chhattisgarh,2,492030,2024-04-03
C02121,Vikram Chauhan,M,30,Siliguri,West Bengal,3,734087,2022-07-16
C02122,Payal Iyer,F,36,Shillong,Meghalaya,3,793065,2023-10-23
C02123,Suresh Khan,M,21,Coimbatore,Tamil Nadu,2,641032,2023-07-15
C02124,Amit Sharma,M,38,Nagpur,Maharashtra,2,440020,2022-11-22
C02125,Aisha Devi,F,34,Bhopal,Madhya Pradesh,2,462094,2024-02-15
C02126,Amit Devi,F,20,Lucknow,Uttar Pradesh,2,226068,2023-06-01
C02127,Rahul Kumari,M,42,Lucknow,Uttar Pradesh,2,226064,2023-09-03
C02128,Lakshmi Pandey,F,23,Mumbai,Maharashtra,1,400001,2022-12-21
C02129,Neha Nair,F,20,Muzaffarpur,Bihar,3,842080,2024-05-24
C02130,Simran Singh,F,34,Patna,Bihar,2,800089,2024-06-10
C02131,Rani Rao,F,27,Lucknow,Uttar Pradesh,2,226045,2022-11-25
C02132,Priya Yadav,F,30,Patna,Bihar,2,800048,2022-10-20
C02133,Ruchi Khan,F,29,Hubballi,Karnataka,3,580074,2022-06-05
C02134,Ritika Das,F,23,Mumbai,Maharashtra,1,400044,2023-11-03
C02135,Simran Sharma,F,27,Chennai,Tamil Nadu,1,600018,2023-02-16
C02136,Fatima Ansari,F,31,Agartala,Tripura,3,799055,2023-02-05
C02137,Nisha Saikia,F,33,Bareilly,Uttar Pradesh,3,243003,2023-03-06
C02138,Karan Das,M,33,Bengaluru,Karnataka,1,560033,2023-03-09
C02139,Rani Das,F,20,Lucknow,Uttar Pradesh,2,226066,2024-03-17
C02140,Arjun Singh,M,25,Varanasi,Uttar Pradesh,3,221037,2022-05-26
C02141,Imran Patel,M,21,Patna,Bihar,2,800049,2023-12-07
C02142,Fatima Das,F,23,Dehradun,Uttarakhand,2,248085,2022-12-16
C02143,Priya Mishra,F,36,Bhopal,Madhya Pradesh,2,462005,2024-04-17
C02144,Rahul Kumari,M,19,Jaipur,Rajasthan,2,302003,2022-05-25
C02145,Fatima Pandey,F,25,Nagpur,Maharashtra,2,440001,2023-03-12
C02146,Ritika Verma,F,27,Shillong,Meghalaya,3,793086,2022-06-20
C02147,Sana Ansari,F,21,Nagpur,Maharashtra,2,440071,2023-10-12
C02148,Rahul Yadav,M,42,Indore,Madhya Pradesh,2,452048,2024-09-18
C02149,Deepa Pandey,F,30,Bengaluru,Karnataka,1,560014,2023-02-03
C02150,Shalini Patel,F,29,Imphal,Manipur,3,795050,2023-12-07
C02151,Rani Patel,F,27,Mumbai,Maharashtra,1,400056,2023-06-30
C02152,Payal Sharma,F,34,Surat,Gujarat,2,395061,2024-04-19
C02153,Anjali Sharma,F,24,Indore,Madhya Pradesh,2,452055,2023-09-16
C02154,Aisha Nair,F,39,Imphal,Manipur,3,795033,2024-05-20
C02155,Suresh Ansari,M,28,Kanpur,Uttar Pradesh,2,208055,2023-03-09
C02156,Shalini Khan,F,19,Muzaffarpur,Bihar,3,842049,2024-05-09
C02157,Divya Pandey,F,31,Varanasi,Uttar Pradesh,3,221062,2024-05-14
C02158,Kavya Khan,F,37,Kolkata,West Bengal,1,700016,2023-01-17
C02159,Lakshmi Das,F,18,Bengaluru,Karnataka,1,560034,2023-05-10
C02160,Arjun Rao,M,28,Kolkata,West Bengal,1,700048,2023-01-29
C02161,Kavya Singh,F,25,Chennai,Tamil Nadu,1,600069,2024-02-14
C02162,Pooja Yadav,F,29,Kolkata,West Bengal,1,700028,2024-06-19
C02163,Rahul Sharma,M,30,Delhi,Delhi,1,110017,2022-11-27
C02164,Pooja Ansari,F,22,Hyderabad,Telangana,1,500082,2023-06-15
C02165,Fatima Rao,F,25,Patna,Bihar,2,800080,2023-10-13
C02166,Divya Rao,F,23,Nagpur,Maharashtra,2,440075,2022-11-17
C02167,Shalini Yadav,F,28,Kolkata,West Bengal,1,700013,2023-08-13
C02168,Payal Pandey,F,32,Delhi,Delhi,1,110009,2024-08-06
C02169,Lakshmi Verma,F,20,Lucknow,Uttar Pradesh,2,226034,2023-07-01
C02170,Aisha Pandey,F,29,Indore,Madhya Pradesh,2,452099,2024-05-10
C02171,Arjun Singh,M,32,Kolkata,West Bengal,1,700016,2023-10-03
C02172,Rani Joshi,F,27,Surat,Gujarat,2,395078,2024-03-07
C02173,Swati Rao,F,24,Bengaluru,Karnataka,1,560016,2023-04-08
C02174,Pooja Patel,F,34,Hyderabad,Telangana,1,500077,2024-03-29
C02175,Payal Chauhan,F,23,Indore,Madhya Pradesh,2,452072,2024-07-24
C02176,Komal Ansari,F,27,Lucknow,Uttar Pradesh,2,226072,2023-07-14
C02177,Divya Khan,F,27,Hyderabad,Telangana,1,500053,2023-11-02
C02178,Divya Reddy,F,34,Gorakhpur,Uttar Pradesh,3,273007,2024-06-20
C02179,Imran Iyer,M,24,Bhopal,Madhya Pradesh,2,462038,2023-12-21
C02180,Amit Ansari,F,30,Shillong,Meghalaya,3,793021,2023-02-03
C02181,Pooja Das,F,30,Gorakhpur,Uttar Pradesh,3,273018,2023-02-08
C02182,Ruchi Iyer,F,28,Kanpur,Uttar Pradesh,2,208007,2023-01-16
C02183,Priya Verma,F,28,Surat,Gujarat,2,395062,2024-02-11
C02184,Aisha Mishra,F,20,Surat,Gujarat,2,395070,2023-02-01
C02185,Meena Khan,F,30,Jaipur,Rajasthan,2,302036,2022-09-09
C02186,Meena Devi,F,32,Ujjain,Madhya Pradesh,3,456075,2023-09-18
C02187,Shalini Ansari,F,29,Indore,Madhya Pradesh,2,452097,2023-04-18
C02188,Neha Saikia,F,22,Delhi,Delhi,1,110010,2023-07-08
C02189,Komal Devi,F,20,Guwahati,Assam,2,781018,2023-11-30
C02190,Sana Joshi,F,32,Bhopal,Madhya Pradesh,2,462002,2023-10-31
C02191,Fatima Mishra,F,26,Guwahati,Assam,2,781027,2023-07-24
C02192,Suresh Chauhan,M,23,Patna,Bihar,2,800093,2024-02-22
C02193,Swati Mishra,F,21,Coimbatore,Tamil Nadu,2,641011,2023-02-18
C02194,Karan Rao,M,28,Chennai,Tamil Nadu,1,600074,2024-09-20
C02195,Sana Saikia,F,23,Imphal,Manipur,3,795014,2023-07-04
C02196,Divya Yadav,F,31,Patna,Bihar,2,800055,2023-02-10
C02197,Imran Gupta,M,28,Hyderabad,Telangana,1,500096,2023-05-04
C02198,Amit Joshi,F,35,Nagpur,Maharashtra,2,440099,2022-05-29
C02199,Deepa Kumari,F,21,Ludhiana,Punjab,2,141016,2023-02-20
C02200,Priya Reddy,F,43,Chennai,Tamil Nadu,1,600017,2022-05-12
C02201,Sneha Mishra,F,25,Surat,Gujarat,2,395093,2023-07-23
C02202,Swati Mishra,F,21,Bengaluru,Karnataka,1,560065,2022-09-28
C02203,Anjali Yadav,F,32,Delhi,Delhi,1,110027,2023-08-18
C02204,Rahul Chauhan,F,30,Mumbai,Maharashtra,1,400097,2023-08-17
C02205,Ritika Pandey,F,30,Delhi,Delhi,1,110073,2024-01-24
C02206,Sana Verma,F,28,Hyderabad,Telangana,1,500070,2023-11-07
C02207,Suresh Gupta,M,27,Bhilwara,Rajasthan,3,311058,2022-11-20
C02208,Ruchi Kumari,F,33,Chennai,Tamil Nadu,1,600073,2024-03-25
C02209,Amit Singh,M,25,Lucknow,Uttar Pradesh,2,226051,2022-11-06
C02210,Swati Reddy,F,23,Kanpur,Uttar Pradesh,2,208059,2024-09-03
C02211,Simran Kumari,F,28,Agartala,Tripura,3,799032,2023-12-04
C02212,Fatima Nair,F,31,Hyderabad,Telangana,1,500010,2024-08-27
C02213,Rahul Joshi,F,40,Imphal,Manipur,3,795082,2024-03-06
C02214,Arjun Iyer,M,19,Lucknow,Uttar Pradesh,2,226048,2024-05-27
C02215,Komal Sharma,F,24,Bengaluru,Karnataka,1,560002,2024-01-05
C02216,Simran Yadav,F,43,Delhi,Delhi,1,110014,2024-01-06
C02217,Nisha Singh,F,25,Coimbatore,Tamil Nadu,2,641076,2023-11-12
C02218,Suresh Saikia,M,31,Varanasi,Uttar Pradesh,3,221064,2023-08-17
C02219,Deepa Devi,F,18,Pune,Maharashtra,1,411073,2024-04-07
C02220,Fatima Devi,F,26,Hyderabad,Telangana,1,500041,2022-08-21
C02221,Rahul Reddy,F,28,Hubballi,Karnataka,3,580069,2022-08-27
C02222,Payal Singh,F,24,Imphal,Manipur,3,795003,2022-12-14
C02223,Amit Singh,M,26,Bhilwara,Rajasthan,3,311093,2022-08-09
C02224,Ritika Saikia,F,34,Gorakhpur,Uttar Pradesh,3,273009,2023-05-01
C02225,Nisha Pandey,F,38,Patna,Bihar,2,800094,2024-02-05
C02226,Payal Joshi,F,26,Hyderabad,Telangana,1,500013,2024-02-06
C02227,Sana Singh,F,40,Ranchi,Jharkhand,2,834025,2023-04-26
C02228,Rahul Khan,M,30,Gorakhpur,Uttar Pradesh,3,273018,2023-10-10
C02229,Anjali Nair,F,23,Pune,Maharashtra,1,411030,2024-07-06
C02230,Shalini Joshi,F,18,Kanpur,Uttar Pradesh,2,208035,2022-08-17
C02231,Rahul Ansari,F,26,Pune,Maharashtra,1,411013,2023-03-03
C02232,Aisha Rao,F,19,Hyderabad,Telangana,1,500080,2023-05-26
C02233,Lakshmi Yadav,F,26,Ranchi,Jharkhand,2,834070,2023-06-13
C02234,Komal Ansari,F,30,Bengaluru,Karnataka,1,560033,2022-04-29
C02235,Kavya Khan,F,33,Ujjain,Madhya Pradesh,3,456039,2022-07-12
C02236,Fatima Patel,F,21,Delhi,Delhi,1,110014,2023-04-04
C02237,Ritika Das,F,31,Gorakhpur,Uttar Pradesh,3,273013,2022-10-28
C02238,Priya Yadav,F,32,Jaipur,Rajasthan,2,302089,2022-12-03
C02239,Rohit Verma,M,28,Hyderabad,Telangana,1,500031,2023-08-28
C02240,Sneha Gupta,F,24,Imphal,Manipur,3,795053,2023-03-25
C02241,Nisha Ansari,F,18,Surat,Gujarat,2,395008,2024-06-25
C02242,Rani Sharma,F,32,Patna,Bihar,2,800028,2023-01-10
C02243,Anjali Joshi,F,20,Patna,Bihar,2,800014,2024-03-06
C02244,Anjali Chauhan,F,20,Nagpur,Maharashtra,2,440084,2023-08-29
C02245,Priya Nair,F,26,Patna,Bihar,2,800096,2023-08-11
C02246,Amit Saikia,M,20,Varanasi,Uttar Pradesh,3,221061,2022-05-31
C02247,Aisha Iyer,F,22,Bengaluru,Karnataka,1,560029,2022-08-16
C02248,Rohit Khan,M,20,Kolkata,West Bengal,1,700083,2023-08-22
C02249,Ritika Saikia,F,20,Bengaluru,Karnataka,1,560019,2022-09-12
C02250,Priya Saikia,F,32,Bilaspur,Chhattisgarh,3,495061,2024-03-31
C02251,Deepa Khan,F,29,Jaipur,Rajasthan,2,302041,2024-06-27
C02252,Simran Gupta,F,27,Chennai,Tamil Nadu,1,600093,2023-03-11
C02253,Rohit Nair,M,48,Bengaluru,Karnataka,1,560089,2023-09-30
C02254,Ruchi Verma,F,21,Surat,Gujarat,2,395074,2022-11-18
C02255,Amit Khan,M,30,Delhi,Delhi,1,110097,2022-10-13
C02256,Komal Iyer,F,31,Pune,Maharashtra,1,411066,2022-11-11
C02257,Ruchi Verma,F,43,Indore,Madhya Pradesh,2,452068,2023-12-31
C02258,Swati Reddy,F,20,Kolkata,West Bengal,1,700073,2024-06-11
C02259,Sana Saikia,F,31,Surat,Gujarat,2,395039,2024-08-18
C02260,Amit Chauhan,F,47,Bengaluru,Karnataka,1,560026,2023-08-26
C02261,Sneha Patel,F,25,Kanpur,Uttar Pradesh,2,208036,2023-03-28
C02262,Nisha Verma,F,21,Pune,Maharashtra,1,411029,2023-02-22
C02263,Fatima Iyer,F,18,Bhilwara,Rajasthan,3,311022,2024-07-26
C02264,Amit Ansari,F,22,Bareilly,Uttar Pradesh,3,243002,2023-09-30
C02265,Ritika Patel,F,18,Muzaffarpur,Bihar,3,842003,2023-03-20
C02266,Meena Kumari,F,21,Bhopal,Madhya Pradesh,2,462079,2024-09-27
C02267,Rani Gupta,F,21,Bengaluru,Karnataka,1,560052,2022-07-07
C02268,Pooja Kumari,F,22,Bengaluru,Karnataka,1,560031,2024-05-12
C02269,Nisha Saikia,F,32,Raipur,Chhattisgarh,2,492095,2022-09-29
C02270,Komal Mishra,F,20,Kanpur,Uttar Pradesh,2,208071,2023-07-24
C02271,Aisha Verma,F,34,Patna,Bihar,2,800036,2022-11-01
C02272,Neha Reddy,F,36,Hyderabad,Telangana,1,500013,2023-04-15
C02273,Deepa Devi,F,29,Shillong,Meghalaya,3,793089,2024-01-10
C02274,Rani Das,F,18,Lucknow,Uttar Pradesh,2,226025,2022-12-20
C02275,Rahul Gupta,M,28,Pune,Maharashtra,1,411098,2024-01-31
C02276,Nisha Mishra,F,26,Pune,Maharashtra,1,411037,2023-02-14
C02277,Ruchi Iyer,F,19,Imphal,Manipur,3,795013,2024-08-03
C02278,Lakshmi Sharma,F,20,Nagpur,Maharashtra,2,440089,2023-05-01
C02279,Aisha Chauhan,F,27,Delhi,Delhi,1,110001,2024-05-02
C02280,Anjali Chauhan,F,20,Hubballi,Karnataka,3,580064,2024-01-07
C02281,Karan Reddy,M,29,Raipur,Chhattisgarh,2,492082,2024-03-18
C02282,Aisha Pandey,F,35,Jaipur,Rajasthan,2,302002,2023-12-05
C02283,Komal Yadav,F,28,Mumbai,Maharashtra,1,400014,2023-03-19
C02284,Pooja Khan,F,28,Delhi,Delhi,1,110045,2023-03-03
C02285,Ruchi Singh,F,19,Bengaluru,Karnataka,1,560060,2023-01-24
C02286,Simran Iyer,F,20,Hyderabad,Telangana,1,500017,2023-03-06
C02287,Pooja Sharma,F,23,Chennai,Tamil Nadu,1,600026,2024-05-24
C02288,Suresh Gupta,M,22,Surat,Gujarat,2,395004,2022-12-01
C02289,Imran Sharma,M,31,Muzaffarpur,Bihar,3,842056,2022-08-24
C02290,Arjun Das,M,19,Lucknow,Uttar Pradesh,2,226040,2022-12-01
C02291,Nisha Iyer,F,48,Hyderabad,Telangana,1,500082,2023-11-29
C02292,Amit Devi,M,25,Jaipur,Rajasthan,2,302001,2023-09-23
C02293,Lakshmi Patel,F,39,Patna,Bihar,2,800063,2022-05-20
C02294,Komal Iyer,F,31,Delhi,Delhi,1,110069,2024-04-11
C02295,Neha Yadav,F,23,Delhi,Delhi,1,110051,2023-06-26
C02296,Simran Kumari,F,46,Bareilly,Uttar Pradesh,3,243052,2024-04-28
C02297,Pooja Devi,F,31,Agartala,Tripura,3,799070,2023-07-07
C02298,Arjun Ansari,M,20,Bhopal,Madhya Pradesh,2,462085,2024-04-21
C02299,Shalini Sharma,F,21,Surat,Gujarat,2,395066,2023-11-26
C02300,Meena Yadav,F,28,Bhopal,Madhya Pradesh,2,462035,2022-06-23
C02301,Amit Iyer,F,30,Hyderabad,Telangana,1,500071,2024-04-28
C02302,Divya Iyer,F,29,Hubballi,Karnataka,3,580021,2023-10-02
C02303,Rahul Kumari,M,26,Pune,Maharashtra,1,411037,2022-12-13
C02304,Neha Devi,F,24,Gorakhpur,Uttar Pradesh,3,273070,2023-03-18
C02305,Aisha Sharma,F,31,Mumbai,Maharashtra,1,400030,2023-11-22
C02306,Meena Chauhan,F,34,Chennai,Tamil Nadu,1,600023,2022-09-21
C02307,Rani Iyer,F,30,Mumbai,Maharashtra,1,400052,2024-01-10
C02308,Neha Singh,F,37,Agartala,Tripura,3,799012,2024-04-20
C02309,Ritika Nair,F,23,Gorakhpur,Uttar Pradesh,3,273032,2022-05-02
C02310,Anjali Das,F,34,Bengaluru,Karnataka,1,560055,2024-09-27
C02311,Sneha Singh,F,34,Gorakhpur,Uttar Pradesh,3,273050,2024-08-08
C02312,Anjali Patel,F,32,Bareilly,Uttar Pradesh,3,243071,2022-06-07
C02313,Anjali Gupta,F,26,Kanpur,Uttar Pradesh,2,208005,2024-09-18
C02314,Karan Singh,M,33,Hyderabad,Telangana,1,500096,2024-06-22
C02315,Lakshmi Rao,F,21,Kanpur,Uttar Pradesh,2,208081,2022-08-18
C02316,Imran Devi,M,35,Jaipur,Rajasthan,2,302093,2023-05-01
C02317,Meena Joshi,F,28,Pune,Maharashtra,1,411047,2024-09-22
C02318,Nisha Mishra,F,34,Coimbatore,Tamil Nadu,2,641022,2022-10-09
C02319,Kavya Rao,F,32,Delhi,Delhi,1,110067,2022-08-31
C02320,Nisha Devi,F,25,Bengaluru,Karnataka,1,560060,2024-06-09
C02321,Priya Rao,F,21,Ujjain,Madhya Pradesh,3,456079,2023-06-08
C02322,Ritika Devi,F,30,Bhilwara,Rajasthan,3,311033,2023-05-28
C02323,Ritika Ansari,F,25,Patna,Bihar,2,800006,2023-07-01
C02324,Neha Sharma,F,27,Shillong,Meghalaya,3,793071,2024-09-16
C02325,Shalini Pandey,F,34,Ludhiana,Punjab,2,141005,2024-09-16
C02326,Meena Patel,F,22,Hyderabad,Telangana,1,500028,2022-04-18
C02327,Neha Kumari,F,30,Jaipur,Rajasthan,2,302078,2022-11-17
C02328,Nisha Nair,F,33,Dehradun,Uttarakhand,2,248003,2023-08-30
C02329,Shalini Gupta,F,21,Varanasi,Uttar Pradesh,3,221032,2023-02-18
C02330,Imran Yadav,M,19,Siliguri,West Bengal,3,734095,2024-06-05
C02331,Rohit Kumari,M,33,Siliguri,West Bengal,3,734002,2024-02-22
C02332,Lakshmi Chauhan,F,23,Hyderabad,Telangana,1,500037,2022-05-17
C02333,Neha Devi,F,25,Hyderabad,Telangana,1,500074,2024-05-14
C02334,Amit Reddy,M,27,Pune,Maharashtra,1,411014,2022-09-06
C02335,Amit Sharma,M,25,Indore,Madhya Pradesh,2,452006,2024-05-04
C02336,Suresh Ansari,M,30,Mumbai,Maharashtra,1,400090,2023-12-09
C02337,Vikram Devi,M,25,Jaipur,Rajasthan,2,302040,2023-03-18
C02338,Priya Singh,F,26,Mumbai,Maharashtra,1,400064,2023-07-29
C02339,Karan Chauhan,M,31,Pune,Maharashtra,1,411016,2023-11-09
C02340,Divya Singh,F,20,Patna,Bihar,2,800058,2023-05-16
C02341,Aisha Saikia,F,33,Lucknow,Uttar Pradesh,2,226065,2024-06-23
C02342,Ruchi Verma,F,32,Lucknow,Uttar Pradesh,2,226021,2024-02-12
C02343,Meena Das,F,29,Guwahati,Assam,2,781099,2023-12-20
C02344,Sneha Verma,F,32,Indore,Madhya Pradesh,2,452014,2024-09-04
C02345,Swati Joshi,F,30,Patna,Bihar,2,800034,2022-08-21
C02346,Lakshmi Reddy,F,19,Ludhiana,Punjab,2,141028,2024-06-23
C02347,Aisha Chauhan,F,23,Patna,Bihar,2,800057,2023-12-03
C02348,Imran Joshi,M,30,Gorakhpur,Uttar Pradesh,3,273007,2024-04-19
C02349,Ruchi Chauhan,F,22,Surat,Gujarat,2,395058,2024-03-25
C02350,Rahul Joshi,M,26,Nagpur,Maharashtra,2,440018,2024-09-21
C02351,Vikram Yadav,M,20,Indore,Madhya Pradesh,2,452091,2024-03-04
C02352,Komal Kumari,F,22,Ujjain,Madhya Pradesh,3,456046,2023-01-22
C02353,Suresh Chauhan,M,19,Delhi,Delhi,1,110053,2022-11-14
C02354,Suresh Saikia,M,23,Raipur,Chhattisgarh,2,492008,2022-10-22
C02355,Aisha Nair,F,18,Lucknow,Uttar Pradesh,2,226088,2023-04-13
C02356,Sneha Ansari,F,31,Ujjain,Madhya Pradesh,3,456096,2024-07-08
C02357,Nisha Iyer,F,47,Hubballi,Karnataka,3,580002,2023-11-15
C02358,Divya Iyer,F,33,Hyderabad,Telangana,1,500065,2023-01-31
C02359,Divya Pandey,F,31,Shillong,Meghalaya,3,793010,2023-02-09
C02360,Swati Nair,F,23,Ranchi,Jharkhand,2,834062,2024-02-29
C02361,Sneha Joshi,F,23,Agartala,Tripura,3,799008,2022-10-09
C02362,Rohit Ansari,M,20,Hyderabad,Telangana,1,500060,2022-06-04
C02363,Suresh Devi,M,33,Jaipur,Rajasthan,2,302014,2023-07-26
C02364,Kavya Devi,F,29,Delhi,Delhi,1,110015,2023-12-11
C02365,Rani Rao,F,29,Pune,Maharashtra,1,411023,2024-06-17
C02366,Rahul Patel,M,23,Siliguri,West Bengal,3,734024,2024-09-01
C02367,Rani Rao,F,26,Muzaffarpur,Bihar,3,842024,2022-11-07
C02368,Pooja Verma,F,18,Jaipur,Rajasthan,2,302010,2023-06-28
C02369,Rahul Patel,M,20,Patna,Bihar,2,800052,2024-03-17
C02370,Divya Sharma,F,39,Indore,Madhya Pradesh,2,452075,2024-03-12
C02371,Nisha Khan,F,26,Hyderabad,Telangana,1,500049,2023-02-18
C02372,Nisha Khan,F,32,Chennai,Tamil Nadu,1,600056,2024-01-28
C02373,Aisha Saikia,F,30,Bilaspur,Chhattisgarh,3,495097,2023-11-04
C02374,Shalini Devi,F,28,Pune,Maharashtra,1,411014,2022-10-17
C02375,Aisha Yadav,F,23,Kanpur,Uttar Pradesh,2,208098,2023-05-15
C02376,Rohit Saikia,M,30,Hyderabad,Telangana,1,500029,2023-10-11
C02377,Rani Iyer,F,31,Ludhiana,Punjab,2,141092,2023-07-30
C02378,Kavya Joshi,F,27,Indore,Madhya Pradesh,2,452046,2024-03-05
C02379,Amit Saikia,F,32,Kanpur,Uttar Pradesh,2,208093,2024-10-01
C02380,Meena Sharma,F,33,Bhopal,Madhya Pradesh,2,462047,2022-08-22
C02381,Rohit Verma,M,21,Indore,Madhya Pradesh,2,452073,2022-05-23
C02382,Kavya Khan,F,29,Siliguri,West Bengal,3,734039,2022-06-21
C02383,Fatima Rao,F,19,Chennai,Tamil Nadu,1,600075,2024-02-14
C02384,Ritika Reddy,F,18,Hyderabad,Telangana,1,500022,2024-01-25
C02385,Shalini Mishra,F,19,Lucknow,Uttar Pradesh,2,226015,2023-01-07
C02386,Divya Das,F,19,Shillong,Meghalaya,3,793029,2022-05-10
C02387,Komal Rao,F,24,Jaipur,Rajasthan,2,302080,2024-03-17
C02388,Kavya Das,F,30,Guwahati,Assam,2,781021,2023-02-03
C02389,Komal Sharma,F,25,Indore,Madhya Pradesh,2,452016,2024-05-25
C02390,Arjun Gupta,M,19,Gorakhpur,Uttar Pradesh,3,273057,2022-07-26
C02391,Divya Devi,F,22,Lucknow,Uttar Pradesh,2,226008,2024-06-03
C02392,Suresh Patel,M,32,Delhi,Delhi,1,110040,2023-02-07
C02393,Priya Kumari,F,26,Jaipur,Rajasthan,2,302083,2024-06-28
C02394,Imran Devi,M,36,Surat,Gujarat,2,395076,2024-05-19
C02395,Rahul Reddy,F,29,Hyderabad,Telangana,1,500030,2022-09-23
C02396,Arjun Ansari,M,34,Jaipur,Rajasthan,2,302081,2023-08-20
C02397,Sneha Sharma,F,31,Chennai,Tamil Nadu,1,600016,2023-06-30
C02398,Priya Saikia,F,26,Gorakhpur,Uttar Pradesh,3,273041,2022-04-20
C02399,Kavya Singh,F,25,Delhi,Delhi,1,110043,2023-10-04
C02400,Ritika Yadav,F,21,Bengaluru,Karnataka,1,560039,2024-02-01
C02401,Nisha Ansari,F,42,Ludhiana,Punjab,2,141082,2024-05-11
C02402,Sneha Pandey,F,26,Pune,Maharashtra,1,411017,2024-04-27
C02403,Aisha Nair,F,28,Bhilwara,Rajasthan,3,311090,2023-03-29
C02404,Amit Sharma,F,33,Varanasi,Uttar Pradesh,3,221064,2024-08-20
C02405,Rani Patel,F,38,Indore,Madhya Pradesh,2,452097,2024-04-10
C02406,Suresh Pandey,M,19,Kanpur,Uttar Pradesh,2,208022,2023-10-19
C02407,Meena Iyer,F,34,Patna,Bihar,2,800043,2022-12-20
C02408,Vikram Rao,M,28,Bhopal,Madhya Pradesh,2,462090,2023-07-12
C02409,Ruchi Khan,F,34,Ranchi,Jharkhand,2,834035,2023-08-21
C02410,Kavya Pandey,F,24,Patna,Bihar,2,800082,2022-04-20
C02411,Rani Kumari,F,23,Lucknow,Uttar Pradesh,2,226023,2024-03-28
C02412,Neha Rao,F,30,Shillong,Meghalaya,3,793022,2022-08-18
C02413,Kavya Rao,F,26,Shillong,Meghalaya,3,793024,2022-12-10
C02414,Rohit Khan,M,26,Bengaluru,Karnataka,1,560012,2023-12-12
C02415,Priya Sharma,F,31,Surat,Gujarat,2,395051,2024-04-10
C02416,Sneha Iyer,F,26,Gorakhpur,Uttar Pradesh,3,273044,2022-06-07
C02417,Imran Iyer,M,20,Siliguri,West Bengal,3,734062,2022-05-29
C02418,Rahul Reddy,F,19,Pune,Maharashtra,1,411095,2022-08-15
C02419,Shalini Patel,F,23,Mumbai,Maharashtra,1,400018,2024-04-20
C02420,Pooja Saikia,F,18,Kolkata,West Bengal,1,700089,2024-08-15
C02421,Swati Yadav,F,19,Indore,Madhya Pradesh,2,452042,2023-08-19
C02422,Deepa Iyer,F,19,Pune,Maharashtra,1,411061,2023-07-13
C02423,Ritika Chauhan,F,29,Shillong,Meghalaya,3,793002,2024-09-16
C02424,Kavya Patel,F,20,Surat,Gujarat,2,395057,2022-06-09
C02425,Aisha Singh,F,24,Indore,Madhya Pradesh,2,452053,2024-06-06
C02426,Arjun Das,M,31,Bengaluru,Karnataka,1,560039,2024-05-14
C02427,Ruchi Pandey,F,27,Ujjain,Madhya Pradesh,3,456015,2022-08-27
C02428,Payal Kumari,F,33,Hyderabad,Telangana,1,500054,2022-08-23
C02429,Vikram Nair,M,23,Bengaluru,Karnataka,1,560080,2024-08-16
C02430,Amit Ansari,M,28,Gorakhpur,Uttar Pradesh,3,273013,2023-04-27
C02431,Pooja Ansari,F,24,Nagpur,Maharashtra,2,440023,2023-11-30
C02432,Kavya Das,F,32,Raipur,Chhattisgarh,2,492040,2024-01-02
C02433,Payal Khan,F,29,Dehradun,Uttarakhand,2,248055,2022-07-25
C02434,Ruchi Saikia,F,18,Lucknow,Uttar Pradesh,2,226022,2023-09-30
C02435,Shalini Reddy,F,22,Shillong,Meghalaya,3,793054,2023-03-09
C02436,Nisha Khan,F,31,Surat,Gujarat,2,395094,2022-10-09
C02437,Priya Devi,F,34,Pune,Maharashtra,1,411044,2022-12-31
C02438,Fatima Khan,F,26,Shillong,Meghalaya,3,793031,2023-11-08
C02439,Anjali Saikia,F,33,Dehradun,Uttarakhand,2,248069,2024-07-14
C02440,Meena Ansari,F,31,Pune,Maharashtra,1,411095,2024-06-27
C02441,Swati Nair,F,32,Kolkata,West Bengal,1,700007,2023-08-23
C02442,Nisha Pandey,F,26,Ranchi,Jharkhand,2,834054,2022-05-16
C02443,Ruchi Reddy,F,20,Patna,Bihar,2,800048,2022-11-27
C02444,Swati Pandey,F,19,Kolkata,West Bengal,1,700008,2024-05-02
C02445,Rohit Saikia,M,18,Indore,Madhya Pradesh,2,452067,2023-11-21
C02446,Lakshmi Rao,F,27,Lucknow,Uttar Pradesh,2,226031,2023-09-25
C02447,Rahul Mishra,M,25,Jaipur,Rajasthan,2,302091,2024-01-22
C02448,Vikram Patel,M,33,Indore,Madhya Pradesh,2,452083,2023-07-09
C02449,Ruchi Ansari,F,21,Ludhiana,Punjab,2,141071,2024-05-16
C02450,Simran Ansari,F,45,Hyderabad,Telangana,1,500036,2022-07-30
C02451,Swati Joshi,F,34,Mumbai,Maharashtra,1,400056,2023-10-31
C02452,Deepa Devi,F,19,Hyderabad,Telangana,1,500050,2023-06-07
C02453,Ritika Das,F,23,Guwahati,Assam,2,781090,2023-04-23
C02454,Karan Kumari,M,28,Raipur,Chhattisgarh,2,492082,2023-11-06
C02455,Arjun Saikia,M,21,Siliguri,West Bengal,3,734089,2023-06-23
C02456,Komal Iyer,F,20,Mumbai,Maharashtra,1,400070,2022-04-30
C02457,Priya Iyer,F,23,Jaipur,Rajasthan,2,302008,2022-08-13
C02458,Rani Sharma,F,23,Mumbai,Maharashtra,1,400099,2022-05-28
C02459,Deepa Saikia,F,23,Bhopal,Madhya Pradesh,2,462063,2024-06-01
C02460,Divya Patel,F,25,Surat,Gujarat,2,395060,2024-07-01
C02461,Rahul Rao,M,27,Patna,Bihar,2,800079,2024-01-07
C02462,Kavya Sharma,F,25,Hyderabad,Telangana,1,500012,2022-11-11
C02463,Arjun Devi,M,21,Dehradun,Uttarakhand,2,248037,2023-09-30
C02464,Simran Joshi,F,30,Dehradun,Uttarakhand,2,248077,2024-04-01
C02465,Komal Joshi,F,29,Mumbai,Maharashtra,1,400034,2023-01-19
C02466,Arjun Reddy,M,34,Bhopal,Madhya Pradesh,2,462096,2022-07-30
C02467,Rahul Yadav,M,20,Pune,Maharashtra,1,411060,2022-09-20
C02468,Swati Sharma,F,30,Nagpur,Maharashtra,2,440083,2023-12-29
C02469,Divya Chauhan,F,19,Ludhiana,Punjab,2,141014,2023-09-09
C02470,Rani Yadav,F,45,Ludhiana,Punjab,2,141066,2024-06-28
C02471,Nisha Verma,F,19,Lucknow,Uttar Pradesh,2,226077,2024-04-25
C02472,Nisha Verma,F,34,Jaipur,Rajasthan,2,302081,2023-03-29
C02473,Pooja Joshi,F,22,Bengaluru,Karnataka,1,560068,2024-04-15
C02474,Kavya Das,F,34,Kanpur,Uttar Pradesh,2,208042,2022-08-23
C02475,Priya Joshi,F,34,Ujjain,Madhya Pradesh,3,456085,2023-02-16
C02476,Rohit Joshi,M,20,Bhilwara,Rajasthan,3,311010,2023-07-30
C02477,Rani Singh,F,30,Nagpur,Maharashtra,2,440015,2024-04-09
C02478,Sneha Sharma,F,34,Varanasi,Uttar Pradesh,3,221018,2022-05-25
C02479,Nisha Verma,F,23,Bengaluru,Karnataka,1,560054,2024-03-16
C02480,Arjun Nair,M,30,Ludhiana,Punjab,2,141081,2022-12-05
C02481,Swati Ansari,F,20,Hyderabad,Telangana,1,500023,2024-09-20
C02482,Deepa Yadav,F,29,Guwahati,Assam,2,781028,2023-08-11
C02483,Sneha Reddy,F,25,Kanpur,Uttar Pradesh,2,208002,2024-03-28
C02484,Nisha Kumari,F,19,Nagpur,Maharashtra,2,440032,2023-01-16
C02485,Priya Yadav,F,39,Jaipur,Rajasthan,2,302032,2023-09-13
C02486,Arjun Verma,M,25,Lucknow,Uttar Pradesh,2,226090,2022-08-11
C02487,Pooja Rao,F,29,Indore,Madhya Pradesh,2,452036,2022-11-06
C02488,Ruchi Nair,F,34,Bengaluru,Karnataka,1,560070,2024-05-04
C02489,Karan Ansari,M,29,Delhi,Delhi,1,110036,2022-10-03
C02490,Ritika Yadav,F,19,Jaipur,Rajasthan,2,302049,2023-08-16
C02491,Sana Chauhan,F,20,Varanasi,Uttar Pradesh,3,221017,2023-09-16
C02492,Payal Khan,F,19,Surat,Gujarat,2,395033,2024-03-25
C02493,Kavya Iyer,F,22,Kanpur,Uttar Pradesh,2,208002,2023-09-04
C02494,Nisha Saikia,F,23,Indore,Madhya Pradesh,2,452025,2023-10-14
C02495,Rohit Saikia,M,44,Jaipur,Rajasthan,2,302094,2023-03-20
C02496,Komal Ansari,F,30,Chennai,Tamil Nadu,1,600072,2023-04-23
C02497,Sana Khan,F,31,Patna,Bihar,2,800002,2023-11-28
C02498,Kavya Verma,F,26,Delhi,Delhi,1,110078,2022-06-22
C02499,Sana Chauhan,F,20,Chennai,Tamil Nadu,1,600020,2024-05-25
C02500,Pooja Das,F,32,Jaipur,Rajasthan,2,302052,2024-05-04
C02501,Pooja Das,F,25,Siliguri,West Bengal,3,734005,2022-04-24
C02502,Amit Patel,M,18,Pune,Maharashtra,1,411027,2023-04-22
C02503,Sneha Rao,F,19,Gorakhpur,Uttar Pradesh,3,273076,2023-01-13
C02504,Deepa Kumari,F,22,Nagpur,Maharashtra,2,440038,2024-09-20
C02505,Rohit Verma,M,25,Lucknow,Uttar Pradesh,2,226044,2022-06-03
C02506,Payal Iyer,F,21,Chennai,Tamil Nadu,1,600080,2024-01-08
C02507,Sneha Saikia,F,48,Nagpur,Maharashtra,2,440070,2022-06-18
C02508,Imran Kumari,M,18,Bengaluru,Karnataka,1,560011,2023-06-04
C02509,Priya Joshi,F,31,Ludhiana,Punjab,2,141013,2023-04-12
C02510,Payal Yadav,F,27,Indore,Madhya Pradesh,2,452001,2023-11-19
C02511,Karan Nair,M,23,Chennai,Tamil Nadu,1,600041,2024-02-14
C02512,Payal Devi,F,30,Hubballi,Karnataka,3,580013,2024-09-18
C02513,Ritika Khan,F,29,Bengaluru,Karnataka,1,560008,2024-02-13
C02514,Deepa Khan,F,37,Indore,Madhya Pradesh,2,452089,2023-10-26
C02515,Rani Devi,F,24,Gorakhpur,Uttar Pradesh,3,273067,2023-05-25
C02516,Ritika Das,F,27,Hyderabad,Telangana,1,500040,2023-12-25
C02517,Sana Sharma,F,33,Siliguri,West Bengal,3,734056,2024-09-05
C02518,Suresh Yadav,M,28,Indore,Madhya Pradesh,2,452009,2024-09-26
C02519,Divya Gupta,F,20,Raipur,Chhattisgarh,2,492061,2022-12-27
C02520,Imran Gupta,M,25,Bengaluru,Karnataka,1,560085,2024-04-14
C02521,Pooja Nair,F,24,Agartala,Tripura,3,799033,2024-08-25
C02522,Shalini Chauhan,F,29,Kanpur,Uttar Pradesh,2,208070,2022-09-03
C02523,Neha Mishra,F,32,Mumbai,Maharashtra,1,400034,2023-12-29
C02524,Deepa Pandey,F,21,Ranchi,Jharkhand,2,834051,2024-08-14
C02525,Rahul Verma,M,25,Coimbatore,Tamil Nadu,2,641002,2022-09-28
C02526,Amit Rao,M,18,Kolkata,West Bengal,1,700098,2024-01-21
C02527,Rohit Khan,M,18,Kanpur,Uttar Pradesh,2,208088,2024-03-01
C02528,Kavya Verma,F,29,Kanpur,Uttar Pradesh,2,208070,2023-03-14
C02529,Rahul Joshi,M,18,Jaipur,Rajasthan,2,302020,2023-08-27
C02530,Divya Gupta,F,41,Lucknow,Uttar Pradesh,2,226037,2022-10-24
C02531,Ritika Reddy,F,31,Indore,Madhya Pradesh,2,452017,2024-03-11
C02532,Nisha Das,F,18,Mumbai,Maharashtra,1,400065,2023-05-01
C02533,Simran Ansari,F,33,Muzaffarpur,Bihar,3,842006,2023-01-30
C02534,Amit Devi,M,20,Hyderabad,Telangana,1,500070,2022-05-26
C02535,Meena Reddy,F,24,Ranchi,Jharkhand,2,834088,2022-05-09
C02536,Suresh Singh,M,26,Muzaffarpur,Bihar,3,842071,2023-10-21
C02537,Ruchi Reddy,F,21,Nagpur,Maharashtra,2,440015,2023-02-01
C02538,Nisha Khan,F,28,Ludhiana,Punjab,2,141029,2023-01-25
C02539,Payal Ansari,F,40,Muzaffarpur,Bihar,3,842092,2023-12-21
C02540,Anjali Rao,F,22,Kolkata,West Bengal,1,700082,2024-03-14
C02541,Meena Kumari,F,28,Mumbai,Maharashtra,1,400094,2024-01-26
C02542,Payal Kumari,F,37,Surat,Gujarat,2,395053,2024-03-31
C02543,Rani Kumari,F,40,Chennai,Tamil Nadu,1,600030,2024-09-18
C02544,Amit Rao,F,22,Delhi,Delhi,1,110048,2023-05-23
C02545,Rahul Patel,M,43,Gorakhpur,Uttar Pradesh,3,273052,2024-08-13
C02546,Suresh Reddy,M,30,Lucknow,Uttar Pradesh,2,226031,2023-07-15
C02547,Sneha Chauhan,F,20,Gorakhpur,Uttar Pradesh,3,273083,2022-12-23
C02548,Amit Sharma,M,19,Indore,Madhya Pradesh,2,452076,2024-06-02
C02549,Amit Reddy,F,22,Bareilly,Uttar Pradesh,3,243047,2024-05-16
C02550,Kavya Patel,F,32,Bengaluru,Karnataka,1,560097,2023-09-18
C02551,Shalini Reddy,F,23,Surat,Gujarat,2,395051,2024-08-20
C02552,Simran Verma,F,32,Bengaluru,Karnataka,1,560045,2022-06-20
C02553,Imran Nair,M,22,Hubballi,Karnataka,3,580006,2023-11-10
C02554,Sana Das,F,28,Pune,Maharashtra,1,411029,2023-04-24
C02555,Lakshmi Rao,F,30,Mumbai,Maharashtra,1,400045,2022-12-27
C02556,Meena Mishra,F,30,Lucknow,Uttar Pradesh,2,226021,2022-04-28
C02557,Imran Yadav,M,33,Hyderabad,Telangana,1,500007,2023-11-14
C02558,Aisha Iyer,F,31,Raipur,Chhattisgarh,2,492018,2023-11-19
C02559,Priya Das,F,22,Nagpur,Maharashtra,2,440097,2023-07-28
C02560,Sneha Patel,F,20,Muzaffarpur,Bihar,3,842047,2023-05-04
C02561,Ritika Sharma,F,25,Lucknow,Uttar Pradesh,2,226087,2022-09-19
C02562,Payal Singh,F,19,Coimbatore,Tamil Nadu,2,641045,2023-04-11
C02563,Sneha Khan,F,20,Indore,Madhya Pradesh,2,452027,2024-01-24
C02564,Rani Nair,F,30,Kanpur,Uttar Pradesh,2,208034,2022-09-13
C02565,Deepa Mishra,F,32,Guwahati,Assam,2,781075,2024-08-07
C02566,Rani Gupta,F,34,Lucknow,Uttar Pradesh,2,226082,2023-02-20
C02567,Amit Das,F,30,Bhopal,Madhya Pradesh,2,462075,2024-02-25
C02568,Neha Rao,F,28,Indore,Madhya Pradesh,2,452092,2023-01-19
C02569,Komal Joshi,F,18,Patna,Bihar,2,800048,2022-10-29
C02570,Aisha Ansari,F,20,Patna,Bihar,2,800070,2024-01-04
C02571,Lakshmi Singh,F,23,Chennai,Tamil Nadu,1,600004,2023-01-23
C02572,Ritika Patel,F,22,Lucknow,Uttar Pradesh,2,226089,2022-10-09
C02573,Deepa Yadav,F,30,Kanpur,Uttar Pradesh,2,208038,2024-01-10
C02574,Rohit Mishra,M,23,Bengaluru,Karnataka,1,560051,2022-07-01
C02575,Sana Saikia,F,26,Muzaffarpur,Bihar,3,842022,2023-07-10
C02576,Rahul Khan,F,28,Patna,Bihar,2,800084,2024-05-10
C02577,Kavya Sharma,F,26,Bengaluru,Karnataka,1,560089,2024-10-01
C02578,Aisha Khan,F,27,Mumbai,Maharashtra,1,400018,2024-02-27
C02579,Pooja Devi,F,22,Hubballi,Karnataka,3,580078,2024-09-22
C02580,Divya Gupta,F,26,Varanasi,Uttar Pradesh,3,221089,2023-10-17
C02581,Nisha Mishra,F,20,Delhi,Delhi,1,110026,2023-03-17
C02582,Priya Kumari,F,25,Hubballi,Karnataka,3,580028,2022-11-12
C02583,Simran Yadav,F,42,Delhi,Delhi,1,110058,2023-06-11
C02584,Pooja Iyer,F,34,Patna,Bihar,2,800090,2024-08-28
C02585,Meena Ansari,F,32,Hubballi,Karnataka,3,580001,2024-03-03
C02586,Ruchi Verma,F,28,Nagpur,Maharashtra,2,440022,2023-01-02
C02587,Lakshmi Das,F,19,Bhopal,Madhya Pradesh,2,462082,2023-06-05
C02588,Anjali Yadav,F,26,Varanasi,Uttar Pradesh,3,221003,2022-11-10
C02589,Shalini Chauhan,F,32,Coimbatore,Tamil Nadu,2,641054,2024-05-13
C02590,Suresh Khan,M,19,Jaipur,Rajasthan,2,302032,2022-10-09
C02591,Imran Kumari,M,26,Jaipur,Rajasthan,2,302053,2022-09-16
C02592,Fatima Mishra,F,24,Mumbai,Maharashtra,1,400014,2023-04-15
C02593,Karan Saikia,M,26,Bilaspur,Chhattisgarh,3,495077,2022-07-16
C02594,Rahul Chauhan,F,28,Mumbai,Maharashtra,1,400041,2024-09-17
C02595,Deepa Patel,F,31,Agartala,Tripura,3,799056,2023-12-03
C02596,Aisha Saikia,F,30,Hyderabad,Telangana,1,500013,2024-05-21
C02597,Rani Rao,F,20,Mumbai,Maharashtra,1,400085,2022-04-28
C02598,Meena Rao,F,38,Muzaffarpur,Bihar,3,842033,2024-09-15
C02599,Deepa Joshi,F,23,Bengaluru,Karnataka,1,560018,2024-03-18
C02600,Arjun Ansari,M,23,Gorakhpur,Uttar Pradesh,3,273044,2023-08-21
C02601,Rahul Ansari,F,34,Ranchi,Jharkhand,2,834065,2023-04-12
C02602,Vikram Joshi,M,33,Delhi,Delhi,1,110008,2023-10-30
C02603,Arjun Gupta,M,19,Ludhiana,Punjab,2,141050,2022-10-18
C02604,Rahul Nair,F,29,Mumbai,Maharashtra,1,400052,2023-11-23
C02605,Arjun Kumari,M,28,Patna,Bihar,2,800066,2023-07-21
C02606,Rani Kumari,F,25,Raipur,Chhattisgarh,2,492001,2022-05-09
C02607,Rohit Patel,M,21,Kanpur,Uttar Pradesh,2,208007,2022-05-26
C02608,Sneha Iyer,F,30,Nagpur,Maharashtra,2,440017,2024-09-24
C02609,Divya Joshi,F,31,Mumbai,Maharashtra,1,400036,2023-10-29
C02610,Suresh Mishra,M,29,Patna,Bihar,2,800064,2023-10-07
C02611,Arjun Ansari,M,18,Mumbai,Maharashtra,1,400001,2024-08-09
C02612,Swati Iyer,F,22,Jaipur,Rajasthan,2,302038,2022-11-02
C02613,Ruchi Pandey,F,21,Mumbai,Maharashtra,1,400020,2024-04-05
C02614,Arjun Gupta,M,33,Imphal,Manipur,3,795038,2024-09-26
C02615,Vikram Patel,M,31,Delhi,Delhi,1,110003,2023-04-26
C02616,Karan Verma,M,32,Dehradun,Uttarakhand,2,248003,2024-01-24
C02617,Sana Das,F,26,Jaipur,Rajasthan,2,302020,2024-02-27
C02618,Kavya Verma,F,28,Bhopal,Madhya Pradesh,2,462094,2024-08-13
C02619,Aisha Sharma,F,47,Nagpur,Maharashtra,2,440036,2022-08-29
C02620,Rani Sharma,F,31,Mumbai,Maharashtra,1,400082,2024-07-26
C02621,Payal Saikia,F,22,Gorakhpur,Uttar Pradesh,3,273035,2023-10-23
C02622,Neha Patel,F,26,Bareilly,Uttar Pradesh,3,243068,2024-09-18
C02623,Karan Patel,M,30,Kolkata,West Bengal,1,700097,2022-10-25
C02624,Rahul Saikia,M,25,Patna,Bihar,2,800074,2024-01-18
C02625,Rahul Yadav,M,31,Raipur,Chhattisgarh,2,492001,2024-04-12
C02626,Sneha Verma,F,20,Ranchi,Jharkhand,2,834046,2023-04-07
C02627,Divya Chauhan,F,18,Kanpur,Uttar Pradesh,2,208060,2024-03-20
C02628,Aisha Singh,F,32,Siliguri,West Bengal,3,734086,2023-06-19
C02629,Nisha Pandey,F,21,Patna,Bihar,2,800085,2023-11-20
C02630,Arjun Chauhan,M,24,Mumbai,Maharashtra,1,400001,2023-05-08
C02631,Sana Mishra,F,34,Bhopal,Madhya Pradesh,2,462051,2022-10-19
C02632,Amit Saikia,M,25,Bhopal,Madhya Pradesh,2,462083,2022-08-09
C02633,Suresh Sharma,M,29,Chennai,Tamil Nadu,1,600093,2023-03-20
C02634,Fatima Khan,F,33,Jaipur,Rajasthan,2,302038,2023-04-22
C02635,Karan Patel,M,30,Hyderabad,Telangana,1,500052,2024-03-29
C02636,Lakshmi Gupta,F,34,Siliguri,West Bengal,3,734098,2024-07-01
C02637,Meena Yadav,F,29,Patna,Bihar,2,800044,2023-03-05
C02638,Rani Sharma,F,37,Kolkata,West Bengal,1,700031,2024-05-18
C02639,Lakshmi Ansari,F,34,Patna,Bihar,2,800075,2024-09-04
C02640,Vikram Ansari,M,19,Bhilwara,Rajasthan,3,311005,2022-10-07
C02641,Simran Mishra,F,32,Gorakhpur,Uttar Pradesh,3,273008,2022-11-14
C02642,Nisha Joshi,F,26,Imphal,Manipur,3,795010,2022-12-29
C02643,Divya Mishra,F,34,Varanasi,Uttar Pradesh,3,221010,2022-06-16
C02644,Sana Verma,F,24,Shillong,Meghalaya,3,793060,2023-04-24
C02645,Divya Ansari,F,27,Mumbai,Maharashtra,1,400048,2023-04-28
C02646,Lakshmi Kumari,F,24,Bareilly,Uttar Pradesh,3,243065,2024-01-06
C02647,Ritika Chauhan,F,22,Nagpur,Maharashtra,2,440003,2022-10-31
C02648,Aisha Saikia,F,21,Patna,Bihar,2,800024,2024-06-06
C02649,Rahul Mishra,M,21,Ujjain,Madhya Pradesh,3,456020,2023-03-01
C02650,Lakshmi Kumari,F,21,Coimbatore,Tamil Nadu,2,641066,2022-08-08
C02651,Karan Sharma,M,41,Delhi,Delhi,1,110092,2022-08-15
C02652,Neha Verma,F,22,Siliguri,West Bengal,3,734029,2023-05-28
C02653,Sneha Kumari,F,25,Dehradun,Uttarakhand,2,248029,2023-12-25
C02654,Simran Das,F,32,Muzaffarpur,Bihar,3,842006,2024-01-27
C02655,Payal Mishra,F,31,Ranchi,Jharkhand,2,834067,2022-07-23
C02656,Ritika Mishra,F,32,Guwahati,Assam,2,781002,2022-07-05
C02657,Neha Khan,F,24,Patna,Bihar,2,800013,2023-11-06
C02658,Deepa Mishra,F,19,Lucknow,Uttar Pradesh,2,226046,2024-05-24
C02659,Sana Devi,F,25,Coimbatore,Tamil Nadu,2,641067,2023-12-26
C02660,Anjali Das,F,34,Ranchi,Jharkhand,2,834069,2024-03-01
C02661,Pooja Das,F,19,Mumbai,Maharashtra,1,400084,2022-10-14
C02662,Aisha Mishra,F,24,Mumbai,Maharashtra,1,400052,2023-04-02
C02663,Lakshmi Kumari,F,20,Bareilly,Uttar Pradesh,3,243096,2024-08-24
C02664,Nisha Devi,F,19,Surat,Gujarat,2,395019,2024-02-07
C02665,Lakshmi Nair,F,34,Coimbatore,Tamil Nadu,2,641038,2024-01-06
C02666,Meena Sharma,F,38,Jaipur,Rajasthan,2,302099,2023-07-26
C02667,Meena Sharma,F,24,Ranchi,Jharkhand,2,834018,2023-01-13
C02668,Payal Chauhan,F,21,Lucknow,Uttar Pradesh,2,226046,2023-02-13
C02669,Rahul Khan,F,22,Ujjain,Madhya Pradesh,3,456085,2023-07-10
C02670,Komal Patel,F,22,Chennai,Tamil Nadu,1,600073,2022-06-05
C02671,Rahul Das,F,25,Mumbai,Maharashtra,1,400030,2024-04-05
C02672,Amit Pandey,F,29,Kolkata,West Bengal,1,700081,2022-09-06
C02673,Simran Kumari,F,32,Chennai,Tamil Nadu,1,600027,2023-11-29
C02674,Payal Nair,F,21,Kolkata,West Bengal,1,700045,2022-09-02
C02675,Meena Gupta,F,42,Coimbatore,Tamil Nadu,2,641035,2022-09-04
C02676,Amit Iyer,M,18,Ujjain,Madhya Pradesh,3,456044,2024-09-18
C02677,Amit Chauhan,M,30,Hubballi,Karnataka,3,580073,2023-03-16
C02678,Arjun Singh,M,27,Mumbai,Maharashtra,1,400036,2022-11-18
C02679,Anjali Saikia,F,24,Patna,Bihar,2,800089,2023-05-22
C02680,Amit Yadav,F,22,Gorakhpur,Uttar Pradesh,3,273069,2023-08-14
C02681,Aisha Patel,F,18,Pune,Maharashtra,1,411020,2023-07-25
C02682,Amit Sharma,F,30,Hubballi,Karnataka,3,580091,2022-06-16
C02683,Ritika Iyer,F,32,Hyderabad,Telangana,1,500016,2023-01-26
C02684,Suresh Iyer,M,35,Guwahati,Assam,2,781018,2023-11-16
C02685,Arjun Khan,M,19,Guwahati,Assam,2,781018,2022-07-12
C02686,Deepa Reddy,F,19,Siliguri,West Bengal,3,734010,2024-03-02
C02687,Vikram Iyer,M,18,Ranchi,Jharkhand,2,834013,2023-06-04
C02688,Divya Yadav,F,26,Agartala,Tripura,3,799052,2024-05-31
C02689,Kavya Patel,F,29,Pune,Maharashtra,1,411009,2023-06-21
C02690,Shalini Iyer,F,22,Kolkata,West Bengal,1,700049,2022-06-21
C02691,Aisha Ansari,F,30,Bengaluru,Karnataka,1,560028,2024-07-25
C02692,Imran Kumari,M,28,Surat,Gujarat,2,395046,2023-02-13
C02693,Payal Joshi,F,26,Guwahati,Assam,2,781012,2023-12-01
C02694,Komal Mishra,F,23,Kanpur,Uttar Pradesh,2,208096,2022-07-04
C02695,Amit Patel,F,26,Lucknow,Uttar Pradesh,2,226037,2022-11-02
C02696,Payal Yadav,F,25,Pune,Maharashtra,1,411074,2024-10-01
C02697,Aisha Gupta,F,29,Kolkata,West Bengal,1,700036,2023-09-10
C02698,Shalini Ansari,F,24,Guwahati,Assam,2,781020,2023-10-01
C02699,Rani Joshi,F,32,Mumbai,Maharashtra,1,400076,2022-06-11
C02700,Rahul Sharma,F,28,Lucknow,Uttar Pradesh,2,226037,2024-01-26
C02701,Simran Singh,F,19,Indore,Madhya Pradesh,2,452090,2023-04-09
C02702,Anjali Singh,F,33,Varanasi,Uttar Pradesh,3,221032,2024-07-06
C02703,Divya Gupta,F,39,Kolkata,West Bengal,1,700030,2023-07-16
C02704,Lakshmi Singh,F,35,Patna,Bihar,2,800063,2022-07-07
C02705,Neha Verma,F,30,Nagpur,Maharashtra,2,440081,2023-04-13
C02706,Divya Joshi,F,31,Lucknow,Uttar Pradesh,2,226083,2023-03-20
C02707,Simran Saikia,F,25,Ludhiana,Punjab,2,141093,2024-07-20
C02708,Rahul Patel,F,19,Jaipur,Rajasthan,2,302007,2024-03-26
C02709,Swati Iyer,F,28,Hyderabad,Telangana,1,500090,2024-09-12
C02710,Rohit Khan,M,21,Ludhiana,Punjab,2,141013,2023-12-10
C02711,Simran Ansari,F,28,Varanasi,Uttar Pradesh,3,221010,2024-01-13
C02712,Sneha Sharma,F,30,Lucknow,Uttar Pradesh,2,226055,2024-01-20
C02713,Sneha Yadav,F,22,Hyderabad,Telangana,1,500036,2024-08-24
C02714,Rani Yadav,F,23,Bengaluru,Karnataka,1,560007,2023-09-16
C02715,Neha Devi,F,20,Jaipur,Rajasthan,2,302015,2022-08-17
C02716,Ritika Reddy,F,24,Hyderabad,Telangana,1,500030,2022-12-14
C02717,Ruchi Singh,F,23,Hyderabad,Telangana,1,500032,2022-09-12
C02718,Simran Das,F,24,Kanpur,Uttar Pradesh,2,208039,2024-03-25
C02719,Meena Devi,F,18,Bhopal,Madhya Pradesh,2,462023,2024-01-05
C02720,Ritika Nair,F,19,Surat,Gujarat,2,395094,2022-06-25
C02721,Simran Joshi,F,33,Surat,Gujarat,2,395081,2022-04-28
C02722,Rani Rao,F,29,Gorakhpur,Uttar Pradesh,3,273023,2023-01-04
C02723,Ruchi Gupta,F,23,Patna,Bihar,2,800050,2023-08-15
C02724,Pooja Nair,F,30,Jaipur,Rajasthan,2,302021,2023-09-19
C02725,Rahul Devi,M,41,Varanasi,Uttar Pradesh,3,221039,2024-06-16
C02726,Imran Reddy,M,29,Pune,Maharashtra,1,411021,2023-12-11
C02727,Fatima Kumari,F,28,Shillong,Meghalaya,3,793086,2024-02-06
C02728,Rahul Iyer,F,28,Lucknow,Uttar Pradesh,2,226096,2024-01-20
C02729,Rahul Kumari,F,22,Delhi,Delhi,1,110039,2024-06-18
C02730,Lakshmi Joshi,F,31,Lucknow,Uttar Pradesh,2,226026,2022-08-31
C02731,Imran Nair,M,27,Coimbatore,Tamil Nadu,2,641053,2023-03-20
C02732,Aisha Saikia,F,21,Lucknow,Uttar Pradesh,2,226051,2022-09-14
C02733,Payal Saikia,F,20,Nagpur,Maharashtra,2,440054,2024-06-25
C02734,Swati Gupta,F,34,Lucknow,Uttar Pradesh,2,226084,2024-03-14
C02735,Aisha Sharma,F,24,Raipur,Chhattisgarh,2,492061,2024-05-21
C02736,Kavya Sharma,F,39,Jaipur,Rajasthan,2,302069,2023-01-12
C02737,Komal Sharma,F,22,Indore,Madhya Pradesh,2,452050,2022-09-13
C02738,Sneha Singh,F,41,Pune,Maharashtra,1,411026,2023-02-03
C02739,Karan Kumari,M,26,Dehradun,Uttarakhand,2,248019,2022-08-27
C02740,Rohit Kumari,M,27,Surat,Gujarat,2,395045,2022-08-25
C02741,Vikram Devi,M,22,Jaipur,Rajasthan,2,302096,2023-02-10
C02742,Meena Sharma,F,26,Agartala,Tripura,3,799065,2022-05-19
C02743,Amit Khan,M,30,Ludhiana,Punjab,2,141092,2023-12-07
C02744,Simran Joshi,F,35,Surat,Gujarat,2,395053,2022-11-03
C02745,Divya Reddy,F,19,Imphal,Manipur,3,795014,2023-08-30
C02746,Rani Sharma,F,25,Delhi,Delhi,1,110073,2023-01-24
C02747,Pooja Patel,F,26,Pune,Maharashtra,1,411035,2024-02-24
C02748,Payal Patel,F,39,Patna,Bihar,2,800069,2022-07-11
C02749,Rani Rao,F,26,Mumbai,Maharashtra,1,400012,2022-09-17
C02750,Simran Ansari,F,19,Mumbai,Maharashtra,1,400010,2024-01-18
C02751,Ruchi Sharma,F,44,Muzaffarpur,Bihar,3,842084,2022-10-05
C02752,Priya Verma,F,23,Kanpur,Uttar Pradesh,2,208005,2024-04-30
C02753,Suresh Iyer,M,41,Bhopal,Madhya Pradesh,2,462070,2024-08-29
C02754,Sana Devi,F,27,Guwahati,Assam,2,781019,2024-05-30
C02755,Fatima Chauhan,F,28,Hubballi,Karnataka,3,580039,2023-03-15
C02756,Anjali Patel,F,20,Pune,Maharashtra,1,411055,2024-07-31
C02757,Deepa Singh,F,21,Raipur,Chhattisgarh,2,492027,2023-03-25
C02758,Payal Singh,F,20,Jaipur,Rajasthan,2,302064,2024-06-05
C02759,Rahul Singh,F,27,Hyderabad,Telangana,1,500003,2024-05-16
C02760,Priya Khan,F,43,Kolkata,West Bengal,1,700072,2022-07-02
C02761,Neha Yadav,F,32,Ludhiana,Punjab,2,141081,2023-11-30
C02762,Amit Devi,M,31,Lucknow,Uttar Pradesh,2,226061,2022-05-16
C02763,Meena Iyer,F,20,Bhopal,Madhya Pradesh,2,462031,2023-03-14
C02764,Lakshmi Ansari,F,21,Varanasi,Uttar Pradesh,3,221085,2023-09-09
C02765,Meena Khan,F,22,Delhi,Delhi,1,110016,2023-10-11
C02766,Rahul Reddy,F,28,Pune,Maharashtra,1,411028,2023-10-28
C02767,Simran Khan,F,31,Bengaluru,Karnataka,1,560071,2024-01-16
C02768,Divya Khan,F,33,Gorakhpur,Uttar Pradesh,3,273095,2023-11-17
C02769,Lakshmi Pandey,F,20,Imphal,Manipur,3,795091,2023-06-12
C02770,Sana Nair,F,29,Surat,Gujarat,2,395055,2023-08-29
C02771,Sana Reddy,F,35,Kanpur,Uttar Pradesh,2,208048,2024-06-15
C02772,Amit Mishra,F,29,Kanpur,Uttar Pradesh,2,208085,2023-08-17
C02773,Swati Das,F,23,Hyderabad,Telangana,1,500058,2022-12-18
C02774,Ruchi Kumari,F,29,Ranchi,Jharkhand,2,834052,2023-09-22
C02775,Priya Ansari,F,19,Bengaluru,Karnataka,1,560011,2023-12-05
C02776,Fatima Singh,F,18,Agartala,Tripura,3,799049,2023-04-29
C02777,Rohit Nair,M,34,Coimbatore,Tamil Nadu,2,641057,2022-07-28
C02778,Rahul Iyer,M,19,Gorakhpur,Uttar Pradesh,3,273087,2023-12-28
C02779,Amit Ansari,M,22,Bareilly,Uttar Pradesh,3,243001,2023-06-06
C02780,Amit Singh,F,23,Jaipur,Rajasthan,2,302018,2024-02-10
C02781,Kavya Rao,F,18,Delhi,Delhi,1,110069,2023-12-22
C02782,Vikram Pandey,M,44,Patna,Bihar,2,800077,2023-12-02
C02783,Anjali Rao,F,21,Bengaluru,Karnataka,1,560030,2023-09-16
C02784,Neha Reddy,F,18,Imphal,Manipur,3,795041,2024-03-17
C02785,Nisha Yadav,F,34,Lucknow,Uttar Pradesh,2,226076,2024-05-20
C02786,Simran Das,F,29,Bilaspur,Chhattisgarh,3,495063,2023-03-12
C02787,Nisha Chauhan,F,22,Bhilwara,Rajasthan,3,311070,2024-09-14
C02788,Meena Singh,F,28,Agartala,Tripura,3,799032,2023-11-28
C02789,Sneha Chauhan,F,21,Mumbai,Maharashtra,1,400084,2024-01-07
C02790,Nisha Das,F,22,Pune,Maharashtra,1,411071,2024-08-25
C02791,Deepa Rao,F,38,Hyderabad,Telangana,1,500003,2023-09-03
C02792,Komal Sharma,F,25,Chennai,Tamil Nadu,1,600060,2023-03-10
C02793,Sneha Singh,F,32,Surat,Gujarat,2,395033,2024-01-30
C02794,Rani Sharma,F,28,Gorakhpur,Uttar Pradesh,3,273071,2023-11-06
C02795,Imran Saikia,M,18,Hubballi,Karnataka,3,580070,2022-08-16
C02796,Amit Sharma,F,31,Pune,Maharashtra,1,411073,2022-12-19
C02797,Sneha Chauhan,F,31,Bengaluru,Karnataka,1,560002,2023-09-11
C02798,Divya Iyer,F,25,Mumbai,Maharashtra,1,400058,2022-08-19
C02799,Anjali Gupta,F,22,Pune,Maharashtra,1,411057,2023-08-04
C02800,Deepa Rao,F,19,Mumbai,Maharashtra,1,400018,2023-10-01
C02801,Fatima Patel,F,30,Chennai,Tamil Nadu,1,600079,2023-01-12
C02802,Ruchi Das,F,32,Delhi,Delhi,1,110064,2022-05-05
C02803,Priya Rao,F,23,Muzaffarpur,Bihar,3,842031,2022-09-01
C02804,Ritika Das,F,19,Delhi,Delhi,1,110036,2024-07-12
C02805,Neha Mishra,F,30,Indore,Madhya Pradesh,2,452077,2024-06-13
C02806,Nisha Das,F,18,Lucknow,Uttar Pradesh,2,226050,2024-04-06
C02807,Ruchi Sharma,F,23,Siliguri,West Bengal,3,734048,2023-06-26
C02808,Vikram Reddy,M,28,Mumbai,Maharashtra,1,400087,2023-01-26
C02809,Aisha Gupta,F,22,Kolkata,West Bengal,1,700068,2023-09-01
C02810,Sneha Devi,F,23,Chennai,Tamil Nadu,1,600089,2023-01-08
C02811,Neha Ansari,F,23,Kanpur,Uttar Pradesh,2,208077,2024-05-12
C02812,Pooja Iyer,F,23,Gorakhpur,Uttar Pradesh,3,273016,2023-09-30
C02813,Ruchi Kumari,F,33,Raipur,Chhattisgarh,2,492001,2023-08-23
C02814,Shalini Verma,F,36,Chennai,Tamil Nadu,1,600030,2023-02-09
C02815,Komal Pandey,F,22,Delhi,Delhi,1,110006,2023-07-31
C02816,Neha Saikia,F,25,Mumbai,Maharashtra,1,400028,2023-09-15
C02817,Payal Gupta,F,18,Kanpur,Uttar Pradesh,2,208008,2022-12-10
C02818,Lakshmi Mishra,F,30,Bengaluru,Karnataka,1,560019,2024-03-27
C02819,Rahul Nair,F,20,Siliguri,West Bengal,3,734066,2022-09-05
C02820,Arjun Sharma,M,22,Jaipur,Rajasthan,2,302030,2024-10-01
C02821,Amit Patel,F,25,Pune,Maharashtra,1,411011,2023-09-03
C02822,Komal Gupta,F,30,Ludhiana,Punjab,2,141038,2023-07-08
C02823,Karan Sharma,M,21,Guwahati,Assam,2,781079,2023-12-04
C02824,Deepa Devi,F,21,Ujjain,Madhya Pradesh,3,456011,2022-11-15
C02825,Simran Iyer,F,29,Indore,Madhya Pradesh,2,452023,2022-11-27
C02826,Suresh Gupta,M,23,Patna,Bihar,2,800071,2024-07-05
C02827,Payal Rao,F,20,Gorakhpur,Uttar Pradesh,3,273093,2023-01-01
C02828,Pooja Singh,F,32,Mumbai,Maharashtra,1,400004,2023-09-02
C02829,Simran Patel,F,22,Coimbatore,Tamil Nadu,2,641020,2024-03-12
C02830,Shalini Saikia,F,22,Raipur,Chhattisgarh,2,492049,2022-06-16
C02831,Lakshmi Chauhan,F,25,Coimbatore,Tamil Nadu,2,641064,2024-07-08
C02832,Arjun Patel,M,18,Mumbai,Maharashtra,1,400096,2024-01-25
C02833,Aisha Saikia,F,22,Indore,Madhya Pradesh,2,452032,2022-10-13
C02834,Fatima Iyer,F,34,Raipur,Chhattisgarh,2,492049,2023-09-08
C02835,Payal Rao,F,21,Kanpur,Uttar Pradesh,2,208063,2022-11-27
C02836,Karan Iyer,M,20,Nagpur,Maharashtra,2,440044,2024-02-29
C02837,Neha Singh,F,18,Bilaspur,Chhattisgarh,3,495050,2022-07-01
C02838,Ruchi Das,F,32,Lucknow,Uttar Pradesh,2,226029,2022-04-23
C02839,Sneha Ansari,F,26,Imphal,Manipur,3,795041,2023-10-14
C02840,Vikram Ansari,M,40,Chennai,Tamil Nadu,1,600087,2023-08-27
C02841,Sana Ansari,F,39,Kolkata,West Bengal,1,700068,2023-07-08
C02842,Kavya Khan,F,27,Bhopal,Madhya Pradesh,2,462091,2023-09-21
C02843,Simran Yadav,F,31,Gorakhpur,Uttar Pradesh,3,273075,2024-05-22
C02844,Ruchi Rao,F,48,Bhilwara,Rajasthan,3,311015,2024-05-08
C02845,Simran Yadav,F,31,Gorakhpur,Uttar Pradesh,3,273092,2023-05-16
C02846,Imran Sharma,M,24,Hyderabad,Telangana,1,500033,2022-10-31
C02847,Amit Yadav,M,27,Shillong,Meghalaya,3,793056,2022-04-26
C02848,Priya Khan,F,24,Varanasi,Uttar Pradesh,3,221038,2023-05-15
C02849,Rahul Das,M,42,Patna,Bihar,2,800093,2023-03-01
C02850,Imran Singh,M,27,Patna,Bihar,2,800090,2022-11-30
C02851,Aisha Devi,F,20,Bengaluru,Karnataka,1,560038,2023-06-26
C02852,Rohit Reddy,M,22,Nagpur,Maharashtra,2,440089,2024-08-05
C02853,Fatima Mishra,F,30,Bilaspur,Chhattisgarh,3,495063,2023-08-19
C02854,Ruchi Patel,F,25,Dehradun,Uttarakhand,2,248086,2024-05-11
C02855,Suresh Patel,M,20,Siliguri,West Bengal,3,734018,2022-07-12
C02856,Anjali Chauhan,F,26,Gorakhpur,Uttar Pradesh,3,273017,2023-08-31
C02857,Komal Patel,F,24,Gorakhpur,Uttar Pradesh,3,273055,2022-05-16
C02858,Priya Chauhan,F,30,Indore,Madhya Pradesh,2,452064,2022-09-21
C02859,Ritika Kumari,F,28,Guwahati,Assam,2,781082,2022-11-08
C02860,Suresh Devi,M,29,Chennai,Tamil Nadu,1,600054,2023-12-20
C02861,Amit Patel,M,29,Surat,Gujarat,2,395098,2022-04-28
C02862,Ritika Pandey,F,18,Mumbai,Maharashtra,1,400010,2024-06-13
C02863,Neha Ansari,F,34,Muzaffarpur,Bihar,3,842092,2022-10-25
C02864,Komal Verma,F,34,Imphal,Manipur,3,795094,2023-04-29
C02865,Amit Verma,F,20,Surat,Gujarat,2,395008,2023-12-18
C02866,Shalini Kumari,F,34,Mumbai,Maharashtra,1,400044,2024-07-16
C02867,Vikram Chauhan,M,21,Raipur,Chhattisgarh,2,492036,2023-04-23
C02868,Nisha Mishra,F,19,Coimbatore,Tamil Nadu,2,641026,2024-08-19
C02869,Ruchi Chauhan,F,41,Coimbatore,Tamil Nadu,2,641037,2023-07-01
C02870,Karan Rao,M,20,Delhi,Delhi,1,110078,2024-08-24
C02871,Deepa Singh,F,34,Delhi,Delhi,1,110089,2023-03-09
C02872,Rahul Singh,F,21,Coimbatore,Tamil Nadu,2,641047,2023-04-22
C02873,Swati Iyer,F,33,Bilaspur,Chhattisgarh,3,495050,2023-07-10
C02874,Swati Patel,F,23,Lucknow,Uttar Pradesh,2,226053,2024-07-26
C02875,Divya Sharma,F,24,Patna,Bihar,2,800048,2024-03-21
C02876,Pooja Saikia,F,28,Pune,Maharashtra,1,411057,2022-10-10
C02877,Shalini Reddy,F,44,Delhi,Delhi,1,110084,2023-02-02
C02878,Meena Khan,F,22,Dehradun,Uttarakhand,2,248013,2023-06-10
C02879,Divya Rao,F,28,Muzaffarpur,Bihar,3,842070,2022-06-21
C02880,Komal Ansari,F,24,Pune,Maharashtra,1,411001,2022-06-20
C02881,Sneha Chauhan,F,23,Shillong,Meghalaya,3,793060,2024-04-01
C02882,Rani Rao,F,25,Patna,Bihar,2,800033,2023-11-12
C02883,Amit Verma,F,22,Mumbai,Maharashtra,1,400067,2023-09-18
C02884,Aisha Sharma,F,32,Ujjain,Madhya Pradesh,3,456025,2024-09-24
C02885,Payal Yadav,F,18,Nagpur,Maharashtra,2,440082,2023-06-22
C02886,Rahul Khan,F,47,Dehradun,Uttarakhand,2,248061,2023-06-09
C02887,Neha Singh,F,34,Indore,Madhya Pradesh,2,452038,2024-05-11
C02888,Payal Chauhan,F,38,Lucknow,Uttar Pradesh,2,226001,2022-07-26
C02889,Pooja Yadav,F,22,Kanpur,Uttar Pradesh,2,208092,2022-05-07
C02890,Deepa Das,F,19,Pune,Maharashtra,1,411045,2022-09-06
C02891,Karan Ansari,M,31,Ludhiana,Punjab,2,141016,2022-11-07
C02892,Neha Kumari,F,31,Surat,Gujarat,2,395045,2022-08-03
C02893,Simran Das,F,30,Jaipur,Rajasthan,2,302068,2022-05-10
C02894,Fatima Sharma,F,29,Chennai,Tamil Nadu,1,600020,2024-04-19
C02895,Rohit Kumari,M,29,Ujjain,Madhya Pradesh,3,456026,2022-07-25
C02896,Rahul Khan,F,20,Patna,Bihar,2,800075,2024-07-16
C02897,Sana Sharma,F,29,Guwahati,Assam,2,781089,2023-12-15
C02898,Anjali Singh,F,21,Patna,Bihar,2,800011,2023-10-31
C02899,Anjali Gupta,F,22,Bengaluru,Karnataka,1,560054,2024-09-22
C02900,Ruchi Pandey,F,24,Bengaluru,Karnataka,1,560086,2024-01-08
C02901,Karan Rao,M,38,Siliguri,West Bengal,3,734029,2023-11-10
C02902,Ritika Pandey,F,20,Pune,Maharashtra,1,411077,2024-03-24
C02903,Payal Saikia,F,26,Delhi,Delhi,1,110050,2024-01-27
C02904,Simran Kumari,F,25,Bhilwara,Rajasthan,3,311020,2024-09-08
C02905,Payal Yadav,F,31,Shillong,Meghalaya,3,793055,2023-09-24
C02906,Meena Kumari,F,26,Delhi,Delhi,1,110076,2024-04-14
C02907,Sneha Das,F,19,Bareilly,Uttar Pradesh,3,243089,2022-09-10
C02908,Komal Kumari,F,20,Ludhiana,Punjab,2,141039,2022-11-19
C02909,Imran Gupta,M,28,Guwahati,Assam,2,781036,2024-03-02
C02910,Neha Kumari,F,38,Gorakhpur,Uttar Pradesh,3,273094,2024-08-04
C02911,Ritika Reddy,F,31,Shillong,Meghalaya,3,793084,2024-02-22
C02912,Ritika Sharma,F,19,Jaipur,Rajasthan,2,302008,2022-09-23
C02913,Sana Saikia,F,32,Bengaluru,Karnataka,1,560067,2024-06-07
C02914,Arjun Rao,M,37,Ranchi,Jharkhand,2,834068,2022-12-12
C02915,Rahul Nair,F,23,Bhilwara,Rajasthan,3,311080,2022-11-02
C02916,Anjali Nair,F,32,Bengaluru,Karnataka,1,560054,2023-07-25
C02917,Ruchi Khan,F,18,Mumbai,Maharashtra,1,400066,2022-07-17
C02918,Sneha Iyer,F,29,Gorakhpur,Uttar Pradesh,3,273098,2023-02-24
C02919,Rahul Nair,F,18,Kolkata,West Bengal,1,700045,2022-09-27
C02920,Amit Verma,M,45,Chennai,Tamil Nadu,1,600071,2024-02-27
C02921,Priya Devi,F,24,Ludhiana,Punjab,2,141078,2023-07-01
C02922,Sneha Singh,F,21,Kanpur,Uttar Pradesh,2,208096,2023-11-21
C02923,Aisha Ansari,F,46,Delhi,Delhi,1,110046,2022-12-08
C02924,Ruchi Ansari,F,21,Bengaluru,Karnataka,1,560066,2023-05-13
C02925,Rohit Chauhan,M,24,Patna,Bihar,2,800053,2024-02-03
C02926,Deepa Pandey,F,30,Indore,Madhya Pradesh,2,452082,2024-04-19
C02927,Rani Khan,F,31,Patna,Bihar,2,800056,2023-07-05
C02928,Priya Saikia,F,24,Bhopal,Madhya Pradesh,2,462058,2022-12-12
C02929,Imran Khan,M,18,Jaipur,Rajasthan,2,302060,2023-12-08
C02930,Divya Saikia,F,22,Surat,Gujarat,2,395042,2023-10-18
C02931,Sneha Iyer,F,33,Kanpur,Uttar Pradesh,2,208049,2023-12-03
C02932,Imran Rao,M,18,Bengaluru,Karnataka,1,560010,2022-10-05
C02933,Nisha Singh,F,30,Ujjain,Madhya Pradesh,3,456043,2023-05-26
C02934,Pooja Yadav,F,29,Nagpur,Maharashtra,2,440051,2023-10-08
C02935,Nisha Gupta,F,27,Varanasi,Uttar Pradesh,3,221068,2023-07-21
C02936,Imran Verma,M,23,Bengaluru,Karnataka,1,560034,2023-12-30
C02937,Swati Joshi,F,33,Kanpur,Uttar Pradesh,2,208045,2022-12-17
C02938,Aisha Sharma,F,24,Patna,Bihar,2,800003,2024-05-28
C02939,Imran Sharma,M,34,Mumbai,Maharashtra,1,400051,2022-05-30
C02940,Kavya Saikia,F,18,Coimbatore,Tamil Nadu,2,641052,2022-11-24
C02941,Kavya Khan,F,24,Coimbatore,Tamil Nadu,2,641053,2023-01-21
C02942,Komal Sharma,F,19,Hyderabad,Telangana,1,500002,2022-07-23
C02943,Priya Yadav,F,23,Hubballi,Karnataka,3,580050,2022-12-05
C02944,Rahul Saikia,F,25,Ranchi,Jharkhand,2,834061,2022-07-13
C02945,Priya Mishra,F,20,Guwahati,Assam,2,781083,2022-08-13
C02946,Deepa Devi,F,31,Pune,Maharashtra,1,411087,2022-07-29
C02947,Amit Kumari,F,33,Muzaffarpur,Bihar,3,842027,2023-09-27
C02948,Shalini Reddy,F,20,Coimbatore,Tamil Nadu,2,641036,2023-09-08
C02949,Suresh Pandey,M,43,Ludhiana,Punjab,2,141026,2022-11-19
C02950,Ritika Das,F,25,Guwahati,Assam,2,781085,2023-10-06
C02951,Rohit Iyer,M,24,Ludhiana,Punjab,2,141056,2023-08-27
C02952,Aisha Yadav,F,32,Gorakhpur,Uttar Pradesh,3,273061,2023-09-24
C02953,Swati Devi,F,23,Bhopal,Madhya Pradesh,2,462099,2022-12-05
C02954,Vikram Nair,M,31,Jaipur,Rajasthan,2,302077,2022-10-25
C02955,Shalini Sharma,F,27,Lucknow,Uttar Pradesh,2,226041,2022-07-06
C02956,Rahul Devi,M,26,Mumbai,Maharashtra,1,400052,2023-06-15
C02957,Rahul Joshi,M,23,Delhi,Delhi,1,110098,2023-01-23
C02958,Rahul Joshi,F,33,Guwahati,Assam,2,781019,2022-05-21
C02959,Lakshmi Pandey,F,18,Bhilwara,Rajasthan,3,311031,2023-03-06
C02960,Sneha Mishra,F,29,Bilaspur,Chhattisgarh,3,495015,2023-10-05
C02961,Rahul Sharma,F,28,Bengaluru,Karnataka,1,560003,2022-11-28
C02962,Meena Patel,F,20,Hyderabad,Telangana,1,500018,2023-06-14
C02963,Deepa Reddy,F,33,Kanpur,Uttar Pradesh,2,208080,2022-05-06
C02964,Pooja Singh,F,25,Gorakhpur,Uttar Pradesh,3,273085,2023-10-06
C02965,Kavya Kumari,F,32,Surat,Gujarat,2,395034,2024-05-02
C02966,Suresh Khan,M,29,Nagpur,Maharashtra,2,440015,2022-10-24
C02967,Aisha Chauhan,F,29,Bengaluru,Karnataka,1,560045,2023-12-07
C02968,Lakshmi Iyer,F,47,Lucknow,Uttar Pradesh,2,226078,2022-06-11
C02969,Aisha Mishra,F,33,Muzaffarpur,Bihar,3,842086,2023-11-25
C02970,Deepa Reddy,F,19,Lucknow,Uttar Pradesh,2,226098,2023-08-01
C02971,Neha Iyer,F,25,Delhi,Delhi,1,110057,2024-01-19
C02972,Rohit Gupta,M,33,Jaipur,Rajasthan,2,302048,2023-07-26
C02973,Amit Khan,F,26,Ranchi,Jharkhand,2,834013,2024-04-07
C02974,Fatima Chauhan,F,32,Guwahati,Assam,2,781051,2024-04-21
C02975,Anjali Iyer,F,20,Bengaluru,Karnataka,1,560078,2022-06-02
C02976,Aisha Devi,F,20,Indore,Madhya Pradesh,2,452056,2022-08-31
C02977,Divya Verma,F,22,Patna,Bihar,2,800017,2022-11-08
C02978,Aisha Singh,F,47,Ranchi,Jharkhand,2,834028,2023-12-19
C02979,Rahul Das,M,20,Varanasi,Uttar Pradesh,3,221085,2023-12-08
C02980,Shalini Devi,F,30,Ludhiana,Punjab,2,141039,2023-09-22
C02981,Komal Khan,F,25,Bengaluru,Karnataka,1,560014,2024-01-23
C02982,Shalini Joshi,F,23,Pune,Maharashtra,1,411078,2023-01-16
C02983,Meena Saikia,F,27,Mumbai,Maharashtra,1,400081,2024-01-11
C02984,Rahul Patel,F,25,Hyderabad,Telangana,1,500056,2023-01-11
C02985,Amit Verma,M,23,Jaipur,Rajasthan,2,302086,2023-02-10
C02986,Lakshmi Singh,F,31,Patna,Bihar,2,800019,2022-11-02
C02987,Karan Devi,M,28,Surat,Gujarat,2,395009,2023-06-27
C02988,Neha Iyer,F,20,Hyderabad,Telangana,1,500096,2024-08-08
C02989,Sana Yadav,F,25,Guwahati,Assam,2,781051,2023-03-01
C02990,Karan Patel,M,31,Muzaffarpur,Bihar,3,842062,2024-06-07
C02991,Rani Chauhan,F,33,Dehradun,Uttarakhand,2,248001,2023-07-07
C02992,Sana Devi,F,20,Coimbatore,Tamil Nadu,2,641048,2022-05-01
C02993,Divya Verma,F,23,Hyderabad,Telangana,1,500001,2024-05-20
C02994,Swati Reddy,F,19,Dehradun,Uttarakhand,2,248028,2022-08-31
C02995,Anjali Khan,F,34,Ujjain,Madhya Pradesh,3,456052,2023-06-26
C02996,Lakshmi Verma,F,24,Guwahati,Assam,2,781035,2023-08-11
C02997,Shalini Das,F,22,Raipur,Chhattisgarh,2,492031,2022-07-17
C02998,Anjali Gupta,F,22,Indore,Madhya Pradesh,2,452058,2024-04-08
C02999,Imran Singh,M,26,Mumbai,Maharashtra,1,400049,2024-08-01
C03000,Sneha Sharma,F,23,Mumbai,Maharashtra,1,400047,2022-07-09
C03001,Komal Patel,F,20,Chennai,Tamil Nadu,1,600097,2022-11-13
C03002,Lakshmi Iyer,F,18,Jaipur,Rajasthan,2,302031,2023-03-31
C03003,Pooja Ansari,F,46,Surat,Gujarat,2,395049,2023-01-26
C03004,Rani Das,F,31,Bengaluru,Karnataka,1,560062,2024-03-27
C03005,Sneha Gupta,F,21,Bengaluru,Karnataka,1,560007,2023-06-04
C03006,Simran Reddy,F,29,Bilaspur,Chhattisgarh,3,495004,2022-07-11
C03007,Sana Mishra,F,24,Ludhiana,Punjab,2,141059,2024-09-25
C03008,Neha Saikia,F,26,Bhopal,Madhya Pradesh,2,462083,2023-11-25
C03009,Suresh Devi,M,30,Lucknow,Uttar Pradesh,2,226045,2023-10-21
C03010,Kavya Joshi,F,20,Jaipur,Rajasthan,2,302031,2023-07-10
C03011,Neha Chauhan,F,22,Indore,Madhya Pradesh,2,452055,2024-01-29
C03012,Sneha Kumari,F,30,Surat,Gujarat,2,395057,2023-03-25
C03013,Shalini Ansari,F,21,Hyderabad,Telangana,1,500026,2023-03-24
C03014,Amit Das,F,19,Siliguri,West Bengal,3,734022,2022-09-16
C03015,Rahul Das,F,20,Delhi,Delhi,1,110039,2023-12-02
C03016,Rohit Ansari,M,24,Varanasi,Uttar Pradesh,3,221001,2023-12-03
C03017,Nisha Iyer,F,27,Hubballi,Karnataka,3,580023,2022-12-30
C03018,Meena Chauhan,F,30,Ludhiana,Punjab,2,141069,2022-09-08
C03019,Suresh Nair,M,26,Indore,Madhya Pradesh,2,452050,2023-11-16
C03020,Suresh Saikia,M,33,Jaipur,Rajasthan,2,302003,2024-02-23
C03021,Aisha Sharma,F,25,Jaipur,Rajasthan,2,302063,2022-11-02
C03022,Ruchi Reddy,F,20,Kanpur,Uttar Pradesh,2,208098,2023-10-15
C03023,Sneha Devi,F,23,Surat,Gujarat,2,395062,2024-08-03
C03024,Fatima Gupta,F,26,Jaipur,Rajasthan,2,302007,2023-09-11
C03025,Rani Singh,F,32,Guwahati,Assam,2,781022,2024-05-23
C03026,Neha Chauhan,F,20,Bhopal,Madhya Pradesh,2,462069,2024-06-07
C03027,Ruchi Verma,F,33,Indore,Madhya Pradesh,2,452043,2022-11-08
C03028,Amit Chauhan,F,33,Indore,Madhya Pradesh,2,452037,2023-02-14
C03029,Anjali Mishra,F,22,Kanpur,Uttar Pradesh,2,208014,2023-05-18
C03030,Simran Mishra,F,40,Delhi,Delhi,1,110067,2022-09-07
C03031,Deepa Singh,F,35,Mumbai,Maharashtra,1,400056,2024-07-15
C03032,Deepa Mishra,F,25,Patna,Bihar,2,800013,2023-08-11
C03033,Sana Joshi,F,40,Hyderabad,Telangana,1,500046,2023-06-30
C03034,Simran Singh,F,27,Gorakhpur,Uttar Pradesh,3,273078,2023-08-08
C03035,Amit Gupta,M,24,Hyderabad,Telangana,1,500068,2022-05-12
C03036,Rani Saikia,F,34,Raipur,Chhattisgarh,2,492022,2022-10-18
C03037,Lakshmi Sharma,F,31,Bengaluru,Karnataka,1,560064,2023-10-11
C03038,Kavya Singh,F,24,Hyderabad,Telangana,1,500054,2024-05-31
C03039,Payal Devi,F,28,Varanasi,Uttar Pradesh,3,221035,2023-02-17
C03040,Arjun Devi,M,25,Bengaluru,Karnataka,1,560061,2022-11-13
C03041,Meena Pandey,F,28,Delhi,Delhi,1,110065,2024-02-14
C03042,Aisha Devi,F,43,Lucknow,Uttar Pradesh,2,226098,2022-06-04
C03043,Fatima Patel,F,22,Delhi,Delhi,1,110019,2023-11-07
C03044,Amit Joshi,M,20,Dehradun,Uttarakhand,2,248077,2022-10-15
C03045,Pooja Nair,F,31,Guwahati,Assam,2,781023,2024-06-15
C03046,Vikram Kumari,M,21,Gorakhpur,Uttar Pradesh,3,273090,2023-03-26
C03047,Fatima Pandey,F,24,Jaipur,Rajasthan,2,302093,2022-08-02
C03048,Neha Mishra,F,19,Nagpur,Maharashtra,2,440078,2024-01-27
C03049,Payal Devi,F,28,Bengaluru,Karnataka,1,560080,2024-08-15
C03050,Deepa Das,F,32,Ludhiana,Punjab,2,141018,2022-12-27
C03051,Komal Devi,F,23,Pune,Maharashtra,1,411090,2024-06-13
C03052,Ritika Mishra,F,20,Patna,Bihar,2,800054,2023-08-18
C03053,Ritika Patel,F,42,Bhopal,Madhya Pradesh,2,462025,2023-07-20
C03054,Sneha Singh,F,25,Indore,Madhya Pradesh,2,452091,2023-12-06
C03055,Kavya Das,F,23,Bhilwara,Rajasthan,3,311083,2024-04-10
C03056,Amit Devi,M,25,Guwahati,Assam,2,781008,2023-08-07
C03057,Amit Reddy,F,27,Ludhiana,Punjab,2,141002,2024-06-27
C03058,Meena Das,F,27,Imphal,Manipur,3,795098,2023-03-15
C03059,Deepa Sharma,F,26,Shillong,Meghalaya,3,793032,2022-06-27
C03060,Rahul Devi,F,31,Siliguri,West Bengal,3,734045,2022-10-14
C03061,Deepa Chauhan,F,20,Imphal,Manipur,3,795044,2023-08-02
C03062,Rani Das,F,33,Bareilly,Uttar Pradesh,3,243045,2024-03-18
C03063,Pooja Patel,F,28,Kanpur,Uttar Pradesh,2,208040,2022-06-04
C03064,Divya Gupta,F,19,Coimbatore,Tamil Nadu,2,641066,2022-06-10
C03065,Amit Sharma,M,28,Hyderabad,Telangana,1,500050,2023-11-09
C03066,Rani Saikia,F,35,Kanpur,Uttar Pradesh,2,208082,2024-04-06
C03067,Ruchi Iyer,F,31,Chennai,Tamil Nadu,1,600077,2024-04-07
C03068,Aisha Reddy,F,20,Dehradun,Uttarakhand,2,248073,2024-01-19
C03069,Komal Patel,F,18,Mumbai,Maharashtra,1,400080,2022-07-12
C03070,Rohit Nair,M,22,Chennai,Tamil Nadu,1,600038,2024-09-29
C03071,Swati Patel,F,24,Jaipur,Rajasthan,2,302026,2022-06-29
C03072,Sana Reddy,F,39,Kolkata,West Bengal,1,700027,2023-06-06
C03073,Suresh Iyer,M,39,Jaipur,Rajasthan,2,302094,2024-08-24
C03074,Shalini Das,F,25,Bhopal,Madhya Pradesh,2,462094,2023-03-06
C03075,Rohit Rao,M,18,Hyderabad,Telangana,1,500058,2023-12-31
C03076,Rahul Saikia,M,23,Hyderabad,Telangana,1,500098,2022-05-12
C03077,Imran Devi,M,33,Nagpur,Maharashtra,2,440081,2022-04-29
C03078,Sana Iyer,F,24,Bengaluru,Karnataka,1,560042,2023-01-25
C03079,Suresh Mishra,M,32,Mumbai,Maharashtra,1,400016,2022-07-03
C03080,Anjali Saikia,F,28,Nagpur,Maharashtra,2,440036,2024-05-15
C03081,Vikram Nair,M,46,Nagpur,Maharashtra,2,440094,2023-01-15
C03082,Swati Iyer,F,26,Coimbatore,Tamil Nadu,2,641059,2024-09-15
C03083,Rahul Sharma,F,31,Jaipur,Rajasthan,2,302075,2024-08-10
C03084,Nisha Gupta,F,24,Mumbai,Maharashtra,1,400068,2024-01-09
C03085,Karan Singh,M,33,Varanasi,Uttar Pradesh,3,221046,2023-07-31
C03086,Lakshmi Mishra,F,34,Indore,Madhya Pradesh,2,452055,2024-09-11
C03087,Deepa Das,F,23,Raipur,Chhattisgarh,2,492027,2023-12-16
C03088,Imran Devi,M,31,Raipur,Chhattisgarh,2,492074,2023-04-21
C03089,Arjun Mishra,M,18,Lucknow,Uttar Pradesh,2,226083,2023-10-24
C03090,Rahul Saikia,F,25,Varanasi,Uttar Pradesh,3,221063,2023-10-16
C03091,Rahul Nair,F,47,Kolkata,West Bengal,1,700072,2023-07-14
C03092,Rohit Mishra,M,21,Mumbai,Maharashtra,1,400039,2024-08-28
C03093,Deepa Reddy,F,33,Siliguri,West Bengal,3,734055,2022-08-31
C03094,Meena Chauhan,F,36,Hyderabad,Telangana,1,500081,2023-08-07
C03095,Lakshmi Das,F,31,Guwahati,Assam,2,781072,2022-04-26
C03096,Divya Chauhan,F,18,Bengaluru,Karnataka,1,560093,2022-05-25
C03097,Sneha Joshi,F,30,Mumbai,Maharashtra,1,400077,2023-10-26
C03098,Vikram Sharma,M,34,Mumbai,Maharashtra,1,400048,2024-05-04
C03099,Karan Joshi,M,30,Muzaffarpur,Bihar,3,842098,2023-06-03
C03100,Divya Iyer,F,24,Bengaluru,Karnataka,1,560096,2023-07-27
C03101,Meena Patel,F,26,Hyderabad,Telangana,1,500052,2023-04-30
C03102,Amit Reddy,F,20,Varanasi,Uttar Pradesh,3,221087,2024-04-30
C03103,Deepa Iyer,F,19,Hyderabad,Telangana,1,500058,2024-02-19
C03104,Arjun Nair,M,32,Siliguri,West Bengal,3,734060,2023-07-21
C03105,Sneha Kumari,F,30,Hyderabad,Telangana,1,500057,2023-03-30
C03106,Sana Rao,F,44,Kolkata,West Bengal,1,700063,2022-06-21
C03107,Imran Devi,M,27,Patna,Bihar,2,800084,2024-01-30
C03108,Imran Yadav,M,24,Ujjain,Madhya Pradesh,3,456058,2022-08-26
C03109,Priya Reddy,F,32,Patna,Bihar,2,800054,2023-03-11
C03110,Sneha Sharma,F,42,Patna,Bihar,2,800054,2023-06-11
C03111,Nisha Pandey,F,20,Lucknow,Uttar Pradesh,2,226010,2023-11-12
C03112,Lakshmi Patel,F,19,Guwahati,Assam,2,781005,2022-12-13
C03113,Fatima Verma,F,29,Ranchi,Jharkhand,2,834051,2023-10-02
C03114,Amit Das,F,28,Ranchi,Jharkhand,2,834032,2023-04-13
C03115,Suresh Pandey,M,23,Bareilly,Uttar Pradesh,3,243026,2022-04-30
C03116,Suresh Verma,M,18,Raipur,Chhattisgarh,2,492005,2024-01-09
C03117,Amit Gupta,M,25,Patna,Bihar,2,800040,2023-02-11
C03118,Simran Gupta,F,34,Bareilly,Uttar Pradesh,3,243073,2023-02-04
C03119,Amit Gupta,M,28,Guwahati,Assam,2,781065,2024-02-24
C03120,Fatima Kumari,F,27,Guwahati,Assam,2,781094,2023-11-23
C03121,Pooja Chauhan,F,31,Patna,Bihar,2,800066,2023-05-22
C03122,Nisha Saikia,F,30,Ludhiana,Punjab,2,141071,2024-05-04
C03123,Shalini Yadav,F,28,Ranchi,Jharkhand,2,834077,2023-02-09
C03124,Sana Gupta,F,23,Jaipur,Rajasthan,2,302090,2024-02-06
C03125,Kavya Saikia,F,33,Raipur,Chhattisgarh,2,492055,2023-12-14
C03126,Payal Reddy,F,31,Agartala,Tripura,3,799023,2024-04-25
C03127,Pooja Patel,F,30,Mumbai,Maharashtra,1,400049,2024-08-29
C03128,Aisha Patel,F,20,Kolkata,West Bengal,1,700033,2023-06-25
C03129,Kavya Nair,F,27,Guwahati,Assam,2,781017,2024-09-29
C03130,Meena Singh,F,23,Hyderabad,Telangana,1,500093,2024-02-13
C03131,Aisha Pandey,F,43,Varanasi,Uttar Pradesh,3,221096,2022-11-03
C03132,Suresh Das,M,48,Raipur,Chhattisgarh,2,492064,2023-05-30
C03133,Ritika Pandey,F,24,Kolkata,West Bengal,1,700002,2024-05-10
C03134,Fatima Iyer,F,20,Lucknow,Uttar Pradesh,2,226045,2024-02-29
C03135,Imran Khan,M,33,Hubballi,Karnataka,3,580071,2023-01-24
C03136,Rahul Saikia,M,20,Lucknow,Uttar Pradesh,2,226022,2023-03-14
C03137,Swati Singh,F,29,Bhilwara,Rajasthan,3,311098,2023-01-05
C03138,Neha Saikia,F,20,Hyderabad,Telangana,1,500071,2022-09-29
C03139,Ritika Rao,F,26,Dehradun,Uttarakhand,2,248050,2024-03-22
C03140,Kavya Das,F,36,Pune,Maharashtra,1,411089,2023-01-18
C03141,Amit Reddy,F,48,Shillong,Meghalaya,3,793007,2022-05-25
C03142,Rohit Gupta,M,22,Surat,Gujarat,2,395061,2024-03-18
C03143,Arjun Kumari,M,25,Kolkata,West Bengal,1,700011,2023-10-27
C03144,Ritika Verma,F,40,Shillong,Meghalaya,3,793029,2024-08-23
C03145,Arjun Sharma,M,20,Hyderabad,Telangana,1,500086,2022-10-03
C03146,Amit Iyer,F,27,Mumbai,Maharashtra,1,400085,2022-08-07
C03147,Amit Iyer,F,27,Kolkata,West Bengal,1,700042,2023-11-26
C03148,Kavya Devi,F,22,Delhi,Delhi,1,110053,2023-01-12
C03149,Divya Yadav,F,27,Agartala,Tripura,3,799088,2024-07-09
C03150,Amit Sharma,M,21,Ujjain,Madhya Pradesh,3,456089,2022-08-27
C03151,Rahul Devi,F,19,Jaipur,Rajasthan,2,302097,2022-05-25
C03152,Lakshmi Yadav,F,26,Siliguri,West Bengal,3,734018,2022-07-05
C03153,Sneha Iyer,F,22,Guwahati,Assam,2,781020,2022-10-29
C03154,Imran Kumari,M,30,Mumbai,Maharashtra,1,400080,2023-02-27
C03155,Rahul Chauhan,M,26,Dehradun,Uttarakhand,2,248064,2023-02-23
C03156,Amit Sharma,F,25,Varanasi,Uttar Pradesh,3,221018,2022-11-24
C03157,Lakshmi Pandey,F,22,Varanasi,Uttar Pradesh,3,221071,2022-12-29
C03158,Kavya Yadav,F,32,Indore,Madhya Pradesh,2,452035,2023-03-09
C03159,Sneha Nair,F,32,Lucknow,Uttar Pradesh,2,226016,2024-05-06
C03160,Divya Khan,F,47,Kanpur,Uttar Pradesh,2,208006,2023-10-28
C03161,Lakshmi Sharma,F,22,Raipur,Chhattisgarh,2,492081,2023-04-22
C03162,Rahul Das,M,23,Jaipur,Rajasthan,2,302024,2024-01-07
C03163,Arjun Ansari,M,30,Bengaluru,Karnataka,1,560089,2023-01-19
C03164,Rani Sharma,F,20,Bhilwara,Rajasthan,3,311082,2023-05-06
C03165,Divya Iyer,F,26,Bhilwara,Rajasthan,3,311027,2024-08-26
C03166,Lakshmi Pandey,F,22,Mumbai,Maharashtra,1,400029,2023-04-23
C03167,Swati Joshi,F,30,Nagpur,Maharashtra,2,440045,2023-07-24
C03168,Vikram Gupta,M,19,Raipur,Chhattisgarh,2,492054,2022-12-09
C03169,Rahul Gupta,M,47,Delhi,Delhi,1,110094,2022-04-27
C03170,Fatima Ansari,F,26,Hyderabad,Telangana,1,500086,2022-08-22
C03171,Rahul Patel,M,24,Indore,Madhya Pradesh,2,452043,2024-05-30
C03172,Swati Saikia,F,28,Guwahati,Assam,2,781094,2024-01-24
C03173,Arjun Das,M,21,Nagpur,Maharashtra,2,440034,2023-06-19
C03174,Shalini Reddy,F,22,Gorakhpur,Uttar Pradesh,3,273072,2024-01-30
C03175,Suresh Ansari,M,19,Kanpur,Uttar Pradesh,2,208073,2023-10-28
C03176,Amit Kumari,F,26,Guwahati,Assam,2,781066,2022-08-16
C03177,Suresh Mishra,M,22,Bhopal,Madhya Pradesh,2,462076,2024-04-14
C03178,Deepa Rao,F,23,Lucknow,Uttar Pradesh,2,226068,2024-04-16
C03179,Amit Chauhan,M,25,Ranchi,Jharkhand,2,834048,2024-03-01
C03180,Imran Iyer,M,27,Bengaluru,Karnataka,1,560088,2022-06-03
C03181,Karan Chauhan,M,30,Indore,Madhya Pradesh,2,452036,2023-11-05
C03182,Fatima Nair,F,33,Varanasi,Uttar Pradesh,3,221043,2024-05-04
C03183,Ritika Gupta,F,40,Mumbai,Maharashtra,1,400045,2022-11-01
C03184,Lakshmi Khan,F,46,Varanasi,Uttar Pradesh,3,221080,2023-05-20
C03185,Fatima Gupta,F,36,Pune,Maharashtra,1,411091,2022-12-20
C03186,Deepa Khan,F,28,Kolkata,West Bengal,1,700098,2024-05-31
C03187,Sana Devi,F,26,Siliguri,West Bengal,3,734043,2024-02-15
C03188,Divya Gupta,F,31,Pune,Maharashtra,1,411040,2024-06-09
C03189,Sana Iyer,F,18,Kanpur,Uttar Pradesh,2,208007,2023-03-02
C03190,Swati Khan,F,21,Hubballi,Karnataka,3,580051,2022-07-21
C03191,Amit Mishra,F,22,Hyderabad,Telangana,1,500023,2023-12-19
C03192,Komal Patel,F,23,Delhi,Delhi,1,110062,2023-09-07
C03193,Lakshmi Chauhan,F,31,Jaipur,Rajasthan,2,302084,2022-10-22
C03194,Lakshmi Chauhan,F,39,Bengaluru,Karnataka,1,560002,2022-07-12
C03195,Rahul Gupta,M,28,Hyderabad,Telangana,1,500029,2023-07-10
C03196,Swati Kumari,F,33,Guwahati,Assam,2,781014,2023-10-13
C03197,Priya Pandey,F,22,Lucknow,Uttar Pradesh,2,226051,2024-08-21
C03198,Fatima Kumari,F,22,Kanpur,Uttar Pradesh,2,208064,2024-05-15
C03199,Ritika Kumari,F,48,Bengaluru,Karnataka,1,560039,2023-01-01
C03200,Rahul Yadav,F,29,Surat,Gujarat,2,395053,2023-07-04
C03201,Rohit Chauhan,M,19,Guwahati,Assam,2,781022,2024-07-06
C03202,Imran Patel,M,18,Shillong,Meghalaya,3,793087,2023-05-11
C03203,Rohit Gupta,M,41,Indore,Madhya Pradesh,2,452024,2023-08-02
C03204,Imran Kumari,M,34,Pune,Maharashtra,1,411035,2023-12-11
C03205,Komal Devi,F,18,Guwahati,Assam,2,781062,2022-06-04
C03206,Rani Saikia,F,44,Lucknow,Uttar Pradesh,2,226065,2024-07-27
C03207,Pooja Yadav,F,26,Indore,Madhya Pradesh,2,452039,2024-06-25
C03208,Kavya Mishra,F,21,Varanasi,Uttar Pradesh,3,221055,2023-12-24
C03209,Deepa Reddy,F,28,Kanpur,Uttar Pradesh,2,208085,2023-02-25
C03210,Simran Pandey,F,28,Patna,Bihar,2,800075,2024-08-25
C03211,Meena Devi,F,24,Patna,Bihar,2,800082,2022-05-30
C03212,Suresh Rao,M,33,Kolkata,West Bengal,1,700014,2023-10-23
C03213,Rohit Yadav,M,26,Agartala,Tripura,3,799099,2023-01-13
C03214,Ruchi Reddy,F,21,Agartala,Tripura,3,799045,2024-02-29
C03215,Neha Verma,F,21,Lucknow,Uttar Pradesh,2,226016,2023-10-26
C03216,Aisha Das,F,26,Coimbatore,Tamil Nadu,2,641031,2022-11-22
C03217,Arjun Rao,M,23,Mumbai,Maharashtra,1,400046,2023-09-23
C03218,Ruchi Nair,F,28,Patna,Bihar,2,800035,2022-12-08
C03219,Meena Singh,F,28,Bhilwara,Rajasthan,3,311084,2023-09-14
C03220,Divya Yadav,F,22,Patna,Bihar,2,800069,2023-09-22
C03221,Priya Saikia,F,29,Bhilwara,Rajasthan,3,311063,2022-08-29
C03222,Imran Chauhan,M,31,Kanpur,Uttar Pradesh,2,208052,2024-08-17
C03223,Arjun Singh,M,31,Delhi,Delhi,1,110022,2024-01-31
C03224,Lakshmi Das,F,27,Hyderabad,Telangana,1,500003,2023-06-13
C03225,Rani Joshi,F,21,Mumbai,Maharashtra,1,400033,2022-09-15
C03226,Payal Reddy,F,36,Bhilwara,Rajasthan,3,311072,2023-10-10
C03227,Anjali Chauhan,F,33,Ranchi,Jharkhand,2,834037,2023-09-16
C03228,Neha Joshi,F,30,Ranchi,Jharkhand,2,834013,2024-09-12
C03229,Deepa Sharma,F,19,Mumbai,Maharashtra,1,400098,2024-06-16
C03230,Ruchi Joshi,F,26,Indore,Madhya Pradesh,2,452074,2024-08-28
C03231,Sana Khan,F,40,Patna,Bihar,2,800041,2022-11-05
C03232,Rohit Singh,M,29,Mumbai,Maharashtra,1,400075,2022-06-25
C03233,Rani Iyer,F,25,Dehradun,Uttarakhand,2,248046,2024-03-13
C03234,Aisha Pandey,F,29,Varanasi,Uttar Pradesh,3,221091,2023-04-11
C03235,Anjali Joshi,F,24,Kanpur,Uttar Pradesh,2,208035,2022-07-27
C03236,Shalini Singh,F,18,Mumbai,Maharashtra,1,400010,2023-12-28
C03237,Meena Khan,F,27,Hyderabad,Telangana,1,500079,2024-02-12
C03238,Vikram Mishra,M,31,Indore,Madhya Pradesh,2,452057,2022-08-06
C03239,Rahul Nair,F,18,Gorakhpur,Uttar Pradesh,3,273026,2022-10-12
C03240,Rahul Verma,M,45,Dehradun,Uttarakhand,2,248093,2024-02-11
C03241,Simran Pandey,F,22,Varanasi,Uttar Pradesh,3,221050,2022-06-10
C03242,Divya Khan,F,45,Bengaluru,Karnataka,1,560054,2024-02-02
C03243,Rani Nair,F,20,Muzaffarpur,Bihar,3,842019,2023-05-02
C03244,Simran Saikia,F,22,Agartala,Tripura,3,799087,2024-05-23
C03245,Rohit Gupta,M,23,Hubballi,Karnataka,3,580042,2022-04-28
C03246,Neha Saikia,F,22,Delhi,Delhi,1,110043,2022-06-25
C03247,Divya Joshi,F,45,Kanpur,Uttar Pradesh,2,208081,2023-12-27
C03248,Ritika Khan,F,28,Jaipur,Rajasthan,2,302036,2023-12-13
C03249,Neha Rao,F,28,Bilaspur,Chhattisgarh,3,495011,2024-02-26
C03250,Swati Sharma,F,22,Jaipur,Rajasthan,2,302008,2024-03-04
C03251,Komal Singh,F,24,Nagpur,Maharashtra,2,440057,2022-05-28
C03252,Meena Singh,F,26,Hubballi,Karnataka,3,580064,2024-07-11
C03253,Kavya Sharma,F,39,Pune,Maharashtra,1,411085,2023-04-16
C03254,Fatima Verma,F,21,Chennai,Tamil Nadu,1,600024,2023-07-06
C03255,Ruchi Sharma,F,34,Hyderabad,Telangana,1,500062,2022-04-16
C03256,Karan Ansari,M,18,Dehradun,Uttarakhand,2,248054,2022-11-24
C03257,Komal Reddy,F,30,Ludhiana,Punjab,2,141019,2022-09-04
C03258,Simran Ansari,F,20,Kanpur,Uttar Pradesh,2,208082,2023-08-02
C03259,Sneha Verma,F,34,Hyderabad,Telangana,1,500067,2023-08-24
C03260,Neha Chauhan,F,25,Nagpur,Maharashtra,2,440006,2024-02-13
C03261,Ruchi Das,F,30,Imphal,Manipur,3,795033,2023-01-11
C03262,Rani Devi,F,19,Indore,Madhya Pradesh,2,452042,2022-09-27
C03263,Sana Sharma,F,26,Muzaffarpur,Bihar,3,842073,2024-08-29
C03264,Payal Sharma,F,22,Bhilwara,Rajasthan,3,311044,2022-06-21
C03265,Sana Joshi,F,21,Ludhiana,Punjab,2,141071,2024-07-23
C03266,Rani Singh,F,22,Guwahati,Assam,2,781075,2023-08-28
C03267,Fatima Khan,F,28,Patna,Bihar,2,800032,2024-07-25
C03268,Ruchi Yadav,F,28,Kanpur,Uttar Pradesh,2,208022,2023-08-17
C03269,Neha Iyer,F,18,Varanasi,Uttar Pradesh,3,221071,2022-10-08
C03270,Fatima Chauhan,F,25,Bhopal,Madhya Pradesh,2,462026,2022-08-02
C03271,Swati Das,F,20,Bareilly,Uttar Pradesh,3,243001,2023-08-10
C03272,Divya Gupta,F,28,Lucknow,Uttar Pradesh,2,226033,2023-09-11
C03273,Rahul Pandey,F,23,Surat,Gujarat,2,395095,2024-07-10
C03274,Amit Yadav,M,38,Kolkata,West Bengal,1,700025,2024-07-05
C03275,Lakshmi Saikia,F,18,Surat,Gujarat,2,395029,2023-10-20
C03276,Karan Singh,M,33,Gorakhpur,Uttar Pradesh,3,273011,2022-05-08
C03277,Anjali Pandey,F,32,Patna,Bihar,2,800008,2023-02-23
C03278,Rahul Kumari,F,20,Kolkata,West Bengal,1,700051,2024-01-16
C03279,Lakshmi Rao,F,24,Nagpur,Maharashtra,2,440031,2023-07-01
C03280,Komal Joshi,F,30,Jaipur,Rajasthan,2,302059,2023-06-14
C03281,Anjali Sharma,F,25,Agartala,Tripura,3,799040,2023-11-04
C03282,Rahul Saikia,F,32,Ujjain,Madhya Pradesh,3,456087,2022-12-21
C03283,Pooja Ansari,F,19,Ludhiana,Punjab,2,141030,2024-02-13
C03284,Simran Joshi,F,33,Hyderabad,Telangana,1,500034,2022-04-26
C03285,Meena Rao,F,19,Lucknow,Uttar Pradesh,2,226076,2023-11-26
C03286,Vikram Singh,M,29,Raipur,Chhattisgarh,2,492050,2024-09-11
C03287,Rohit Ansari,M,29,Agartala,Tripura,3,799075,2022-09-27
C03288,Suresh Singh,M,19,Imphal,Manipur,3,795062,2023-02-20
C03289,Nisha Pandey,F,29,Patna,Bihar,2,800054,2023-10-18
C03290,Nisha Yadav,F,24,Patna,Bihar,2,800038,2023-05-01
C03291,Rahul Patel,M,34,Lucknow,Uttar Pradesh,2,226034,2022-10-31
C03292,Suresh Sharma,M,30,Jaipur,Rajasthan,2,302093,2023-02-05
C03293,Lakshmi Iyer,F,34,Guwahati,Assam,2,781017,2023-08-09
C03294,Sana Joshi,F,32,Varanasi,Uttar Pradesh,3,221057,2023-01-30
C03295,Lakshmi Patel,F,31,Jaipur,Rajasthan,2,302019,2023-09-12
C03296,Kavya Joshi,F,20,Chennai,Tamil Nadu,1,600008,2023-07-11
C03297,Amit Yadav,M,31,Guwahati,Assam,2,781023,2024-03-24
C03298,Komal Khan,F,23,Ludhiana,Punjab,2,141030,2024-03-18
C03299,Anjali Yadav,F,25,Raipur,Chhattisgarh,2,492033,2023-12-20
C03300,Rahul Kumari,M,26,Jaipur,Rajasthan,2,302091,2024-02-12
C03301,Sana Pandey,F,24,Raipur,Chhattisgarh,2,492044,2023-07-11
C03302,Sneha Devi,F,22,Nagpur,Maharashtra,2,440065,2023-10-16
C03303,Anjali Verma,F,26,Chennai,Tamil Nadu,1,600033,2023-04-07
C03304,Meena Rao,F,28,Shillong,Meghalaya,3,793032,2024-06-14
C03305,Swati Sharma,F,29,Delhi,Delhi,1,110045,2023-11-18
C03306,Priya Mishra,F,32,Muzaffarpur,Bihar,3,842053,2022-08-15
C03307,Imran Mishra,M,33,Bareilly,Uttar Pradesh,3,243072,2022-05-05
C03308,Swati Joshi,F,18,Bhilwara,Rajasthan,3,311087,2024-03-31
C03309,Sneha Khan,F,20,Bengaluru,Karnataka,1,560062,2024-08-27
C03310,Rahul Mishra,F,31,Muzaffarpur,Bihar,3,842027,2023-02-03
C03311,Komal Ansari,F,33,Dehradun,Uttarakhand,2,248021,2023-04-19
C03312,Amit Nair,M,27,Patna,Bihar,2,800073,2023-09-27
C03313,Neha Ansari,F,44,Varanasi,Uttar Pradesh,3,221051,2023-11-19
C03314,Aisha Patel,F,34,Kolkata,West Bengal,1,700001,2023-06-07
C03315,Rahul Verma,F,33,Bengaluru,Karnataka,1,560040,2023-10-21
C03316,Priya Yadav,F,18,Raipur,Chhattisgarh,2,492011,2022-09-22
C03317,Shalini Nair,F,26,Imphal,Manipur,3,795068,2023-05-10
C03318,Rahul Gupta,F,26,Kanpur,Uttar Pradesh,2,208052,2023-08-03
C03319,Lakshmi Sharma,F,29,Delhi,Delhi,1,110022,2023-08-13
C03320,Fatima Nair,F,19,Raipur,Chhattisgarh,2,492030,2022-04-27
C03321,Komal Mishra,F,24,Ranchi,Jharkhand,2,834026,2024-09-18
C03322,Payal Yadav,F,46,Surat,Gujarat,2,395072,2024-02-23
C03323,Priya Iyer,F,20,Jaipur,Rajasthan,2,302034,2023-10-24
C03324,Aisha Yadav,F,20,Indore,Madhya Pradesh,2,452035,2022-09-03
C03325,Rahul Singh,F,32,Ludhiana,Punjab,2,141001,2024-06-26
C03326,Rani Iyer,F,33,Lucknow,Uttar Pradesh,2,226086,2024-05-19
C03327,Pooja Saikia,F,21,Bengaluru,Karnataka,1,560072,2024-04-26
C03328,Sneha Reddy,F,22,Nagpur,Maharashtra,2,440073,2023-06-29
C03329,Vikram Ansari,M,34,Siliguri,West Bengal,3,734021,2023-02-02
C03330,Lakshmi Pandey,F,47,Muzaffarpur,Bihar,3,842016,2024-07-14
C03331,Sana Joshi,F,23,Indore,Madhya Pradesh,2,452003,2022-07-18
C03332,Karan Das,M,21,Patna,Bihar,2,800040,2024-03-28
C03333,Vikram Saikia,M,30,Kolkata,West Bengal,1,700017,2023-10-13
C03334,Komal Reddy,F,23,Kanpur,Uttar Pradesh,2,208039,2022-12-03
C03335,Karan Joshi,M,31,Surat,Gujarat,2,395091,2022-07-16
C03336,Fatima Das,F,27,Patna,Bihar,2,800026,2022-12-27
C03337,Karan Chauhan,M,30,Shillong,Meghalaya,3,793047,2023-06-02
C03338,Arjun Reddy,M,19,Delhi,Delhi,1,110021,2023-01-12
C03339,Aisha Nair,F,45,Bilaspur,Chhattisgarh,3,495003,2022-12-15
C03340,Rani Iyer,F,45,Kolkata,West Bengal,1,700004,2022-09-24
C03341,Sana Gupta,F,29,Bengaluru,Karnataka,1,560062,2024-02-11
C03342,Kavya Kumari,F,22,Patna,Bihar,2,800017,2023-09-23
C03343,Anjali Reddy,F,25,Pune,Maharashtra,1,411007,2023-01-31
C03344,Fatima Verma,F,45,Guwahati,Assam,2,781043,2024-05-03
C03345,Rahul Singh,F,23,Patna,Bihar,2,800024,2023-08-23
C03346,Payal Mishra,F,18,Kolkata,West Bengal,1,700002,2022-12-22
C03347,Sana Reddy,F,28,Mumbai,Maharashtra,1,400079,2023-04-10
C03348,Meena Khan,F,25,Bareilly,Uttar Pradesh,3,243098,2022-12-09
C03349,Deepa Iyer,F,42,Guwahati,Assam,2,781062,2022-07-08
C03350,Vikram Devi,M,23,Ujjain,Madhya Pradesh,3,456022,2023-07-18
C03351,Meena Joshi,F,25,Dehradun,Uttarakhand,2,248052,2023-11-04
C03352,Sneha Devi,F,19,Bengaluru,Karnataka,1,560091,2022-12-20
C03353,Nisha Iyer,F,27,Mumbai,Maharashtra,1,400039,2024-05-05
C03354,Amit Mishra,F,19,Indore,Madhya Pradesh,2,452092,2023-12-16
C03355,Ruchi Devi,F,22,Hyderabad,Telangana,1,500093,2022-10-10
C03356,Nisha Pandey,F,26,Guwahati,Assam,2,781074,2024-02-14
C03357,Aisha Saikia,F,18,Kanpur,Uttar Pradesh,2,208036,2023-11-09
C03358,Deepa Saikia,F,29,Agartala,Tripura,3,799023,2023-04-25
C03359,Divya Joshi,F,34,Patna,Bihar,2,800013,2024-02-18
C03360,Vikram Nair,M,24,Chennai,Tamil Nadu,1,600007,2024-03-30
C03361,Neha Khan,F,33,Bareilly,Uttar Pradesh,3,243033,2024-09-09
C03362,Ritika Joshi,F,25,Coimbatore,Tamil Nadu,2,641030,2023-10-12
C03363,Suresh Verma,M,22,Bengaluru,Karnataka,1,560042,2024-06-25
C03364,Pooja Pandey,F,40,Gorakhpur,Uttar Pradesh,3,273069,2022-05-06
C03365,Arjun Verma,M,22,Patna,Bihar,2,800083,2022-06-17
C03366,Divya Kumari,F,20,Raipur,Chhattisgarh,2,492076,2023-01-05
C03367,Amit Yadav,M,34,Delhi,Delhi,1,110005,2023-05-23
C03368,Pooja Reddy,F,29,Dehradun,Uttarakhand,2,248003,2023-10-10
C03369,Rahul Das,F,26,Ranchi,Jharkhand,2,834098,2024-07-23
C03370,Amit Mishra,M,28,Kanpur,Uttar Pradesh,2,208046,2023-05-12
C03371,Suresh Iyer,M,23,Hubballi,Karnataka,3,580066,2022-12-25
C03372,Suresh Reddy,M,31,Ludhiana,Punjab,2,141016,2022-08-31
C03373,Amit Rao,M,31,Jaipur,Rajasthan,2,302031,2023-11-13
C03374,Rahul Joshi,M,20,Delhi,Delhi,1,110041,2024-08-20
C03375,Sana Rao,F,34,Pune,Maharashtra,1,411046,2022-11-18
C03376,Nisha Gupta,F,24,Ludhiana,Punjab,2,141089,2023-07-27
C03377,Rahul Saikia,M,19,Bengaluru,Karnataka,1,560011,2023-12-15
C03378,Neha Verma,F,22,Dehradun,Uttarakhand,2,248063,2022-06-03
C03379,Neha Rao,F,19,Bhopal,Madhya Pradesh,2,462036,2022-07-06
C03380,Neha Kumari,F,43,Bhilwara,Rajasthan,3,311067,2024-06-07
C03381,Rahul Rao,F,20,Jaipur,Rajasthan,2,302068,2022-06-18
C03382,Rahul Pandey,M,30,Raipur,Chhattisgarh,2,492043,2023-08-19
C03383,Kavya Kumari,F,34,Guwahati,Assam,2,781005,2024-09-19
C03384,Payal Khan,F,21,Patna,Bihar,2,800087,2022-11-17
C03385,Sneha Patel,F,29,Ujjain,Madhya Pradesh,3,456054,2023-12-17
C03386,Amit Sharma,F,38,Bengaluru,Karnataka,1,560007,2022-08-06
C03387,Swati Devi,F,29,Jaipur,Rajasthan,2,302014,2022-12-15
C03388,Vikram Iyer,M,20,Pune,Maharashtra,1,411034,2023-09-01
C03389,Simran Kumari,F,31,Patna,Bihar,2,800058,2023-09-16
C03390,Payal Singh,F,27,Mumbai,Maharashtra,1,400046,2023-07-18
C03391,Shalini Kumari,F,27,Bengaluru,Karnataka,1,560032,2022-08-25
C03392,Lakshmi Joshi,F,22,Mumbai,Maharashtra,1,400003,2022-09-25
C03393,Shalini Iyer,F,24,Bengaluru,Karnataka,1,560031,2022-08-04
C03394,Aisha Sharma,F,21,Patna,Bihar,2,800049,2023-05-13
C03395,Rani Khan,F,21,Raipur,Chhattisgarh,2,492048,2023-12-17
C03396,Priya Singh,F,19,Nagpur,Maharashtra,2,440018,2023-09-14
C03397,Divya Sharma,F,28,Hubballi,Karnataka,3,580038,2023-02-05
C03398,Amit Verma,F,24,Bareilly,Uttar Pradesh,3,243073,2022-05-19
C03399,Aisha Chauhan,F,22,Patna,Bihar,2,800040,2023-09-11
C03400,Ritika Das,F,25,Mumbai,Maharashtra,1,400099,2022-11-14
C03401,Pooja Das,F,23,Mumbai,Maharashtra,1,400079,2023-11-22
C03402,Priya Ansari,F,26,Kanpur,Uttar Pradesh,2,208014,2023-07-11
C03403,Lakshmi Iyer,F,26,Bareilly,Uttar Pradesh,3,243053,2022-08-21
C03404,Payal Patel,F,34,Jaipur,Rajasthan,2,302078,2022-07-07
C03405,Sneha Joshi,F,30,Jaipur,Rajasthan,2,302008,2024-09-27
C03406,Sneha Reddy,F,27,Delhi,Delhi,1,110005,2023-09-16
C03407,Neha Khan,F,29,Jaipur,Rajasthan,2,302067,2023-03-04
C03408,Amit Chauhan,M,23,Guwahati,Assam,2,781099,2022-05-03
C03409,Imran Gupta,M,31,Bhopal,Madhya Pradesh,2,462006,2022-10-06
C03410,Kavya Patel,F,33,Nagpur,Maharashtra,2,440068,2023-03-15
C03411,Lakshmi Devi,F,30,Kolkata,West Bengal,1,700025,2023-08-02
C03412,Ruchi Devi,F,27,Mumbai,Maharashtra,1,400039,2023-11-26
C03413,Fatima Rao,F,30,Delhi,Delhi,1,110025,2022-09-21
C03414,Vikram Joshi,M,29,Mumbai,Maharashtra,1,400006,2024-02-13
C03415,Amit Rao,M,22,Ujjain,Madhya Pradesh,3,456049,2022-11-06
C03416,Neha Nair,F,25,Jaipur,Rajasthan,2,302086,2023-02-22
C03417,Priya Nair,F,20,Jaipur,Rajasthan,2,302065,2023-02-28
C03418,Neha Saikia,F,22,Gorakhpur,Uttar Pradesh,3,273094,2023-11-14
C03419,Deepa Devi,F,27,Siliguri,West Bengal,3,734093,2023-05-23
C03420,Ritika Das,F,19,Jaipur,Rajasthan,2,302029,2024-01-07
C03421,Pooja Chauhan,F,21,Mumbai,Maharashtra,1,400040,2024-09-22
C03422,Pooja Reddy,F,21,Hubballi,Karnataka,3,580057,2022-04-21
C03423,Meena Joshi,F,29,Surat,Gujarat,2,395054,2024-09-30
C03424,Anjali Kumari,F,27,Surat,Gujarat,2,395085,2022-06-17
C03425,Pooja Sharma,F,26,Bhopal,Madhya Pradesh,2,462046,2022-08-12
C03426,Payal Yadav,F,37,Muzaffarpur,Bihar,3,842059,2023-11-01
C03427,Fatima Verma,F,26,Ludhiana,Punjab,2,141004,2024-02-17
C03428,Karan Nair,M,34,Hyderabad,Telangana,1,500058,2024-09-28
C03429,Sana Singh,F,30,Kanpur,Uttar Pradesh,2,208096,2023-01-11
C03430,Lakshmi Kumari,F,36,Pune,Maharashtra,1,411001,2022-06-01
C03431,Simran Joshi,F,20,Jaipur,Rajasthan,2,302090,2022-12-10
C03432,Ruchi Reddy,F,19,Nagpur,Maharashtra,2,440011,2024-09-04
C03433,Lakshmi Mishra,F,21,Bareilly,Uttar Pradesh,3,243022,2023-11-07
C03434,Meena Sharma,F,32,Chennai,Tamil Nadu,1,600038,2023-04-17
C03435,Komal Kumari,F,34,Jaipur,Rajasthan,2,302076,2023-12-28
C03436,Nisha Sharma,F,25,Bhopal,Madhya Pradesh,2,462052,2022-06-27
C03437,Karan Joshi,M,20,Delhi,Delhi,1,110057,2023-05-23
C03438,Aisha Ansari,F,27,Hubballi,Karnataka,3,580077,2024-03-13
C03439,Rahul Joshi,M,21,Gorakhpur,Uttar Pradesh,3,273010,2023-07-07
C03440,Simran Verma,F,39,Delhi,Delhi,1,110079,2024-09-07
C03441,Meena Das,F,29,Hyderabad,Telangana,1,500043,2022-05-16
C03442,Aisha Reddy,F,34,Kanpur,Uttar Pradesh,2,208039,2022-11-22
C03443,Rahul Mishra,F,23,Surat,Gujarat,2,395030,2023-02-28
C03444,Deepa Sharma,F,25,Bareilly,Uttar Pradesh,3,243047,2024-01-26
C03445,Rahul Das,M,23,Muzaffarpur,Bihar,3,842050,2022-12-30
C03446,Amit Kumari,F,33,Jaipur,Rajasthan,2,302083,2022-06-03
C03447,Nisha Patel,F,48,Patna,Bihar,2,800039,2022-08-12
C03448,Arjun Chauhan,M,22,Indore,Madhya Pradesh,2,452026,2022-07-13
C03449,Shalini Chauhan,F,28,Guwahati,Assam,2,781085,2024-01-26
C03450,Payal Kumari,F,20,Siliguri,West Bengal,3,734034,2022-10-14
C03451,Vikram Nair,M,21,Mumbai,Maharashtra,1,400098,2023-05-27
C03452,Anjali Iyer,F,29,Bilaspur,Chhattisgarh,3,495072,2022-12-15
C03453,Imran Joshi,M,21,Mumbai,Maharashtra,1,400092,2024-05-30
C03454,Ruchi Saikia,F,24,Jaipur,Rajasthan,2,302048,2022-08-25
C03455,Ritika Saikia,F,32,Pune,Maharashtra,1,411002,2024-06-19
C03456,Lakshmi Mishra,F,18,Ujjain,Madhya Pradesh,3,456030,2023-01-27
C03457,Sneha Ansari,F,21,Ranchi,Jharkhand,2,834093,2023-03-28
C03458,Amit Saikia,F,40,Bareilly,Uttar Pradesh,3,243042,2024-05-25
C03459,Rahul Mishra,M,23,Kanpur,Uttar Pradesh,2,208050,2024-08-08
C03460,Neha Verma,F,28,Bengaluru,Karnataka,1,560055,2024-07-18
C03461,Karan Patel,M,26,Indore,Madhya Pradesh,2,452099,2022-08-29
C03462,Sneha Gupta,F,18,Coimbatore,Tamil Nadu,2,641007,2022-11-13
C03463,Lakshmi Patel,F,27,Guwahati,Assam,2,781086,2023-09-13
C03464,Deepa Rao,F,33,Gorakhpur,Uttar Pradesh,3,273017,2024-03-14
C03465,Anjali Nair,F,34,Ludhiana,Punjab,2,141016,2023-05-15
C03466,Karan Reddy,M,31,Raipur,Chhattisgarh,2,492047,2023-11-12
C03467,Sneha Yadav,F,47,Ranchi,Jharkhand,2,834068,2023-03-21
C03468,Simran Patel,F,34,Delhi,Delhi,1,110094,2023-08-21
C03469,Ruchi Gupta,F,25,Gorakhpur,Uttar Pradesh,3,273004,2024-04-25
C03470,Neha Iyer,F,31,Hyderabad,Telangana,1,500065,2024-03-22
C03471,Rani Gupta,F,32,Lucknow,Uttar Pradesh,2,226056,2023-12-26
C03472,Aisha Saikia,F,25,Bengaluru,Karnataka,1,560085,2024-04-01
C03473,Komal Yadav,F,30,Bhilwara,Rajasthan,3,311059,2024-06-19
C03474,Vikram Joshi,M,28,Hyderabad,Telangana,1,500022,2024-03-25
C03475,Suresh Nair,M,34,Kolkata,West Bengal,1,700036,2022-08-15
C03476,Suresh Rao,M,21,Hubballi,Karnataka,3,580015,2024-07-17
C03477,Vikram Verma,M,18,Kolkata,West Bengal,1,700078,2022-10-08
C03478,Payal Ansari,F,28,Bhopal,Madhya Pradesh,2,462041,2022-10-13
C03479,Rahul Verma,F,30,Lucknow,Uttar Pradesh,2,226090,2024-04-14
C03480,Sana Verma,F,29,Dehradun,Uttarakhand,2,248074,2024-06-23
C03481,Amit Nair,F,38,Raipur,Chhattisgarh,2,492060,2024-04-12
C03482,Amit Kumari,F,18,Delhi,Delhi,1,110028,2024-05-05
C03483,Pooja Rao,F,23,Hyderabad,Telangana,1,500080,2023-11-09
C03484,Rani Ansari,F,25,Lucknow,Uttar Pradesh,2,226093,2023-06-23
C03485,Vikram Devi,M,33,Bhilwara,Rajasthan,3,311075,2023-11-13
C03486,Lakshmi Yadav,F,32,Dehradun,Uttarakhand,2,248035,2022-11-03
C03487,Deepa Patel,F,42,Mumbai,Maharashtra,1,400002,2024-02-21
C03488,Shalini Kumari,F,42,Ranchi,Jharkhand,2,834056,2024-06-17
C03489,Komal Das,F,23,Mumbai,Maharashtra,1,400027,2024-03-03
C03490,Anjali Pandey,F,25,Bengaluru,Karnataka,1,560005,2022-09-02
C03491,Rani Khan,F,22,Hubballi,Karnataka,3,580066,2023-06-12
C03492,Rohit Singh,M,33,Chennai,Tamil Nadu,1,600088,2022-09-29
C03493,Kavya Joshi,F,31,Bhopal,Madhya Pradesh,2,462046,2022-08-13
C03494,Sneha Khan,F,22,Bilaspur,Chhattisgarh,3,495001,2024-07-28
C03495,Arjun Yadav,M,26,Kanpur,Uttar Pradesh,2,208087,2024-07-22
C03496,Payal Devi,F,24,Indore,Madhya Pradesh,2,452081,2023-08-23
C03497,Amit Mishra,F,20,Lucknow,Uttar Pradesh,2,226088,2022-10-06
C03498,Amit Verma,M,27,Bengaluru,Karnataka,1,560089,2023-03-31
C03499,Sneha Iyer,F,24,Dehradun,Uttarakhand,2,248089,2024-08-14
C03500,Nisha Yadav,F,28,Bengaluru,Karnataka,1,560005,2024-04-27
C03501,Priya Patel,F,22,Guwahati,Assam,2,781082,2023-12-25
C03502,Ritika Saikia,F,31,Hyderabad,Telangana,1,500099,2023-02-23
C03503,Rahul Devi,M,31,Delhi,Delhi,1,110091,2023-08-23
C03504,Simran Devi,F,33,Chennai,Tamil Nadu,1,600094,2022-11-09
C03505,Priya Nair,F,26,Kolkata,West Bengal,1,700009,2024-09-12
C03506,Fatima Saikia,F,18,Jaipur,Rajasthan,2,302088,2023-03-22
C03507,Imran Rao,M,28,Pune,Maharashtra,1,411094,2022-11-30
C03508,Sneha Saikia,F,48,Mumbai,Maharashtra,1,400089,2024-04-10
C03509,Meena Singh,F,18,Bhopal,Madhya Pradesh,2,462041,2022-06-17
C03510,Simran Devi,F,31,Bengaluru,Karnataka,1,560013,2022-09-14
C03511,Divya Khan,F,29,Ranchi,Jharkhand,2,834021,2022-10-18
C03512,Deepa Rao,F,40,Chennai,Tamil Nadu,1,600065,2022-05-28
C03513,Karan Das,M,26,Nagpur,Maharashtra,2,440095,2024-08-04
C03514,Arjun Ansari,M,37,Hubballi,Karnataka,3,580044,2022-08-29
C03515,Shalini Verma,F,20,Shillong,Meghalaya,3,793015,2023-10-30
C03516,Imran Chauhan,M,23,Dehradun,Uttarakhand,2,248060,2023-07-03
C03517,Kavya Kumari,F,20,Ranchi,Jharkhand,2,834057,2023-12-24
C03518,Aisha Sharma,F,29,Bhopal,Madhya Pradesh,2,462069,2022-07-08
C03519,Rani Ansari,F,31,Bhopal,Madhya Pradesh,2,462009,2022-07-06
C03520,Rohit Khan,M,25,Imphal,Manipur,3,795048,2022-10-13
C03521,Meena Pandey,F,23,Lucknow,Uttar Pradesh,2,226006,2023-11-03
C03522,Simran Joshi,F,33,Guwahati,Assam,2,781077,2023-01-19
C03523,Deepa Patel,F,25,Bareilly,Uttar Pradesh,3,243003,2022-10-07
C03524,Simran Yadav,F,26,Kolkata,West Bengal,1,700042,2022-08-08
C03525,Ruchi Sharma,F,29,Agartala,Tripura,3,799068,2023-02-25
C03526,Amit Pandey,M,23,Patna,Bihar,2,800024,2024-06-04
C03527,Rahul Chauhan,F,30,Dehradun,Uttarakhand,2,248008,2024-09-24
C03528,Nisha Iyer,F,20,Bilaspur,Chhattisgarh,3,495017,2022-11-14
C03529,Swati Saikia,F,25,Bhopal,Madhya Pradesh,2,462001,2022-10-29
C03530,Ruchi Singh,F,25,Bareilly,Uttar Pradesh,3,243094,2022-05-28
C03531,Payal Saikia,F,22,Surat,Gujarat,2,395060,2024-06-16
C03532,Suresh Verma,M,48,Coimbatore,Tamil Nadu,2,641029,2024-02-28
C03533,Komal Chauhan,F,22,Bhopal,Madhya Pradesh,2,462066,2023-09-23
C03534,Suresh Chauhan,M,26,Guwahati,Assam,2,781031,2023-02-20
C03535,Anjali Saikia,F,18,Patna,Bihar,2,800061,2024-02-02
C03536,Rani Devi,F,27,Patna,Bihar,2,800036,2023-11-16
C03537,Arjun Das,M,19,Patna,Bihar,2,800058,2023-08-16
C03538,Suresh Yadav,M,28,Surat,Gujarat,2,395037,2022-12-02
C03539,Shalini Saikia,F,30,Chennai,Tamil Nadu,1,600004,2022-07-05
C03540,Rani Chauhan,F,34,Guwahati,Assam,2,781043,2022-12-30
C03541,Rahul Joshi,M,31,Coimbatore,Tamil Nadu,2,641047,2023-05-02
C03542,Aisha Ansari,F,20,Agartala,Tripura,3,799049,2023-06-01
C03543,Vikram Das,M,33,Bhopal,Madhya Pradesh,2,462089,2024-02-29
C03544,Deepa Singh,F,32,Mumbai,Maharashtra,1,400060,2023-08-31
C03545,Vikram Mishra,M,18,Mumbai,Maharashtra,1,400063,2023-04-30
C03546,Kavya Yadav,F,34,Bhopal,Madhya Pradesh,2,462042,2023-12-17
C03547,Suresh Saikia,M,28,Bengaluru,Karnataka,1,560017,2023-03-14
C03548,Amit Khan,F,22,Lucknow,Uttar Pradesh,2,226088,2022-07-04
C03549,Nisha Reddy,F,28,Jaipur,Rajasthan,2,302016,2023-12-15
C03550,Sana Verma,F,22,Coimbatore,Tamil Nadu,2,641032,2024-01-01
C03551,Simran Devi,F,19,Patna,Bihar,2,800075,2024-01-27
C03552,Shalini Joshi,F,35,Ranchi,Jharkhand,2,834020,2024-08-25
C03553,Fatima Gupta,F,27,Bengaluru,Karnataka,1,560034,2022-07-13
C03554,Payal Kumari,F,23,Lucknow,Uttar Pradesh,2,226014,2023-03-17
C03555,Amit Yadav,M,18,Surat,Gujarat,2,395054,2023-11-04
C03556,Neha Yadav,F,22,Bengaluru,Karnataka,1,560070,2022-12-07
C03557,Priya Pandey,F,27,Chennai,Tamil Nadu,1,600054,2023-03-11
C03558,Priya Nair,F,28,Raipur,Chhattisgarh,2,492044,2023-02-15
C03559,Simran Patel,F,31,Lucknow,Uttar Pradesh,2,226001,2023-05-09
C03560,Sana Das,F,38,Patna,Bihar,2,800030,2022-12-10
C03561,Ritika Saikia,F,19,Delhi,Delhi,1,110034,2022-11-07
C03562,Swati Khan,F,25,Gorakhpur,Uttar Pradesh,3,273052,2023-03-02
C03563,Sneha Iyer,F,18,Jaipur,Rajasthan,2,302024,2022-10-30
C03564,Nisha Pandey,F,45,Hyderabad,Telangana,1,500003,2023-08-18
C03565,Anjali Iyer,F,32,Mumbai,Maharashtra,1,400004,2022-09-24
C03566,Neha Khan,F,24,Mumbai,Maharashtra,1,400075,2022-05-17
C03567,Anjali Joshi,F,33,Hyderabad,Telangana,1,500021,2024-06-06
C03568,Komal Patel,F,25,Jaipur,Rajasthan,2,302076,2022-09-10
C03569,Rohit Saikia,M,47,Coimbatore,Tamil Nadu,2,641084,2023-01-16
C03570,Divya Reddy,F,20,Delhi,Delhi,1,110021,2024-04-07
C03571,Anjali Rao,F,22,Bilaspur,Chhattisgarh,3,495066,2024-02-06
C03572,Fatima Khan,F,19,Ludhiana,Punjab,2,141041,2023-12-14
C03573,Amit Rao,F,32,Kanpur,Uttar Pradesh,2,208022,2023-03-21
C03574,Ritika Yadav,F,34,Ujjain,Madhya Pradesh,3,456089,2022-08-28
C03575,Rohit Iyer,M,43,Guwahati,Assam,2,781007,2023-12-08
C03576,Shalini Chauhan,F,22,Pune,Maharashtra,1,411095,2023-12-29
C03577,Rani Iyer,F,18,Patna,Bihar,2,800083,2023-07-23
C03578,Karan Yadav,M,26,Imphal,Manipur,3,795044,2024-04-03
C03579,Komal Joshi,F,33,Lucknow,Uttar Pradesh,2,226064,2023-03-21
C03580,Nisha Sharma,F,26,Muzaffarpur,Bihar,3,842054,2023-11-11
C03581,Anjali Iyer,F,34,Patna,Bihar,2,800065,2023-01-19
C03582,Arjun Yadav,M,19,Indore,Madhya Pradesh,2,452077,2024-05-15
C03583,Suresh Gupta,M,30,Bhopal,Madhya Pradesh,2,462033,2024-06-01
C03584,Ritika Ansari,F,34,Indore,Madhya Pradesh,2,452055,2024-08-28
C03585,Ruchi Rao,F,24,Lucknow,Uttar Pradesh,2,226010,2022-10-26
C03586,Ruchi Das,F,48,Siliguri,West Bengal,3,734074,2022-05-27
C03587,Nisha Saikia,F,21,Lucknow,Uttar Pradesh,2,226023,2022-08-14
C03588,Komal Pandey,F,29,Guwahati,Assam,2,781087,2022-10-30
C03589,Rahul Gupta,M,20,Pune,Maharashtra,1,411079,2023-03-12
C03590,Swati Joshi,F,21,Raipur,Chhattisgarh,2,492061,2024-09-30
C03591,Deepa Kumari,F,21,Raipur,Chhattisgarh,2,492047,2024-04-10
C03592,Neha Verma,F,27,Bengaluru,Karnataka,1,560008,2023-12-15
C03593,Komal Saikia,F,32,Chennai,Tamil Nadu,1,600077,2023-09-09
C03594,Meena Iyer,F,19,Indore,Madhya Pradesh,2,452042,2024-07-25
C03595,Rahul Verma,M,19,Mumbai,Maharashtra,1,400014,2023-05-12
C03596,Amit Khan,F,19,Nagpur,Maharashtra,2,440020,2023-10-11
C03597,Kavya Reddy,F,23,Ludhiana,Punjab,2,141005,2024-07-10
C03598,Sana Ansari,F,33,Bengaluru,Karnataka,1,560035,2022-12-08
C03599,Deepa Mishra,F,31,Patna,Bihar,2,800042,2023-01-31
C03600,Arjun Nair,M,23,Agartala,Tripura,3,799045,2024-04-30
C03601,Sana Nair,F,23,Jaipur,Rajasthan,2,302008,2023-12-18
C03602,Shalini Patel,F,19,Mumbai,Maharashtra,1,400088,2022-05-14
C03603,Vikram Reddy,M,25,Lucknow,Uttar Pradesh,2,226057,2022-07-16
C03604,Amit Saikia,F,32,Indore,Madhya Pradesh,2,452049,2023-04-04
C03605,Ruchi Sharma,F,28,Delhi,Delhi,1,110044,2023-05-12
C03606,Karan Das,M,19,Dehradun,Uttarakhand,2,248047,2023-04-17
C03607,Swati Chauhan,F,26,Kolkata,West Bengal,1,700076,2023-01-14
C03608,Divya Chauhan,F,27,Bengaluru,Karnataka,1,560095,2024-08-16
C03609,Fatima Mishra,F,31,Ludhiana,Punjab,2,141027,2024-03-28
C03610,Divya Yadav,F,46,Pune,Maharashtra,1,411076,2024-06-12
C03611,Rahul Verma,F,43,Mumbai,Maharashtra,1,400048,2022-07-05
C03612,Komal Nair,F,31,Raipur,Chhattisgarh,2,492066,2023-01-16
C03613,Imran Devi,M,23,Nagpur,Maharashtra,2,440010,2024-01-27
C03614,Neha Chauhan,F,19,Lucknow,Uttar Pradesh,2,226085,2023-06-25
C03615,Fatima Rao,F,19,Ranchi,Jharkhand,2,834020,2024-05-03
C03616,Sneha Pandey,F,33,Ludhiana,Punjab,2,141085,2024-05-17
C03617,Arjun Rao,M,34,Bengaluru,Karnataka,1,560062,2022-07-14
C03618,Sana Yadav,F,48,Nagpur,Maharashtra,2,440098,2022-07-01
C03619,Arjun Devi,M,26,Pune,Maharashtra,1,411058,2023-11-24
C03620,Rani Reddy,F,36,Jaipur,Rajasthan,2,302062,2022-09-24
C03621,Payal Khan,F,31,Nagpur,Maharashtra,2,440011,2023-06-20
C03622,Anjali Nair,F,22,Hyderabad,Telangana,1,500080,2022-06-02
C03623,Simran Devi,F,43,Muzaffarpur,Bihar,3,842084,2023-01-07
C03624,Karan Ansari,M,26,Indore,Madhya Pradesh,2,452043,2023-04-25
C03625,Meena Gupta,F,18,Pune,Maharashtra,1,411015,2023-01-15
C03626,Rani Patel,F,18,Bilaspur,Chhattisgarh,3,495089,2023-10-31
C03627,Rahul Joshi,F,20,Hubballi,Karnataka,3,580090,2023-02-14
C03628,Aisha Chauhan,F,21,Hyderabad,Telangana,1,500020,2022-05-25
C03629,Arjun Das,M,25,Pune,Maharashtra,1,411055,2022-09-26
C03630,Neha Gupta,F,41,Varanasi,Uttar Pradesh,3,221071,2022-07-02
C03631,Rahul Reddy,F,19,Jaipur,Rajasthan,2,302060,2024-09-03
C03632,Fatima Chauhan,F,28,Ludhiana,Punjab,2,141030,2024-06-19
C03633,Sneha Joshi,F,27,Jaipur,Rajasthan,2,302031,2024-01-21
C03634,Rohit Ansari,M,31,Mumbai,Maharashtra,1,400082,2022-12-07
C03635,Shalini Iyer,F,20,Delhi,Delhi,1,110014,2024-05-21
C03636,Rahul Sharma,F,23,Coimbatore,Tamil Nadu,2,641072,2023-05-21
C03637,Suresh Iyer,M,27,Nagpur,Maharashtra,2,440045,2023-01-03
C03638,Ruchi Kumari,F,31,Agartala,Tripura,3,799042,2022-10-07
C03639,Priya Khan,F,34,Siliguri,West Bengal,3,734023,2023-10-21
C03640,Suresh Iyer,M,28,Delhi,Delhi,1,110079,2023-12-27
C03641,Arjun Khan,M,23,Jaipur,Rajasthan,2,302089,2022-05-25
C03642,Anjali Mishra,F,25,Bhopal,Madhya Pradesh,2,462011,2022-11-16
C03643,Sana Rao,F,32,Chennai,Tamil Nadu,1,600012,2022-07-13
C03644,Vikram Khan,M,38,Guwahati,Assam,2,781056,2023-09-07
C03645,Rohit Joshi,M,46,Bhopal,Madhya Pradesh,2,462062,2023-03-23
C03646,Komal Mishra,F,22,Jaipur,Rajasthan,2,302068,2023-06-16
C03647,Vikram Yadav,M,33,Guwahati,Assam,2,781058,2023-03-07
C03648,Pooja Sharma,F,25,Chennai,Tamil Nadu,1,600029,2024-01-03
C03649,Lakshmi Pandey,F,28,Coimbatore,Tamil Nadu,2,641055,2024-04-07
C03650,Nisha Ansari,F,19,Hyderabad,Telangana,1,500008,2024-01-15
C03651,Shalini Saikia,F,19,Lucknow,Uttar Pradesh,2,226017,2022-07-30
C03652,Deepa Yadav,F,29,Patna,Bihar,2,800058,2024-09-08
C03653,Fatima Verma,F,22,Kolkata,West Bengal,1,700043,2023-10-17
C03654,Vikram Saikia,M,32,Lucknow,Uttar Pradesh,2,226084,2024-08-23
C03655,Payal Rao,F,20,Kolkata,West Bengal,1,700047,2022-07-17
C03656,Meena Kumari,F,32,Surat,Gujarat,2,395030,2023-04-10
C03657,Imran Kumari,M,27,Jaipur,Rajasthan,2,302036,2023-04-23
C03658,Suresh Ansari,M,24,Ludhiana,Punjab,2,141024,2022-10-04
C03659,Rohit Das,M,28,Hyderabad,Telangana,1,500046,2023-04-03
C03660,Priya Sharma,F,31,Patna,Bihar,2,800021,2024-01-31
C03661,Divya Saikia,F,26,Raipur,Chhattisgarh,2,492021,2023-07-28
C03662,Priya Rao,F,24,Pune,Maharashtra,1,411008,2024-07-06
C03663,Aisha Reddy,F,18,Delhi,Delhi,1,110089,2024-06-03
C03664,Karan Gupta,M,30,Chennai,Tamil Nadu,1,600019,2023-03-24
C03665,Komal Devi,F,20,Chennai,Tamil Nadu,1,600005,2023-03-28
C03666,Imran Patel,M,26,Ludhiana,Punjab,2,141026,2023-11-03
C03667,Lakshmi Joshi,F,34,Jaipur,Rajasthan,2,302099,2023-06-18
C03668,Ruchi Pandey,F,29,Mumbai,Maharashtra,1,400060,2022-10-19
C03669,Meena Pandey,F,40,Bilaspur,Chhattisgarh,3,495073,2023-10-16
C03670,Shalini Sharma,F,28,Kanpur,Uttar Pradesh,2,208084,2024-01-30
C03671,Rani Gupta,F,27,Raipur,Chhattisgarh,2,492066,2023-09-24
C03672,Arjun Gupta,M,29,Shillong,Meghalaya,3,793021,2022-10-26
C03673,Deepa Pandey,F,19,Kolkata,West Bengal,1,700059,2022-11-17
C03674,Swati Khan,F,20,Dehradun,Uttarakhand,2,248051,2022-12-06
C03675,Rohit Gupta,M,29,Kolkata,West Bengal,1,700063,2023-12-04
C03676,Anjali Patel,F,22,Ranchi,Jharkhand,2,834061,2022-12-26
C03677,Fatima Joshi,F,34,Jaipur,Rajasthan,2,302094,2022-07-31
C03678,Anjali Patel,F,29,Nagpur,Maharashtra,2,440088,2022-05-07
C03679,Pooja Khan,F,27,Chennai,Tamil Nadu,1,600037,2024-09-22
C03680,Ritika Iyer,F,18,Guwahati,Assam,2,781074,2024-01-19
C03681,Amit Rao,M,40,Mumbai,Maharashtra,1,400092,2022-06-04
C03682,Rani Mishra,F,19,Ludhiana,Punjab,2,141091,2024-09-04
C03683,Arjun Gupta,M,25,Pune,Maharashtra,1,411020,2023-11-04
C03684,Komal Devi,F,21,Kolkata,West Bengal,1,700027,2022-07-05
C03685,Vikram Nair,M,29,Kolkata,West Bengal,1,700061,2024-07-23
C03686,Deepa Devi,F,23,Hyderabad,Telangana,1,500060,2023-07-22
C03687,Payal Reddy,F,22,Nagpur,Maharashtra,2,440015,2022-08-07
C03688,Kavya Devi,F,24,Delhi,Delhi,1,110065,2024-07-08
C03689,Meena Saikia,F,19,Bareilly,Uttar Pradesh,3,243021,2023-01-08
C03690,Komal Rao,F,20,Bhopal,Madhya Pradesh,2,462075,2023-09-09
C03691,Shalini Khan,F,21,Raipur,Chhattisgarh,2,492087,2023-02-20
C03692,Sneha Gupta,F,24,Shillong,Meghalaya,3,793042,2023-08-27
C03693,Rahul Patel,F,22,Hubballi,Karnataka,3,580030,2022-08-15
C03694,Suresh Ansari,M,27,Indore,Madhya Pradesh,2,452092,2022-10-20
C03695,Amit Sharma,M,24,Bareilly,Uttar Pradesh,3,243089,2023-03-20
C03696,Neha Chauhan,F,33,Muzaffarpur,Bihar,3,842038,2024-08-26
C03697,Amit Reddy,M,23,Lucknow,Uttar Pradesh,2,226003,2022-08-12
C03698,Fatima Saikia,F,18,Imphal,Manipur,3,795064,2024-07-15
C03699,Ruchi Pandey,F,33,Pune,Maharashtra,1,411059,2023-10-12
C03700,Rahul Joshi,F,20,Guwahati,Assam,2,781049,2022-08-19
C03701,Priya Patel,F,34,Guwahati,Assam,2,781094,2024-07-15
C03702,Rahul Mishra,M,32,Mumbai,Maharashtra,1,400004,2024-03-23
C03703,Ruchi Patel,F,30,Guwahati,Assam,2,781060,2024-09-08
C03704,Fatima Kumari,F,48,Bengaluru,Karnataka,1,560051,2023-08-22
C03705,Rahul Yadav,F,38,Raipur,Chhattisgarh,2,492028,2022-10-26
C03706,Neha Mishra,F,18,Patna,Bihar,2,800004,2023-02-16
C03707,Arjun Verma,M,24,Patna,Bihar,2,800032,2024-03-29
C03708,Priya Kumari,F,33,Hyderabad,Telangana,1,500038,2023-12-14
C03709,Swati Rao,F,23,Shillong,Meghalaya,3,793032,2023-06-10
C03710,Rani Ansari,F,34,Lucknow,Uttar Pradesh,2,226042,2023-03-27
C03711,Shalini Rao,F,46,Siliguri,West Bengal,3,734036,2023-10-03
C03712,Vikram Devi,M,31,Lucknow,Uttar Pradesh,2,226004,2024-02-25
C03713,Kavya Reddy,F,24,Bilaspur,Chhattisgarh,3,495071,2022-10-05
C03714,Rani Patel,F,25,Patna,Bihar,2,800069,2024-09-14
C03715,Simran Nair,F,34,Bengaluru,Karnataka,1,560040,2023-08-05
C03716,Suresh Ansari,M,39,Indore,Madhya Pradesh,2,452013,2023-08-26
C03717,Sneha Verma,F,21,Chennai,Tamil Nadu,1,600059,2023-10-27
C03718,Nisha Ansari,F,21,Lucknow,Uttar Pradesh,2,226034,2023-10-01
C03719,Neha Singh,F,26,Bhopal,Madhya Pradesh,2,462033,2022-07-06
C03720,Komal Singh,F,24,Mumbai,Maharashtra,1,400090,2023-09-09
C03721,Komal Kumari,F,27,Imphal,Manipur,3,795050,2024-08-31
C03722,Amit Gupta,M,23,Agartala,Tripura,3,799052,2022-08-27
C03723,Imran Mishra,M,26,Guwahati,Assam,2,781049,2023-10-08
C03724,Ruchi Chauhan,F,41,Muzaffarpur,Bihar,3,842065,2022-08-22
C03725,Vikram Ansari,M,26,Pune,Maharashtra,1,411004,2024-03-12
C03726,Arjun Mishra,M,28,Kolkata,West Bengal,1,700073,2023-10-05
C03727,Rahul Sharma,M,18,Ludhiana,Punjab,2,141012,2024-06-29
C03728,Sneha Yadav,F,22,Kanpur,Uttar Pradesh,2,208029,2023-04-15
C03729,Fatima Yadav,F,32,Jaipur,Rajasthan,2,302096,2022-04-22
C03730,Swati Reddy,F,19,Varanasi,Uttar Pradesh,3,221075,2023-11-04
C03731,Priya Saikia,F,18,Siliguri,West Bengal,3,734092,2023-01-21
C03732,Shalini Verma,F,20,Surat,Gujarat,2,395025,2023-08-07
C03733,Rahul Reddy,M,34,Varanasi,Uttar Pradesh,3,221081,2024-01-18
C03734,Amit Ansari,F,19,Surat,Gujarat,2,395002,2022-10-25
C03735,Imran Saikia,M,21,Indore,Madhya Pradesh,2,452040,2022-06-24
C03736,Arjun Das,M,30,Hyderabad,Telangana,1,500055,2023-02-20
C03737,Pooja Ansari,F,29,Lucknow,Uttar Pradesh,2,226056,2024-05-21
C03738,Priya Sharma,F,20,Patna,Bihar,2,800083,2023-07-02
C03739,Rani Das,F,28,Hyderabad,Telangana,1,500075,2024-03-27
C03740,Simran Patel,F,23,Chennai,Tamil Nadu,1,600055,2023-12-21
C03741,Payal Gupta,F,19,Muzaffarpur,Bihar,3,842007,2024-07-01
C03742,Neha Yadav,F,27,Indore,Madhya Pradesh,2,452082,2022-11-30
C03743,Pooja Reddy,F,26,Lucknow,Uttar Pradesh,2,226073,2023-11-28
C03744,Meena Khan,F,25,Nagpur,Maharashtra,2,440041,2022-10-02
C03745,Komal Patel,F,33,Lucknow,Uttar Pradesh,2,226022,2022-11-11
C03746,Shalini Kumari,F,21,Bhopal,Madhya Pradesh,2,462085,2024-03-02
C03747,Divya Kumari,F,32,Bengaluru,Karnataka,1,560092,2023-06-06
C03748,Swati Rao,F,20,Mumbai,Maharashtra,1,400068,2022-04-29
C03749,Anjali Chauhan,F,26,Bareilly,Uttar Pradesh,3,243010,2022-09-24
C03750,Rani Singh,F,31,Ujjain,Madhya Pradesh,3,456016,2024-07-16
C03751,Fatima Kumari,F,20,Kolkata,West Bengal,1,700014,2023-02-13
C03752,Rani Joshi,F,27,Agartala,Tripura,3,799023,2022-09-13
C03753,Karan Patel,M,48,Dehradun,Uttarakhand,2,248099,2022-11-15
C03754,Lakshmi Mishra,F,37,Bhopal,Madhya Pradesh,2,462031,2023-05-12
C03755,Meena Rao,F,33,Bareilly,Uttar Pradesh,3,243059,2024-09-27
C03756,Neha Yadav,F,23,Mumbai,Maharashtra,1,400043,2024-06-26
C03757,Amit Rao,F,23,Delhi,Delhi,1,110097,2024-04-15
C03758,Rani Verma,F,30,Jaipur,Rajasthan,2,302053,2022-09-17
C03759,Shalini Patel,F,24,Bengaluru,Karnataka,1,560074,2022-12-09
C03760,Simran Das,F,34,Bareilly,Uttar Pradesh,3,243018,2024-06-12
C03761,Priya Patel,F,33,Dehradun,Uttarakhand,2,248002,2022-06-03
C03762,Priya Joshi,F,25,Guwahati,Assam,2,781063,2023-04-18
C03763,Swati Iyer,F,46,Dehradun,Uttarakhand,2,248098,2023-07-14
C03764,Vikram Khan,M,19,Guwahati,Assam,2,781074,2023-04-23
C03765,Sana Yadav,F,31,Chennai,Tamil Nadu,1,600063,2022-09-23
C03766,Simran Khan,F,29,Kolkata,West Bengal,1,700008,2022-05-13
C03767,Fatima Mishra,F,32,Patna,Bihar,2,800018,2023-07-22
C03768,Fatima Gupta,F,34,Patna,Bihar,2,800021,2023-05-06
C03769,Arjun Ansari,M,29,Mumbai,Maharashtra,1,400001,2022-05-06
C03770,Meena Mishra,F,22,Bilaspur,Chhattisgarh,3,495008,2024-03-25
C03771,Sana Reddy,F,22,Indore,Madhya Pradesh,2,452096,2023-08-30
C03772,Imran Khan,M,40,Ludhiana,Punjab,2,141057,2024-02-16
C03773,Rahul Verma,F,42,Chennai,Tamil Nadu,1,600097,2022-07-31
C03774,Anjali Kumari,F,20,Gorakhpur,Uttar Pradesh,3,273056,2023-04-23
C03775,Fatima Joshi,F,33,Lucknow,Uttar Pradesh,2,226048,2024-05-29
C03776,Ritika Ansari,F,18,Delhi,Delhi,1,110008,2022-09-25
C03777,Vikram Kumari,M,31,Varanasi,Uttar Pradesh,3,221077,2024-03-02
C03778,Aisha Patel,F,37,Hyderabad,Telangana,1,500020,2023-04-05
C03779,Kavya Chauhan,F,22,Ujjain,Madhya Pradesh,3,456029,2023-05-11
C03780,Rani Patel,F,25,Ludhiana,Punjab,2,141030,2022-09-28
C03781,Rahul Verma,F,27,Patna,Bihar,2,800019,2022-12-01
C03782,Rahul Patel,M,18,Hyderabad,Telangana,1,500035,2024-03-13
C03783,Vikram Singh,M,34,Hyderabad,Telangana,1,500027,2023-04-04
C03784,Pooja Yadav,F,33,Pune,Maharashtra,1,411071,2022-12-31
C03785,Aisha Joshi,F,34,Bilaspur,Chhattisgarh,3,495091,2022-12-14
C03786,Deepa Singh,F,31,Coimbatore,Tamil Nadu,2,641074,2022-11-27
C03787,Lakshmi Kumari,F,29,Jaipur,Rajasthan,2,302040,2023-11-27
C03788,Neha Pandey,F,25,Ranchi,Jharkhand,2,834060,2023-01-05
C03789,Priya Mishra,F,22,Ludhiana,Punjab,2,141081,2022-06-11
C03790,Sana Iyer,F,29,Indore,Madhya Pradesh,2,452079,2024-03-06
C03791,Vikram Saikia,M,32,Pune,Maharashtra,1,411079,2023-01-19
C03792,Vikram Patel,M,29,Patna,Bihar,2,800003,2024-02-01
C03793,Shalini Saikia,F,31,Delhi,Delhi,1,110045,2022-07-07
C03794,Deepa Sharma,F,18,Lucknow,Uttar Pradesh,2,226051,2023-07-13
C03795,Suresh Verma,M,32,Indore,Madhya Pradesh,2,452029,2023-12-02
C03796,Meena Saikia,F,31,Patna,Bihar,2,800032,2024-05-09
C03797,Sana Gupta,F,18,Nagpur,Maharashtra,2,440030,2023-04-10
C03798,Payal Kumari,F,21,Lucknow,Uttar Pradesh,2,226042,2023-10-07
C03799,Deepa Joshi,F,31,Surat,Gujarat,2,395030,2023-01-30
C03800,Sana Das,F,29,Kanpur,Uttar Pradesh,2,208042,2022-07-18
C03801,Simran Pandey,F,33,Guwahati,Assam,2,781008,2023-04-25
C03802,Sneha Gupta,F,22,Patna,Bihar,2,800095,2022-06-28
C03803,Suresh Kumari,M,23,Ujjain,Madhya Pradesh,3,456045,2022-09-09
C03804,Vikram Khan,M,24,Jaipur,Rajasthan,2,302037,2023-05-03
C03805,Sana Gupta,F,30,Indore,Madhya Pradesh,2,452001,2022-07-08
C03806,Sana Sharma,F,34,Mumbai,Maharashtra,1,400056,2023-08-23
C03807,Amit Joshi,F,22,Ranchi,Jharkhand,2,834053,2023-11-20
C03808,Komal Saikia,F,24,Kolkata,West Bengal,1,700086,2023-06-09
C03809,Lakshmi Nair,F,31,Bhopal,Madhya Pradesh,2,462008,2022-07-19
C03810,Sana Patel,F,31,Gorakhpur,Uttar Pradesh,3,273038,2022-08-04
C03811,Lakshmi Rao,F,27,Ranchi,Jharkhand,2,834045,2022-08-24
C03812,Fatima Iyer,F,27,Patna,Bihar,2,800033,2023-05-15
C03813,Aisha Rao,F,19,Varanasi,Uttar Pradesh,3,221096,2022-08-04
C03814,Imran Yadav,M,18,Varanasi,Uttar Pradesh,3,221085,2023-10-28
C03815,Pooja Rao,F,27,Jaipur,Rajasthan,2,302095,2023-06-29
C03816,Komal Chauhan,F,32,Indore,Madhya Pradesh,2,452036,2024-01-24
C03817,Sana Kumari,F,24,Gorakhpur,Uttar Pradesh,3,273065,2024-08-21
C03818,Anjali Yadav,F,34,Jaipur,Rajasthan,2,302074,2022-12-11
C03819,Fatima Kumari,F,23,Kanpur,Uttar Pradesh,2,208034,2024-02-17
C03820,Imran Nair,M,28,Kolkata,West Bengal,1,700023,2024-06-09
C03821,Shalini Kumari,F,25,Hyderabad,Telangana,1,500065,2023-06-27
C03822,Anjali Patel,F,27,Mumbai,Maharashtra,1,400054,2023-01-04
C03823,Meena Saikia,F,24,Kolkata,West Bengal,1,700062,2023-08-16
C03824,Simran Saikia,F,20,Pune,Maharashtra,1,411055,2024-07-10
C03825,Divya Verma,F,38,Hyderabad,Telangana,1,500094,2023-02-21
C03826,Divya Pandey,F,31,Gorakhpur,Uttar Pradesh,3,273091,2023-05-06
C03827,Lakshmi Saikia,F,35,Ranchi,Jharkhand,2,834006,2022-07-18
C03828,Swati Devi,F,24,Gorakhpur,Uttar Pradesh,3,273048,2024-05-20
C03829,Rahul Kumari,F,25,Siliguri,West Bengal,3,734066,2023-11-15
C03830,Priya Khan,F,33,Kolkata,West Bengal,1,700025,2022-07-16
C03831,Priya Gupta,F,27,Bhopal,Madhya Pradesh,2,462046,2022-05-09
C03832,Amit Pandey,M,30,Patna,Bihar,2,800096,2022-12-02
C03833,Sana Saikia,F,21,Gorakhpur,Uttar Pradesh,3,273025,2023-08-18
C03834,Anjali Pandey,F,21,Coimbatore,Tamil Nadu,2,641086,2022-06-22
C03835,Rani Iyer,F,20,Guwahati,Assam,2,781065,2023-07-16
C03836,Payal Sharma,F,27,Varanasi,Uttar Pradesh,3,221079,2024-05-03
C03837,Kavya Rao,F,47,Kanpur,Uttar Pradesh,2,208047,2024-09-14
C03838,Amit Devi,M,22,Patna,Bihar,2,800076,2024-02-19
C03839,Ritika Nair,F,23,Hyderabad,Telangana,1,500018,2024-08-19
C03840,Arjun Verma,M,24,Surat,Gujarat,2,395062,2022-04-22
C03841,Karan Ansari,M,29,Raipur,Chhattisgarh,2,492050,2024-04-26
C03842,Priya Kumari,F,20,Ranchi,Jharkhand,2,834089,2024-03-30
C03843,Rohit Verma,M,19,Muzaffarpur,Bihar,3,842050,2023-02-03
C03844,Pooja Iyer,F,20,Bareilly,Uttar Pradesh,3,243022,2024-06-11
C03845,Lakshmi Gupta,F,21,Delhi,Delhi,1,110086,2022-09-15
C03846,Lakshmi Reddy,F,25,Delhi,Delhi,1,110026,2024-08-02
C03847,Amit Chauhan,F,22,Hyderabad,Telangana,1,500008,2023-07-20
C03848,Meena Mishra,F,34,Varanasi,Uttar Pradesh,3,221090,2023-01-21
C03849,Rahul Saikia,M,21,Bareilly,Uttar Pradesh,3,243074,2022-08-12
C03850,Meena Pandey,F,23,Jaipur,Rajasthan,2,302012,2024-07-27
C03851,Ritika Iyer,F,21,Delhi,Delhi,1,110052,2022-07-20
C03852,Rahul Rao,F,26,Pune,Maharashtra,1,411033,2022-08-28
C03853,Anjali Rao,F,33,Varanasi,Uttar Pradesh,3,221014,2024-01-13
C03854,Aisha Nair,F,28,Bengaluru,Karnataka,1,560034,2023-12-19
C03855,Ruchi Sharma,F,28,Surat,Gujarat,2,395065,2024-08-27
C03856,Nisha Nair,F,31,Indore,Madhya Pradesh,2,452077,2023-03-11
C03857,Komal Pandey,F,19,Chennai,Tamil Nadu,1,600063,2024-01-11
C03858,Amit Das,M,18,Delhi,Delhi,1,110038,2023-01-05
C03859,Karan Iyer,M,24,Lucknow,Uttar Pradesh,2,226087,2022-08-14
C03860,Ruchi Kumari,F,29,Coimbatore,Tamil Nadu,2,641025,2024-08-17
C03861,Arjun Ansari,M,30,Mumbai,Maharashtra,1,400016,2023-06-09
C03862,Ruchi Chauhan,F,18,Bareilly,Uttar Pradesh,3,243018,2022-07-23
C03863,Sana Joshi,F,36,Hubballi,Karnataka,3,580016,2022-08-17
C03864,Amit Rao,F,18,Jaipur,Rajasthan,2,302099,2024-03-21
C03865,Fatima Kumari,F,31,Kolkata,West Bengal,1,700062,2022-12-05
C03866,Ruchi Khan,F,33,Bengaluru,Karnataka,1,560088,2023-12-04
C03867,Shalini Ansari,F,38,Bengaluru,Karnataka,1,560012,2022-09-28
C03868,Fatima Khan,F,40,Ujjain,Madhya Pradesh,3,456020,2023-10-18
C03869,Anjali Sharma,F,34,Gorakhpur,Uttar Pradesh,3,273080,2023-11-20
C03870,Karan Khan,M,19,Kanpur,Uttar Pradesh,2,208044,2022-08-02
C03871,Amit Reddy,F,20,Delhi,Delhi,1,110025,2022-09-26
C03872,Simran Sharma,F,25,Delhi,Delhi,1,110037,2022-11-22
C03873,Amit Singh,F,20,Delhi,Delhi,1,110019,2022-04-16
C03874,Vikram Singh,M,26,Surat,Gujarat,2,395090,2022-12-15
C03875,Priya Rao,F,42,Varanasi,Uttar Pradesh,3,221066,2024-02-17
C03876,Vikram Joshi,M,33,Pune,Maharashtra,1,411076,2022-08-13
C03877,Meena Verma,F,21,Nagpur,Maharashtra,2,440015,2023-07-22
C03878,Pooja Patel,F,34,Ujjain,Madhya Pradesh,3,456011,2023-05-06
C03879,Anjali Saikia,F,27,Delhi,Delhi,1,110021,2023-08-10
C03880,Sana Iyer,F,28,Lucknow,Uttar Pradesh,2,226047,2023-05-04
C03881,Imran Yadav,M,27,Patna,Bihar,2,800065,2023-04-15
C03882,Amit Ansari,F,22,Hubballi,Karnataka,3,580041,2023-11-18
C03883,Lakshmi Mishra,F,21,Kolkata,West Bengal,1,700009,2023-06-12
C03884,Kavya Rao,F,19,Bhilwara,Rajasthan,3,311032,2024-01-18
C03885,Amit Chauhan,F,33,Lucknow,Uttar Pradesh,2,226021,2024-09-24
C03886,Payal Iyer,F,30,Bareilly,Uttar Pradesh,3,243091,2024-08-17
C03887,Payal Das,F,34,Bhopal,Madhya Pradesh,2,462058,2024-07-13
C03888,Lakshmi Ansari,F,20,Ranchi,Jharkhand,2,834088,2022-05-23
C03889,Ruchi Rao,F,24,Gorakhpur,Uttar Pradesh,3,273014,2023-09-17
C03890,Ruchi Yadav,F,19,Dehradun,Uttarakhand,2,248062,2022-05-24
C03891,Amit Nair,M,26,Kolkata,West Bengal,1,700029,2024-09-28
C03892,Ruchi Gupta,F,27,Coimbatore,Tamil Nadu,2,641046,2024-05-09
C03893,Suresh Das,M,32,Kanpur,Uttar Pradesh,2,208040,2023-12-29
C03894,Sana Devi,F,21,Ujjain,Madhya Pradesh,3,456016,2022-11-02
C03895,Aisha Nair,F,32,Agartala,Tripura,3,799022,2023-01-03
C03896,Priya Gupta,F,19,Indore,Madhya Pradesh,2,452096,2024-03-05
C03897,Meena Das,F,33,Varanasi,Uttar Pradesh,3,221047,2022-09-06
C03898,Komal Iyer,F,34,Ranchi,Jharkhand,2,834068,2023-05-02
C03899,Suresh Verma,M,47,Mumbai,Maharashtra,1,400017,2024-06-05
C03900,Payal Devi,F,32,Lucknow,Uttar Pradesh,2,226056,2024-02-20
C03901,Meena Saikia,F,24,Bhopal,Madhya Pradesh,2,462028,2024-06-03
C03902,Sana Mishra,F,19,Delhi,Delhi,1,110057,2024-09-17
C03903,Neha Das,F,34,Kolkata,West Bengal,1,700028,2022-07-08
C03904,Nisha Ansari,F,33,Jaipur,Rajasthan,2,302033,2024-09-25
C03905,Ruchi Iyer,F,29,Patna,Bihar,2,800052,2024-09-19
C03906,Suresh Yadav,M,22,Bengaluru,Karnataka,1,560016,2022-04-29
C03907,Rohit Singh,M,24,Bhilwara,Rajasthan,3,311065,2023-08-03
C03908,Payal Rao,F,32,Agartala,Tripura,3,799018,2023-07-23
C03909,Vikram Patel,M,27,Pune,Maharashtra,1,411093,2022-07-27
C03910,Simran Saikia,F,19,Lucknow,Uttar Pradesh,2,226052,2023-08-18
C03911,Fatima Rao,F,25,Ludhiana,Punjab,2,141013,2024-03-29
C03912,Fatima Patel,F,43,Hyderabad,Telangana,1,500094,2023-12-23
C03913,Amit Singh,M,45,Surat,Gujarat,2,395040,2022-05-05
C03914,Sneha Nair,F,18,Varanasi,Uttar Pradesh,3,221050,2022-08-26
C03915,Pooja Ansari,F,18,Chennai,Tamil Nadu,1,600040,2023-03-09
C03916,Suresh Nair,M,34,Ranchi,Jharkhand,2,834013,2024-07-08
C03917,Rani Pandey,F,46,Raipur,Chhattisgarh,2,492071,2022-06-29
C03918,Fatima Khan,F,25,Coimbatore,Tamil Nadu,2,641064,2023-02-22
C03919,Vikram Iyer,M,30,Guwahati,Assam,2,781044,2023-02-19
C03920,Nisha Iyer,F,33,Patna,Bihar,2,800063,2023-09-23
C03921,Komal Iyer,F,27,Surat,Gujarat,2,395012,2023-05-23
C03922,Rani Pandey,F,18,Pune,Maharashtra,1,411071,2022-12-03
C03923,Simran Ansari,F,24,Nagpur,Maharashtra,2,440026,2023-01-18
C03924,Payal Kumari,F,18,Kanpur,Uttar Pradesh,2,208005,2024-06-27
C03925,Neha Mishra,F,18,Mumbai,Maharashtra,1,400040,2023-12-17
C03926,Fatima Ansari,F,20,Hyderabad,Telangana,1,500034,2023-02-10
C03927,Amit Chauhan,F,36,Kanpur,Uttar Pradesh,2,208050,2022-07-29
C03928,Karan Devi,M,20,Gorakhpur,Uttar Pradesh,3,273044,2023-05-28
C03929,Priya Kumari,F,30,Chennai,Tamil Nadu,1,600060,2022-11-19
C03930,Anjali Saikia,F,21,Chennai,Tamil Nadu,1,600006,2022-07-04
C03931,Kavya Iyer,F,23,Hyderabad,Telangana,1,500008,2023-09-25
C03932,Rani Joshi,F,39,Bhopal,Madhya Pradesh,2,462047,2023-01-05
C03933,Lakshmi Pandey,F,32,Bareilly,Uttar Pradesh,3,243080,2024-03-15
C03934,Karan Sharma,M,28,Delhi,Delhi,1,110040,2022-11-07
C03935,Karan Ansari,M,23,Kanpur,Uttar Pradesh,2,208094,2022-05-29
C03936,Rani Iyer,F,31,Siliguri,West Bengal,3,734066,2023-03-16
C03937,Suresh Gupta,M,34,Raipur,Chhattisgarh,2,492044,2022-11-12
C03938,Shalini Chauhan,F,33,Kanpur,Uttar Pradesh,2,208076,2023-12-06
C03939,Vikram Iyer,M,33,Gorakhpur,Uttar Pradesh,3,273007,2024-04-12
C03940,Ruchi Ansari,F,29,Jaipur,Rajasthan,2,302077,2023-08-25
C03941,Imran Chauhan,M,30,Gorakhpur,Uttar Pradesh,3,273050,2023-01-07
C03942,Fatima Joshi,F,29,Pune,Maharashtra,1,411046,2022-05-23
C03943,Fatima Joshi,F,48,Coimbatore,Tamil Nadu,2,641041,2022-12-08
C03944,Fatima Sharma,F,25,Bengaluru,Karnataka,1,560057,2023-05-13
C03945,Komal Nair,F,34,Hyderabad,Telangana,1,500079,2023-08-21
C03946,Sana Nair,F,18,Kolkata,West Bengal,1,700031,2023-07-08
C03947,Komal Verma,F,33,Varanasi,Uttar Pradesh,3,221068,2024-09-24
C03948,Ritika Rao,F,30,Jaipur,Rajasthan,2,302075,2024-03-22
C03949,Aisha Iyer,F,27,Hyderabad,Telangana,1,500095,2023-04-13
C03950,Rahul Ansari,M,24,Bengaluru,Karnataka,1,560008,2022-07-02
C03951,Priya Kumari,F,26,Shillong,Meghalaya,3,793004,2023-11-15
C03952,Rohit Iyer,M,25,Mumbai,Maharashtra,1,400069,2023-06-27
C03953,Ritika Das,F,42,Coimbatore,Tamil Nadu,2,641036,2022-12-08
C03954,Ruchi Iyer,F,25,Indore,Madhya Pradesh,2,452028,2022-05-14
C03955,Payal Patel,F,33,Agartala,Tripura,3,799034,2024-06-09
C03956,Anjali Saikia,F,20,Lucknow,Uttar Pradesh,2,226007,2022-04-17
C03957,Payal Iyer,F,21,Mumbai,Maharashtra,1,400088,2022-04-21
C03958,Meena Chauhan,F,32,Kanpur,Uttar Pradesh,2,208061,2023-03-02
C03959,Ritika Reddy,F,18,Coimbatore,Tamil Nadu,2,641055,2024-07-04
C03960,Divya Joshi,F,29,Pune,Maharashtra,1,411035,2022-10-10
C03961,Ritika Mishra,F,29,Ujjain,Madhya Pradesh,3,456086,2022-08-18
C03962,Simran Verma,F,32,Dehradun,Uttarakhand,2,248004,2022-09-19
C03963,Divya Iyer,F,19,Jaipur,Rajasthan,2,302062,2024-07-06
C03964,Amit Khan,M,25,Coimbatore,Tamil Nadu,2,641093,2023-08-20
C03965,Amit Yadav,M,32,Bilaspur,Chhattisgarh,3,495033,2023-09-25
C03966,Meena Singh,F,24,Kanpur,Uttar Pradesh,2,208032,2023-05-10
C03967,Priya Mishra,F,43,Jaipur,Rajasthan,2,302002,2023-05-19
C03968,Lakshmi Kumari,F,29,Surat,Gujarat,2,395016,2024-09-01
C03969,Payal Verma,F,43,Gorakhpur,Uttar Pradesh,3,273027,2022-08-14
C03970,Nisha Chauhan,F,34,Nagpur,Maharashtra,2,440026,2022-06-30
C03971,Shalini Joshi,F,28,Bengaluru,Karnataka,1,560085,2023-12-15
C03972,Meena Nair,F,33,Raipur,Chhattisgarh,2,492024,2023-04-24
C03973,Neha Joshi,F,34,Mumbai,Maharashtra,1,400032,2022-07-14
C03974,Fatima Reddy,F,20,Ludhiana,Punjab,2,141055,2023-05-16
C03975,Sana Chauhan,F,26,Guwahati,Assam,2,781035,2024-08-20
C03976,Divya Saikia,F,24,Nagpur,Maharashtra,2,440024,2022-12-31
C03977,Shalini Iyer,F,28,Bengaluru,Karnataka,1,560020,2023-07-26
C03978,Amit Pandey,M,19,Kanpur,Uttar Pradesh,2,208017,2023-01-19
C03979,Ruchi Kumari,F,18,Hubballi,Karnataka,3,580077,2022-06-12
C03980,Imran Kumari,M,18,Imphal,Manipur,3,795032,2024-09-01
C03981,Neha Pandey,F,19,Indore,Madhya Pradesh,2,452024,2022-11-02
C03982,Rahul Singh,M,29,Patna,Bihar,2,800028,2024-06-28
C03983,Rahul Sharma,M,24,Nagpur,Maharashtra,2,440011,2022-11-21
C03984,Anjali Kumari,F,37,Hubballi,Karnataka,3,580008,2023-11-28
C03985,Rahul Verma,F,19,Bhopal,Madhya Pradesh,2,462045,2023-12-02
C03986,Ritika Chauhan,F,33,Bhopal,Madhya Pradesh,2,462077,2023-07-02
C03987,Swati Yadav,F,28,Shillong,Meghalaya,3,793082,2022-11-05
C03988,Neha Pandey,F,23,Lucknow,Uttar Pradesh,2,226063,2024-05-06
C03989,Swati Yadav,F,26,Agartala,Tripura,3,799017,2023-02-09
C03990,Imran Khan,M,29,Lucknow,Uttar Pradesh,2,226083,2023-06-11
C03991,Swati Gupta,F,28,Raipur,Chhattisgarh,2,492076,2024-08-20
C03992,Amit Saikia,M,28,Chennai,Tamil Nadu,1,600039,2024-01-07
C03993,Neha Mishra,F,27,Guwahati,Assam,2,781066,2023-03-14
C03994,Rahul Mishra,F,34,Pune,Maharashtra,1,411074,2024-05-15
C03995,Rahul Das,F,28,Ludhiana,Punjab,2,141004,2023-07-05
C03996,Shalini Pandey,F,24,Ujjain,Madhya Pradesh,3,456048,2022-05-04
C03997,Anjali Chauhan,F,22,Lucknow,Uttar Pradesh,2,226085,2024-04-28
C03998,Meena Joshi,F,32,Indore,Madhya Pradesh,2,452081,2023-05-12
C03999,Rani Khan,F,21,Ujjain,Madhya Pradesh,3,456017,2024-02-22
C04000,Meena Saikia,F,25,Bhopal,Madhya Pradesh,2,462062,2023-01-30
C04001,Payal Verma,F,28,Patna,Bihar,2,800047,2023-01-26
C04002,Meena Saikia,F,31,Bareilly,Uttar Pradesh,3,243060,2024-01-04
C04003,Amit Iyer,M,24,Bilaspur,Chhattisgarh,3,495087,2023-03-04
C04004,Payal Singh,F,29,Lucknow,Uttar Pradesh,2,226076,2024-02-18
C04005,Kavya Joshi,F,26,Lucknow,Uttar Pradesh,2,226080,2022-09-11
C04006,Neha Yadav,F,37,Varanasi,Uttar Pradesh,3,221063,2024-05-03
C04007,Ritika Gupta,F,48,Raipur,Chhattisgarh,2,492048,2024-06-08
C04008,Neha Ansari,F,45,Raipur,Chhattisgarh,2,492007,2024-08-05
C04009,Imran Rao,M,27,Lucknow,Uttar Pradesh,2,226046,2023-10-03
C04010,Shalini Iyer,F,21,Kanpur,Uttar Pradesh,2,208055,2023-03-10
C04011,Ritika Pandey,F,33,Hubballi,Karnataka,3,580090,2022-05-04
C04012,Anjali Rao,F,29,Dehradun,Uttarakhand,2,248098,2024-09-24
C04013,Amit Sharma,M,19,Kolkata,West Bengal,1,700038,2024-03-10
C04014,Divya Ansari,F,23,Mumbai,Maharashtra,1,400012,2022-12-31
C04015,Aisha Reddy,F,30,Ranchi,Jharkhand,2,834006,2022-07-27
C04016,Aisha Gupta,F,31,Ujjain,Madhya Pradesh,3,456005,2023-04-14
C04017,Imran Sharma,M,35,Surat,Gujarat,2,395048,2023-09-17
C04018,Sana Gupta,F,29,Varanasi,Uttar Pradesh,3,221027,2024-04-07
C04019,Anjali Verma,F,24,Bengaluru,Karnataka,1,560088,2022-11-07
C04020,Rani Iyer,F,19,Guwahati,Assam,2,781024,2024-09-29
C04021,Karan Chauhan,M,20,Ludhiana,Punjab,2,141072,2023-04-05
C04022,Meena Joshi,F,31,Kanpur,Uttar Pradesh,2,208099,2023-06-26
C04023,Fatima Yadav,F,25,Indore,Madhya Pradesh,2,452039,2023-04-26
C04024,Kavya Kumari,F,33,Raipur,Chhattisgarh,2,492036,2024-05-02
C04025,Fatima Sharma,F,24,Ranchi,Jharkhand,2,834099,2022-11-01
C04026,Sana Iyer,F,32,Dehradun,Uttarakhand,2,248077,2022-07-21
C04027,Deepa Rao,F,27,Ludhiana,Punjab,2,141035,2023-01-16
C04028,Swati Joshi,F,27,Surat,Gujarat,2,395033,2023-09-04
C04029,Rani Devi,F,25,Gorakhpur,Uttar Pradesh,3,273012,2022-06-25
C04030,Suresh Das,M,24,Lucknow,Uttar Pradesh,2,226079,2023-12-21
C04031,Ruchi Saikia,F,30,Bengaluru,Karnataka,1,560035,2022-08-09
C04032,Simran Chauhan,F,21,Hubballi,Karnataka,3,580085,2023-03-31
C04033,Sneha Reddy,F,22,Hyderabad,Telangana,1,500035,2023-09-05
C04034,Anjali Reddy,F,25,Nagpur,Maharashtra,2,440063,2022-10-09
C04035,Ruchi Gupta,F,31,Nagpur,Maharashtra,2,440063,2023-11-28
C04036,Imran Ansari,M,19,Ranchi,Jharkhand,2,834034,2022-07-18
C04037,Deepa Mishra,F,32,Lucknow,Uttar Pradesh,2,226085,2023-08-20
C04038,Shalini Joshi,F,18,Ludhiana,Punjab,2,141007,2023-10-06
C04039,Rohit Kumari,M,33,Lucknow,Uttar Pradesh,2,226084,2023-07-25
C04040,Sana Nair,F,31,Pune,Maharashtra,1,411029,2024-04-15
C04041,Neha Nair,F,40,Patna,Bihar,2,800025,2024-01-18
C04042,Anjali Das,F,34,Varanasi,Uttar Pradesh,3,221056,2023-07-06
C04043,Shalini Yadav,F,28,Chennai,Tamil Nadu,1,600011,2022-12-25
C04044,Swati Pandey,F,18,Surat,Gujarat,2,395044,2023-08-10
C04045,Aisha Mishra,F,28,Jaipur,Rajasthan,2,302007,2023-03-25
C04046,Ritika Khan,F,34,Mumbai,Maharashtra,1,400061,2023-07-26
C04047,Rohit Ansari,M,19,Jaipur,Rajasthan,2,302036,2024-05-23
C04048,Priya Kumari,F,34,Hyderabad,Telangana,1,500079,2024-07-14
C04049,Anjali Pandey,F,20,Guwahati,Assam,2,781068,2024-01-02
C04050,Arjun Saikia,M,31,Lucknow,Uttar Pradesh,2,226047,2023-01-08
C04051,Sneha Ansari,F,23,Kanpur,Uttar Pradesh,2,208045,2023-01-09
C04052,Neha Das,F,34,Kanpur,Uttar Pradesh,2,208025,2024-08-17
C04053,Karan Ansari,M,29,Kolkata,West Bengal,1,700016,2024-02-18
C04054,Sana Yadav,F,22,Bengaluru,Karnataka,1,560014,2023-08-17
C04055,Divya Patel,F,21,Nagpur,Maharashtra,2,440037,2023-07-02
C04056,Rahul Das,M,22,Chennai,Tamil Nadu,1,600057,2023-12-18
C04057,Simran Iyer,F,30,Chennai,Tamil Nadu,1,600006,2024-04-05
C04058,Simran Pandey,F,18,Chennai,Tamil Nadu,1,600054,2022-08-12
C04059,Divya Mishra,F,32,Delhi,Delhi,1,110018,2024-08-07
C04060,Payal Verma,F,28,Ludhiana,Punjab,2,141015,2024-09-24
C04061,Suresh Rao,M,31,Bengaluru,Karnataka,1,560075,2024-09-29
C04062,Amit Khan,M,34,Lucknow,Uttar Pradesh,2,226012,2022-05-16
C04063,Vikram Khan,M,40,Jaipur,Rajasthan,2,302025,2023-02-21
C04064,Aisha Sharma,F,29,Varanasi,Uttar Pradesh,3,221035,2023-04-08
C04065,Divya Gupta,F,31,Pune,Maharashtra,1,411043,2023-06-05
C04066,Arjun Patel,M,21,Gorakhpur,Uttar Pradesh,3,273091,2023-04-10
C04067,Kavya Kumari,F,31,Chennai,Tamil Nadu,1,600096,2023-04-09
C04068,Deepa Mishra,F,18,Varanasi,Uttar Pradesh,3,221019,2022-09-24
C04069,Lakshmi Gupta,F,27,Bengaluru,Karnataka,1,560070,2023-05-04
C04070,Anjali Devi,F,27,Bengaluru,Karnataka,1,560051,2022-07-31
C04071,Simran Patel,F,18,Lucknow,Uttar Pradesh,2,226041,2023-05-27
C04072,Meena Patel,F,19,Ranchi,Jharkhand,2,834001,2023-02-18
C04073,Amit Kumari,M,26,Gorakhpur,Uttar Pradesh,3,273030,2023-06-28
C04074,Lakshmi Yadav,F,32,Bilaspur,Chhattisgarh,3,495002,2022-06-06
C04075,Anjali Singh,F,28,Bhilwara,Rajasthan,3,311091,2022-10-16
C04076,Deepa Reddy,F,33,Shillong,Meghalaya,3,793012,2023-06-30
C04077,Imran Kumari,M,32,Coimbatore,Tamil Nadu,2,641049,2023-01-21
C04078,Sana Singh,F,25,Indore,Madhya Pradesh,2,452089,2022-08-01
C04079,Rahul Gupta,F,45,Surat,Gujarat,2,395045,2022-09-24
C04080,Amit Kumari,M,24,Lucknow,Uttar Pradesh,2,226032,2022-09-28
C04081,Ritika Kumari,F,33,Ludhiana,Punjab,2,141004,2023-04-19
C04082,Arjun Verma,M,27,Kanpur,Uttar Pradesh,2,208046,2022-06-07
C04083,Rani Patel,F,40,Delhi,Delhi,1,110060,2024-09-10
C04084,Suresh Pandey,M,26,Ludhiana,Punjab,2,141051,2024-03-31
C04085,Lakshmi Mishra,F,23,Shillong,Meghalaya,3,793058,2024-06-10
C04086,Suresh Sharma,M,30,Surat,Gujarat,2,395095,2022-06-16
C04087,Simran Chauhan,F,18,Hubballi,Karnataka,3,580095,2024-06-03
C04088,Aisha Iyer,F,20,Bengaluru,Karnataka,1,560076,2023-12-21
C04089,Komal Gupta,F,19,Siliguri,West Bengal,3,734007,2022-04-22
C04090,Rahul Kumari,F,34,Hyderabad,Telangana,1,500004,2023-10-15
C04091,Karan Joshi,M,33,Bilaspur,Chhattisgarh,3,495007,2024-07-07
C04092,Sneha Kumari,F,21,Pune,Maharashtra,1,411014,2023-03-05
C04093,Amit Devi,F,39,Lucknow,Uttar Pradesh,2,226056,2024-09-03
C04094,Lakshmi Mishra,F,40,Hubballi,Karnataka,3,580050,2022-10-20
C04095,Rani Khan,F,29,Varanasi,Uttar Pradesh,3,221016,2024-03-06
C04096,Amit Saikia,F,45,Lucknow,Uttar Pradesh,2,226059,2022-07-08
C04097,Deepa Devi,F,19,Pune,Maharashtra,1,411007,2023-05-13
C04098,Amit Nair,F,34,Lucknow,Uttar Pradesh,2,226054,2022-12-17
C04099,Neha Rao,F,21,Patna,Bihar,2,800063,2022-09-18
C04100,Meena Ansari,F,25,Patna,Bihar,2,800048,2022-05-01
C04101,Imran Rao,M,25,Bareilly,Uttar Pradesh,3,243048,2023-09-02
C04102,Neha Khan,F,19,Kanpur,Uttar Pradesh,2,208011,2023-01-14
C04103,Fatima Iyer,F,21,Hyderabad,Telangana,1,500020,2023-09-07
C04104,Pooja Saikia,F,24,Gorakhpur,Uttar Pradesh,3,273027,2023-09-19
C04105,Lakshmi Gupta,F,33,Chennai,Tamil Nadu,1,600072,2024-02-23
C04106,Swati Yadav,F,33,Bengaluru,Karnataka,1,560048,2024-02-07
C04107,Rohit Iyer,M,19,Chennai,Tamil Nadu,1,600018,2023-01-28
C04108,Payal Nair,F,21,Raipur,Chhattisgarh,2,492015,2024-03-25
C04109,Deepa Saikia,F,29,Nagpur,Maharashtra,2,440016,2023-06-27
C04110,Rohit Yadav,M,20,Chennai,Tamil Nadu,1,600057,2022-12-11
C04111,Priya Reddy,F,26,Patna,Bihar,2,800088,2022-09-24
C04112,Lakshmi Verma,F,33,Gorakhpur,Uttar Pradesh,3,273089,2022-11-25
C04113,Rani Gupta,F,24,Patna,Bihar,2,800010,2024-05-26
C04114,Lakshmi Mishra,F,25,Ludhiana,Punjab,2,141065,2022-10-20
C04115,Payal Pandey,F,22,Mumbai,Maharashtra,1,400059,2024-04-23
C04116,Anjali Patel,F,29,Bengaluru,Karnataka,1,560058,2022-12-12
C04117,Sana Nair,F,21,Lucknow,Uttar Pradesh,2,226053,2023-04-02
C04118,Karan Sharma,M,28,Jaipur,Rajasthan,2,302042,2024-09-15
C04119,Aisha Saikia,F,26,Jaipur,Rajasthan,2,302035,2022-07-03
C04120,Amit Sharma,M,33,Delhi,Delhi,1,110096,2023-02-02
C04121,Shalini Nair,F,22,Patna,Bihar,2,800015,2024-09-30
C04122,Pooja Chauhan,F,31,Delhi,Delhi,1,110079,2023-01-03
C04123,Sneha Saikia,F,32,Coimbatore,Tamil Nadu,2,641042,2024-02-29
C04124,Amit Singh,M,33,Bhopal,Madhya Pradesh,2,462005,2022-05-10
C04125,Ruchi Verma,F,31,Hyderabad,Telangana,1,500037,2022-05-24
C04126,Ruchi Khan,F,28,Ujjain,Madhya Pradesh,3,456042,2023-12-16
C04127,Kavya Singh,F,28,Indore,Madhya Pradesh,2,452091,2024-01-19
C04128,Rahul Khan,F,25,Varanasi,Uttar Pradesh,3,221073,2023-12-15
C04129,Amit Joshi,M,27,Bengaluru,Karnataka,1,560030,2023-12-24
C04130,Imran Nair,M,19,Jaipur,Rajasthan,2,302093,2022-11-24
C04131,Aisha Saikia,F,20,Bengaluru,Karnataka,1,560007,2023-07-07
C04132,Neha Kumari,F,22,Surat,Gujarat,2,395010,2024-01-10
C04133,Amit Khan,F,23,Coimbatore,Tamil Nadu,2,641022,2023-12-08
C04134,Ruchi Gupta,F,19,Coimbatore,Tamil Nadu,2,641078,2023-10-22
C04135,Pooja Chauhan,F,28,Indore,Madhya Pradesh,2,452035,2024-05-30
C04136,Simran Kumari,F,18,Hyderabad,Telangana,1,500018,2023-04-20
C04137,Amit Mishra,M,46,Lucknow,Uttar Pradesh,2,226098,2022-04-15
C04138,Lakshmi Devi,F,29,Lucknow,Uttar Pradesh,2,226094,2023-06-05
C04139,Rahul Mishra,F,27,Nagpur,Maharashtra,2,440076,2024-04-02
C04140,Amit Singh,M,23,Hyderabad,Telangana,1,500074,2023-02-13
C04141,Neha Das,F,18,Muzaffarpur,Bihar,3,842097,2024-07-07
C04142,Shalini Kumari,F,44,Hyderabad,Telangana,1,500025,2023-02-15
C04143,Suresh Mishra,M,21,Delhi,Delhi,1,110021,2022-06-14
C04144,Meena Verma,F,34,Ranchi,Jharkhand,2,834083,2023-11-27
C04145,Swati Chauhan,F,41,Ranchi,Jharkhand,2,834052,2023-09-25
C04146,Rahul Rao,F,23,Coimbatore,Tamil Nadu,2,641077,2024-05-27
C04147,Deepa Mishra,F,36,Chennai,Tamil Nadu,1,600054,2023-11-17
C04148,Rani Singh,F,40,Hubballi,Karnataka,3,580025,2022-07-10
C04149,Lakshmi Sharma,F,21,Delhi,Delhi,1,110025,2024-07-30
C04150,Vikram Singh,M,23,Bhopal,Madhya Pradesh,2,462031,2023-12-10
C04151,Rahul Sharma,F,22,Hyderabad,Telangana,1,500093,2022-04-18
C04152,Kavya Kumari,F,20,Guwahati,Assam,2,781081,2024-01-27
C04153,Sneha Mishra,F,26,Bareilly,Uttar Pradesh,3,243021,2024-01-28
C04154,Anjali Joshi,F,18,Nagpur,Maharashtra,2,440040,2022-08-02
C04155,Vikram Saikia,M,33,Delhi,Delhi,1,110082,2022-10-09
C04156,Ruchi Ansari,F,33,Muzaffarpur,Bihar,3,842063,2022-05-02
C04157,Lakshmi Mishra,F,27,Delhi,Delhi,1,110089,2024-08-09
C04158,Rahul Pandey,M,18,Bengaluru,Karnataka,1,560089,2022-11-12
C04159,Rahul Ansari,F,37,Gorakhpur,Uttar Pradesh,3,273037,2022-07-07
C04160,Imran Nair,M,29,Patna,Bihar,2,800038,2024-07-27
C04161,Vikram Saikia,M,31,Indore,Madhya Pradesh,2,452097,2022-09-21
C04162,Aisha Saikia,F,23,Hubballi,Karnataka,3,580029,2023-03-13
C04163,Rohit Chauhan,M,30,Ludhiana,Punjab,2,141083,2024-03-19
C04164,Nisha Rao,F,34,Bhilwara,Rajasthan,3,311003,2023-05-31
C04165,Anjali Nair,F,25,Shillong,Meghalaya,3,793046,2023-06-22
C04166,Swati Devi,F,25,Dehradun,Uttarakhand,2,248010,2022-06-14
C04167,Rani Saikia,F,20,Mumbai,Maharashtra,1,400084,2024-03-20
C04168,Nisha Verma,F,33,Lucknow,Uttar Pradesh,2,226084,2024-09-28
C04169,Amit Rao,F,27,Patna,Bihar,2,800073,2023-12-17
C04170,Ruchi Patel,F,32,Ludhiana,Punjab,2,141049,2023-05-04
C04171,Rohit Gupta,M,18,Indore,Madhya Pradesh,2,452042,2023-02-17
C04172,Fatima Rao,F,29,Lucknow,Uttar Pradesh,2,226036,2022-08-27
C04173,Imran Mishra,M,24,Hyderabad,Telangana,1,500091,2024-08-27
C04174,Shalini Das,F,31,Guwahati,Assam,2,781027,2022-11-26
C04175,Amit Singh,F,31,Raipur,Chhattisgarh,2,492064,2023-11-20
C04176,Simran Reddy,F,29,Lucknow,Uttar Pradesh,2,226094,2023-01-21
C04177,Rahul Nair,M,25,Bengaluru,Karnataka,1,560064,2024-05-09
C04178,Simran Ansari,F,32,Delhi,Delhi,1,110006,2022-10-06
C04179,Rohit Patel,M,21,Hyderabad,Telangana,1,500018,2023-04-22
C04180,Swati Devi,F,25,Mumbai,Maharashtra,1,400046,2022-05-04
C04181,Deepa Mishra,F,21,Kolkata,West Bengal,1,700010,2024-04-19
C04182,Rani Iyer,F,33,Indore,Madhya Pradesh,2,452028,2024-07-21
C04183,Ritika Reddy,F,36,Mumbai,Maharashtra,1,400003,2023-04-03
C04184,Aisha Verma,F,28,Bhopal,Madhya Pradesh,2,462075,2024-01-10
C04185,Aisha Rao,F,18,Ludhiana,Punjab,2,141032,2022-10-11
C04186,Shalini Gupta,F,19,Indore,Madhya Pradesh,2,452017,2024-07-24
C04187,Rahul Nair,F,20,Bhopal,Madhya Pradesh,2,462058,2024-08-16
C04188,Simran Gupta,F,33,Delhi,Delhi,1,110069,2023-07-03
C04189,Kavya Gupta,F,33,Coimbatore,Tamil Nadu,2,641002,2024-03-01
C04190,Arjun Patel,M,33,Ludhiana,Punjab,2,141033,2024-02-26
C04191,Sneha Singh,F,29,Ranchi,Jharkhand,2,834009,2022-04-24
C04192,Ruchi Sharma,F,27,Bengaluru,Karnataka,1,560015,2024-03-11
C04193,Divya Joshi,F,22,Delhi,Delhi,1,110007,2022-09-24
C04194,Rohit Yadav,M,29,Patna,Bihar,2,800055,2022-08-20
C04195,Sneha Gupta,F,20,Agartala,Tripura,3,799091,2023-04-15
C04196,Komal Saikia,F,32,Varanasi,Uttar Pradesh,3,221063,2023-07-26
C04197,Shalini Gupta,F,33,Patna,Bihar,2,800060,2022-11-29
C04198,Amit Rao,M,38,Mumbai,Maharashtra,1,400079,2023-06-22
C04199,Rahul Nair,M,25,Coimbatore,Tamil Nadu,2,641005,2023-12-25
C04200,Divya Mishra,F,31,Lucknow,Uttar Pradesh,2,226066,2022-06-27
C04201,Nisha Reddy,F,18,Gorakhpur,Uttar Pradesh,3,273064,2023-02-17
C04202,Amit Verma,F,21,Ludhiana,Punjab,2,141045,2022-04-18
C04203,Divya Devi,F,21,Patna,Bihar,2,800099,2023-03-29
C04204,Ruchi Yadav,F,26,Coimbatore,Tamil Nadu,2,641040,2023-01-25
C04205,Kavya Joshi,F,28,Hyderabad,Telangana,1,500033,2024-08-31
C04206,Divya Iyer,F,18,Ujjain,Madhya Pradesh,3,456018,2024-08-07
C04207,Amit Pandey,M,26,Guwahati,Assam,2,781024,2024-08-06
C04208,Deepa Pandey,F,25,Raipur,Chhattisgarh,2,492087,2023-11-09
C04209,Rahul Joshi,M,34,Pune,Maharashtra,1,411091,2023-02-02
C04210,Rahul Chauhan,F,23,Raipur,Chhattisgarh,2,492083,2022-09-30
C04211,Neha Verma,F,32,Muzaffarpur,Bihar,3,842018,2022-11-06
C04212,Rahul Devi,M,20,Ludhiana,Punjab,2,141016,2022-07-23
C04213,Rahul Joshi,F,33,Hyderabad,Telangana,1,500069,2022-10-23
C04214,Amit Sharma,M,39,Bengaluru,Karnataka,1,560071,2023-07-22
C04215,Simran Nair,F,37,Jaipur,Rajasthan,2,302056,2024-05-25
C04216,Payal Verma,F,31,Dehradun,Uttarakhand,2,248061,2024-07-09
C04217,Neha Chauhan,F,18,Delhi,Delhi,1,110030,2024-01-27
C04218,Anjali Das,F,25,Delhi,Delhi,1,110097,2024-09-02
C04219,Ruchi Iyer,F,33,Patna,Bihar,2,800085,2024-01-13
C04220,Rahul Patel,M,19,Kanpur,Uttar Pradesh,2,208034,2022-07-07
C04221,Neha Joshi,F,34,Hubballi,Karnataka,3,580076,2023-02-22
C04222,Rani Khan,F,18,Delhi,Delhi,1,110037,2022-05-10
C04223,Deepa Patel,F,34,Bhopal,Madhya Pradesh,2,462055,2022-08-07
C04224,Aisha Gupta,F,29,Bhilwara,Rajasthan,3,311089,2023-09-09
C04225,Neha Khan,F,20,Gorakhpur,Uttar Pradesh,3,273061,2024-08-04
C04226,Nisha Nair,F,22,Bengaluru,Karnataka,1,560046,2023-09-07
C04227,Priya Mishra,F,22,Varanasi,Uttar Pradesh,3,221041,2024-06-30
C04228,Ritika Singh,F,28,Shillong,Meghalaya,3,793034,2024-06-12
C04229,Priya Yadav,F,18,Coimbatore,Tamil Nadu,2,641063,2024-06-19
C04230,Rani Patel,F,19,Chennai,Tamil Nadu,1,600047,2022-04-23
C04231,Deepa Das,F,31,Delhi,Delhi,1,110057,2022-12-02
C04232,Shalini Patel,F,22,Bareilly,Uttar Pradesh,3,243041,2022-07-31
C04233,Simran Singh,F,40,Indore,Madhya Pradesh,2,452086,2022-08-11
C04234,Meena Nair,F,31,Kanpur,Uttar Pradesh,2,208090,2024-07-06
C04235,Imran Mishra,M,28,Bhopal,Madhya Pradesh,2,462069,2024-04-27
C04236,Lakshmi Devi,F,21,Jaipur,Rajasthan,2,302035,2022-05-14
C04237,Arjun Verma,M,24,Kanpur,Uttar Pradesh,2,208018,2024-03-16
C04238,Aisha Pandey,F,24,Lucknow,Uttar Pradesh,2,226086,2022-09-08
C04239,Lakshmi Khan,F,18,Ujjain,Madhya Pradesh,3,456044,2024-09-03
C04240,Anjali Ansari,F,34,Bilaspur,Chhattisgarh,3,495012,2023-02-10
C04241,Karan Patel,M,27,Raipur,Chhattisgarh,2,492017,2023-10-01
C04242,Payal Ansari,F,26,Hyderabad,Telangana,1,500037,2022-07-27
C04243,Fatima Saikia,F,27,Muzaffarpur,Bihar,3,842055,2023-12-17
C04244,Priya Kumari,F,34,Varanasi,Uttar Pradesh,3,221018,2023-08-29
C04245,Amit Joshi,F,29,Kolkata,West Bengal,1,700027,2023-05-12
C04246,Komal Pandey,F,48,Patna,Bihar,2,800038,2022-12-03
C04247,Neha Yadav,F,26,Varanasi,Uttar Pradesh,3,221004,2023-06-10
C04248,Shalini Patel,F,19,Delhi,Delhi,1,110012,2022-08-20
C04249,Sana Reddy,F,26,Indore,Madhya Pradesh,2,452060,2024-08-31
C04250,Sneha Pandey,F,21,Indore,Madhya Pradesh,2,452091,2023-06-01
C04251,Ruchi Verma,F,29,Kolkata,West Bengal,1,700008,2022-12-07
C04252,Rahul Saikia,F,34,Gorakhpur,Uttar Pradesh,3,273068,2024-01-11
C04253,Karan Rao,M,22,Hubballi,Karnataka,3,580088,2024-01-27
C04254,Karan Saikia,M,44,Indore,Madhya Pradesh,2,452054,2022-09-19
C04255,Arjun Devi,M,29,Pune,Maharashtra,1,411092,2023-01-02
C04256,Swati Singh,F,24,Lucknow,Uttar Pradesh,2,226093,2024-06-12
C04257,Rohit Joshi,M,34,Patna,Bihar,2,800030,2024-05-19
C04258,Arjun Sharma,M,24,Siliguri,West Bengal,3,734051,2022-05-02
C04259,Ruchi Singh,F,26,Ludhiana,Punjab,2,141091,2024-08-31
C04260,Anjali Nair,F,30,Dehradun,Uttarakhand,2,248044,2022-11-22
C04261,Komal Kumari,F,20,Lucknow,Uttar Pradesh,2,226016,2024-09-15
C04262,Rohit Rao,M,23,Lucknow,Uttar Pradesh,2,226005,2023-06-01
C04263,Lakshmi Mishra,F,23,Dehradun,Uttarakhand,2,248068,2022-09-27
C04264,Simran Ansari,F,26,Hubballi,Karnataka,3,580024,2024-03-04
C04265,Fatima Patel,F,38,Coimbatore,Tamil Nadu,2,641082,2023-06-22
C04266,Karan Chauhan,M,44,Hyderabad,Telangana,1,500054,2022-08-05
C04267,Shalini Singh,F,22,Guwahati,Assam,2,781049,2024-09-30
C04268,Pooja Nair,F,26,Patna,Bihar,2,800090,2023-04-16
C04269,Suresh Mishra,M,33,Jaipur,Rajasthan,2,302009,2023-09-28
C04270,Neha Sharma,F,18,Muzaffarpur,Bihar,3,842072,2023-02-28
C04271,Nisha Reddy,F,29,Nagpur,Maharashtra,2,440007,2023-06-02
C04272,Karan Joshi,M,25,Kanpur,Uttar Pradesh,2,208014,2024-05-21
C04273,Arjun Gupta,M,34,Kanpur,Uttar Pradesh,2,208044,2024-08-10
C04274,Deepa Joshi,F,29,Imphal,Manipur,3,795078,2022-12-17
C04275,Swati Yadav,F,18,Gorakhpur,Uttar Pradesh,3,273001,2023-01-18
C04276,Priya Rao,F,33,Mumbai,Maharashtra,1,400011,2022-04-23
C04277,Swati Saikia,F,26,Delhi,Delhi,1,110045,2024-03-31
C04278,Imran Saikia,M,19,Chennai,Tamil Nadu,1,600017,2024-02-04
C04279,Karan Pandey,M,29,Hyderabad,Telangana,1,500058,2022-07-16
C04280,Ritika Sharma,F,34,Kanpur,Uttar Pradesh,2,208069,2024-08-04
C04281,Arjun Gupta,M,18,Varanasi,Uttar Pradesh,3,221022,2022-07-10
C04282,Aisha Sharma,F,34,Guwahati,Assam,2,781081,2023-03-22
C04283,Swati Ansari,F,28,Indore,Madhya Pradesh,2,452001,2023-02-08
C04284,Meena Mishra,F,32,Lucknow,Uttar Pradesh,2,226023,2024-01-21
C04285,Deepa Kumari,F,23,Jaipur,Rajasthan,2,302065,2023-07-20
C04286,Neha Das,F,22,Hubballi,Karnataka,3,580006,2023-11-21
C04287,Arjun Mishra,M,45,Varanasi,Uttar Pradesh,3,221089,2024-01-10
C04288,Payal Kumari,F,24,Muzaffarpur,Bihar,3,842038,2023-01-21
C04289,Arjun Singh,M,30,Shillong,Meghalaya,3,793058,2024-01-13
C04290,Deepa Rao,F,31,Bhilwara,Rajasthan,3,311073,2023-04-27
C04291,Imran Rao,M,26,Guwahati,Assam,2,781080,2024-07-16
C04292,Ruchi Iyer,F,22,Hubballi,Karnataka,3,580055,2023-12-10
C04293,Sana Reddy,F,32,Hubballi,Karnataka,3,580069,2023-01-15
C04294,Payal Verma,F,23,Imphal,Manipur,3,795036,2023-02-21
C04295,Suresh Nair,M,34,Hyderabad,Telangana,1,500019,2024-01-11
C04296,Karan Rao,M,32,Bhilwara,Rajasthan,3,311001,2023-12-07
C04297,Ritika Kumari,F,34,Bengaluru,Karnataka,1,560058,2023-09-15
C04298,Simran Saikia,F,19,Jaipur,Rajasthan,2,302029,2022-11-17
C04299,Payal Patel,F,47,Bhilwara,Rajasthan,3,311064,2024-06-03
C04300,Payal Khan,F,37,Delhi,Delhi,1,110032,2024-09-27
C04301,Karan Chauhan,M,29,Bengaluru,Karnataka,1,560076,2024-06-06
C04302,Meena Khan,F,30,Lucknow,Uttar Pradesh,2,226049,2024-09-11
C04303,Amit Sharma,F,28,Bengaluru,Karnataka,1,560063,2022-06-24
C04304,Sana Verma,F,24,Nagpur,Maharashtra,2,440004,2024-03-08
C04305,Aisha Kumari,F,24,Muzaffarpur,Bihar,3,842017,2023-02-07
C04306,Komal Nair,F,32,Bhopal,Madhya Pradesh,2,462093,2022-07-03
C04307,Karan Verma,M,18,Indore,Madhya Pradesh,2,452064,2023-12-28
C04308,Fatima Reddy,F,32,Ujjain,Madhya Pradesh,3,456005,2024-08-10
C04309,Pooja Ansari,F,39,Varanasi,Uttar Pradesh,3,221026,2023-09-01
C04310,Amit Kumari,F,32,Nagpur,Maharashtra,2,440056,2024-03-25
C04311,Karan Ansari,M,18,Shillong,Meghalaya,3,793095,2023-11-04
C04312,Swati Iyer,F,34,Pune,Maharashtra,1,411020,2023-12-09
C04313,Meena Gupta,F,33,Guwahati,Assam,2,781065,2023-09-27
C04314,Fatima Singh,F,34,Shillong,Meghalaya,3,793065,2023-06-08
C04315,Fatima Saikia,F,23,Hyderabad,Telangana,1,500018,2024-03-06
C04316,Rani Chauhan,F,23,Ranchi,Jharkhand,2,834016,2023-11-15
C04317,Nisha Singh,F,22,Surat,Gujarat,2,395085,2022-10-20
C04318,Swati Nair,F,40,Bengaluru,Karnataka,1,560054,2023-06-25
C04319,Shalini Nair,F,32,Bilaspur,Chhattisgarh,3,495084,2022-10-20
C04320,Divya Iyer,F,25,Jaipur,Rajasthan,2,302074,2024-07-07
C04321,Amit Das,F,30,Imphal,Manipur,3,795063,2022-07-19
C04322,Suresh Pandey,M,31,Gorakhpur,Uttar Pradesh,3,273050,2023-08-18
C04323,Ruchi Verma,F,22,Agartala,Tripura,3,799002,2023-05-08
C04324,Rohit Saikia,M,28,Ludhiana,Punjab,2,141042,2024-03-26
C04325,Meena Saikia,F,34,Mumbai,Maharashtra,1,400064,2023-04-09
C04326,Payal Yadav,F,27,Delhi,Delhi,1,110095,2023-12-24
C04327,Pooja Rao,F,19,Delhi,Delhi,1,110054,2023-01-19
C04328,Karan Reddy,M,31,Hyderabad,Telangana,1,500088,2023-12-24
C04329,Payal Yadav,F,31,Bengaluru,Karnataka,1,560026,2023-02-11
C04330,Pooja Nair,F,24,Bengaluru,Karnataka,1,560012,2023-03-24
C04331,Vikram Reddy,M,20,Raipur,Chhattisgarh,2,492014,2024-06-09
C04332,Deepa Sharma,F,26,Varanasi,Uttar Pradesh,3,221065,2023-04-06
C04333,Divya Pandey,F,27,Lucknow,Uttar Pradesh,2,226046,2024-04-27
C04334,Pooja Nair,F,32,Surat,Gujarat,2,395033,2023-10-13
C04335,Vikram Mishra,M,32,Indore,Madhya Pradesh,2,452074,2022-04-15
C04336,Nisha Gupta,F,28,Nagpur,Maharashtra,2,440045,2023-08-22
C04337,Suresh Reddy,M,24,Hubballi,Karnataka,3,580070,2022-10-03
C04338,Amit Rao,F,26,Varanasi,Uttar Pradesh,3,221009,2023-06-14
C04339,Imran Kumari,M,46,Ludhiana,Punjab,2,141016,2023-01-26
C04340,Neha Iyer,F,31,Kanpur,Uttar Pradesh,2,208078,2023-11-23
C04341,Kavya Saikia,F,27,Coimbatore,Tamil Nadu,2,641018,2023-07-18
C04342,Neha Ansari,F,42,Bhopal,Madhya Pradesh,2,462025,2023-07-15
C04343,Sana Verma,F,18,Patna,Bihar,2,800017,2022-12-01
C04344,Karan Gupta,M,19,Bareilly,Uttar Pradesh,3,243087,2022-07-19
C04345,Amit Yadav,F,24,Bareilly,Uttar Pradesh,3,243070,2022-11-25
C04346,Sneha Singh,F,29,Indore,Madhya Pradesh,2,452082,2024-07-16
C04347,Shalini Kumari,F,27,Surat,Gujarat,2,395093,2023-12-29
C04348,Anjali Singh,F,31,Indore,Madhya Pradesh,2,452053,2024-02-22
C04349,Ritika Pandey,F,22,Coimbatore,Tamil Nadu,2,641037,2024-03-22
C04350,Divya Reddy,F,20,Guwahati,Assam,2,781036,2024-09-17
C04351,Divya Mishra,F,44,Chennai,Tamil Nadu,1,600097,2023-04-11
C04352,Fatima Khan,F,27,Siliguri,West Bengal,3,734068,2023-12-02
C04353,Rahul Ansari,M,18,Hyderabad,Telangana,1,500098,2022-08-30
C04354,Aisha Khan,F,32,Kanpur,Uttar Pradesh,2,208004,2024-05-11
C04355,Ritika Gupta,F,18,Pune,Maharashtra,1,411060,2023-05-25
C04356,Aisha Mishra,F,25,Mumbai,Maharashtra,1,400017,2022-08-19
C04357,Lakshmi Reddy,F,29,Shillong,Meghalaya,3,793044,2024-01-12
C04358,Sneha Joshi,F,25,Indore,Madhya Pradesh,2,452044,2023-11-08
C04359,Arjun Joshi,M,37,Kolkata,West Bengal,1,700050,2023-08-12
C04360,Deepa Reddy,F,22,Indore,Madhya Pradesh,2,452078,2024-01-03
C04361,Sneha Gupta,F,21,Hyderabad,Telangana,1,500027,2024-01-15
C04362,Aisha Saikia,F,23,Gorakhpur,Uttar Pradesh,3,273061,2023-01-07
C04363,Sana Mishra,F,27,Agartala,Tripura,3,799058,2023-06-05
C04364,Rani Gupta,F,19,Hyderabad,Telangana,1,500029,2023-06-29
C04365,Neha Yadav,F,40,Bilaspur,Chhattisgarh,3,495077,2024-01-27
C04366,Imran Joshi,M,20,Surat,Gujarat,2,395037,2022-07-03
C04367,Amit Iyer,M,37,Hyderabad,Telangana,1,500023,2024-08-28
C04368,Lakshmi Mishra,F,19,Gorakhpur,Uttar Pradesh,3,273001,2022-09-28
C04369,Ruchi Nair,F,30,Pune,Maharashtra,1,411035,2023-12-09
C04370,Suresh Saikia,M,22,Chennai,Tamil Nadu,1,600021,2022-10-26
C04371,Rahul Verma,M,22,Guwahati,Assam,2,781022,2023-07-07
C04372,Divya Khan,F,19,Jaipur,Rajasthan,2,302081,2023-05-01
C04373,Imran Ansari,M,24,Muzaffarpur,Bihar,3,842025,2023-03-28
C04374,Priya Verma,F,19,Guwahati,Assam,2,781086,2023-07-26
C04375,Imran Chauhan,M,31,Hyderabad,Telangana,1,500083,2023-06-02
C04376,Arjun Kumari,M,31,Ujjain,Madhya Pradesh,3,456016,2023-05-30
C04377,Nisha Sharma,F,26,Delhi,Delhi,1,110054,2022-12-18
C04378,Meena Kumari,F,31,Hyderabad,Telangana,1,500068,2023-12-15
C04379,Divya Das,F,24,Ujjain,Madhya Pradesh,3,456043,2024-05-31
C04380,Divya Gupta,F,34,Patna,Bihar,2,800047,2024-06-13
C04381,Karan Kumari,M,30,Varanasi,Uttar Pradesh,3,221046,2022-10-12
C04382,Rani Iyer,F,31,Gorakhpur,Uttar Pradesh,3,273002,2024-08-20
C04383,Aisha Reddy,F,28,Varanasi,Uttar Pradesh,3,221020,2024-03-29
C04384,Fatima Chauhan,F,22,Surat,Gujarat,2,395012,2024-09-23
C04385,Sneha Mishra,F,26,Surat,Gujarat,2,395044,2023-10-06
C04386,Shalini Patel,F,22,Patna,Bihar,2,800030,2023-05-24
C04387,Pooja Das,F,31,Jaipur,Rajasthan,2,302040,2024-02-25
C04388,Payal Verma,F,25,Mumbai,Maharashtra,1,400063,2024-04-26
C04389,Neha Sharma,F,24,Hyderabad,Telangana,1,500047,2022-12-18
C04390,Deepa Patel,F,23,Guwahati,Assam,2,781078,2022-12-18
C04391,Deepa Das,F,22,Jaipur,Rajasthan,2,302072,2024-01-09
C04392,Imran Patel,M,32,Bengaluru,Karnataka,1,560069,2024-02-27
C04393,Payal Kumari,F,18,Ludhiana,Punjab,2,141007,2023-07-11
C04394,Ruchi Iyer,F,41,Bhopal,Madhya Pradesh,2,462078,2023-11-20
C04395,Deepa Sharma,F,27,Raipur,Chhattisgarh,2,492027,2023-04-20
C04396,Deepa Pandey,F,35,Jaipur,Rajasthan,2,302068,2023-11-02
C04397,Lakshmi Iyer,F,33,Lucknow,Uttar Pradesh,2,226024,2023-09-11
C04398,Sneha Patel,F,22,Jaipur,Rajasthan,2,302042,2023-07-01
C04399,Aisha Das,F,31,Guwahati,Assam,2,781070,2022-06-15
C04400,Payal Verma,F,26,Ranchi,Jharkhand,2,834060,2024-04-03
C04401,Aisha Nair,F,31,Hyderabad,Telangana,1,500054,2023-08-21
C04402,Meena Devi,F,30,Delhi,Delhi,1,110012,2023-03-22
C04403,Swati Kumari,F,30,Bengaluru,Karnataka,1,560097,2022-09-06
C04404,Payal Devi,F,39,Guwahati,Assam,2,781033,2023-01-22
C04405,Priya Reddy,F,29,Imphal,Manipur,3,795011,2023-04-18
C04406,Divya Iyer,F,25,Hubballi,Karnataka,3,580086,2023-11-30
C04407,Vikram Reddy,M,25,Pune,Maharashtra,1,411070,2024-09-03
C04408,Ritika Nair,F,20,Delhi,Delhi,1,110018,2022-12-11
C04409,Karan Ansari,M,25,Gorakhpur,Uttar Pradesh,3,273081,2023-01-16
C04410,Deepa Khan,F,18,Nagpur,Maharashtra,2,440010,2023-09-03
C04411,Shalini Khan,F,22,Hyderabad,Telangana,1,500031,2023-02-16
C04412,Pooja Patel,F,30,Mumbai,Maharashtra,1,400082,2022-08-15
C04413,Meena Sharma,F,23,Raipur,Chhattisgarh,2,492011,2024-04-13
C04414,Neha Rao,F,31,Patna,Bihar,2,800062,2024-03-24
C04415,Sana Pandey,F,25,Bengaluru,Karnataka,1,560013,2022-11-22
C04416,Divya Kumari,F,46,Dehradun,Uttarakhand,2,248089,2024-09-17
C04417,Neha Saikia,F,20,Bengaluru,Karnataka,1,560060,2023-09-12
C04418,Vikram Khan,M,48,Shillong,Meghalaya,3,793040,2023-04-08
C04419,Karan Singh,M,20,Chennai,Tamil Nadu,1,600041,2023-12-15
C04420,Sana Singh,F,19,Ranchi,Jharkhand,2,834092,2022-10-26
C04421,Payal Yadav,F,23,Nagpur,Maharashtra,2,440005,2022-05-21
C04422,Aisha Chauhan,F,24,Pune,Maharashtra,1,411037,2022-12-29
C04423,Kavya Patel,F,30,Ranchi,Jharkhand,2,834086,2022-11-04
C04424,Sana Patel,F,20,Bengaluru,Karnataka,1,560070,2024-02-05
C04425,Shalini Khan,F,30,Delhi,Delhi,1,110021,2023-09-28
C04426,Rohit Gupta,M,21,Delhi,Delhi,1,110056,2023-06-11
C04427,Kavya Chauhan,F,46,Surat,Gujarat,2,395028,2024-04-13
C04428,Priya Singh,F,20,Imphal,Manipur,3,795052,2023-07-03
C04429,Simran Joshi,F,31,Bhopal,Madhya Pradesh,2,462095,2024-05-16
C04430,Divya Singh,F,34,Hubballi,Karnataka,3,580051,2022-04-20
C04431,Nisha Reddy,F,23,Pune,Maharashtra,1,411022,2024-08-21
C04432,Payal Mishra,F,18,Kanpur,Uttar Pradesh,2,208037,2022-11-12
C04433,Amit Devi,M,20,Bengaluru,Karnataka,1,560008,2022-11-21
C04434,Divya Sharma,F,34,Lucknow,Uttar Pradesh,2,226041,2024-04-17
C04435,Payal Joshi,F,33,Nagpur,Maharashtra,2,440065,2024-01-19
C04436,Anjali Sharma,F,25,Indore,Madhya Pradesh,2,452004,2022-12-05
C04437,Meena Verma,F,34,Indore,Madhya Pradesh,2,452030,2023-11-07
C04438,Amit Ansari,M,42,Lucknow,Uttar Pradesh,2,226022,2023-06-24
C04439,Vikram Yadav,M,18,Coimbatore,Tamil Nadu,2,641016,2022-05-18
C04440,Rohit Sharma,M,20,Raipur,Chhattisgarh,2,492097,2024-04-23
C04441,Priya Iyer,F,30,Mumbai,Maharashtra,1,400069,2024-08-31
C04442,Anjali Pandey,F,27,Mumbai,Maharashtra,1,400006,2023-08-18
C04443,Payal Nair,F,33,Kolkata,West Bengal,1,700010,2022-09-26
C04444,Ruchi Nair,F,32,Mumbai,Maharashtra,1,400073,2023-07-13
C04445,Ritika Gupta,F,26,Bilaspur,Chhattisgarh,3,495008,2023-07-01
C04446,Meena Das,F,20,Guwahati,Assam,2,781032,2023-03-26
C04447,Rani Verma,F,36,Bareilly,Uttar Pradesh,3,243097,2022-05-21
C04448,Suresh Ansari,M,30,Pune,Maharashtra,1,411060,2023-07-10
C04449,Divya Yadav,F,30,Indore,Madhya Pradesh,2,452095,2024-09-02
C04450,Sneha Singh,F,27,Mumbai,Maharashtra,1,400043,2024-07-17
C04451,Nisha Verma,F,22,Ujjain,Madhya Pradesh,3,456086,2024-03-05
C04452,Shalini Reddy,F,34,Nagpur,Maharashtra,2,440021,2023-07-09
C04453,Ritika Yadav,F,29,Patna,Bihar,2,800082,2023-02-07
C04454,Fatima Chauhan,F,33,Coimbatore,Tamil Nadu,2,641031,2023-09-28
C04455,Nisha Khan,F,24,Ranchi,Jharkhand,2,834028,2022-12-28
C04456,Deepa Sharma,F,26,Ranchi,Jharkhand,2,834004,2022-06-19
C04457,Ruchi Iyer,F,34,Kanpur,Uttar Pradesh,2,208040,2022-08-09
C04458,Fatima Yadav,F,25,Jaipur,Rajasthan,2,302075,2023-03-11
C04459,Ruchi Pandey,F,25,Chennai,Tamil Nadu,1,600078,2024-07-14
C04460,Deepa Joshi,F,22,Nagpur,Maharashtra,2,440061,2024-01-21
C04461,Vikram Reddy,M,18,Lucknow,Uttar Pradesh,2,226050,2022-12-26
C04462,Suresh Iyer,M,26,Delhi,Delhi,1,110008,2024-06-04
C04463,Amit Pandey,M,24,Pune,Maharashtra,1,411033,2022-10-27
C04464,Simran Patel,F,34,Bareilly,Uttar Pradesh,3,243072,2023-07-30
C04465,Shalini Joshi,F,26,Hyderabad,Telangana,1,500035,2023-09-25
C04466,Amit Das,F,27,Lucknow,Uttar Pradesh,2,226019,2024-07-07
C04467,Fatima Saikia,F,28,Mumbai,Maharashtra,1,400062,2022-12-15
C04468,Pooja Rao,F,27,Pune,Maharashtra,1,411023,2022-05-09
C04469,Aisha Chauhan,F,29,Coimbatore,Tamil Nadu,2,641010,2024-04-19
C04470,Simran Nair,F,23,Coimbatore,Tamil Nadu,2,641033,2022-11-25
C04471,Sana Chauhan,F,37,Jaipur,Rajasthan,2,302033,2023-07-08
C04472,Lakshmi Devi,F,33,Guwahati,Assam,2,781048,2022-08-10
C04473,Imran Reddy,M,19,Coimbatore,Tamil Nadu,2,641060,2023-11-13
C04474,Lakshmi Gupta,F,25,Gorakhpur,Uttar Pradesh,3,273036,2023-05-29
C04475,Deepa Reddy,F,32,Shillong,Meghalaya,3,793072,2024-04-09
C04476,Pooja Sharma,F,20,Pune,Maharashtra,1,411018,2024-01-18
C04477,Aisha Ansari,F,30,Jaipur,Rajasthan,2,302022,2023-11-21
C04478,Lakshmi Gupta,F,45,Hyderabad,Telangana,1,500054,2024-09-18
C04479,Rani Kumari,F,18,Indore,Madhya Pradesh,2,452049,2022-06-26
C04480,Aisha Joshi,F,44,Agartala,Tripura,3,799014,2022-06-23
C04481,Amit Chauhan,M,44,Delhi,Delhi,1,110090,2022-12-28
C04482,Simran Gupta,F,26,Bengaluru,Karnataka,1,560057,2024-07-08
C04483,Neha Khan,F,22,Lucknow,Uttar Pradesh,2,226094,2024-03-20
C04484,Fatima Verma,F,33,Mumbai,Maharashtra,1,400022,2023-03-10
C04485,Simran Chauhan,F,45,Bilaspur,Chhattisgarh,3,495018,2024-06-08
C04486,Ruchi Gupta,F,27,Bilaspur,Chhattisgarh,3,495019,2023-09-17
C04487,Ruchi Kumari,F,32,Bengaluru,Karnataka,1,560065,2022-04-19
C04488,Anjali Gupta,F,26,Pune,Maharashtra,1,411035,2024-05-15
C04489,Payal Reddy,F,23,Pune,Maharashtra,1,411032,2022-10-10
C04490,Amit Pandey,M,23,Siliguri,West Bengal,3,734067,2022-10-11
C04491,Sana Devi,F,28,Bilaspur,Chhattisgarh,3,495085,2023-06-08
C04492,Payal Devi,F,25,Raipur,Chhattisgarh,2,492004,2023-10-19
C04493,Payal Devi,F,24,Kolkata,West Bengal,1,700050,2023-07-05
C04494,Amit Singh,F,24,Indore,Madhya Pradesh,2,452078,2023-12-27
C04495,Divya Sharma,F,25,Guwahati,Assam,2,781073,2024-08-05
C04496,Simran Sharma,F,34,Bhilwara,Rajasthan,3,311046,2022-08-08
C04497,Lakshmi Kumari,F,18,Nagpur,Maharashtra,2,440080,2023-07-30
C04498,Nisha Kumari,F,33,Hyderabad,Telangana,1,500042,2022-05-20
C04499,Anjali Gupta,F,22,Mumbai,Maharashtra,1,400050,2024-04-15
C04500,Lakshmi Das,F,43,Ludhiana,Punjab,2,141003,2022-04-18
C04501,Imran Saikia,M,34,Varanasi,Uttar Pradesh,3,221045,2022-07-19
C04502,Ruchi Pandey,F,23,Kanpur,Uttar Pradesh,2,208036,2022-12-15
C04503,Amit Saikia,F,32,Chennai,Tamil Nadu,1,600093,2023-08-01
C04504,Imran Joshi,M,33,Bilaspur,Chhattisgarh,3,495033,2023-03-08
C04505,Imran Yadav,M,23,Gorakhpur,Uttar Pradesh,3,273022,2023-10-29
C04506,Meena Iyer,F,19,Ujjain,Madhya Pradesh,3,456011,2022-11-26
C04507,Kavya Khan,F,23,Patna,Bihar,2,800080,2023-12-26
C04508,Simran Mishra,F,24,Surat,Gujarat,2,395080,2023-08-22
C04509,Rani Saikia,F,22,Patna,Bihar,2,800008,2022-06-15
C04510,Fatima Verma,F,19,Chennai,Tamil Nadu,1,600072,2024-01-07
C04511,Rahul Gupta,F,39,Guwahati,Assam,2,781019,2023-08-04
C04512,Divya Reddy,F,28,Surat,Gujarat,2,395009,2022-10-08
C04513,Sana Ansari,F,25,Bareilly,Uttar Pradesh,3,243043,2024-04-20
C04514,Meena Yadav,F,23,Kanpur,Uttar Pradesh,2,208003,2023-12-29
C04515,Priya Kumari,F,24,Mumbai,Maharashtra,1,400034,2023-08-11
C04516,Payal Chauhan,F,32,Mumbai,Maharashtra,1,400019,2023-04-17
C04517,Shalini Devi,F,24,Hyderabad,Telangana,1,500085,2024-02-21
C04518,Neha Devi,F,20,Raipur,Chhattisgarh,2,492050,2024-08-13
C04519,Amit Reddy,F,29,Bareilly,Uttar Pradesh,3,243038,2023-12-18
C04520,Aisha Iyer,F,31,Mumbai,Maharashtra,1,400007,2022-11-21
C04521,Sana Patel,F,33,Hyderabad,Telangana,1,500071,2023-03-28
C04522,Pooja Verma,F,31,Bengaluru,Karnataka,1,560063,2022-09-20
C04523,Karan Joshi,M,32,Bhilwara,Rajasthan,3,311031,2022-05-12
C04524,Nisha Kumari,F,29,Indore,Madhya Pradesh,2,452039,2023-10-29
C04525,Fatima Chauhan,F,28,Kanpur,Uttar Pradesh,2,208090,2024-01-19
C04526,Amit Singh,F,19,Hyderabad,Telangana,1,500018,2023-09-07
C04527,Shalini Patel,F,19,Coimbatore,Tamil Nadu,2,641069,2023-01-07
C04528,Rahul Reddy,F,20,Guwahati,Assam,2,781027,2023-09-24
C04529,Arjun Chauhan,M,18,Raipur,Chhattisgarh,2,492060,2024-09-08
C04530,Simran Yadav,F,31,Delhi,Delhi,1,110002,2023-09-03
C04531,Divya Singh,F,27,Indore,Madhya Pradesh,2,452040,2022-06-20
C04532,Neha Iyer,F,43,Bhopal,Madhya Pradesh,2,462032,2022-09-10
C04533,Nisha Saikia,F,19,Bareilly,Uttar Pradesh,3,243023,2023-02-12
C04534,Divya Ansari,F,40,Pune,Maharashtra,1,411022,2022-11-19
C04535,Shalini Chauhan,F,32,Bengaluru,Karnataka,1,560060,2022-08-07
C04536,Kavya Rao,F,20,Delhi,Delhi,1,110076,2022-11-16
C04537,Meena Devi,F,20,Imphal,Manipur,3,795050,2022-11-07
C04538,Pooja Saikia,F,30,Ranchi,Jharkhand,2,834085,2023-12-06
C04539,Divya Yadav,F,18,Bareilly,Uttar Pradesh,3,243004,2024-01-11
C04540,Meena Yadav,F,48,Mumbai,Maharashtra,1,400095,2023-04-12
C04541,Divya Nair,F,18,Jaipur,Rajasthan,2,302009,2023-05-06
C04542,Sana Pandey,F,21,Kanpur,Uttar Pradesh,2,208088,2023-11-28
C04543,Vikram Iyer,M,28,Jaipur,Rajasthan,2,302006,2022-09-02
C04544,Priya Verma,F,27,Delhi,Delhi,1,110086,2024-07-15
C04545,Rahul Ansari,M,31,Patna,Bihar,2,800006,2022-11-12
C04546,Aisha Das,F,33,Chennai,Tamil Nadu,1,600076,2023-01-08
C04547,Pooja Kumari,F,29,Delhi,Delhi,1,110062,2023-11-05
C04548,Meena Khan,F,24,Siliguri,West Bengal,3,734017,2022-08-15
C04549,Deepa Chauhan,F,20,Surat,Gujarat,2,395046,2022-11-05
C04550,Suresh Chauhan,M,36,Bengaluru,Karnataka,1,560045,2023-09-30
C04551,Divya Pandey,F,31,Guwahati,Assam,2,781011,2022-05-05
C04552,Rani Das,F,44,Indore,Madhya Pradesh,2,452031,2023-07-29
C04553,Fatima Iyer,F,28,Ujjain,Madhya Pradesh,3,456073,2023-09-18
C04554,Neha Gupta,F,28,Kolkata,West Bengal,1,700054,2024-03-23
C04555,Shalini Gupta,F,29,Hyderabad,Telangana,1,500051,2023-01-19
C04556,Pooja Yadav,F,31,Jaipur,Rajasthan,2,302073,2023-06-28
C04557,Suresh Saikia,M,27,Siliguri,West Bengal,3,734068,2023-05-27
C04558,Suresh Patel,M,31,Surat,Gujarat,2,395029,2024-08-03
C04559,Anjali Nair,F,30,Lucknow,Uttar Pradesh,2,226074,2022-04-19
C04560,Shalini Saikia,F,31,Gorakhpur,Uttar Pradesh,3,273033,2024-05-18
C04561,Rohit Ansari,M,18,Chennai,Tamil Nadu,1,600015,2023-05-21
C04562,Amit Saikia,M,31,Jaipur,Rajasthan,2,302032,2023-06-12
C04563,Swati Pandey,F,25,Bareilly,Uttar Pradesh,3,243050,2024-09-27
C04564,Ritika Sharma,F,29,Indore,Madhya Pradesh,2,452054,2023-06-08
C04565,Payal Joshi,F,27,Hyderabad,Telangana,1,500022,2022-08-09
C04566,Pooja Sharma,F,18,Kanpur,Uttar Pradesh,2,208091,2024-08-26
C04567,Payal Patel,F,22,Hyderabad,Telangana,1,500040,2022-08-08
C04568,Meena Kumari,F,28,Bhopal,Madhya Pradesh,2,462017,2022-11-02
C04569,Suresh Gupta,M,34,Ranchi,Jharkhand,2,834089,2022-08-23
C04570,Rahul Iyer,M,28,Delhi,Delhi,1,110065,2022-11-19
C04571,Amit Rao,M,20,Bareilly,Uttar Pradesh,3,243091,2024-06-18
C04572,Amit Joshi,M,18,Mumbai,Maharashtra,1,400027,2022-12-19
C04573,Aisha Kumari,F,27,Jaipur,Rajasthan,2,302062,2024-04-05
C04574,Kavya Iyer,F,40,Bhopal,Madhya Pradesh,2,462075,2023-04-23
C04575,Ritika Ansari,F,23,Pune,Maharashtra,1,411086,2022-11-22
C04576,Rahul Reddy,M,24,Kanpur,Uttar Pradesh,2,208045,2022-12-23
C04577,Neha Patel,F,26,Raipur,Chhattisgarh,2,492095,2023-10-16
C04578,Rahul Mishra,F,21,Delhi,Delhi,1,110075,2022-12-25
C04579,Vikram Verma,M,34,Lucknow,Uttar Pradesh,2,226059,2023-03-13
C04580,Rohit Kumari,M,27,Mumbai,Maharashtra,1,400080,2023-12-07
C04581,Swati Pandey,F,34,Varanasi,Uttar Pradesh,3,221031,2023-05-01
C04582,Priya Gupta,F,26,Bhopal,Madhya Pradesh,2,462076,2023-06-11
C04583,Rani Gupta,F,20,Indore,Madhya Pradesh,2,452053,2022-05-08
C04584,Shalini Yadav,F,23,Lucknow,Uttar Pradesh,2,226018,2022-10-12
C04585,Neha Saikia,F,26,Ujjain,Madhya Pradesh,3,456091,2023-03-04
C04586,Sneha Saikia,F,26,Ludhiana,Punjab,2,141075,2022-07-27
C04587,Amit Nair,F,28,Kolkata,West Bengal,1,700059,2023-05-29
C04588,Suresh Gupta,M,25,Siliguri,West Bengal,3,734070,2023-04-02
C04589,Divya Sharma,F,19,Siliguri,West Bengal,3,734091,2023-02-13
C04590,Sana Pandey,F,32,Siliguri,West Bengal,3,734066,2024-03-23
C04591,Rahul Pandey,F,47,Delhi,Delhi,1,110076,2022-08-19
C04592,Amit Saikia,M,20,Hyderabad,Telangana,1,500020,2022-12-19
C04593,Neha Rao,F,25,Patna,Bihar,2,800053,2024-08-27
C04594,Anjali Joshi,F,22,Ranchi,Jharkhand,2,834004,2022-05-07
C04595,Vikram Rao,M,36,Muzaffarpur,Bihar,3,842009,2024-04-23
C04596,Suresh Kumari,M,31,Bengaluru,Karnataka,1,560029,2023-07-06
C04597,Lakshmi Joshi,F,26,Delhi,Delhi,1,110065,2024-02-15
C04598,Simran Ansari,F,21,Bareilly,Uttar Pradesh,3,243075,2022-12-27
C04599,Deepa Mishra,F,27,Raipur,Chhattisgarh,2,492025,2023-02-06
C04600,Divya Nair,F,32,Jaipur,Rajasthan,2,302026,2023-01-25
C04601,Amit Devi,F,28,Chennai,Tamil Nadu,1,600035,2023-07-24
C04602,Payal Reddy,F,19,Imphal,Manipur,3,795097,2023-10-05
C04603,Komal Singh,F,23,Bhopal,Madhya Pradesh,2,462043,2024-02-27
C04604,Rani Khan,F,31,Bhilwara,Rajasthan,3,311017,2023-11-13
C04605,Swati Verma,F,28,Pune,Maharashtra,1,411067,2024-08-10
C04606,Arjun Kumari,M,28,Kolkata,West Bengal,1,700078,2022-07-18
C04607,Anjali Sharma,F,19,Patna,Bihar,2,800005,2023-06-28
C04608,Divya Nair,F,25,Hyderabad,Telangana,1,500081,2023-11-20
C04609,Ruchi Saikia,F,19,Guwahati,Assam,2,781071,2023-01-22
C04610,Rani Chauhan,F,30,Pune,Maharashtra,1,411064,2024-07-24
C04611,Ritika Sharma,F,22,Bhopal,Madhya Pradesh,2,462085,2023-03-27
C04612,Rahul Khan,F,20,Coimbatore,Tamil Nadu,2,641014,2024-07-05
C04613,Anjali Patel,F,27,Bhilwara,Rajasthan,3,311096,2024-09-17
C04614,Rani Das,F,23,Surat,Gujarat,2,395041,2023-03-03
C04615,Rani Verma,F,25,Indore,Madhya Pradesh,2,452098,2022-08-03
C04616,Rahul Joshi,F,32,Delhi,Delhi,1,110050,2022-05-12
C04617,Suresh Khan,M,34,Indore,Madhya Pradesh,2,452074,2023-11-09
C04618,Vikram Das,M,24,Muzaffarpur,Bihar,3,842073,2023-01-14
C04619,Ritika Rao,F,27,Gorakhpur,Uttar Pradesh,3,273086,2022-10-16
C04620,Neha Chauhan,F,25,Ludhiana,Punjab,2,141021,2022-10-25
C04621,Lakshmi Devi,F,32,Guwahati,Assam,2,781091,2024-09-23
C04622,Aisha Chauhan,F,18,Hyderabad,Telangana,1,500061,2024-05-29
C04623,Pooja Rao,F,25,Lucknow,Uttar Pradesh,2,226029,2022-06-10
C04624,Payal Chauhan,F,28,Agartala,Tripura,3,799057,2022-06-05
C04625,Karan Gupta,M,22,Indore,Madhya Pradesh,2,452098,2024-08-28
C04626,Sneha Chauhan,F,42,Shillong,Meghalaya,3,793041,2022-07-01
C04627,Swati Devi,F,23,Indore,Madhya Pradesh,2,452031,2022-11-06
C04628,Priya Kumari,F,34,Siliguri,West Bengal,3,734062,2024-06-10
C04629,Fatima Devi,F,23,Kanpur,Uttar Pradesh,2,208049,2023-11-05
C04630,Amit Patel,M,39,Lucknow,Uttar Pradesh,2,226074,2022-05-24
C04631,Imran Singh,M,27,Indore,Madhya Pradesh,2,452041,2024-02-10
C04632,Shalini Joshi,F,27,Indore,Madhya Pradesh,2,452087,2022-06-24
C04633,Sneha Mishra,F,31,Hubballi,Karnataka,3,580084,2022-05-22
C04634,Anjali Singh,F,29,Hubballi,Karnataka,3,580014,2022-08-13
C04635,Imran Iyer,M,25,Bilaspur,Chhattisgarh,3,495030,2023-03-25
C04636,Nisha Iyer,F,31,Agartala,Tripura,3,799064,2024-08-25
C04637,Simran Rao,F,24,Coimbatore,Tamil Nadu,2,641065,2022-09-10
C04638,Rani Reddy,F,28,Hyderabad,Telangana,1,500090,2024-08-01
C04639,Swati Iyer,F,27,Hyderabad,Telangana,1,500096,2022-08-30
C04640,Rahul Reddy,F,22,Muzaffarpur,Bihar,3,842032,2023-11-29
C04641,Rohit Nair,M,32,Coimbatore,Tamil Nadu,2,641007,2023-10-20
C04642,Imran Ansari,M,22,Mumbai,Maharashtra,1,400052,2024-03-19
C04643,Lakshmi Patel,F,26,Nagpur,Maharashtra,2,440087,2022-09-06
C04644,Pooja Kumari,F,34,Shillong,Meghalaya,3,793096,2022-11-14
C04645,Rahul Chauhan,F,41,Jaipur,Rajasthan,2,302075,2023-06-16
C04646,Simran Khan,F,38,Hubballi,Karnataka,3,580081,2023-06-09
C04647,Shalini Nair,F,32,Bengaluru,Karnataka,1,560097,2022-04-24
C04648,Neha Saikia,F,38,Raipur,Chhattisgarh,2,492016,2022-07-09
C04649,Rani Nair,F,23,Kanpur,Uttar Pradesh,2,208090,2024-02-16
C04650,Priya Kumari,F,25,Delhi,Delhi,1,110088,2023-02-16
C04651,Swati Pandey,F,29,Chennai,Tamil Nadu,1,600036,2024-07-28
C04652,Divya Rao,F,25,Siliguri,West Bengal,3,734011,2024-01-08
C04653,Aisha Pandey,F,18,Dehradun,Uttarakhand,2,248026,2024-04-22
C04654,Ritika Mishra,F,18,Bhopal,Madhya Pradesh,2,462040,2023-07-02
C04655,Ruchi Pandey,F,31,Surat,Gujarat,2,395065,2023-02-11
C04656,Pooja Patel,F,29,Ranchi,Jharkhand,2,834008,2023-04-13
C04657,Suresh Rao,M,27,Indore,Madhya Pradesh,2,452081,2024-02-29
C04658,Deepa Chauhan,F,23,Kolkata,West Bengal,1,700027,2024-09-11
C04659,Karan Khan,M,27,Surat,Gujarat,2,395051,2023-06-11
C04660,Ruchi Patel,F,24,Ujjain,Madhya Pradesh,3,456032,2024-09-15
C04661,Anjali Singh,F,30,Agartala,Tripura,3,799020,2023-04-24
C04662,Ritika Kumari,F,19,Dehradun,Uttarakhand,2,248066,2022-06-09
C04663,Karan Das,M,20,Gorakhpur,Uttar Pradesh,3,273056,2022-06-28
C04664,Lakshmi Reddy,F,19,Bareilly,Uttar Pradesh,3,243030,2024-06-26
C04665,Amit Kumari,M,30,Mumbai,Maharashtra,1,400056,2024-04-01
C04666,Arjun Pandey,M,27,Bareilly,Uttar Pradesh,3,243010,2023-12-09
C04667,Divya Joshi,F,30,Guwahati,Assam,2,781020,2024-04-18
C04668,Neha Sharma,F,34,Muzaffarpur,Bihar,3,842055,2024-07-12
C04669,Simran Verma,F,19,Bengaluru,Karnataka,1,560024,2022-04-28
C04670,Simran Saikia,F,21,Jaipur,Rajasthan,2,302057,2024-01-07
C04671,Swati Devi,F,30,Kanpur,Uttar Pradesh,2,208018,2023-11-17
C04672,Suresh Kumari,M,27,Pune,Maharashtra,1,411041,2023-06-08
C04673,Sneha Gupta,F,19,Shillong,Meghalaya,3,793023,2022-11-02
C04674,Vikram Pandey,M,26,Pune,Maharashtra,1,411002,2023-06-18
C04675,Priya Joshi,F,34,Mumbai,Maharashtra,1,400048,2024-09-07
C04676,Priya Pandey,F,18,Hyderabad,Telangana,1,500055,2023-07-15
C04677,Divya Reddy,F,45,Indore,Madhya Pradesh,2,452026,2022-07-30
C04678,Fatima Joshi,F,28,Delhi,Delhi,1,110046,2024-01-14
C04679,Rani Rao,F,27,Guwahati,Assam,2,781097,2022-08-17
C04680,Kavya Chauhan,F,43,Surat,Gujarat,2,395010,2023-10-02
C04681,Swati Saikia,F,29,Varanasi,Uttar Pradesh,3,221018,2024-06-10
C04682,Rahul Singh,M,37,Siliguri,West Bengal,3,734054,2023-01-19
C04683,Anjali Mishra,F,33,Indore,Madhya Pradesh,2,452095,2024-02-11
C04684,Amit Devi,F,27,Bareilly,Uttar Pradesh,3,243031,2024-08-07
C04685,Rohit Pandey,M,23,Chennai,Tamil Nadu,1,600063,2024-01-19
C04686,Vikram Rao,M,27,Kanpur,Uttar Pradesh,2,208038,2024-08-14
C04687,Vikram Ansari,M,29,Guwahati,Assam,2,781033,2024-02-29
C04688,Sneha Rao,F,34,Kanpur,Uttar Pradesh,2,208003,2024-03-20
C04689,Simran Nair,F,27,Chennai,Tamil Nadu,1,600072,2023-08-07
C04690,Rahul Chauhan,M,18,Ludhiana,Punjab,2,141043,2024-08-04
C04691,Deepa Chauhan,F,21,Guwahati,Assam,2,781043,2023-02-11
C04692,Komal Yadav,F,42,Bengaluru,Karnataka,1,560063,2024-04-10
C04693,Payal Nair,F,33,Mumbai,Maharashtra,1,400074,2022-10-25
C04694,Pooja Ansari,F,26,Chennai,Tamil Nadu,1,600092,2024-09-21
C04695,Shalini Kumari,F,34,Bengaluru,Karnataka,1,560089,2023-12-23
C04696,Divya Ansari,F,33,Bilaspur,Chhattisgarh,3,495038,2022-07-25
C04697,Ruchi Sharma,F,25,Pune,Maharashtra,1,411051,2023-09-10
C04698,Payal Nair,F,18,Guwahati,Assam,2,781072,2024-06-15
C04699,Swati Devi,F,22,Nagpur,Maharashtra,2,440046,2022-05-25
C04700,Arjun Sharma,M,25,Agartala,Tripura,3,799047,2024-06-04
C04701,Sana Mishra,F,32,Jaipur,Rajasthan,2,302048,2024-05-19
C04702,Komal Das,F,35,Raipur,Chhattisgarh,2,492028,2022-11-19
C04703,Ruchi Ansari,F,32,Guwahati,Assam,2,781041,2024-05-01
C04704,Pooja Reddy,F,33,Pune,Maharashtra,1,411050,2024-01-01
C04705,Vikram Devi,M,24,Delhi,Delhi,1,110080,2022-08-12
C04706,Shalini Yadav,F,30,Bhilwara,Rajasthan,3,311006,2023-04-16
C04707,Vikram Khan,M,32,Ludhiana,Punjab,2,141031,2023-12-09
C04708,Pooja Nair,F,33,Ranchi,Jharkhand,2,834093,2023-11-25
C04709,Amit Ansari,F,32,Indore,Madhya Pradesh,2,452060,2024-08-25
C04710,Sana Verma,F,31,Pune,Maharashtra,1,411059,2023-04-04
C04711,Ruchi Mishra,F,32,Mumbai,Maharashtra,1,400030,2023-01-16
C04712,Anjali Patel,F,26,Jaipur,Rajasthan,2,302003,2023-10-16
C04713,Suresh Rao,M,46,Patna,Bihar,2,800075,2024-06-25
C04714,Amit Sharma,F,21,Bilaspur,Chhattisgarh,3,495091,2022-11-11
C04715,Suresh Devi,M,24,Patna,Bihar,2,800005,2023-06-04
C04716,Amit Chauhan,M,34,Agartala,Tripura,3,799059,2022-11-24
C04717,Amit Iyer,F,44,Indore,Madhya Pradesh,2,452076,2024-06-20
C04718,Kavya Reddy,F,27,Jaipur,Rajasthan,2,302098,2024-07-22
C04719,Divya Joshi,F,46,Delhi,Delhi,1,110054,2023-06-29
C04720,Sneha Kumari,F,33,Ujjain,Madhya Pradesh,3,456089,2024-04-21
C04721,Sneha Saikia,F,23,Nagpur,Maharashtra,2,440063,2022-08-17
C04722,Komal Chauhan,F,23,Surat,Gujarat,2,395034,2023-02-18
C04723,Sana Kumari,F,34,Hubballi,Karnataka,3,580038,2024-06-21
C04724,Komal Mishra,F,24,Ranchi,Jharkhand,2,834060,2022-10-02
C04725,Fatima Patel,F,31,Chennai,Tamil Nadu,1,600027,2024-05-28
C04726,Ruchi Ansari,F,21,Bhopal,Madhya Pradesh,2,462056,2022-08-24
C04727,Komal Singh,F,27,Kanpur,Uttar Pradesh,2,208001,2024-09-27
C04728,Anjali Joshi,F,19,Mumbai,Maharashtra,1,400020,2024-01-31
C04729,Rahul Iyer,M,19,Dehradun,Uttarakhand,2,248057,2022-08-06
C04730,Rani Iyer,F,23,Bareilly,Uttar Pradesh,3,243023,2022-09-12
C04731,Divya Das,F,24,Surat,Gujarat,2,395096,2024-01-02
C04732,Payal Saikia,F,22,Pune,Maharashtra,1,411048,2024-06-06
C04733,Sana Ansari,F,31,Varanasi,Uttar Pradesh,3,221053,2022-12-25
C04734,Fatima Joshi,F,29,Gorakhpur,Uttar Pradesh,3,273066,2022-05-30
C04735,Deepa Reddy,F,42,Patna,Bihar,2,800009,2024-08-01
C04736,Rani Yadav,F,19,Siliguri,West Bengal,3,734056,2022-10-23
C04737,Komal Mishra,F,30,Varanasi,Uttar Pradesh,3,221001,2022-08-07
C04738,Aisha Sharma,F,23,Coimbatore,Tamil Nadu,2,641045,2023-09-11
C04739,Meena Singh,F,21,Hubballi,Karnataka,3,580053,2022-11-03
C04740,Shalini Yadav,F,18,Jaipur,Rajasthan,2,302057,2024-06-10
C04741,Karan Singh,M,24,Bareilly,Uttar Pradesh,3,243095,2023-11-03
C04742,Arjun Khan,M,42,Bengaluru,Karnataka,1,560021,2023-02-26
C04743,Arjun Patel,M,21,Ranchi,Jharkhand,2,834063,2022-09-26
C04744,Kavya Joshi,F,29,Jaipur,Rajasthan,2,302040,2024-01-23
C04745,Aisha Saikia,F,34,Hubballi,Karnataka,3,580040,2023-07-28
C04746,Divya Iyer,F,27,Pune,Maharashtra,1,411050,2022-06-28
C04747,Rohit Verma,M,31,Patna,Bihar,2,800080,2024-09-10
C04748,Imran Pandey,M,23,Jaipur,Rajasthan,2,302051,2024-07-27
C04749,Sana Ansari,F,22,Chennai,Tamil Nadu,1,600020,2022-07-13
C04750,Rahul Iyer,F,31,Dehradun,Uttarakhand,2,248052,2023-11-06
C04751,Aisha Khan,F,21,Pune,Maharashtra,1,411089,2022-05-02
C04752,Aisha Mishra,F,23,Jaipur,Rajasthan,2,302065,2022-08-30
C04753,Komal Sharma,F,20,Indore,Madhya Pradesh,2,452031,2023-04-19
C04754,Aisha Khan,F,30,Bengaluru,Karnataka,1,560057,2022-05-08
C04755,Suresh Das,M,29,Nagpur,Maharashtra,2,440018,2023-08-10
C04756,Nisha Sharma,F,40,Delhi,Delhi,1,110086,2023-09-23
C04757,Kavya Devi,F,35,Bhilwara,Rajasthan,3,311072,2023-08-20
C04758,Arjun Das,M,24,Bhopal,Madhya Pradesh,2,462044,2022-11-12
C04759,Suresh Khan,M,40,Surat,Gujarat,2,395072,2023-08-22
C04760,Vikram Mishra,M,19,Kanpur,Uttar Pradesh,2,208050,2022-12-08
C04761,Pooja Pandey,F,32,Hyderabad,Telangana,1,500089,2023-09-26
C04762,Payal Chauhan,F,28,Mumbai,Maharashtra,1,400028,2024-07-25
C04763,Ritika Nair,F,26,Siliguri,West Bengal,3,734043,2023-04-08
C04764,Sana Ansari,F,23,Coimbatore,Tamil Nadu,2,641015,2024-03-13
C04765,Pooja Kumari,F,30,Ujjain,Madhya Pradesh,3,456010,2023-11-09
C04766,Simran Mishra,F,22,Delhi,Delhi,1,110017,2022-05-18
C04767,Nisha Verma,F,34,Ludhiana,Punjab,2,141013,2024-09-29
C04768,Neha Khan,F,32,Delhi,Delhi,1,110010,2023-01-10
C04769,Komal Devi,F,26,Nagpur,Maharashtra,2,440032,2023-07-01
C04770,Amit Yadav,M,34,Dehradun,Uttarakhand,2,248015,2023-05-21
C04771,Priya Sharma,F,18,Guwahati,Assam,2,781042,2023-04-23
C04772,Priya Mishra,F,34,Nagpur,Maharashtra,2,440006,2023-03-22
C04773,Ritika Das,F,18,Delhi,Delhi,1,110044,2024-08-28
C04774,Rahul Verma,F,25,Nagpur,Maharashtra,2,440044,2022-12-15
C04775,Suresh Saikia,M,23,Bhopal,Madhya Pradesh,2,462014,2022-07-28
C04776,Simran Iyer,F,31,Chennai,Tamil Nadu,1,600003,2024-05-14
C04777,Meena Iyer,F,48,Hubballi,Karnataka,3,580055,2022-07-30
C04778,Sneha Pandey,F,24,Pune,Maharashtra,1,411051,2022-07-29
C04779,Fatima Devi,F,26,Delhi,Delhi,1,110075,2022-10-26
C04780,Kavya Kumari,F,22,Ranchi,Jharkhand,2,834001,2024-01-25
C04781,Fatima Iyer,F,29,Chennai,Tamil Nadu,1,600064,2022-09-30
C04782,Simran Kumari,F,34,Muzaffarpur,Bihar,3,842081,2024-06-25
C04783,Rani Devi,F,19,Hyderabad,Telangana,1,500039,2024-02-04
C04784,Ruchi Das,F,30,Bilaspur,Chhattisgarh,3,495035,2023-10-07
C04785,Amit Saikia,F,24,Bengaluru,Karnataka,1,560017,2022-08-06
C04786,Payal Yadav,F,46,Delhi,Delhi,1,110071,2023-05-20
C04787,Kavya Iyer,F,24,Jaipur,Rajasthan,2,302086,2022-04-28
C04788,Imran Ansari,M,30,Surat,Gujarat,2,395016,2023-05-04
C04789,Swati Patel,F,27,Guwahati,Assam,2,781005,2023-04-20
C04790,Fatima Yadav,F,33,Hyderabad,Telangana,1,500066,2023-04-07
C04791,Swati Singh,F,18,Lucknow,Uttar Pradesh,2,226056,2023-01-14
C04792,Ritika Khan,F,31,Jaipur,Rajasthan,2,302019,2023-06-20
C04793,Aisha Iyer,F,20,Indore,Madhya Pradesh,2,452023,2023-06-08
C04794,Amit Rao,M,29,Lucknow,Uttar Pradesh,2,226044,2022-12-21
C04795,Rahul Khan,M,47,Bareilly,Uttar Pradesh,3,243018,2023-04-24
C04796,Karan Gupta,M,18,Bengaluru,Karnataka,1,560054,2024-05-21
C04797,Priya Yadav,F,27,Surat,Gujarat,2,395035,2023-06-24
C04798,Ritika Nair,F,27,Chennai,Tamil Nadu,1,600090,2024-01-23
C04799,Ritika Khan,F,46,Kanpur,Uttar Pradesh,2,208090,2024-05-28
C04800,Deepa Iyer,F,48,Gorakhpur,Uttar Pradesh,3,273074,2022-12-19
C04801,Lakshmi Ansari,F,39,Bengaluru,Karnataka,1,560061,2023-05-27
C04802,Anjali Singh,F,19,Coimbatore,Tamil Nadu,2,641038,2024-09-30
C04803,Aisha Joshi,F,23,Nagpur,Maharashtra,2,440051,2024-09-13
C04804,Nisha Ansari,F,29,Varanasi,Uttar Pradesh,3,221083,2024-02-17
C04805,Arjun Yadav,M,24,Hyderabad,Telangana,1,500076,2024-02-13
C04806,Fatima Yadav,F,33,Ujjain,Madhya Pradesh,3,456062,2023-06-28
C04807,Fatima Pandey,F,28,Dehradun,Uttarakhand,2,248007,2024-04-16
C04808,Swati Chauhan,F,23,Bareilly,Uttar Pradesh,3,243012,2024-06-21
C04809,Meena Iyer,F,38,Ujjain,Madhya Pradesh,3,456092,2023-09-10
C04810,Ruchi Rao,F,34,Hyderabad,Telangana,1,500039,2024-04-04
C04811,Amit Das,F,25,Gorakhpur,Uttar Pradesh,3,273048,2022-11-22
C04812,Nisha Ansari,F,30,Bhopal,Madhya Pradesh,2,462074,2022-10-14
C04813,Rohit Chauhan,M,22,Hubballi,Karnataka,3,580083,2022-12-17
C04814,Imran Das,M,31,Mumbai,Maharashtra,1,400092,2022-11-20
C04815,Meena Iyer,F,32,Ranchi,Jharkhand,2,834083,2023-06-26
C04816,Suresh Patel,M,20,Bhopal,Madhya Pradesh,2,462029,2022-04-25
C04817,Meena Mishra,F,44,Surat,Gujarat,2,395018,2022-10-11
C04818,Komal Mishra,F,23,Bhilwara,Rajasthan,3,311030,2022-12-24
C04819,Pooja Devi,F,24,Lucknow,Uttar Pradesh,2,226064,2023-05-21
C04820,Deepa Patel,F,30,Surat,Gujarat,2,395046,2023-12-07
C04821,Sana Ansari,F,20,Dehradun,Uttarakhand,2,248091,2023-05-30
C04822,Sneha Sharma,F,21,Nagpur,Maharashtra,2,440003,2022-07-17
C04823,Kavya Chauhan,F,31,Bengaluru,Karnataka,1,560077,2024-08-03
C04824,Divya Ansari,F,28,Jaipur,Rajasthan,2,302014,2024-01-16
C04825,Anjali Saikia,F,32,Agartala,Tripura,3,799013,2022-12-24
C04826,Priya Chauhan,F,26,Raipur,Chhattisgarh,2,492081,2023-10-06
C04827,Kavya Nair,F,23,Bhopal,Madhya Pradesh,2,462062,2022-05-07
C04828,Amit Saikia,F,41,Ludhiana,Punjab,2,141045,2022-10-12
C04829,Swati Patel,F,29,Ludhiana,Punjab,2,141015,2023-06-22
C04830,Amit Mishra,F,24,Delhi,Delhi,1,110033,2024-03-05
C04831,Aisha Iyer,F,32,Guwahati,Assam,2,781088,2023-05-25
C04832,Amit Yadav,F,28,Patna,Bihar,2,800069,2022-05-11
C04833,Deepa Gupta,F,32,Patna,Bihar,2,800077,2024-06-29
C04834,Payal Gupta,F,23,Pune,Maharashtra,1,411066,2024-09-01
C04835,Deepa Saikia,F,33,Hubballi,Karnataka,3,580034,2023-08-25
C04836,Simran Devi,F,26,Jaipur,Rajasthan,2,302061,2024-04-29
C04837,Amit Joshi,M,23,Varanasi,Uttar Pradesh,3,221038,2022-08-07
C04838,Swati Reddy,F,19,Chennai,Tamil Nadu,1,600028,2024-04-27
C04839,Rani Pandey,F,29,Lucknow,Uttar Pradesh,2,226042,2023-04-06
C04840,Ruchi Ansari,F,18,Indore,Madhya Pradesh,2,452061,2023-03-08
C04841,Deepa Ansari,F,25,Guwahati,Assam,2,781084,2023-01-31
C04842,Ruchi Nair,F,41,Kolkata,West Bengal,1,700096,2022-11-07
C04843,Deepa Kumari,F,24,Bhilwara,Rajasthan,3,311085,2023-08-14
C04844,Rani Kumari,F,32,Ludhiana,Punjab,2,141043,2023-08-25
C04845,Rani Verma,F,20,Raipur,Chhattisgarh,2,492081,2023-01-21
C04846,Ruchi Patel,F,35,Siliguri,West Bengal,3,734084,2023-08-25
C04847,Neha Verma,F,20,Hyderabad,Telangana,1,500050,2024-01-10
C04848,Amit Verma,F,34,Mumbai,Maharashtra,1,400014,2024-07-01
C04849,Ritika Ansari,F,25,Hyderabad,Telangana,1,500078,2023-08-03
C04850,Lakshmi Khan,F,28,Lucknow,Uttar Pradesh,2,226075,2022-08-26
C04851,Payal Verma,F,27,Nagpur,Maharashtra,2,440067,2023-02-03
C04852,Payal Gupta,F,46,Surat,Gujarat,2,395076,2023-01-21
C04853,Neha Mishra,F,23,Jaipur,Rajasthan,2,302062,2024-09-22
C04854,Aisha Patel,F,21,Bengaluru,Karnataka,1,560028,2024-05-23
C04855,Payal Nair,F,23,Jaipur,Rajasthan,2,302009,2024-01-20
C04856,Komal Das,F,33,Indore,Madhya Pradesh,2,452062,2024-07-08
C04857,Pooja Chauhan,F,29,Raipur,Chhattisgarh,2,492009,2022-09-23
C04858,Amit Ansari,M,29,Kanpur,Uttar Pradesh,2,208044,2023-03-10
C04859,Rahul Pandey,F,22,Kanpur,Uttar Pradesh,2,208089,2023-03-22
C04860,Priya Iyer,F,22,Lucknow,Uttar Pradesh,2,226099,2024-05-03
C04861,Rohit Devi,M,47,Nagpur,Maharashtra,2,440031,2023-10-02
C04862,Nisha Chauhan,F,21,Hubballi,Karnataka,3,580048,2022-09-19
C04863,Sana Iyer,F,23,Imphal,Manipur,3,795053,2023-04-12
C04864,Karan Nair,M,29,Ludhiana,Punjab,2,141042,2024-08-28
C04865,Swati Reddy,F,18,Indore,Madhya Pradesh,2,452016,2023-03-18
C04866,Anjali Chauhan,F,33,Hubballi,Karnataka,3,580041,2023-08-16
C04867,Imran Sharma,M,28,Guwahati,Assam,2,781070,2024-06-10
C04868,Priya Singh,F,31,Ludhiana,Punjab,2,141063,2023-02-01
C04869,Arjun Ansari,M,24,Patna,Bihar,2,800058,2023-04-06
C04870,Simran Kumari,F,30,Gorakhpur,Uttar Pradesh,3,273082,2023-12-04
C04871,Aisha Reddy,F,32,Jaipur,Rajasthan,2,302057,2023-12-23
C04872,Aisha Patel,F,44,Guwahati,Assam,2,781019,2024-04-25
C04873,Suresh Khan,M,20,Varanasi,Uttar Pradesh,3,221045,2024-10-01
C04874,Ritika Rao,F,33,Hyderabad,Telangana,1,500032,2023-12-11
C04875,Kavya Singh,F,18,Bareilly,Uttar Pradesh,3,243041,2022-12-23
C04876,Simran Sharma,F,31,Bengaluru,Karnataka,1,560021,2023-01-31
C04877,Rani Ansari,F,31,Mumbai,Maharashtra,1,400049,2024-09-15
C04878,Divya Saikia,F,20,Surat,Gujarat,2,395057,2022-08-24
C04879,Vikram Kumari,M,24,Kolkata,West Bengal,1,700079,2023-07-08
C04880,Swati Joshi,F,34,Coimbatore,Tamil Nadu,2,641096,2023-01-31
C04881,Lakshmi Pandey,F,25,Raipur,Chhattisgarh,2,492015,2022-07-06
C04882,Fatima Nair,F,46,Coimbatore,Tamil Nadu,2,641077,2023-08-29
C04883,Rani Mishra,F,33,Mumbai,Maharashtra,1,400033,2023-06-01
C04884,Nisha Khan,F,25,Patna,Bihar,2,800065,2023-12-26
C04885,Ruchi Gupta,F,20,Bhopal,Madhya Pradesh,2,462071,2022-08-19
C04886,Divya Pandey,F,25,Surat,Gujarat,2,395017,2022-09-14
C04887,Lakshmi Sharma,F,40,Hyderabad,Telangana,1,500076,2024-09-19
C04888,Neha Joshi,F,28,Lucknow,Uttar Pradesh,2,226071,2023-09-24
C04889,Rani Gupta,F,26,Pune,Maharashtra,1,411039,2024-03-26
C04890,Deepa Ansari,F,22,Kolkata,West Bengal,1,700025,2023-01-16
C04891,Rahul Iyer,M,24,Chennai,Tamil Nadu,1,600048,2022-04-17
C04892,Imran Devi,M,40,Varanasi,Uttar Pradesh,3,221075,2022-11-15
C04893,Kavya Chauhan,F,21,Nagpur,Maharashtra,2,440077,2023-08-15
C04894,Komal Ansari,F,28,Bilaspur,Chhattisgarh,3,495082,2023-06-08
C04895,Rohit Ansari,M,42,Bhopal,Madhya Pradesh,2,462055,2024-01-22
C04896,Karan Reddy,M,34,Bengaluru,Karnataka,1,560093,2024-01-22
C04897,Suresh Sharma,M,33,Agartala,Tripura,3,799065,2022-06-25
C04898,Priya Verma,F,27,Lucknow,Uttar Pradesh,2,226036,2023-09-25
C04899,Sneha Devi,F,18,Ludhiana,Punjab,2,141088,2024-07-10
C04900,Aisha Khan,F,22,Bengaluru,Karnataka,1,560052,2023-10-03
C04901,Shalini Das,F,18,Delhi,Delhi,1,110043,2023-01-04
C04902,Shalini Iyer,F,20,Kolkata,West Bengal,1,700059,2023-07-07
C04903,Amit Joshi,F,28,Lucknow,Uttar Pradesh,2,226071,2024-07-01
C04904,Komal Joshi,F,34,Ranchi,Jharkhand,2,834086,2023-05-08
C04905,Rahul Mishra,F,18,Kolkata,West Bengal,1,700047,2024-03-15
C04906,Lakshmi Ansari,F,34,Guwahati,Assam,2,781028,2022-04-24
C04907,Nisha Sharma,F,24,Kanpur,Uttar Pradesh,2,208006,2023-08-10
C04908,Pooja Yadav,F,28,Kanpur,Uttar Pradesh,2,208050,2023-03-21
C04909,Priya Khan,F,34,Chennai,Tamil Nadu,1,600043,2024-02-15
C04910,Rohit Singh,M,23,Indore,Madhya Pradesh,2,452040,2024-07-07
C04911,Aisha Sharma,F,31,Chennai,Tamil Nadu,1,600089,2024-03-19
C04912,Imran Chauhan,M,31,Surat,Gujarat,2,395072,2024-01-08
C04913,Simran Chauhan,F,41,Raipur,Chhattisgarh,2,492057,2024-04-19
C04914,Divya Iyer,F,30,Hyderabad,Telangana,1,500061,2023-05-28
C04915,Imran Joshi,M,28,Jaipur,Rajasthan,2,302038,2024-06-21
C04916,Amit Joshi,F,22,Gorakhpur,Uttar Pradesh,3,273046,2024-09-19
C04917,Rahul Rao,F,34,Kolkata,West Bengal,1,700071,2024-07-27
C04918,Divya Mishra,F,22,Bengaluru,Karnataka,1,560028,2023-10-17
C04919,Shalini Ansari,F,19,Patna,Bihar,2,800068,2024-09-10
C04920,Rahul Das,M,19,Delhi,Delhi,1,110060,2022-09-10
C04921,Rani Reddy,F,30,Hubballi,Karnataka,3,580002,2023-04-15
C04922,Deepa Singh,F,29,Ludhiana,Punjab,2,141081,2023-09-06
C04923,Lakshmi Das,F,26,Bhilwara,Rajasthan,3,311057,2022-11-22
C04924,Anjali Das,F,27,Ludhiana,Punjab,2,141005,2022-12-15
C04925,Lakshmi Ansari,F,19,Nagpur,Maharashtra,2,440084,2023-09-04
C04926,Vikram Mishra,M,29,Kolkata,West Bengal,1,700095,2022-10-20
C04927,Swati Verma,F,38,Agartala,Tripura,3,799084,2023-08-25
C04928,Meena Ansari,F,23,Hyderabad,Telangana,1,500039,2023-09-26
C04929,Amit Singh,F,34,Lucknow,Uttar Pradesh,2,226094,2024-02-18
C04930,Meena Khan,F,31,Chennai,Tamil Nadu,1,600052,2022-10-13
C04931,Anjali Verma,F,24,Chennai,Tamil Nadu,1,600076,2022-10-05
C04932,Amit Rao,F,31,Nagpur,Maharashtra,2,440064,2022-12-24
C04933,Meena Sharma,F,30,Delhi,Delhi,1,110015,2022-09-06
C04934,Swati Joshi,F,33,Indore,Madhya Pradesh,2,452002,2023-02-05
C04935,Ruchi Iyer,F,43,Bhopal,Madhya Pradesh,2,462014,2024-02-16
C04936,Lakshmi Rao,F,21,Imphal,Manipur,3,795087,2024-03-31
C04937,Neha Kumari,F,26,Nagpur,Maharashtra,2,440053,2023-09-03
C04938,Aisha Singh,F,29,Bareilly,Uttar Pradesh,3,243029,2023-07-28
C04939,Rani Chauhan,F,23,Delhi,Delhi,1,110099,2022-04-28
C04940,Rani Pandey,F,47,Delhi,Delhi,1,110096,2022-12-17
C04941,Fatima Pandey,F,19,Surat,Gujarat,2,395081,2023-03-04
C04942,Nisha Singh,F,25,Coimbatore,Tamil Nadu,2,641084,2024-02-19
C04943,Payal Singh,F,35,Mumbai,Maharashtra,1,400036,2024-04-08
C04944,Amit Nair,M,26,Jaipur,Rajasthan,2,302058,2024-07-04
C04945,Fatima Nair,F,29,Muzaffarpur,Bihar,3,842024,2023-07-19
C04946,Rohit Devi,M,41,Pune,Maharashtra,1,411095,2023-01-30
C04947,Arjun Gupta,M,21,Pune,Maharashtra,1,411029,2022-09-15
C04948,Fatima Devi,F,31,Gorakhpur,Uttar Pradesh,3,273018,2024-09-10
C04949,Vikram Joshi,M,30,Kanpur,Uttar Pradesh,2,208042,2022-09-09
C04950,Karan Iyer,M,33,Delhi,Delhi,1,110037,2022-11-26
C04951,Fatima Nair,F,23,Raipur,Chhattisgarh,2,492056,2022-10-22
C04952,Meena Yadav,F,28,Delhi,Delhi,1,110050,2024-07-05
C04953,Simran Yadav,F,24,Nagpur,Maharashtra,2,440069,2024-01-14
C04954,Imran Pandey,M,18,Ujjain,Madhya Pradesh,3,456074,2022-11-18
C04955,Imran Yadav,M,28,Lucknow,Uttar Pradesh,2,226001,2023-09-21
C04956,Lakshmi Verma,F,26,Jaipur,Rajasthan,2,302083,2022-04-18
C04957,Priya Joshi,F,20,Bhopal,Madhya Pradesh,2,462020,2023-08-28
C04958,Rahul Khan,F,24,Hyderabad,Telangana,1,500063,2023-04-08
C04959,Aisha Yadav,F,23,Ujjain,Madhya Pradesh,3,456058,2024-01-22
C04960,Rohit Joshi,M,31,Chennai,Tamil Nadu,1,600057,2023-12-08
C04961,Swati Chauhan,F,27,Indore,Madhya Pradesh,2,452098,2023-09-03
C04962,Rahul Joshi,F,22,Nagpur,Maharashtra,2,440074,2023-12-10
C04963,Pooja Patel,F,29,Pune,Maharashtra,1,411082,2023-05-14
C04964,Suresh Iyer,M,18,Delhi,Delhi,1,110088,2023-10-29
C04965,Nisha Chauhan,F,23,Chennai,Tamil Nadu,1,600005,2024-03-20
C04966,Rahul Patel,F,33,Mumbai,Maharashtra,1,400058,2023-01-29
C04967,Anjali Patel,F,25,Bengaluru,Karnataka,1,560025,2024-03-11
C04968,Deepa Singh,F,21,Mumbai,Maharashtra,1,400051,2023-08-16
C04969,Rohit Reddy,M,19,Pune,Maharashtra,1,411016,2022-04-23
C04970,Rahul Devi,F,29,Kanpur,Uttar Pradesh,2,208025,2024-07-20
C04971,Deepa Reddy,F,21,Delhi,Delhi,1,110047,2023-05-24
C04972,Imran Saikia,M,18,Chennai,Tamil Nadu,1,600087,2023-09-11
C04973,Simran Khan,F,30,Dehradun,Uttarakhand,2,248046,2024-08-01
C04974,Sneha Iyer,F,45,Kolkata,West Bengal,1,700023,2022-06-25
C04975,Karan Rao,M,22,Delhi,Delhi,1,110019,2023-10-23
C04976,Rohit Iyer,M,36,Mumbai,Maharashtra,1,400032,2023-10-22
C04977,Pooja Verma,F,19,Bengaluru,Karnataka,1,560010,2023-11-06
C04978,Karan Sharma,M,34,Agartala,Tripura,3,799009,2024-08-24
C04979,Lakshmi Pandey,F,31,Surat,Gujarat,2,395068,2023-08-23
C04980,Komal Patel,F,20,Indore,Madhya Pradesh,2,452098,2023-08-28
C04981,Rohit Singh,M,32,Nagpur,Maharashtra,2,440029,2023-06-07
C04982,Deepa Joshi,F,26,Bareilly,Uttar Pradesh,3,243097,2024-03-13
C04983,Priya Devi,F,22,Surat,Gujarat,2,395004,2024-08-09
C04984,Suresh Khan,M,19,Lucknow,Uttar Pradesh,2,226062,2024-09-24
C04985,Arjun Ansari,M,28,Coimbatore,Tamil Nadu,2,641084,2023-06-30
C04986,Swati Devi,F,25,Coimbatore,Tamil Nadu,2,641022,2023-06-17
C04987,Divya Khan,F,24,Chennai,Tamil Nadu,1,600023,2024-05-16
C04988,Kavya Mishra,F,21,Surat,Gujarat,2,395038,2023-02-03
C04989,Komal Das,F,29,Ludhiana,Punjab,2,141038,2024-02-04
C04990,Ruchi Das,F,26,Coimbatore,Tamil Nadu,2,641059,2023-03-22
C04991,Lakshmi Saikia,F,26,Bengaluru,Karnataka,1,560097,2023-07-21
C04992,Sana Chauhan,F,29,Hyderabad,Telangana,1,500047,2022-12-18
C04993,Fatima Mishra,F,33,Ludhiana,Punjab,2,141047,2024-08-23
C04994,Amit Joshi,F,44,Bengaluru,Karnataka,1,560075,2024-08-07
C04995,Sneha Singh,F,20,Guwahati,Assam,2,781030,2022-08-09
C04996,Swati Sharma,F,24,Lucknow,Uttar Pradesh,2,226031,2024-06-11
C04997,Simran Saikia,F,18,Varanasi,Uttar Pradesh,3,221015,2024-08-13
C04998,Pooja Devi,F,24,Mumbai,Maharashtra,1,400042,2024-03-25
C04999,Rohit Khan,M,30,Bengaluru,Karnataka,1,560007,2022-10-29
C05000,Ruchi Nair,F,30,Surat,Gujarat,2,395052,2022-05-28
C05001,Ruchi Singh,F,22,Ujjain,Madhya Pradesh,3,456025,2024-06-16
C05002,Rahul Joshi,F,27,Bengaluru,Karnataka,1,560041,2023-06-13
C05003,Divya Singh,F,29,Bilaspur,Chhattisgarh,3,495004,2023-03-14
C05004,Rahul Sharma,M,28,Mumbai,Maharashtra,1,400053,2022-08-04
C05005,Imran Khan,M,25,Indore,Madhya Pradesh,2,452047,2023-01-28
C05006,Simran Reddy,F,26,Jaipur,Rajasthan,2,302015,2024-01-30
C05007,Rahul Khan,F,34,Ludhiana,Punjab,2,141097,2023-09-12
C05008,Ruchi Iyer,F,31,Patna,Bihar,2,800003,2024-04-12
C05009,Ritika Pandey,F,32,Kolkata,West Bengal,1,700057,2023-12-12
C05010,Anjali Pandey,F,33,Mumbai,Maharashtra,1,400044,2024-03-19
C05011,Deepa Devi,F,48,Delhi,Delhi,1,110064,2022-10-22
C05012,Kavya Kumari,F,40,Varanasi,Uttar Pradesh,3,221068,2023-06-14
C05013,Rahul Chauhan,F,21,Ujjain,Madhya Pradesh,3,456052,2022-06-19
C05014,Amit Ansari,M,40,Guwahati,Assam,2,781015,2024-06-28
C05015,Fatima Singh,F,34,Mumbai,Maharashtra,1,400040,2023-09-24
C05016,Karan Patel,M,24,Imphal,Manipur,3,795057,2024-07-17
C05017,Rahul Nair,F,18,Bilaspur,Chhattisgarh,3,495088,2023-08-09
C05018,Divya Verma,F,33,Jaipur,Rajasthan,2,302095,2022-06-21
C05019,Neha Gupta,F,41,Bengaluru,Karnataka,1,560012,2023-06-17
C05020,Lakshmi Verma,F,22,Bengaluru,Karnataka,1,560058,2024-02-26
C05021,Amit Joshi,M,25,Bhopal,Madhya Pradesh,2,462041,2023-06-08
C05022,Simran Nair,F,20,Surat,Gujarat,2,395073,2024-07-28
C05023,Imran Das,M,30,Ludhiana,Punjab,2,141093,2024-08-04
C05024,Rohit Das,M,31,Ranchi,Jharkhand,2,834036,2024-03-05
C05025,Meena Gupta,F,26,Pune,Maharashtra,1,411061,2023-11-12
C05026,Simran Yadav,F,34,Shillong,Meghalaya,3,793019,2024-05-25
C05027,Suresh Das,M,20,Chennai,Tamil Nadu,1,600011,2023-07-27
C05028,Anjali Reddy,F,29,Bilaspur,Chhattisgarh,3,495013,2022-12-29
C05029,Aisha Nair,F,41,Raipur,Chhattisgarh,2,492051,2023-11-10
C05030,Karan Das,M,28,Delhi,Delhi,1,110025,2022-08-14
C05031,Simran Nair,F,28,Bilaspur,Chhattisgarh,3,495002,2023-07-19
C05032,Meena Singh,F,24,Bengaluru,Karnataka,1,560061,2022-12-03
C05033,Deepa Das,F,25,Mumbai,Maharashtra,1,400081,2024-06-16
C05034,Payal Rao,F,19,Guwahati,Assam,2,781082,2023-05-25
C05035,Deepa Mishra,F,30,Nagpur,Maharashtra,2,440007,2024-06-09
C05036,Aisha Sharma,F,28,Nagpur,Maharashtra,2,440082,2022-05-06
C05037,Payal Das,F,25,Bhilwara,Rajasthan,3,311031,2024-01-02
C05038,Lakshmi Devi,F,31,Ranchi,Jharkhand,2,834098,2023-01-23
C05039,Simran Chauhan,F,22,Patna,Bihar,2,800047,2022-05-29
C05040,Rahul Ansari,F,28,Chennai,Tamil Nadu,1,600007,2024-01-15
C05041,Vikram Ansari,M,21,Bareilly,Uttar Pradesh,3,243067,2023-11-01
C05042,Rahul Joshi,F,18,Kanpur,Uttar Pradesh,2,208095,2023-01-05
C05043,Divya Pandey,F,29,Lucknow,Uttar Pradesh,2,226062,2023-02-25
C05044,Fatima Joshi,F,30,Delhi,Delhi,1,110051,2023-05-03
C05045,Rohit Das,M,21,Bengaluru,Karnataka,1,560012,2023-01-29
C05046,Rahul Kumari,F,33,Lucknow,Uttar Pradesh,2,226066,2022-12-10
C05047,Swati Rao,F,46,Imphal,Manipur,3,795084,2024-08-07
C05048,Amit Singh,M,21,Jaipur,Rajasthan,2,302059,2023-02-13
C05049,Komal Yadav,F,23,Lucknow,Uttar Pradesh,2,226027,2024-01-28
C05050,Ruchi Ansari,F,29,Hubballi,Karnataka,3,580001,2022-06-10
C05051,Imran Iyer,M,23,Raipur,Chhattisgarh,2,492089,2023-06-18
C05052,Arjun Gupta,M,23,Raipur,Chhattisgarh,2,492064,2022-12-03
C05053,Ritika Mishra,F,25,Ranchi,Jharkhand,2,834090,2023-05-19
C05054,Neha Das,F,18,Agartala,Tripura,3,799078,2024-01-17
C05055,Aisha Ansari,F,29,Hyderabad,Telangana,1,500084,2023-04-30
C05056,Sana Das,F,19,Indore,Madhya Pradesh,2,452085,2023-10-30
C05057,Divya Reddy,F,45,Bareilly,Uttar Pradesh,3,243001,2022-05-01
C05058,Rahul Rao,F,25,Dehradun,Uttarakhand,2,248051,2023-12-04
C05059,Ritika Joshi,F,32,Ludhiana,Punjab,2,141020,2024-02-17
C05060,Simran Gupta,F,22,Bhopal,Madhya Pradesh,2,462011,2024-01-30
C05061,Lakshmi Gupta,F,24,Lucknow,Uttar Pradesh,2,226007,2024-06-14
C05062,Shalini Verma,F,26,Bengaluru,Karnataka,1,560052,2023-02-19
C05063,Meena Singh,F,22,Pune,Maharashtra,1,411094,2024-05-25
C05064,Rahul Rao,M,25,Hyderabad,Telangana,1,500068,2022-08-23
C05065,Payal Verma,F,47,Lucknow,Uttar Pradesh,2,226098,2022-09-26
C05066,Neha Reddy,F,34,Surat,Gujarat,2,395046,2023-03-06
C05067,Vikram Ansari,M,21,Shillong,Meghalaya,3,793029,2024-06-09
C05068,Rohit Yadav,M,19,Indore,Madhya Pradesh,2,452067,2024-09-25
C05069,Vikram Joshi,M,21,Kanpur,Uttar Pradesh,2,208080,2024-02-07
C05070,Komal Das,F,25,Mumbai,Maharashtra,1,400070,2024-09-28
C05071,Lakshmi Joshi,F,25,Hyderabad,Telangana,1,500070,2024-05-28
C05072,Karan Verma,M,26,Mumbai,Maharashtra,1,400051,2024-04-11
C05073,Meena Sharma,F,33,Kolkata,West Bengal,1,700002,2024-09-16
C05074,Shalini Mishra,F,34,Lucknow,Uttar Pradesh,2,226067,2024-05-21
C05075,Amit Singh,M,18,Agartala,Tripura,3,799086,2023-03-13
C05076,Amit Reddy,F,28,Gorakhpur,Uttar Pradesh,3,273008,2022-06-29
C05077,Komal Nair,F,23,Ujjain,Madhya Pradesh,3,456044,2023-04-23
C05078,Nisha Gupta,F,41,Patna,Bihar,2,800099,2023-12-05
C05079,Vikram Patel,M,32,Mumbai,Maharashtra,1,400099,2024-09-15
C05080,Payal Verma,F,30,Jaipur,Rajasthan,2,302028,2022-08-10
C05081,Rani Gupta,F,20,Muzaffarpur,Bihar,3,842014,2023-02-05
C05082,Priya Devi,F,24,Lucknow,Uttar Pradesh,2,226093,2024-06-07
C05083,Anjali Reddy,F,20,Siliguri,West Bengal,3,734060,2024-09-23
C05084,Rani Patel,F,21,Dehradun,Uttarakhand,2,248069,2023-02-15
C05085,Priya Das,F,40,Delhi,Delhi,1,110067,2024-05-22
C05086,Neha Kumari,F,26,Bengaluru,Karnataka,1,560058,2022-10-23
C05087,Komal Nair,F,38,Kolkata,West Bengal,1,700019,2023-09-29
C05088,Rahul Iyer,M,48,Shillong,Meghalaya,3,793018,2023-02-20
C05089,Rahul Reddy,F,32,Ludhiana,Punjab,2,141080,2022-12-21
C05090,Nisha Khan,F,46,Delhi,Delhi,1,110094,2024-08-27
C05091,Deepa Devi,F,25,Kanpur,Uttar Pradesh,2,208041,2022-10-20
C05092,Komal Singh,F,31,Bhilwara,Rajasthan,3,311070,2022-05-05
C05093,Arjun Nair,M,28,Varanasi,Uttar Pradesh,3,221091,2023-07-02
C05094,Amit Rao,F,32,Bareilly,Uttar Pradesh,3,243034,2023-12-05
C05095,Divya Nair,F,29,Bareilly,Uttar Pradesh,3,243011,2023-09-19
C05096,Simran Ansari,F,26,Bilaspur,Chhattisgarh,3,495002,2023-03-04
C05097,Amit Kumari,F,28,Varanasi,Uttar Pradesh,3,221077,2022-09-09
C05098,Priya Gupta,F,26,Kanpur,Uttar Pradesh,2,208081,2024-07-13
C05099,Amit Rao,F,33,Kolkata,West Bengal,1,700003,2023-02-25
C05100,Fatima Iyer,F,34,Mumbai,Maharashtra,1,400033,2024-09-26
C05101,Meena Verma,F,31,Bhilwara,Rajasthan,3,311033,2022-05-16
C05102,Ruchi Chauhan,F,27,Lucknow,Uttar Pradesh,2,226094,2023-04-02
C05103,Shalini Iyer,F,22,Gorakhpur,Uttar Pradesh,3,273037,2023-08-23
C05104,Simran Verma,F,24,Indore,Madhya Pradesh,2,452068,2024-08-22
C05105,Amit Gupta,F,34,Raipur,Chhattisgarh,2,492015,2024-04-10
C05106,Ruchi Pandey,F,29,Ludhiana,Punjab,2,141008,2023-03-11
C05107,Divya Devi,F,25,Ludhiana,Punjab,2,141014,2023-10-21
C05108,Pooja Ansari,F,31,Ujjain,Madhya Pradesh,3,456088,2023-12-25
C05109,Suresh Patel,M,21,Patna,Bihar,2,800081,2024-08-22
C05110,Rohit Reddy,M,32,Raipur,Chhattisgarh,2,492052,2023-06-06
C05111,Ruchi Singh,F,26,Mumbai,Maharashtra,1,400038,2023-12-22
C05112,Shalini Chauhan,F,23,Jaipur,Rajasthan,2,302033,2022-11-02
C05113,Vikram Khan,M,20,Kolkata,West Bengal,1,700012,2022-05-09
C05114,Nisha Yadav,F,26,Varanasi,Uttar Pradesh,3,221099,2023-05-16
C05115,Rahul Khan,F,32,Ujjain,Madhya Pradesh,3,456096,2022-09-28
C05116,Rahul Nair,F,39,Lucknow,Uttar Pradesh,2,226068,2023-02-20
C05117,Priya Saikia,F,30,Bareilly,Uttar Pradesh,3,243044,2022-05-14
C05118,Ruchi Reddy,F,22,Guwahati,Assam,2,781083,2022-08-27
C05119,Swati Ansari,F,33,Pune,Maharashtra,1,411097,2024-01-26
C05120,Deepa Ansari,F,26,Patna,Bihar,2,800074,2023-06-08
C05121,Anjali Mishra,F,22,Bilaspur,Chhattisgarh,3,495045,2024-06-09
C05122,Karan Singh,M,32,Surat,Gujarat,2,395040,2023-07-07
C05123,Simran Kumari,F,20,Indore,Madhya Pradesh,2,452076,2024-05-31
C05124,Rohit Kumari,M,22,Kanpur,Uttar Pradesh,2,208044,2023-02-19
C05125,Neha Joshi,F,33,Ludhiana,Punjab,2,141002,2023-04-07
C05126,Nisha Mishra,F,18,Varanasi,Uttar Pradesh,3,221081,2023-09-14
C05127,Ritika Saikia,F,31,Siliguri,West Bengal,3,734063,2024-08-15
C05128,Karan Ansari,M,48,Ludhiana,Punjab,2,141015,2023-12-28
C05129,Karan Verma,M,29,Bengaluru,Karnataka,1,560096,2024-09-13
C05130,Meena Nair,F,19,Raipur,Chhattisgarh,2,492082,2022-06-04
C05131,Komal Mishra,F,28,Varanasi,Uttar Pradesh,3,221017,2023-09-18
C05132,Payal Nair,F,39,Jaipur,Rajasthan,2,302096,2023-03-19
C05133,Divya Ansari,F,31,Pune,Maharashtra,1,411027,2024-01-28
C05134,Kavya Sharma,F,28,Gorakhpur,Uttar Pradesh,3,273004,2023-03-03
C05135,Rahul Joshi,M,33,Muzaffarpur,Bihar,3,842017,2023-04-10
C05136,Sneha Ansari,F,28,Coimbatore,Tamil Nadu,2,641087,2023-05-01
C05137,Rahul Rao,F,26,Shillong,Meghalaya,3,793021,2022-09-09
C05138,Suresh Sharma,M,31,Shillong,Meghalaya,3,793079,2023-03-28
C05139,Nisha Iyer,F,27,Bengaluru,Karnataka,1,560034,2023-03-28
C05140,Arjun Patel,M,19,Hyderabad,Telangana,1,500008,2023-05-27
C05141,Neha Iyer,F,33,Kanpur,Uttar Pradesh,2,208064,2022-04-24
C05142,Fatima Yadav,F,21,Varanasi,Uttar Pradesh,3,221054,2023-12-12
C05143,Neha Kumari,F,31,Surat,Gujarat,2,395075,2023-10-26
C05144,Karan Khan,M,23,Bengaluru,Karnataka,1,560045,2024-08-26
C05145,Shalini Iyer,F,34,Mumbai,Maharashtra,1,400008,2023-05-29
C05146,Anjali Ansari,F,18,Coimbatore,Tamil Nadu,2,641068,2024-07-29
C05147,Amit Das,F,18,Hyderabad,Telangana,1,500019,2024-03-02
C05148,Aisha Khan,F,31,Ujjain,Madhya Pradesh,3,456074,2022-05-04
C05149,Fatima Devi,F,18,Ranchi,Jharkhand,2,834012,2022-10-19
C05150,Shalini Devi,F,21,Jaipur,Rajasthan,2,302083,2022-10-22
C05151,Suresh Nair,M,20,Hyderabad,Telangana,1,500014,2023-03-26
C05152,Sana Singh,F,29,Delhi,Delhi,1,110076,2023-10-10
C05153,Sneha Sharma,F,25,Mumbai,Maharashtra,1,400073,2022-06-21
C05154,Imran Devi,M,41,Muzaffarpur,Bihar,3,842088,2023-07-16
C05155,Ritika Saikia,F,39,Coimbatore,Tamil Nadu,2,641025,2023-03-10
C05156,Shalini Das,F,34,Raipur,Chhattisgarh,2,492065,2023-11-29
C05157,Payal Reddy,F,28,Jaipur,Rajasthan,2,302007,2022-09-10
C05158,Rohit Joshi,M,22,Chennai,Tamil Nadu,1,600088,2022-07-13
C05159,Ritika Gupta,F,29,Mumbai,Maharashtra,1,400006,2022-05-24
C05160,Simran Joshi,F,22,Lucknow,Uttar Pradesh,2,226036,2022-05-03
C05161,Deepa Chauhan,F,32,Siliguri,West Bengal,3,734019,2023-08-24
C05162,Rahul Ansari,F,25,Hubballi,Karnataka,3,580094,2023-04-28
C05163,Fatima Devi,F,23,Shillong,Meghalaya,3,793068,2023-07-13
C05164,Payal Nair,F,30,Indore,Madhya Pradesh,2,452079,2024-07-08
C05165,Ruchi Khan,F,30,Bengaluru,Karnataka,1,560041,2024-03-28
C05166,Amit Mishra,F,20,Siliguri,West Bengal,3,734086,2023-04-24
C05167,Priya Nair,F,18,Bengaluru,Karnataka,1,560059,2022-06-29
C05168,Sana Nair,F,25,Mumbai,Maharashtra,1,400059,2024-08-05
C05169,Shalini Joshi,F,21,Bareilly,Uttar Pradesh,3,243038,2023-01-05
C05170,Imran Sharma,M,24,Jaipur,Rajasthan,2,302048,2024-03-01
C05171,Priya Singh,F,34,Muzaffarpur,Bihar,3,842039,2023-09-19
C05172,Amit Reddy,M,19,Jaipur,Rajasthan,2,302093,2022-10-18
C05173,Karan Nair,M,20,Ranchi,Jharkhand,2,834058,2023-09-29
C05174,Payal Reddy,F,21,Indore,Madhya Pradesh,2,452091,2022-10-15
C05175,Karan Patel,M,25,Bareilly,Uttar Pradesh,3,243077,2023-05-28
C05176,Pooja Sharma,F,27,Gorakhpur,Uttar Pradesh,3,273073,2024-04-09
C05177,Komal Devi,F,23,Indore,Madhya Pradesh,2,452093,2022-11-08
C05178,Priya Iyer,F,34,Muzaffarpur,Bihar,3,842049,2023-10-25
C05179,Simran Kumari,F,28,Pune,Maharashtra,1,411011,2023-12-29
C05180,Anjali Nair,F,20,Chennai,Tamil Nadu,1,600009,2022-06-05
C05181,Rahul Das,M,20,Nagpur,Maharashtra,2,440041,2022-08-29
C05182,Neha Saikia,F,44,Chennai,Tamil Nadu,1,600081,2023-08-12
C05183,Karan Kumari,M,24,Mumbai,Maharashtra,1,400090,2022-05-02
C05184,Karan Ansari,M,31,Pune,Maharashtra,1,411007,2022-05-18
C05185,Imran Kumari,M,33,Lucknow,Uttar Pradesh,2,226045,2024-09-23
C05186,Meena Kumari,F,19,Siliguri,West Bengal,3,734050,2023-02-05
C05187,Rahul Chauhan,F,21,Shillong,Meghalaya,3,793094,2022-08-15
C05188,Amit Chauhan,M,33,Patna,Bihar,2,800014,2022-07-12
C05189,Neha Kumari,F,18,Delhi,Delhi,1,110010,2023-02-28
C05190,Imran Pandey,M,35,Patna,Bihar,2,800072,2024-04-10
C05191,Ruchi Mishra,F,26,Jaipur,Rajasthan,2,302035,2022-09-11
C05192,Arjun Yadav,M,26,Kolkata,West Bengal,1,700099,2024-05-06
C05193,Lakshmi Sharma,F,19,Guwahati,Assam,2,781090,2023-10-13
C05194,Neha Reddy,F,34,Siliguri,West Bengal,3,734085,2023-08-03
C05195,Suresh Chauhan,M,32,Bhilwara,Rajasthan,3,311006,2023-12-06
C05196,Amit Saikia,F,21,Delhi,Delhi,1,110038,2024-05-01
C05197,Karan Kumari,M,20,Shillong,Meghalaya,3,793057,2022-12-02
C05198,Pooja Nair,F,29,Bengaluru,Karnataka,1,560074,2023-06-06
C05199,Karan Kumari,M,21,Delhi,Delhi,1,110088,2024-08-14
C05200,Nisha Gupta,F,18,Kolkata,West Bengal,1,700064,2023-07-17
C05201,Nisha Pandey,F,21,Bengaluru,Karnataka,1,560091,2022-09-02
C05202,Nisha Ansari,F,23,Nagpur,Maharashtra,2,440065,2023-12-16
C05203,Simran Singh,F,31,Bhilwara,Rajasthan,3,311062,2023-05-27
C05204,Payal Yadav,F,23,Varanasi,Uttar Pradesh,3,221023,2023-03-15
C05205,Neha Nair,F,22,Guwahati,Assam,2,781015,2023-09-26
C05206,Imran Devi,M,25,Delhi,Delhi,1,110026,2023-07-27
C05207,Fatima Verma,F,21,Hubballi,Karnataka,3,580022,2022-10-29
C05208,Rani Nair,F,32,Dehradun,Uttarakhand,2,248081,2022-04-16
C05209,Komal Rao,F,23,Dehradun,Uttarakhand,2,248086,2022-08-01
C05210,Sneha Verma,F,31,Delhi,Delhi,1,110013,2022-09-02
C05211,Anjali Yadav,F,19,Bengaluru,Karnataka,1,560009,2022-05-15
C05212,Rahul Verma,F,30,Jaipur,Rajasthan,2,302092,2024-01-29
C05213,Shalini Mishra,F,21,Patna,Bihar,2,800041,2024-05-28
C05214,Amit Iyer,M,22,Jaipur,Rajasthan,2,302074,2023-08-13
C05215,Suresh Patel,M,19,Shillong,Meghalaya,3,793017,2022-07-25
C05216,Suresh Chauhan,M,22,Lucknow,Uttar Pradesh,2,226008,2023-01-07
C05217,Fatima Pandey,F,18,Delhi,Delhi,1,110050,2023-01-11
C05218,Komal Joshi,F,33,Pune,Maharashtra,1,411013,2022-06-18
C05219,Arjun Singh,M,19,Siliguri,West Bengal,3,734082,2024-09-27
C05220,Meena Chauhan,F,25,Indore,Madhya Pradesh,2,452092,2022-08-20
C05221,Priya Sharma,F,19,Gorakhpur,Uttar Pradesh,3,273029,2022-10-14
C05222,Suresh Sharma,M,33,Gorakhpur,Uttar Pradesh,3,273005,2023-09-04
C05223,Vikram Ansari,M,18,Pune,Maharashtra,1,411037,2023-12-17
C05224,Anjali Mishra,F,25,Patna,Bihar,2,800008,2024-01-06
C05225,Lakshmi Chauhan,F,23,Patna,Bihar,2,800059,2023-07-24
C05226,Ritika Sharma,F,19,Pune,Maharashtra,1,411042,2022-12-26
C05227,Amit Devi,M,28,Varanasi,Uttar Pradesh,3,221063,2023-10-31
C05228,Komal Chauhan,F,27,Kolkata,West Bengal,1,700024,2023-05-24
C05229,Swati Khan,F,18,Kolkata,West Bengal,1,700057,2024-04-17
C05230,Priya Pandey,F,29,Lucknow,Uttar Pradesh,2,226010,2023-11-09
C05231,Amit Patel,M,26,Siliguri,West Bengal,3,734060,2024-07-11
C05232,Swati Ansari,F,29,Mumbai,Maharashtra,1,400002,2022-09-26
C05233,Sana Singh,F,26,Lucknow,Uttar Pradesh,2,226012,2023-04-25
C05234,Meena Singh,F,18,Bengaluru,Karnataka,1,560064,2024-01-11
C05235,Fatima Pandey,F,31,Coimbatore,Tamil Nadu,2,641075,2023-01-22
C05236,Sneha Ansari,F,22,Bilaspur,Chhattisgarh,3,495049,2023-03-06
C05237,Arjun Joshi,M,32,Surat,Gujarat,2,395079,2024-03-08
C05238,Imran Khan,M,19,Bengaluru,Karnataka,1,560049,2024-08-10
C05239,Anjali Joshi,F,27,Lucknow,Uttar Pradesh,2,226016,2024-03-07
C05240,Meena Devi,F,28,Patna,Bihar,2,800069,2022-06-21
C05241,Simran Kumari,F,24,Mumbai,Maharashtra,1,400056,2023-12-02
C05242,Deepa Patel,F,27,Hyderabad,Telangana,1,500095,2023-11-14
C05243,Fatima Pandey,F,43,Raipur,Chhattisgarh,2,492098,2024-06-03
C05244,Rani Mishra,F,39,Lucknow,Uttar Pradesh,2,226049,2022-10-14
C05245,Neha Rao,F,33,Chennai,Tamil Nadu,1,600053,2022-07-25
C05246,Rahul Yadav,M,26,Chennai,Tamil Nadu,1,600020,2022-06-25
C05247,Aisha Chauhan,F,25,Gorakhpur,Uttar Pradesh,3,273014,2022-11-24
C05248,Sneha Mishra,F,22,Surat,Gujarat,2,395064,2024-09-15
C05249,Meena Reddy,F,31,Pune,Maharashtra,1,411049,2023-07-20
C05250,Payal Yadav,F,23,Bhopal,Madhya Pradesh,2,462060,2023-11-14
C05251,Simran Iyer,F,34,Patna,Bihar,2,800004,2023-10-02
C05252,Vikram Chauhan,M,34,Hyderabad,Telangana,1,500019,2024-03-09
C05253,Karan Sharma,M,23,Hyderabad,Telangana,1,500038,2023-06-14
C05254,Nisha Pandey,F,30,Patna,Bihar,2,800018,2024-06-17
C05255,Lakshmi Iyer,F,30,Bengaluru,Karnataka,1,560059,2023-04-10
C05256,Swati Gupta,F,30,Ujjain,Madhya Pradesh,3,456002,2024-09-17
C05257,Suresh Chauhan,M,34,Jaipur,Rajasthan,2,302009,2022-04-19
C05258,Anjali Das,F,23,Muzaffarpur,Bihar,3,842048,2024-04-09
C05259,Divya Chauhan,F,41,Nagpur,Maharashtra,2,440070,2022-07-30
C05260,Sneha Khan,F,21,Mumbai,Maharashtra,1,400086,2023-01-15
C05261,Sana Joshi,F,21,Kanpur,Uttar Pradesh,2,208006,2023-03-11
C05262,Komal Sharma,F,29,Mumbai,Maharashtra,1,400093,2024-01-11
C05263,Nisha Rao,F,26,Pune,Maharashtra,1,411069,2024-01-23
C05264,Divya Rao,F,32,Hyderabad,Telangana,1,500095,2022-12-22
C05265,Neha Patel,F,34,Delhi,Delhi,1,110089,2024-09-01
C05266,Amit Iyer,F,28,Indore,Madhya Pradesh,2,452082,2023-01-20
C05267,Deepa Das,F,18,Shillong,Meghalaya,3,793068,2023-05-10
C05268,Rahul Patel,F,23,Ranchi,Jharkhand,2,834083,2022-07-30
C05269,Vikram Joshi,M,31,Lucknow,Uttar Pradesh,2,226095,2022-04-18
C05270,Priya Das,F,36,Shillong,Meghalaya,3,793043,2022-07-19
C05271,Lakshmi Singh,F,32,Hubballi,Karnataka,3,580026,2022-10-01
C05272,Amit Ansari,M,30,Mumbai,Maharashtra,1,400018,2023-12-30
C05273,Amit Nair,F,21,Patna,Bihar,2,800064,2023-03-24
C05274,Anjali Pandey,F,33,Delhi,Delhi,1,110053,2023-07-14
C05275,Priya Joshi,F,30,Delhi,Delhi,1,110033,2024-09-18
C05276,Nisha Das,F,30,Dehradun,Uttarakhand,2,248018,2024-06-04
C05277,Swati Mishra,F,28,Kanpur,Uttar Pradesh,2,208081,2024-05-26
C05278,Meena Yadav,F,31,Lucknow,Uttar Pradesh,2,226052,2023-06-24
C05279,Sana Verma,F,37,Hyderabad,Telangana,1,500018,2022-09-27
C05280,Anjali Iyer,F,21,Indore,Madhya Pradesh,2,452041,2022-08-01
C05281,Kavya Joshi,F,25,Pune,Maharashtra,1,411072,2023-08-12
C05282,Aisha Devi,F,24,Ludhiana,Punjab,2,141069,2022-11-19
C05283,Sneha Yadav,F,26,Guwahati,Assam,2,781055,2022-12-07
C05284,Rani Iyer,F,20,Bhopal,Madhya Pradesh,2,462008,2024-02-12
C05285,Fatima Rao,F,27,Lucknow,Uttar Pradesh,2,226026,2023-05-18
C05286,Meena Saikia,F,22,Ludhiana,Punjab,2,141062,2024-02-07
C05287,Ruchi Verma,F,20,Coimbatore,Tamil Nadu,2,641020,2022-06-13
C05288,Suresh Verma,M,31,Indore,Madhya Pradesh,2,452010,2023-12-15
C05289,Pooja Sharma,F,21,Kanpur,Uttar Pradesh,2,208056,2023-08-27
C05290,Divya Das,F,27,Lucknow,Uttar Pradesh,2,226093,2024-01-21
C05291,Swati Nair,F,22,Bengaluru,Karnataka,1,560084,2022-09-10
C05292,Lakshmi Khan,F,18,Shillong,Meghalaya,3,793083,2023-11-14
C05293,Divya Rao,F,32,Hyderabad,Telangana,1,500088,2022-06-10
C05294,Ritika Khan,F,30,Hyderabad,Telangana,1,500048,2022-06-14
C05295,Neha Verma,F,19,Dehradun,Uttarakhand,2,248081,2023-04-06
C05296,Pooja Singh,F,20,Raipur,Chhattisgarh,2,492028,2022-11-16
C05297,Sneha Pandey,F,18,Bilaspur,Chhattisgarh,3,495053,2023-12-30
C05298,Suresh Nair,M,27,Hyderabad,Telangana,1,500098,2022-11-14
C05299,Simran Pandey,F,28,Indore,Madhya Pradesh,2,452025,2023-12-15
C05300,Fatima Gupta,F,31,Patna,Bihar,2,800002,2024-04-24
C05301,Shalini Patel,F,33,Bhopal,Madhya Pradesh,2,462044,2023-09-30
C05302,Karan Mishra,M,23,Kanpur,Uttar Pradesh,2,208008,2024-01-09
C05303,Divya Khan,F,43,Ranchi,Jharkhand,2,834095,2022-07-21
C05304,Aisha Verma,F,21,Siliguri,West Bengal,3,734052,2023-12-26
C05305,Deepa Reddy,F,22,Guwahati,Assam,2,781078,2023-05-14
C05306,Lakshmi Das,F,22,Patna,Bihar,2,800076,2022-10-13
C05307,Swati Iyer,F,42,Kolkata,West Bengal,1,700089,2022-12-13
C05308,Rahul Das,M,42,Guwahati,Assam,2,781059,2024-05-22
C05309,Ruchi Nair,F,42,Pune,Maharashtra,1,411020,2022-07-19
C05310,Swati Patel,F,27,Agartala,Tripura,3,799014,2023-03-05
C05311,Lakshmi Gupta,F,32,Varanasi,Uttar Pradesh,3,221072,2023-12-08
C05312,Swati Khan,F,25,Kolkata,West Bengal,1,700009,2023-09-09
C05313,Sneha Chauhan,F,29,Coimbatore,Tamil Nadu,2,641065,2023-10-10
C05314,Anjali Khan,F,20,Hubballi,Karnataka,3,580001,2023-10-17
C05315,Rani Saikia,F,34,Coimbatore,Tamil Nadu,2,641096,2024-01-08
C05316,Shalini Kumari,F,21,Chennai,Tamil Nadu,1,600084,2024-05-04
C05317,Ritika Nair,F,32,Bareilly,Uttar Pradesh,3,243089,2024-09-04
C05318,Lakshmi Patel,F,25,Bhopal,Madhya Pradesh,2,462076,2023-10-31
C05319,Divya Joshi,F,26,Kanpur,Uttar Pradesh,2,208042,2023-01-06
C05320,Rahul Singh,F,23,Bengaluru,Karnataka,1,560010,2022-12-19
C05321,Ruchi Das,F,21,Mumbai,Maharashtra,1,400085,2023-04-27
C05322,Payal Rao,F,24,Mumbai,Maharashtra,1,400099,2023-06-14
C05323,Payal Verma,F,18,Coimbatore,Tamil Nadu,2,641057,2024-09-06
C05324,Rahul Kumari,M,41,Kanpur,Uttar Pradesh,2,208086,2024-02-22
C05325,Fatima Patel,F,28,Hyderabad,Telangana,1,500058,2024-04-28
C05326,Sana Chauhan,F,33,Bengaluru,Karnataka,1,560006,2023-05-28
C05327,Vikram Joshi,M,34,Bhopal,Madhya Pradesh,2,462064,2023-05-14
C05328,Lakshmi Patel,F,31,Ludhiana,Punjab,2,141025,2023-08-30
C05329,Swati Das,F,26,Surat,Gujarat,2,395014,2022-04-28
C05330,Deepa Reddy,F,40,Raipur,Chhattisgarh,2,492058,2022-09-27
C05331,Kavya Kumari,F,18,Imphal,Manipur,3,795013,2023-07-30
C05332,Divya Devi,F,28,Varanasi,Uttar Pradesh,3,221022,2023-05-27
C05333,Komal Ansari,F,40,Bilaspur,Chhattisgarh,3,495083,2023-10-28
C05334,Ritika Gupta,F,42,Guwahati,Assam,2,781074,2022-08-01
C05335,Vikram Das,M,28,Chennai,Tamil Nadu,1,600050,2022-04-15
C05336,Amit Joshi,M,19,Mumbai,Maharashtra,1,400019,2024-06-08
C05337,Rahul Khan,M,31,Varanasi,Uttar Pradesh,3,221040,2022-11-23
C05338,Swati Joshi,F,18,Kanpur,Uttar Pradesh,2,208045,2024-05-31
C05339,Vikram Chauhan,M,19,Coimbatore,Tamil Nadu,2,641084,2022-07-20
C05340,Rahul Sharma,F,24,Indore,Madhya Pradesh,2,452064,2022-05-31
C05341,Vikram Khan,M,32,Muzaffarpur,Bihar,3,842082,2023-02-20
C05342,Rahul Ansari,F,30,Muzaffarpur,Bihar,3,842024,2024-04-01
C05343,Sana Ansari,F,20,Jaipur,Rajasthan,2,302010,2022-08-29
C05344,Fatima Patel,F,22,Shillong,Meghalaya,3,793085,2024-09-05
C05345,Ritika Singh,F,27,Indore,Madhya Pradesh,2,452033,2022-12-02
C05346,Amit Saikia,M,30,Kanpur,Uttar Pradesh,2,208085,2023-12-30
C05347,Lakshmi Kumari,F,26,Kolkata,West Bengal,1,700086,2024-03-08
C05348,Rani Yadav,F,32,Nagpur,Maharashtra,2,440086,2024-07-17
C05349,Aisha Iyer,F,18,Siliguri,West Bengal,3,734083,2023-07-04
C05350,Komal Yadav,F,21,Mumbai,Maharashtra,1,400004,2024-03-19
C05351,Nisha Yadav,F,42,Mumbai,Maharashtra,1,400046,2023-02-17
C05352,Amit Pandey,F,20,Delhi,Delhi,1,110080,2023-08-11
C05353,Deepa Kumari,F,20,Varanasi,Uttar Pradesh,3,221093,2023-10-27
C05354,Fatima Sharma,F,18,Mumbai,Maharashtra,1,400024,2023-08-27
C05355,Ruchi Das,F,31,Ludhiana,Punjab,2,141083,2022-05-19
C05356,Imran Joshi,M,22,Dehradun,Uttarakhand,2,248076,2022-12-13
C05357,Amit Verma,M,31,Patna,Bihar,2,800067,2023-11-04
C05358,Rohit Reddy,M,27,Kanpur,Uttar Pradesh,2,208055,2022-08-14
C05359,Rahul Ansari,F,31,Ranchi,Jharkhand,2,834013,2022-05-28
C05360,Vikram Joshi,M,18,Jaipur,Rajasthan,2,302042,2024-03-07
C05361,Rohit Rao,M,33,Dehradun,Uttarakhand,2,248091,2023-04-10
C05362,Suresh Yadav,M,19,Mumbai,Maharashtra,1,400074,2022-07-02
C05363,Anjali Ansari,F,19,Ludhiana,Punjab,2,141056,2023-08-21
C05364,Aisha Iyer,F,32,Delhi,Delhi,1,110008,2023-10-28
C05365,Neha Joshi,F,33,Surat,Gujarat,2,395057,2023-01-17
C05366,Sana Saikia,F,41,Indore,Madhya Pradesh,2,452057,2024-08-29
C05367,Deepa Verma,F,26,Surat,Gujarat,2,395079,2023-07-29
C05368,Rohit Devi,M,34,Gorakhpur,Uttar Pradesh,3,273029,2024-09-13
C05369,Komal Chauhan,F,33,Bhopal,Madhya Pradesh,2,462058,2022-05-16
C05370,Swati Yadav,F,24,Surat,Gujarat,2,395059,2023-10-11
C05371,Suresh Rao,M,23,Kanpur,Uttar Pradesh,2,208058,2024-01-16
C05372,Rahul Reddy,F,19,Bilaspur,Chhattisgarh,3,495073,2022-10-02
C05373,Arjun Ansari,M,29,Indore,Madhya Pradesh,2,452003,2024-06-05
C05374,Ritika Kumari,F,22,Gorakhpur,Uttar Pradesh,3,273094,2022-11-28
C05375,Suresh Joshi,M,34,Mumbai,Maharashtra,1,400009,2023-12-23
C05376,Komal Khan,F,47,Bengaluru,Karnataka,1,560052,2023-11-21
C05377,Neha Reddy,F,31,Ujjain,Madhya Pradesh,3,456042,2024-08-05
C05378,Kavya Patel,F,29,Surat,Gujarat,2,395073,2023-08-10
C05379,Komal Gupta,F,21,Coimbatore,Tamil Nadu,2,641084,2022-06-05
C05380,Swati Gupta,F,30,Kanpur,Uttar Pradesh,2,208075,2022-07-02
C05381,Nisha Devi,F,31,Bengaluru,Karnataka,1,560094,2023-11-24
C05382,Shalini Rao,F,21,Pune,Maharashtra,1,411078,2022-08-15
C05383,Sneha Ansari,F,20,Chennai,Tamil Nadu,1,600091,2022-12-31
C05384,Deepa Khan,F,19,Bhilwara,Rajasthan,3,311003,2023-01-02
C05385,Rahul Iyer,M,34,Bhopal,Madhya Pradesh,2,462010,2022-06-02
C05386,Suresh Iyer,M,30,Kolkata,West Bengal,1,700013,2024-06-18
C05387,Sneha Devi,F,18,Patna,Bihar,2,800053,2022-04-29
C05388,Priya Mishra,F,29,Patna,Bihar,2,800071,2024-04-27
C05389,Fatima Devi,F,33,Pune,Maharashtra,1,411092,2022-11-01
C05390,Rahul Ansari,F,18,Kanpur,Uttar Pradesh,2,208005,2024-02-08
C05391,Pooja Chauhan,F,20,Mumbai,Maharashtra,1,400058,2023-10-12
C05392,Kavya Yadav,F,27,Kanpur,Uttar Pradesh,2,208082,2023-06-10
C05393,Neha Devi,F,29,Indore,Madhya Pradesh,2,452065,2024-02-28
C05394,Sana Saikia,F,18,Hyderabad,Telangana,1,500018,2022-05-04
C05395,Ritika Nair,F,48,Agartala,Tripura,3,799018,2024-05-06
C05396,Rahul Ansari,F,28,Indore,Madhya Pradesh,2,452074,2023-11-23
C05397,Swati Khan,F,29,Siliguri,West Bengal,3,734095,2023-09-18
C05398,Fatima Rao,F,20,Pune,Maharashtra,1,411031,2023-04-15
C05399,Divya Mishra,F,26,Coimbatore,Tamil Nadu,2,641013,2022-11-13
C05400,Amit Patel,M,29,Bhilwara,Rajasthan,3,311048,2022-06-29
C05401,Ritika Ansari,F,34,Bhilwara,Rajasthan,3,311098,2024-02-24
C05402,Nisha Mishra,F,28,Kanpur,Uttar Pradesh,2,208020,2022-11-04
C05403,Fatima Reddy,F,22,Bhilwara,Rajasthan,3,311013,2022-09-06
C05404,Amit Ansari,F,31,Hyderabad,Telangana,1,500042,2023-07-12
C05405,Ritika Reddy,F,18,Delhi,Delhi,1,110054,2022-10-06
C05406,Divya Chauhan,F,27,Pune,Maharashtra,1,411067,2024-04-10
C05407,Payal Rao,F,30,Kanpur,Uttar Pradesh,2,208024,2023-09-23
C05408,Amit Khan,F,32,Guwahati,Assam,2,781003,2022-08-09
C05409,Lakshmi Pandey,F,32,Indore,Madhya Pradesh,2,452093,2024-02-22
C05410,Shalini Pandey,F,22,Jaipur,Rajasthan,2,302054,2024-05-07
C05411,Amit Iyer,M,40,Guwahati,Assam,2,781003,2024-07-28
C05412,Sneha Joshi,F,24,Mumbai,Maharashtra,1,400039,2022-08-08
C05413,Arjun Joshi,M,28,Mumbai,Maharashtra,1,400097,2023-09-09
C05414,Rahul Iyer,F,33,Agartala,Tripura,3,799012,2024-02-02
C05415,Karan Sharma,M,28,Bareilly,Uttar Pradesh,3,243032,2023-05-02
C05416,Amit Khan,M,25,Hyderabad,Telangana,1,500085,2022-04-26
C05417,Imran Joshi,M,29,Kanpur,Uttar Pradesh,2,208025,2022-08-16
C05418,Suresh Nair,M,28,Coimbatore,Tamil Nadu,2,641015,2024-04-22
C05419,Rohit Khan,M,24,Coimbatore,Tamil Nadu,2,641036,2022-08-03
C05420,Fatima Yadav,F,30,Jaipur,Rajasthan,2,302016,2024-03-01
C05421,Komal Kumari,F,31,Bhopal,Madhya Pradesh,2,462073,2023-02-03
C05422,Sana Nair,F,19,Varanasi,Uttar Pradesh,3,221050,2022-11-28
C05423,Amit Yadav,F,20,Siliguri,West Bengal,3,734049,2024-05-05
C05424,Amit Kumari,F,23,Bhilwara,Rajasthan,3,311063,2023-05-01
C05425,Neha Verma,F,24,Jaipur,Rajasthan,2,302082,2024-09-19
C05426,Lakshmi Iyer,F,40,Lucknow,Uttar Pradesh,2,226081,2024-08-27
C05427,Meena Gupta,F,28,Raipur,Chhattisgarh,2,492022,2023-03-21
C05428,Deepa Sharma,F,34,Bhopal,Madhya Pradesh,2,462098,2022-08-12
C05429,Priya Chauhan,F,18,Bhopal,Madhya Pradesh,2,462059,2024-06-22
C05430,Ritika Kumari,F,31,Pune,Maharashtra,1,411066,2024-09-01
C05431,Komal Chauhan,F,26,Bhopal,Madhya Pradesh,2,462027,2022-07-03
C05432,Neha Patel,F,33,Gorakhpur,Uttar Pradesh,3,273064,2022-05-11
C05433,Vikram Gupta,M,20,Indore,Madhya Pradesh,2,452088,2023-05-04
C05434,Swati Das,F,19,Mumbai,Maharashtra,1,400099,2023-02-04
C05435,Payal Mishra,F,41,Bareilly,Uttar Pradesh,3,243066,2022-09-29
C05436,Komal Singh,F,19,Varanasi,Uttar Pradesh,3,221009,2022-06-24
C05437,Fatima Joshi,F,20,Bhopal,Madhya Pradesh,2,462092,2022-10-23
C05438,Kavya Kumari,F,32,Imphal,Manipur,3,795040,2023-09-01
C05439,Deepa Patel,F,20,Bengaluru,Karnataka,1,560063,2023-04-10
C05440,Rahul Das,M,25,Delhi,Delhi,1,110018,2023-05-15
C05441,Komal Gupta,F,28,Agartala,Tripura,3,799079,2022-06-23
C05442,Priya Nair,F,29,Hyderabad,Telangana,1,500017,2022-04-29
C05443,Amit Rao,M,21,Indore,Madhya Pradesh,2,452002,2023-02-21
C05444,Anjali Sharma,F,48,Lucknow,Uttar Pradesh,2,226009,2023-06-19
C05445,Imran Gupta,M,23,Kanpur,Uttar Pradesh,2,208020,2024-03-16
C05446,Ritika Joshi,F,37,Nagpur,Maharashtra,2,440004,2022-05-15
C05447,Amit Devi,M,20,Surat,Gujarat,2,395097,2023-12-23
C05448,Rahul Reddy,F,19,Jaipur,Rajasthan,2,302060,2023-05-13
C05449,Anjali Das,F,18,Delhi,Delhi,1,110056,2022-09-09
C05450,Deepa Pandey,F,24,Siliguri,West Bengal,3,734047,2024-09-04
C05451,Kavya Iyer,F,20,Delhi,Delhi,1,110005,2023-11-17
C05452,Ruchi Singh,F,19,Siliguri,West Bengal,3,734047,2022-11-20
C05453,Divya Singh,F,22,Mumbai,Maharashtra,1,400004,2023-02-04
C05454,Rani Yadav,F,18,Jaipur,Rajasthan,2,302062,2023-11-20
C05455,Imran Saikia,M,31,Mumbai,Maharashtra,1,400054,2023-10-22
C05456,Aisha Kumari,F,34,Chennai,Tamil Nadu,1,600047,2023-05-28
C05457,Neha Saikia,F,34,Pune,Maharashtra,1,411003,2022-10-13
C05458,Arjun Singh,M,30,Bengaluru,Karnataka,1,560063,2023-09-28
C05459,Simran Chauhan,F,21,Bengaluru,Karnataka,1,560035,2023-08-28
C05460,Rahul Reddy,M,29,Lucknow,Uttar Pradesh,2,226047,2023-04-27
C05461,Meena Kumari,F,27,Ranchi,Jharkhand,2,834083,2024-04-19
C05462,Lakshmi Devi,F,24,Mumbai,Maharashtra,1,400022,2024-09-29
C05463,Amit Devi,M,18,Mumbai,Maharashtra,1,400052,2022-09-01
C05464,Payal Pandey,F,28,Bengaluru,Karnataka,1,560016,2022-09-02
C05465,Nisha Ansari,F,18,Surat,Gujarat,2,395036,2023-08-18
C05466,Kavya Yadav,F,34,Mumbai,Maharashtra,1,400081,2023-12-16
C05467,Deepa Iyer,F,33,Bareilly,Uttar Pradesh,3,243022,2024-09-21
C05468,Komal Ansari,F,18,Delhi,Delhi,1,110030,2023-09-05
C05469,Meena Ansari,F,27,Varanasi,Uttar Pradesh,3,221012,2024-01-17
C05470,Rahul Ansari,F,32,Kolkata,West Bengal,1,700038,2023-10-22
C05471,Imran Saikia,M,18,Hyderabad,Telangana,1,500072,2024-08-10
C05472,Priya Iyer,F,29,Bengaluru,Karnataka,1,560040,2023-06-08
C05473,Fatima Yadav,F,22,Hyderabad,Telangana,1,500076,2024-01-15
C05474,Anjali Devi,F,34,Hyderabad,Telangana,1,500021,2024-01-08
C05475,Neha Nair,F,27,Lucknow,Uttar Pradesh,2,226057,2024-08-20
C05476,Priya Joshi,F,33,Delhi,Delhi,1,110008,2022-07-21
C05477,Shalini Khan,F,24,Indore,Madhya Pradesh,2,452085,2022-11-27
C05478,Pooja Joshi,F,23,Mumbai,Maharashtra,1,400070,2024-09-03
C05479,Pooja Ansari,F,19,Muzaffarpur,Bihar,3,842013,2023-08-31
C05480,Rahul Pandey,M,26,Chennai,Tamil Nadu,1,600071,2024-04-16
C05481,Sana Patel,F,30,Nagpur,Maharashtra,2,440080,2022-12-26
C05482,Komal Khan,F,31,Muzaffarpur,Bihar,3,842084,2022-11-25
C05483,Neha Yadav,F,30,Bhilwara,Rajasthan,3,311037,2023-09-02
C05484,Payal Kumari,F,29,Pune,Maharashtra,1,411049,2024-04-11
C05485,Fatima Pandey,F,20,Lucknow,Uttar Pradesh,2,226084,2022-04-28
C05486,Vikram Saikia,M,22,Bareilly,Uttar Pradesh,3,243046,2023-06-10
C05487,Rohit Chauhan,M,18,Shillong,Meghalaya,3,793019,2023-04-17
C05488,Neha Nair,F,22,Lucknow,Uttar Pradesh,2,226042,2022-11-02
C05489,Kavya Rao,F,28,Lucknow,Uttar Pradesh,2,226073,2024-06-03
C05490,Rahul Pandey,M,24,Nagpur,Maharashtra,2,440078,2022-08-04
C05491,Divya Patel,F,31,Bareilly,Uttar Pradesh,3,243063,2024-02-20
C05492,Komal Reddy,F,25,Imphal,Manipur,3,795072,2023-04-11
C05493,Simran Ansari,F,30,Kolkata,West Bengal,1,700076,2024-05-09
C05494,Amit Sharma,M,33,Raipur,Chhattisgarh,2,492013,2023-02-17
C05495,Payal Das,F,47,Patna,Bihar,2,800040,2023-10-11
C05496,Simran Saikia,F,36,Ujjain,Madhya Pradesh,3,456040,2024-01-22
C05497,Karan Patel,M,27,Bhopal,Madhya Pradesh,2,462032,2024-06-04
C05498,Imran Pandey,M,31,Dehradun,Uttarakhand,2,248078,2023-11-14
C05499,Kavya Saikia,F,31,Kanpur,Uttar Pradesh,2,208030,2024-04-16
C05500,Fatima Reddy,F,19,Ranchi,Jharkhand,2,834025,2022-11-09
C05501,Rani Verma,F,30,Agartala,Tripura,3,799098,2023-11-08
C05502,Arjun Gupta,M,27,Raipur,Chhattisgarh,2,492025,2024-09-10
C05503,Lakshmi Reddy,F,34,Imphal,Manipur,3,795057,2023-09-04
C05504,Lakshmi Iyer,F,29,Gorakhpur,Uttar Pradesh,3,273093,2022-12-29
C05505,Priya Khan,F,23,Mumbai,Maharashtra,1,400031,2023-07-21
C05506,Amit Patel,F,19,Guwahati,Assam,2,781009,2024-02-21
C05507,Fatima Patel,F,24,Bhilwara,Rajasthan,3,311045,2022-05-05
C05508,Simran Rao,F,21,Ludhiana,Punjab,2,141009,2024-06-12
C05509,Ruchi Khan,F,24,Guwahati,Assam,2,781033,2023-06-17
C05510,Vikram Pandey,M,26,Nagpur,Maharashtra,2,440042,2023-10-10
C05511,Meena Joshi,F,38,Varanasi,Uttar Pradesh,3,221009,2022-12-04
C05512,Komal Mishra,F,30,Mumbai,Maharashtra,1,400052,2024-02-08
C05513,Priya Rao,F,34,Patna,Bihar,2,800078,2024-01-01
C05514,Neha Das,F,29,Chennai,Tamil Nadu,1,600061,2023-05-01
C05515,Suresh Pandey,M,35,Guwahati,Assam,2,781067,2023-04-08
C05516,Arjun Gupta,M,19,Bhilwara,Rajasthan,3,311097,2022-11-14
C05517,Ruchi Khan,F,23,Delhi,Delhi,1,110056,2024-07-26
C05518,Ruchi Verma,F,47,Patna,Bihar,2,800070,2023-06-21
C05519,Vikram Gupta,M,24,Hyderabad,Telangana,1,500089,2024-06-28
C05520,Sneha Yadav,F,24,Bhopal,Madhya Pradesh,2,462067,2022-08-31
C05521,Priya Reddy,F,34,Bareilly,Uttar Pradesh,3,243095,2024-02-09
C05522,Pooja Kumari,F,31,Pune,Maharashtra,1,411033,2023-02-15
C05523,Komal Iyer,F,21,Hyderabad,Telangana,1,500027,2022-04-17
C05524,Lakshmi Yadav,F,23,Chennai,Tamil Nadu,1,600082,2023-05-21
C05525,Amit Rao,M,29,Gorakhpur,Uttar Pradesh,3,273027,2022-11-27
C05526,Swati Rao,F,23,Surat,Gujarat,2,395012,2024-03-11
C05527,Anjali Reddy,F,27,Jaipur,Rajasthan,2,302010,2022-09-19
C05528,Ruchi Sharma,F,33,Patna,Bihar,2,800040,2023-01-28
C05529,Simran Nair,F,20,Bareilly,Uttar Pradesh,3,243001,2023-10-21
C05530,Pooja Iyer,F,20,Raipur,Chhattisgarh,2,492023,2023-04-07
C05531,Sana Reddy,F,28,Bhopal,Madhya Pradesh,2,462082,2023-03-01
C05532,Anjali Rao,F,23,Chennai,Tamil Nadu,1,600058,2022-12-10
C05533,Simran Saikia,F,28,Hubballi,Karnataka,3,580032,2022-06-07
C05534,Amit Yadav,F,23,Dehradun,Uttarakhand,2,248006,2023-07-10
C05535,Swati Iyer,F,20,Hyderabad,Telangana,1,500044,2023-07-17
C05536,Kavya Reddy,F,48,Varanasi,Uttar Pradesh,3,221089,2023-08-30
C05537,Deepa Saikia,F,33,Patna,Bihar,2,800005,2024-07-07
C05538,Rohit Rao,M,18,Pune,Maharashtra,1,411033,2023-12-05
C05539,Rohit Verma,M,38,Indore,Madhya Pradesh,2,452097,2023-07-30
C05540,Meena Chauhan,F,23,Delhi,Delhi,1,110028,2022-06-19
C05541,Komal Iyer,F,33,Indore,Madhya Pradesh,2,452029,2022-07-02
C05542,Karan Iyer,M,31,Varanasi,Uttar Pradesh,3,221098,2024-03-23
C05543,Divya Gupta,F,31,Kanpur,Uttar Pradesh,2,208072,2023-02-27
C05544,Shalini Ansari,F,31,Agartala,Tripura,3,799076,2023-03-20
C05545,Simran Kumari,F,38,Chennai,Tamil Nadu,1,600087,2024-01-23
C05546,Imran Iyer,M,34,Patna,Bihar,2,800035,2023-10-05
C05547,Payal Ansari,F,29,Chennai,Tamil Nadu,1,600073,2024-05-13
C05548,Divya Chauhan,F,20,Raipur,Chhattisgarh,2,492069,2022-11-04
C05549,Rahul Patel,F,27,Bilaspur,Chhattisgarh,3,495070,2022-04-18
C05550,Sana Kumari,F,22,Surat,Gujarat,2,395035,2024-01-02
C05551,Ruchi Ansari,F,22,Lucknow,Uttar Pradesh,2,226016,2023-05-30
C05552,Divya Saikia,F,20,Gorakhpur,Uttar Pradesh,3,273051,2022-08-16
C05553,Aisha Joshi,F,24,Delhi,Delhi,1,110098,2024-04-19
C05554,Swati Sharma,F,33,Kanpur,Uttar Pradesh,2,208033,2024-07-01
C05555,Komal Sharma,F,30,Coimbatore,Tamil Nadu,2,641041,2023-11-10
C05556,Simran Singh,F,32,Agartala,Tripura,3,799001,2022-04-28
C05557,Swati Patel,F,24,Patna,Bihar,2,800087,2024-07-12
C05558,Anjali Khan,F,29,Chennai,Tamil Nadu,1,600076,2023-12-09
C05559,Amit Kumari,M,29,Hyderabad,Telangana,1,500047,2023-11-09
C05560,Ritika Yadav,F,18,Patna,Bihar,2,800088,2022-11-19
C05561,Priya Mishra,F,28,Patna,Bihar,2,800041,2023-05-30
C05562,Meena Singh,F,30,Hyderabad,Telangana,1,500001,2022-07-27
C05563,Ruchi Singh,F,20,Bengaluru,Karnataka,1,560085,2023-10-16
C05564,Ruchi Kumari,F,23,Hyderabad,Telangana,1,500038,2023-12-08
C05565,Nisha Saikia,F,20,Raipur,Chhattisgarh,2,492038,2024-02-26
C05566,Ruchi Devi,F,40,Chennai,Tamil Nadu,1,600059,2023-10-27
C05567,Ruchi Sharma,F,24,Siliguri,West Bengal,3,734035,2022-07-31
C05568,Shalini Patel,F,34,Bareilly,Uttar Pradesh,3,243070,2024-04-23
C05569,Rahul Saikia,F,44,Gorakhpur,Uttar Pradesh,3,273052,2023-09-11
C05570,Amit Singh,F,28,Ranchi,Jharkhand,2,834067,2023-03-12
C05571,Lakshmi Sharma,F,25,Bengaluru,Karnataka,1,560040,2023-04-11
C05572,Sneha Kumari,F,25,Indore,Madhya Pradesh,2,452058,2023-01-13
C05573,Lakshmi Devi,F,18,Mumbai,Maharashtra,1,400077,2022-12-09
C05574,Pooja Khan,F,24,Raipur,Chhattisgarh,2,492036,2022-05-15
C05575,Nisha Devi,F,18,Ranchi,Jharkhand,2,834006,2023-06-03
C05576,Komal Ansari,F,25,Hyderabad,Telangana,1,500008,2023-09-07
C05577,Imran Joshi,M,24,Coimbatore,Tamil Nadu,2,641057,2022-10-18
C05578,Neha Verma,F,25,Mumbai,Maharashtra,1,400052,2023-05-23
C05579,Karan Devi,M,24,Indore,Madhya Pradesh,2,452096,2024-05-23
C05580,Sana Kumari,F,32,Ranchi,Jharkhand,2,834011,2023-02-06
C05581,Nisha Saikia,F,47,Indore,Madhya Pradesh,2,452017,2024-09-01
C05582,Fatima Sharma,F,43,Siliguri,West Bengal,3,734091,2023-01-01
C05583,Meena Patel,F,34,Shillong,Meghalaya,3,793018,2023-09-11
C05584,Rani Nair,F,38,Siliguri,West Bengal,3,734087,2023-08-31
C05585,Komal Chauhan,F,34,Jaipur,Rajasthan,2,302078,2023-02-12
C05586,Karan Chauhan,M,20,Jaipur,Rajasthan,2,302039,2024-05-29
C05587,Rani Verma,F,27,Nagpur,Maharashtra,2,440079,2024-08-08
C05588,Arjun Joshi,M,32,Raipur,Chhattisgarh,2,492007,2023-06-26
C05589,Divya Yadav,F,31,Delhi,Delhi,1,110009,2024-07-31
C05590,Lakshmi Khan,F,26,Kanpur,Uttar Pradesh,2,208008,2023-06-22
C05591,Sana Reddy,F,26,Lucknow,Uttar Pradesh,2,226049,2022-07-08
C05592,Kavya Rao,F,35,Bengaluru,Karnataka,1,560030,2023-11-15
C05593,Amit Sharma,M,29,Indore,Madhya Pradesh,2,452069,2023-05-14
C05594,Amit Ansari,F,21,Patna,Bihar,2,800025,2023-02-20
C05595,Sana Khan,F,41,Ludhiana,Punjab,2,141058,2022-05-28
C05596,Karan Das,M,30,Kanpur,Uttar Pradesh,2,208032,2024-06-29
C05597,Payal Gupta,F,23,Guwahati,Assam,2,781053,2023-08-12
C05598,Swati Iyer,F,25,Guwahati,Assam,2,781029,2022-08-10
C05599,Komal Singh,F,24,Surat,Gujarat,2,395019,2022-08-31
C05600,Deepa Devi,F,27,Varanasi,Uttar Pradesh,3,221004,2023-01-16
C05601,Fatima Saikia,F,18,Chennai,Tamil Nadu,1,600041,2024-02-14
C05602,Aisha Nair,F,45,Jaipur,Rajasthan,2,302044,2023-12-12
C05603,Nisha Kumari,F,19,Mumbai,Maharashtra,1,400010,2022-10-15
C05604,Aisha Nair,F,37,Hyderabad,Telangana,1,500069,2024-09-22
C05605,Rohit Sharma,M,30,Bilaspur,Chhattisgarh,3,495042,2024-09-05
C05606,Swati Iyer,F,19,Pune,Maharashtra,1,411005,2024-07-12
C05607,Vikram Gupta,M,28,Kanpur,Uttar Pradesh,2,208018,2022-06-29
C05608,Amit Mishra,M,28,Kolkata,West Bengal,1,700066,2022-10-26
C05609,Karan Iyer,M,20,Pune,Maharashtra,1,411084,2022-06-24
C05610,Amit Saikia,F,24,Hyderabad,Telangana,1,500031,2024-02-13
C05611,Sana Das,F,35,Chennai,Tamil Nadu,1,600012,2023-03-17
C05612,Karan Kumari,M,36,Pune,Maharashtra,1,411054,2022-04-26
C05613,Kavya Saikia,F,29,Gorakhpur,Uttar Pradesh,3,273007,2022-09-14
C05614,Ritika Gupta,F,20,Indore,Madhya Pradesh,2,452082,2022-12-05
C05615,Vikram Khan,M,29,Ujjain,Madhya Pradesh,3,456018,2024-02-27
C05616,Imran Pandey,M,20,Pune,Maharashtra,1,411017,2022-06-17
C05617,Komal Nair,F,31,Ludhiana,Punjab,2,141059,2022-11-10
C05618,Deepa Verma,F,34,Hyderabad,Telangana,1,500080,2024-04-07
C05619,Sana Singh,F,24,Ranchi,Jharkhand,2,834043,2024-02-27
C05620,Arjun Khan,M,31,Lucknow,Uttar Pradesh,2,226017,2022-06-05
C05621,Simran Sharma,F,34,Bareilly,Uttar Pradesh,3,243011,2022-05-30
C05622,Arjun Joshi,M,20,Guwahati,Assam,2,781032,2022-09-06
C05623,Nisha Nair,F,34,Dehradun,Uttarakhand,2,248095,2023-11-12
C05624,Komal Yadav,F,19,Bengaluru,Karnataka,1,560098,2023-10-13
C05625,Fatima Iyer,F,20,Ludhiana,Punjab,2,141017,2024-08-02
C05626,Lakshmi Iyer,F,29,Jaipur,Rajasthan,2,302099,2023-02-03
C05627,Sneha Mishra,F,18,Indore,Madhya Pradesh,2,452030,2024-06-02
C05628,Meena Reddy,F,44,Kolkata,West Bengal,1,700033,2023-12-29
C05629,Komal Sharma,F,26,Imphal,Manipur,3,795087,2024-09-14
C05630,Vikram Singh,M,19,Mumbai,Maharashtra,1,400061,2023-03-08
C05631,Divya Patel,F,19,Patna,Bihar,2,800031,2022-08-16
C05632,Lakshmi Patel,F,46,Pune,Maharashtra,1,411080,2024-04-22
C05633,Divya Pandey,F,29,Shillong,Meghalaya,3,793091,2023-10-13
C05634,Ruchi Yadav,F,27,Ujjain,Madhya Pradesh,3,456078,2023-05-11
C05635,Karan Rao,M,25,Jaipur,Rajasthan,2,302077,2024-01-27
C05636,Ritika Gupta,F,29,Kanpur,Uttar Pradesh,2,208011,2023-03-29
C05637,Nisha Rao,F,23,Bhopal,Madhya Pradesh,2,462068,2022-05-10
C05638,Imran Ansari,M,34,Bengaluru,Karnataka,1,560032,2023-01-22
C05639,Deepa Gupta,F,31,Indore,Madhya Pradesh,2,452047,2022-12-25
C05640,Arjun Kumari,M,18,Coimbatore,Tamil Nadu,2,641058,2022-08-22
C05641,Rohit Mishra,M,30,Kolkata,West Bengal,1,700082,2023-06-11
C05642,Kavya Joshi,F,34,Bengaluru,Karnataka,1,560058,2023-10-02
C05643,Rahul Saikia,M,19,Bhopal,Madhya Pradesh,2,462086,2024-05-19
C05644,Deepa Yadav,F,30,Bengaluru,Karnataka,1,560075,2024-08-14
C05645,Vikram Saikia,M,30,Imphal,Manipur,3,795034,2023-04-05
C05646,Vikram Devi,M,22,Chennai,Tamil Nadu,1,600039,2022-12-27
C05647,Arjun Sharma,M,25,Varanasi,Uttar Pradesh,3,221082,2024-06-20
C05648,Komal Devi,F,18,Surat,Gujarat,2,395016,2024-07-24
C05649,Ruchi Ansari,F,44,Hyderabad,Telangana,1,500088,2022-12-07
C05650,Lakshmi Nair,F,41,Mumbai,Maharashtra,1,400011,2022-12-18
C05651,Deepa Iyer,F,20,Dehradun,Uttarakhand,2,248004,2023-05-20
C05652,Kavya Joshi,F,29,Raipur,Chhattisgarh,2,492018,2022-10-15
C05653,Neha Patel,F,18,Ranchi,Jharkhand,2,834010,2022-09-08
C05654,Swati Reddy,F,28,Jaipur,Rajasthan,2,302021,2023-02-27
C05655,Payal Das,F,30,Ujjain,Madhya Pradesh,3,456049,2022-10-04
C05656,Anjali Rao,F,27,Raipur,Chhattisgarh,2,492019,2023-03-12
C05657,Ruchi Ansari,F,22,Agartala,Tripura,3,799039,2023-09-06
C05658,Fatima Ansari,F,30,Siliguri,West Bengal,3,734007,2022-07-15
C05659,Lakshmi Reddy,F,32,Jaipur,Rajasthan,2,302068,2023-04-06
C05660,Fatima Singh,F,19,Shillong,Meghalaya,3,793008,2023-06-19
C05661,Swati Nair,F,19,Delhi,Delhi,1,110093,2024-06-16
C05662,Amit Pandey,F,26,Ludhiana,Punjab,2,141060,2022-12-18
C05663,Divya Rao,F,32,Shillong,Meghalaya,3,793097,2023-09-24
C05664,Aisha Reddy,F,32,Indore,Madhya Pradesh,2,452094,2023-11-09
C05665,Fatima Ansari,F,36,Coimbatore,Tamil Nadu,2,641003,2022-06-17
C05666,Sana Saikia,F,24,Surat,Gujarat,2,395096,2022-06-10
C05667,Komal Kumari,F,24,Ujjain,Madhya Pradesh,3,456099,2024-08-18
C05668,Ritika Patel,F,24,Nagpur,Maharashtra,2,440004,2024-01-05
C05669,Priya Joshi,F,18,Kanpur,Uttar Pradesh,2,208004,2024-04-27
C05670,Shalini Mishra,F,29,Jaipur,Rajasthan,2,302026,2022-06-23
C05671,Meena Gupta,F,38,Ranchi,Jharkhand,2,834068,2024-05-12
C05672,Sneha Patel,F,29,Lucknow,Uttar Pradesh,2,226065,2024-04-17
C05673,Rohit Kumari,M,45,Mumbai,Maharashtra,1,400032,2022-04-29
C05674,Anjali Nair,F,18,Bengaluru,Karnataka,1,560069,2022-10-25
C05675,Rahul Gupta,F,29,Bhopal,Madhya Pradesh,2,462065,2024-09-10
C05676,Aisha Verma,F,28,Kolkata,West Bengal,1,700088,2022-06-06
C05677,Rohit Gupta,M,32,Dehradun,Uttarakhand,2,248014,2022-10-13
C05678,Rani Chauhan,F,32,Jaipur,Rajasthan,2,302054,2023-07-20
C05679,Rohit Gupta,M,31,Bhilwara,Rajasthan,3,311062,2024-03-09
C05680,Pooja Sharma,F,18,Gorakhpur,Uttar Pradesh,3,273051,2023-04-04
C05681,Fatima Iyer,F,48,Jaipur,Rajasthan,2,302040,2024-06-20
C05682,Imran Devi,M,31,Kolkata,West Bengal,1,700071,2023-02-27
C05683,Meena Khan,F,28,Lucknow,Uttar Pradesh,2,226059,2023-07-05
C05684,Rani Ansari,F,25,Bilaspur,Chhattisgarh,3,495088,2022-06-05
C05685,Lakshmi Kumari,F,23,Surat,Gujarat,2,395086,2022-12-05
C05686,Priya Singh,F,18,Chennai,Tamil Nadu,1,600079,2023-10-06
C05687,Karan Gupta,M,21,Ranchi,Jharkhand,2,834080,2023-01-16
C05688,Lakshmi Reddy,F,19,Ujjain,Madhya Pradesh,3,456084,2023-11-22
C05689,Divya Saikia,F,20,Patna,Bihar,2,800047,2022-12-18
C05690,Rahul Pandey,F,25,Hubballi,Karnataka,3,580030,2022-07-01
C05691,Pooja Kumari,F,18,Dehradun,Uttarakhand,2,248056,2024-03-26
C05692,Pooja Mishra,F,31,Nagpur,Maharashtra,2,440051,2024-08-08
C05693,Vikram Sharma,M,44,Ludhiana,Punjab,2,141069,2024-08-03
C05694,Swati Patel,F,24,Lucknow,Uttar Pradesh,2,226036,2022-06-19
C05695,Divya Iyer,F,34,Surat,Gujarat,2,395064,2023-07-06
C05696,Vikram Das,M,27,Kanpur,Uttar Pradesh,2,208090,2024-01-09
C05697,Ruchi Yadav,F,33,Mumbai,Maharashtra,1,400096,2023-12-09
C05698,Meena Ansari,F,24,Chennai,Tamil Nadu,1,600018,2023-08-28
C05699,Swati Ansari,F,23,Bhopal,Madhya Pradesh,2,462075,2022-05-17
C05700,Kavya Rao,F,19,Lucknow,Uttar Pradesh,2,226072,2023-11-17
C05701,Sneha Kumari,F,33,Lucknow,Uttar Pradesh,2,226027,2024-02-16
C05702,Imran Chauhan,M,32,Mumbai,Maharashtra,1,400051,2023-08-16
C05703,Neha Devi,F,26,Chennai,Tamil Nadu,1,600034,2023-06-11
C05704,Sneha Das,F,30,Indore,Madhya Pradesh,2,452067,2022-07-07
C05705,Simran Saikia,F,33,Lucknow,Uttar Pradesh,2,226048,2024-07-20
C05706,Rahul Yadav,F,27,Patna,Bihar,2,800042,2024-01-09
C05707,Lakshmi Mishra,F,18,Coimbatore,Tamil Nadu,2,641046,2022-06-30
C05708,Divya Chauhan,F,42,Shillong,Meghalaya,3,793054,2023-07-30
C05709,Meena Singh,F,25,Kolkata,West Bengal,1,700016,2024-04-01
C05710,Komal Reddy,F,27,Indore,Madhya Pradesh,2,452070,2024-04-04
C05711,Rohit Nair,M,27,Coimbatore,Tamil Nadu,2,641097,2023-03-27
C05712,Priya Patel,F,25,Nagpur,Maharashtra,2,440040,2024-06-13
C05713,Shalini Das,F,26,Patna,Bihar,2,800013,2024-06-18
C05714,Neha Verma,F,27,Coimbatore,Tamil Nadu,2,641087,2022-07-30
C05715,Lakshmi Gupta,F,34,Patna,Bihar,2,800084,2024-02-04
C05716,Fatima Das,F,18,Ujjain,Madhya Pradesh,3,456087,2024-06-22
C05717,Sneha Joshi,F,46,Delhi,Delhi,1,110014,2023-11-07
C05718,Divya Patel,F,18,Jaipur,Rajasthan,2,302076,2024-06-25
C05719,Payal Saikia,F,39,Raipur,Chhattisgarh,2,492002,2023-04-12
C05720,Komal Devi,F,23,Bengaluru,Karnataka,1,560073,2022-12-21
C05721,Neha Devi,F,30,Bengaluru,Karnataka,1,560042,2023-03-12
C05722,Rahul Saikia,F,31,Guwahati,Assam,2,781033,2023-11-07
C05723,Divya Rao,F,22,Delhi,Delhi,1,110068,2024-09-17
C05724,Ruchi Mishra,F,31,Bilaspur,Chhattisgarh,3,495006,2024-09-18
C05725,Komal Sharma,F,21,Nagpur,Maharashtra,2,440068,2022-08-07
C05726,Rahul Reddy,F,28,Nagpur,Maharashtra,2,440025,2023-06-22
C05727,Ruchi Chauhan,F,23,Nagpur,Maharashtra,2,440093,2022-11-30
C05728,Ritika Sharma,F,19,Siliguri,West Bengal,3,734070,2024-07-29
C05729,Amit Khan,F,38,Muzaffarpur,Bihar,3,842091,2023-02-05
C05730,Suresh Khan,M,26,Patna,Bihar,2,800009,2023-10-11
C05731,Rani Rao,F,18,Agartala,Tripura,3,799087,2024-05-25
C05732,Deepa Khan,F,27,Indore,Madhya Pradesh,2,452020,2022-11-23
C05733,Komal Reddy,F,23,Nagpur,Maharashtra,2,440091,2023-08-29
C05734,Lakshmi Rao,F,26,Hyderabad,Telangana,1,500079,2023-11-05
C05735,Sana Yadav,F,25,Lucknow,Uttar Pradesh,2,226031,2023-09-29
C05736,Shalini Joshi,F,22,Lucknow,Uttar Pradesh,2,226066,2022-12-06
C05737,Ritika Chauhan,F,21,Chennai,Tamil Nadu,1,600056,2024-07-10
C05738,Divya Rao,F,24,Ludhiana,Punjab,2,141003,2022-10-18
C05739,Pooja Nair,F,19,Coimbatore,Tamil Nadu,2,641087,2022-05-07
C05740,Pooja Iyer,F,28,Gorakhpur,Uttar Pradesh,3,273081,2022-11-27
C05741,Nisha Devi,F,34,Delhi,Delhi,1,110079,2022-11-03
C05742,Divya Nair,F,36,Guwahati,Assam,2,781010,2023-03-06
C05743,Karan Khan,M,28,Hubballi,Karnataka,3,580067,2023-11-28
C05744,Rani Nair,F,19,Nagpur,Maharashtra,2,440074,2022-04-26
C05745,Swati Kumari,F,18,Hyderabad,Telangana,1,500064,2022-11-29
C05746,Anjali Rao,F,18,Hyderabad,Telangana,1,500046,2023-06-22
C05747,Payal Das,F,28,Varanasi,Uttar Pradesh,3,221058,2023-11-07
C05748,Sana Yadav,F,29,Raipur,Chhattisgarh,2,492082,2023-07-28
C05749,Komal Nair,F,18,Bhopal,Madhya Pradesh,2,462001,2024-06-17
C05750,Neha Yadav,F,30,Lucknow,Uttar Pradesh,2,226020,2023-12-27
C05751,Lakshmi Das,F,19,Ranchi,Jharkhand,2,834001,2024-05-16
C05752,Rani Verma,F,32,Bhilwara,Rajasthan,3,311018,2023-11-21
C05753,Rahul Devi,M,47,Raipur,Chhattisgarh,2,492061,2022-10-27
C05754,Meena Rao,F,27,Patna,Bihar,2,800059,2023-09-02
C05755,Rahul Rao,M,32,Chennai,Tamil Nadu,1,600017,2022-11-16
C05756,Sana Singh,F,19,Nagpur,Maharashtra,2,440005,2022-09-29
C05757,Fatima Joshi,F,20,Raipur,Chhattisgarh,2,492065,2024-09-17
C05758,Rohit Verma,M,23,Gorakhpur,Uttar Pradesh,3,273025,2024-09-16
C05759,Karan Pandey,M,24,Lucknow,Uttar Pradesh,2,226056,2023-03-13
C05760,Swati Ansari,F,32,Dehradun,Uttarakhand,2,248047,2022-09-17
C05761,Swati Iyer,F,30,Lucknow,Uttar Pradesh,2,226070,2023-09-29
C05762,Suresh Nair,M,43,Bengaluru,Karnataka,1,560062,2023-04-13
C05763,Swati Ansari,F,19,Hyderabad,Telangana,1,500007,2024-08-07
C05764,Ruchi Nair,F,25,Hyderabad,Telangana,1,500031,2023-12-14
C05765,Sneha Saikia,F,34,Indore,Madhya Pradesh,2,452037,2023-12-12
C05766,Neha Das,F,28,Indore,Madhya Pradesh,2,452086,2022-08-30
C05767,Payal Verma,F,28,Jaipur,Rajasthan,2,302084,2024-06-15
C05768,Rani Kumari,F,24,Agartala,Tripura,3,799069,2022-12-11
C05769,Imran Mishra,M,23,Indore,Madhya Pradesh,2,452023,2023-02-21
C05770,Ritika Reddy,F,22,Bhopal,Madhya Pradesh,2,462037,2024-07-15
C05771,Nisha Gupta,F,18,Kanpur,Uttar Pradesh,2,208014,2022-10-02
C05772,Nisha Das,F,38,Raipur,Chhattisgarh,2,492049,2024-08-10
C05773,Priya Saikia,F,22,Gorakhpur,Uttar Pradesh,3,273057,2024-06-22
C05774,Simran Saikia,F,33,Bareilly,Uttar Pradesh,3,243033,2023-01-22
C05775,Payal Kumari,F,34,Hyderabad,Telangana,1,500069,2023-02-13
C05776,Pooja Kumari,F,20,Hyderabad,Telangana,1,500090,2023-04-11
C05777,Suresh Das,M,40,Ludhiana,Punjab,2,141068,2022-11-11
C05778,Pooja Devi,F,28,Mumbai,Maharashtra,1,400021,2022-09-19
C05779,Rani Verma,F,18,Mumbai,Maharashtra,1,400042,2024-03-17
C05780,Simran Sharma,F,33,Ludhiana,Punjab,2,141039,2024-07-30
C05781,Komal Das,F,44,Delhi,Delhi,1,110048,2023-03-31
C05782,Suresh Saikia,M,21,Guwahati,Assam,2,781082,2024-04-10
C05783,Anjali Ansari,F,32,Indore,Madhya Pradesh,2,452027,2024-06-12
C05784,Aisha Pandey,F,27,Varanasi,Uttar Pradesh,3,221014,2024-04-09
C05785,Fatima Mishra,F,23,Guwahati,Assam,2,781026,2024-04-04
C05786,Anjali Khan,F,28,Gorakhpur,Uttar Pradesh,3,273064,2024-07-14
C05787,Kavya Joshi,F,24,Bilaspur,Chhattisgarh,3,495043,2024-06-18
C05788,Sneha Chauhan,F,24,Muzaffarpur,Bihar,3,842018,2023-05-13
C05789,Neha Joshi,F,19,Raipur,Chhattisgarh,2,492017,2023-04-13
C05790,Ruchi Sharma,F,33,Guwahati,Assam,2,781050,2024-02-07
C05791,Ritika Nair,F,18,Gorakhpur,Uttar Pradesh,3,273024,2022-12-06
C05792,Suresh Patel,M,29,Bareilly,Uttar Pradesh,3,243051,2023-12-22
C05793,Kavya Saikia,F,33,Mumbai,Maharashtra,1,400005,2022-06-23
C05794,Shalini Gupta,F,25,Hyderabad,Telangana,1,500045,2022-05-11
C05795,Lakshmi Patel,F,34,Shillong,Meghalaya,3,793047,2024-08-18
C05796,Deepa Das,F,23,Pune,Maharashtra,1,411050,2024-08-10
C05797,Amit Reddy,F,33,Coimbatore,Tamil Nadu,2,641020,2022-04-17
C05798,Divya Pandey,F,25,Hyderabad,Telangana,1,500006,2022-08-11
C05799,Neha Reddy,F,18,Jaipur,Rajasthan,2,302035,2023-09-23
C05800,Rohit Ansari,M,23,Ludhiana,Punjab,2,141026,2024-01-01
C05801,Shalini Iyer,F,25,Bengaluru,Karnataka,1,560029,2023-10-25
C05802,Aisha Chauhan,F,20,Lucknow,Uttar Pradesh,2,226068,2022-08-05
C05803,Ritika Devi,F,32,Delhi,Delhi,1,110039,2023-04-08
C05804,Anjali Verma,F,29,Varanasi,Uttar Pradesh,3,221063,2022-10-04
C05805,Vikram Chauhan,M,22,Hubballi,Karnataka,3,580052,2022-12-27
C05806,Meena Sharma,F,32,Jaipur,Rajasthan,2,302048,2024-09-05
C05807,Rahul Mishra,M,30,Mumbai,Maharashtra,1,400045,2022-07-24
C05808,Sana Verma,F,28,Lucknow,Uttar Pradesh,2,226069,2023-08-22
C05809,Amit Yadav,F,23,Agartala,Tripura,3,799038,2024-03-29
C05810,Anjali Kumari,F,20,Bengaluru,Karnataka,1,560074,2024-06-16
C05811,Karan Singh,M,25,Agartala,Tripura,3,799049,2022-08-16
C05812,Deepa Gupta,F,22,Chennai,Tamil Nadu,1,600007,2022-05-29
C05813,Sneha Yadav,F,31,Delhi,Delhi,1,110087,2022-05-09
C05814,Fatima Sharma,F,22,Bilaspur,Chhattisgarh,3,495082,2023-12-12
C05815,Sneha Nair,F,22,Ujjain,Madhya Pradesh,3,456022,2023-12-12
C05816,Rahul Yadav,F,19,Chennai,Tamil Nadu,1,600002,2024-09-04
C05817,Swati Devi,F,23,Mumbai,Maharashtra,1,400034,2022-11-23
C05818,Rani Ansari,F,25,Chennai,Tamil Nadu,1,600043,2024-02-09
C05819,Ruchi Singh,F,33,Guwahati,Assam,2,781053,2024-03-27
C05820,Arjun Iyer,M,30,Kanpur,Uttar Pradesh,2,208037,2024-08-05
C05821,Sana Joshi,F,29,Muzaffarpur,Bihar,3,842028,2023-09-13
C05822,Komal Patel,F,32,Mumbai,Maharashtra,1,400006,2023-01-29
C05823,Aisha Kumari,F,33,Mumbai,Maharashtra,1,400025,2024-05-30
C05824,Payal Khan,F,33,Ranchi,Jharkhand,2,834096,2022-07-25
C05825,Sneha Das,F,33,Hyderabad,Telangana,1,500091,2023-06-28
C05826,Amit Khan,F,24,Agartala,Tripura,3,799065,2024-04-25
C05827,Sana Khan,F,23,Mumbai,Maharashtra,1,400068,2022-05-11
C05828,Pooja Patel,F,28,Chennai,Tamil Nadu,1,600023,2022-09-23
C05829,Priya Kumari,F,18,Delhi,Delhi,1,110099,2023-02-15
C05830,Anjali Singh,F,39,Agartala,Tripura,3,799010,2024-04-09
C05831,Rohit Saikia,M,39,Kolkata,West Bengal,1,700048,2023-08-31
C05832,Deepa Saikia,F,25,Indore,Madhya Pradesh,2,452090,2022-12-12
C05833,Kavya Devi,F,24,Lucknow,Uttar Pradesh,2,226083,2023-06-19
C05834,Ritika Mishra,F,25,Pune,Maharashtra,1,411027,2022-09-30
C05835,Rani Pandey,F,20,Bhopal,Madhya Pradesh,2,462094,2022-06-29
C05836,Aisha Verma,F,26,Bilaspur,Chhattisgarh,3,495044,2023-03-07
C05837,Anjali Chauhan,F,23,Patna,Bihar,2,800045,2022-06-26
C05838,Kavya Patel,F,33,Muzaffarpur,Bihar,3,842001,2023-03-09
C05839,Suresh Devi,M,34,Indore,Madhya Pradesh,2,452039,2023-08-25
C05840,Amit Pandey,F,21,Raipur,Chhattisgarh,2,492035,2023-03-21
C05841,Lakshmi Kumari,F,19,Chennai,Tamil Nadu,1,600072,2022-12-18
C05842,Deepa Yadav,F,18,Dehradun,Uttarakhand,2,248096,2024-04-08
C05843,Deepa Pandey,F,26,Lucknow,Uttar Pradesh,2,226081,2024-06-18
C05844,Anjali Pandey,F,31,Varanasi,Uttar Pradesh,3,221023,2022-12-02
C05845,Simran Iyer,F,34,Kolkata,West Bengal,1,700004,2022-07-20
C05846,Fatima Verma,F,30,Coimbatore,Tamil Nadu,2,641039,2023-05-25
C05847,Fatima Khan,F,28,Bengaluru,Karnataka,1,560098,2024-03-12
C05848,Simran Mishra,F,25,Bhilwara,Rajasthan,3,311018,2023-08-11
C05849,Aisha Das,F,24,Coimbatore,Tamil Nadu,2,641062,2024-07-21
C05850,Arjun Patel,M,19,Lucknow,Uttar Pradesh,2,226078,2024-07-27
C05851,Suresh Rao,M,18,Lucknow,Uttar Pradesh,2,226080,2022-09-08
C05852,Pooja Khan,F,29,Lucknow,Uttar Pradesh,2,226021,2022-09-07
C05853,Rani Joshi,F,32,Agartala,Tripura,3,799008,2023-07-14
C05854,Ruchi Das,F,34,Indore,Madhya Pradesh,2,452053,2022-12-29
C05855,Nisha Sharma,F,20,Ujjain,Madhya Pradesh,3,456095,2024-08-22
C05856,Neha Yadav,F,27,Guwahati,Assam,2,781068,2022-08-04
C05857,Lakshmi Das,F,36,Bengaluru,Karnataka,1,560015,2022-09-06
C05858,Rani Sharma,F,26,Bhopal,Madhya Pradesh,2,462075,2024-07-22
C05859,Amit Verma,F,24,Gorakhpur,Uttar Pradesh,3,273089,2024-07-20
C05860,Rohit Sharma,M,24,Guwahati,Assam,2,781003,2022-10-02
C05861,Fatima Gupta,F,19,Hubballi,Karnataka,3,580059,2024-08-21
C05862,Ritika Gupta,F,29,Ludhiana,Punjab,2,141048,2022-07-20
C05863,Amit Chauhan,F,28,Bengaluru,Karnataka,1,560005,2023-09-01
C05864,Nisha Pandey,F,26,Indore,Madhya Pradesh,2,452015,2024-01-04
C05865,Pooja Mishra,F,29,Bhopal,Madhya Pradesh,2,462016,2024-01-03
C05866,Karan Verma,M,20,Ranchi,Jharkhand,2,834044,2022-07-27
C05867,Neha Mishra,F,20,Chennai,Tamil Nadu,1,600091,2023-07-15
C05868,Neha Nair,F,29,Hyderabad,Telangana,1,500079,2024-03-18
C05869,Neha Iyer,F,35,Pune,Maharashtra,1,411081,2024-01-15
C05870,Rohit Mishra,M,21,Hubballi,Karnataka,3,580090,2024-08-26
C05871,Pooja Khan,F,32,Patna,Bihar,2,800019,2023-11-07
C05872,Meena Mishra,F,23,Guwahati,Assam,2,781039,2024-09-11
C05873,Anjali Devi,F,22,Nagpur,Maharashtra,2,440041,2022-08-09
C05874,Suresh Verma,M,18,Ujjain,Madhya Pradesh,3,456075,2022-09-09
C05875,Pooja Saikia,F,47,Ludhiana,Punjab,2,141091,2022-05-28
C05876,Sana Devi,F,21,Pune,Maharashtra,1,411022,2022-05-31
C05877,Rahul Singh,F,44,Ranchi,Jharkhand,2,834018,2022-11-24
C05878,Rohit Chauhan,M,27,Raipur,Chhattisgarh,2,492094,2024-07-15
C05879,Fatima Devi,F,29,Lucknow,Uttar Pradesh,2,226034,2022-12-20
C05880,Anjali Yadav,F,26,Hyderabad,Telangana,1,500083,2024-04-07
C05881,Rahul Iyer,F,30,Patna,Bihar,2,800056,2023-12-21
C05882,Rahul Mishra,M,23,Nagpur,Maharashtra,2,440073,2022-12-16
C05883,Nisha Yadav,F,24,Guwahati,Assam,2,781003,2022-09-09
C05884,Sana Chauhan,F,30,Indore,Madhya Pradesh,2,452059,2023-06-20
C05885,Priya Chauhan,F,22,Bhopal,Madhya Pradesh,2,462033,2024-08-07
C05886,Imran Gupta,M,25,Bhopal,Madhya Pradesh,2,462025,2022-09-02
C05887,Karan Saikia,M,23,Guwahati,Assam,2,781086,2024-01-21
C05888,Rahul Kumari,F,18,Varanasi,Uttar Pradesh,3,221011,2023-07-03
C05889,Imran Singh,M,30,Gorakhpur,Uttar Pradesh,3,273083,2022-05-23
C05890,Deepa Rao,F,41,Shillong,Meghalaya,3,793076,2023-07-26
C05891,Rahul Rao,M,25,Dehradun,Uttarakhand,2,248080,2024-09-04
C05892,Lakshmi Ansari,F,33,Guwahati,Assam,2,781028,2022-08-18
C05893,Simran Reddy,F,24,Jaipur,Rajasthan,2,302028,2022-06-19
C05894,Shalini Verma,F,30,Surat,Gujarat,2,395083,2023-05-15
C05895,Imran Pandey,M,18,Indore,Madhya Pradesh,2,452084,2024-08-25
C05896,Rahul Rao,M,31,Lucknow,Uttar Pradesh,2,226081,2023-01-04
C05897,Rahul Saikia,F,19,Hyderabad,Telangana,1,500045,2023-09-18
C05898,Arjun Gupta,M,27,Imphal,Manipur,3,795009,2022-05-21
C05899,Pooja Kumari,F,18,Delhi,Delhi,1,110090,2024-03-31
C05900,Rani Devi,F,42,Kanpur,Uttar Pradesh,2,208052,2024-06-29
C05901,Swati Singh,F,27,Surat,Gujarat,2,395079,2022-04-17
C05902,Swati Nair,F,25,Nagpur,Maharashtra,2,440018,2022-05-28
C05903,Fatima Saikia,F,20,Ujjain,Madhya Pradesh,3,456016,2022-08-08
C05904,Shalini Sharma,F,45,Patna,Bihar,2,800006,2023-12-21
C05905,Lakshmi Patel,F,21,Hyderabad,Telangana,1,500043,2022-06-16
C05906,Deepa Yadav,F,28,Indore,Madhya Pradesh,2,452007,2022-09-29
C05907,Suresh Verma,M,44,Nagpur,Maharashtra,2,440008,2024-02-26
C05908,Simran Joshi,F,30,Indore,Madhya Pradesh,2,452061,2023-09-21
C05909,Divya Gupta,F,25,Agartala,Tripura,3,799034,2022-11-24
C05910,Arjun Patel,M,22,Raipur,Chhattisgarh,2,492064,2024-09-30
C05911,Nisha Rao,F,18,Bhopal,Madhya Pradesh,2,462027,2023-05-16
C05912,Amit Sharma,M,22,Nagpur,Maharashtra,2,440001,2023-05-06
C05913,Neha Kumari,F,18,Delhi,Delhi,1,110074,2023-06-14
C05914,Komal Pandey,F,30,Lucknow,Uttar Pradesh,2,226052,2024-07-07
C05915,Ruchi Nair,F,19,Surat,Gujarat,2,395036,2024-02-16
C05916,Deepa Kumari,F,31,Varanasi,Uttar Pradesh,3,221083,2024-05-10
C05917,Nisha Joshi,F,21,Delhi,Delhi,1,110003,2023-10-19
C05918,Anjali Khan,F,18,Pune,Maharashtra,1,411096,2022-05-16
C05919,Simran Pandey,F,22,Hyderabad,Telangana,1,500012,2022-10-08
C05920,Komal Chauhan,F,26,Bhopal,Madhya Pradesh,2,462080,2023-02-20
C05921,Karan Nair,M,20,Muzaffarpur,Bihar,3,842069,2024-08-19
C05922,Komal Joshi,F,27,Hyderabad,Telangana,1,500039,2024-01-14
C05923,Aisha Joshi,F,41,Chennai,Tamil Nadu,1,600099,2022-12-12
C05924,Anjali Chauhan,F,28,Coimbatore,Tamil Nadu,2,641029,2022-07-28
C05925,Nisha Kumari,F,21,Guwahati,Assam,2,781068,2022-09-30
C05926,Rahul Saikia,F,23,Hyderabad,Telangana,1,500037,2023-02-02
C05927,Divya Khan,F,27,Delhi,Delhi,1,110052,2022-09-21
C05928,Pooja Khan,F,31,Hubballi,Karnataka,3,580063,2023-08-16
C05929,Suresh Verma,M,30,Guwahati,Assam,2,781055,2022-04-21
C05930,Karan Chauhan,M,27,Lucknow,Uttar Pradesh,2,226017,2022-09-10
C05931,Komal Yadav,F,24,Jaipur,Rajasthan,2,302072,2022-06-17
C05932,Anjali Das,F,28,Lucknow,Uttar Pradesh,2,226003,2022-10-27
C05933,Ruchi Patel,F,24,Chennai,Tamil Nadu,1,600096,2024-01-16
C05934,Suresh Devi,M,34,Jaipur,Rajasthan,2,302016,2024-01-12
C05935,Anjali Yadav,F,30,Kolkata,West Bengal,1,700043,2024-02-14
C05936,Aisha Gupta,F,24,Hyderabad,Telangana,1,500003,2023-05-30
C05937,Amit Devi,M,27,Bengaluru,Karnataka,1,560091,2023-04-11
C05938,Priya Gupta,F,34,Raipur,Chhattisgarh,2,492091,2022-08-10
C05939,Aisha Nair,F,20,Coimbatore,Tamil Nadu,2,641023,2023-01-20
C05940,Lakshmi Nair,F,20,Bhopal,Madhya Pradesh,2,462066,2024-03-02
C05941,Swati Singh,F,33,Hyderabad,Telangana,1,500097,2022-10-07
C05942,Rahul Joshi,M,27,Kolkata,West Bengal,1,700029,2023-04-12
C05943,Ritika Devi,F,19,Siliguri,West Bengal,3,734084,2022-10-04
C05944,Simran Joshi,F,28,Varanasi,Uttar Pradesh,3,221043,2024-10-01
C05945,Amit Mishra,F,30,Bengaluru,Karnataka,1,560092,2024-08-01
C05946,Nisha Patel,F,30,Ludhiana,Punjab,2,141009,2023-12-31
C05947,Fatima Gupta,F,47,Hyderabad,Telangana,1,500012,2022-06-04
C05948,Sana Mishra,F,20,Indore,Madhya Pradesh,2,452083,2023-12-25
C05949,Rahul Khan,F,39,Bhopal,Madhya Pradesh,2,462084,2024-01-28
C05950,Pooja Joshi,F,32,Indore,Madhya Pradesh,2,452088,2023-09-27
C05951,Anjali Kumari,F,30,Guwahati,Assam,2,781004,2024-07-12
C05952,Pooja Devi,F,18,Patna,Bihar,2,800093,2024-08-01
C05953,Sneha Mishra,F,34,Mumbai,Maharashtra,1,400026,2022-05-16
C05954,Suresh Yadav,M,25,Raipur,Chhattisgarh,2,492081,2022-06-28
C05955,Payal Kumari,F,18,Hubballi,Karnataka,3,580018,2024-02-15
C05956,Amit Das,M,24,Kolkata,West Bengal,1,700058,2023-12-27
C05957,Sneha Rao,F,23,Ludhiana,Punjab,2,141054,2022-06-16
C05958,Suresh Mishra,M,25,Lucknow,Uttar Pradesh,2,226086,2023-09-12
C05959,Nisha Pandey,F,28,Patna,Bihar,2,800087,2022-06-10
C05960,Meena Saikia,F,34,Pune,Maharashtra,1,411097,2023-02-23
C05961,Sana Pandey,F,30,Chennai,Tamil Nadu,1,600085,2023-12-01
C05962,Deepa Verma,F,26,Coimbatore,Tamil Nadu,2,641057,2024-08-28
C05963,Karan Kumari,M,24,Lucknow,Uttar Pradesh,2,226079,2022-11-24
C05964,Priya Gupta,F,46,Bhilwara,Rajasthan,3,311084,2023-06-10
C05965,Sana Khan,F,19,Jaipur,Rajasthan,2,302035,2022-05-07
C05966,Amit Yadav,F,34,Chennai,Tamil Nadu,1,600058,2024-07-29
C05967,Rahul Chauhan,F,26,Agartala,Tripura,3,799029,2024-09-06
C05968,Rahul Joshi,F,25,Delhi,Delhi,1,110071,2023-11-11
C05969,Rohit Nair,M,26,Kolkata,West Bengal,1,700069,2022-08-10
C05970,Swati Chauhan,F,19,Bengaluru,Karnataka,1,560070,2022-10-03
C05971,Fatima Khan,F,27,Indore,Madhya Pradesh,2,452057,2022-06-30
C05972,Nisha Rao,F,33,Patna,Bihar,2,800069,2024-07-06
C05973,Ruchi Khan,F,33,Lucknow,Uttar Pradesh,2,226028,2023-09-10
C05974,Vikram Chauhan,M,24,Ujjain,Madhya Pradesh,3,456009,2023-12-08
C05975,Ritika Gupta,F,21,Bengaluru,Karnataka,1,560051,2023-07-24
C05976,Neha Iyer,F,30,Indore,Madhya Pradesh,2,452080,2022-09-21
C05977,Lakshmi Iyer,F,30,Nagpur,Maharashtra,2,440023,2022-09-08
C05978,Meena Joshi,F,23,Mumbai,Maharashtra,1,400017,2024-01-12
C05979,Komal Iyer,F,32,Patna,Bihar,2,800014,2023-08-27
C05980,Fatima Chauhan,F,29,Siliguri,West Bengal,3,734059,2023-01-16
C05981,Shalini Khan,F,28,Delhi,Delhi,1,110020,2023-01-29
C05982,Rahul Devi,M,20,Bhopal,Madhya Pradesh,2,462029,2022-07-29
C05983,Fatima Yadav,F,42,Indore,Madhya Pradesh,2,452097,2024-06-25
C05984,Divya Chauhan,F,48,Hubballi,Karnataka,3,580024,2024-07-26
C05985,Imran Gupta,M,18,Nagpur,Maharashtra,2,440058,2022-06-12
C05986,Lakshmi Iyer,F,44,Bengaluru,Karnataka,1,560026,2022-06-08
C05987,Ruchi Das,F,24,Shillong,Meghalaya,3,793025,2023-08-19
C05988,Divya Sharma,F,29,Imphal,Manipur,3,795032,2024-01-27
C05989,Amit Khan,F,20,Raipur,Chhattisgarh,2,492005,2024-06-21
C05990,Suresh Joshi,M,20,Delhi,Delhi,1,110038,2023-02-16
C05991,Rani Joshi,F,25,Kanpur,Uttar Pradesh,2,208013,2022-10-13
C05992,Simran Rao,F,22,Varanasi,Uttar Pradesh,3,221048,2023-03-16
C05993,Fatima Patel,F,29,Hyderabad,Telangana,1,500050,2022-07-01
C05994,Ruchi Ansari,F,34,Bilaspur,Chhattisgarh,3,495088,2022-07-02
C05995,Swati Iyer,F,27,Bareilly,Uttar Pradesh,3,243086,2023-11-17
C05996,Amit Sharma,M,24,Ranchi,Jharkhand,2,834097,2024-05-19
C05997,Vikram Saikia,M,18,Varanasi,Uttar Pradesh,3,221049,2022-06-14
C05998,Sneha Saikia,F,22,Ranchi,Jharkhand,2,834097,2024-07-15
C05999,Arjun Joshi,M,24,Mumbai,Maharashtra,1,400083,2022-08-14
C06000,Simran Devi,F,23,Varanasi,Uttar Pradesh,3,221008,2023-02-20
