return_id,order_id,order_item_id,sku,return_date,raised_via,reason_dropdown,other_text,return_status
RT000001,O000002,OI0000002,DH-DRE-00209,2025-01-28,APP,Colour different from image,,REFUNDED
RT000002,O000009,OI0000012,DH-FRO-00381,2026-02-23,APP,Size too small,,REFUNDED
RT000003,O000011,OI0000015,DH-KUR-00121,2025-06-03,WHATSAPP,Other,ab zarurat nahi hai jaldi pickup karo,REFUNDED
RT000004,O000012,OI0000017,DH-KUR-00120,2025-05-12,WHATSAPP,Size too large,,REFUNDED
RT000005,O000017,OI0000023,DH-TRA-00595,2025-11-15,APP,Other,nahi chahiye bas 🙏,REFUNDED
RT000006,O000019,OI0000025,DH-FRO-00400,2024-10-19,APP,Colour different from image,,REFUNDED
RT000007,O000022,OI0000028,DH-DRE-00244,2026-03-10,APP,Size too large,,REFUNDED
RT000008,O000026,OI0000032,DH-DRE-00181,2025-05-15,APP,Other,ye mera order naih hai pls return,REFUNDED
RT000009,O000028,OI0000034,DH-TOP-00289,2026-01-14,WHATSAPP,Other,sir pink mangaya tha peach aaya,INSPECTED
RT000010,O000042,OI0000052,DH-KID-00426,2026-09-07,APP,Other,ab zarurat nahi hai very disappointed,REFUNDED
RT000011,O000047,OI0000057,DH-PAL-00326,2025-05-31,APP,Other,bekar exchange nahi chahiye,REFUNDED
RT000012,O000047,OI0000058,DH-KUR-00026,2025-06-03,APP,Other,"hello, stitching kharab hai, dhaage nikal rahe jaldi pickup karo",REFUNDED
RT000013,O000048,OI0000059,DH-SCH-00467,2025-03-28,APP,Quality not as expected,,REFUNDED
RT000014,O000052,OI0000063,DH-TOP-00302,2025-06-08,APP,Quality not as expected,,REFUNDED
RT000015,O000057,OI0000068,DH-KUR-00029,2026-08-10,APP,Size too small,,REFUNDED
RT000016,O000060,OI0000071,DH-DRE-00184,2024-11-30,APP,Wrong item received,,REFUNDED
RT000017,O000061,OI0000072,DH-KID-00445,2026-06-28,APP,Wrong item received,,REFUNDED
RT000018,O000064,OI0000077,DH-KUR-00015,2026-08-03,WHATSAPP,Other,issue hai pls return,INSPECTED
RT000019,O000066,OI0000079,DH-MEN-00581,2024-10-18,APP,Size too small,,REFUNDED
RT000020,O000073,OI0000086,DH-SCH-00467,2025-02-22,APP,Other,sir 😞 🙏,REFUNDED
RT000021,O000082,OI0000097,DH-MEN-00541,2025-03-02,APP,Quality not as expected,,REFUNDED
RT000022,O000086,OI0000101,DH-PAL-00321,2026-09-27,APP,Size too large,,PICKUP_SCHEDULED
RT000023,O000087,OI0000103,DH-MEN-00568,2026-09-17,APP,Colour different from image,,PICKUP_SCHEDULED
RT000024,O000089,OI0000106,DH-FRO-00419,2024-10-21,APP,Size too small,,REFUNDED
RT000025,O000092,OI0000110,DH-KUR-00035,2025-04-11,WHATSAPP,Size too small,,REFUNDED
RT000026,O000095,OI0000113,DH-FRO-00418,2025-03-30,APP,Size too small,,REFUNDED
RT000027,O000103,OI0000122,DH-DRE-00193,2026-01-05,APP,Other,"sir material not as described, ye cotton nahi lagta",REFUNDED
RT000028,O000104,OI0000124,DH-FRO-00371,2025-05-21,WHATSAPP,Colour different from image,,REFUNDED
RT000029,O000104,OI0000123,DH-SCH-00472,2025-05-23,WHATSAPP,Other,hi see through hai kapda refund chahiye,REFUNDED
RT000030,O000104,OI0000125,DH-MEN-00586,2025-05-18,APP,Wrong item received,,REFUNDED
RT000031,O000112,OI0000135,DH-MEN-00581,2024-10-08,APP,Other,bhaiya 😞 very disappointed,REFUNDED
RT000032,O000121,OI0000145,DH-FRO-00400,2024-11-22,APP,Size too small,,REFUNDED
RT000033,O000123,OI0000147,DH-SCH-00467,2026-01-13,APP,Quality not as expected,,REFUNDED
RT000034,O000129,OI0000154,DH-DRE-00184,2024-12-19,APP,Colour different from image,,REFUNDED
RT000035,O000131,OI0000156,DH-KID-00458,2025-02-04,WHATSAPP,Size too small,,REFUNDED
RT000036,O000132,OI0000157,DH-DRE-00204,2025-11-17,WHATSAPP,Wrong item received,,REFUNDED
RT000037,O000133,OI0000158,DH-KUR-00044,2025-08-24,APP,Other,bhaiya mummy ko pasand nahi aaya very disappointed,REFUNDED
RT000038,O000135,OI0000160,DH-KID-00462,2025-03-09,APP,Size too small,,REFUNDED
RT000039,O000136,OI0000162,DH-KUR-00167,2026-04-04,APP,Size too small,,PICKUP_SCHEDULED
RT000040,O000138,OI0000164,DH-KUR-00016,2025-04-11,APP,Other,pls bekar exchange nahi chahiye,REFUNDED
RT000041,O000139,OI0000165,DH-KID-00455,2025-11-09,WHATSAPP,Size too small,,REFUNDED
RT000042,O000143,OI0000170,DH-MEN-00582,2025-11-19,WHATSAPP,Other,mam rang bilkul alag hai,REFUNDED
RT000043,O000143,OI0000169,DH-KUR-00088,2025-11-19,WHATSAPP,Other,bhaiya oversized lag raha hai jabki regular fit likha tha jaldi pickup karo,REFUNDED
RT000044,O000145,OI0000172,DH-TRA-00595,2026-06-02,WHATSAPP,Size too large,,REFUNDED
RT000045,O000158,OI0000187,DH-KUR-00129,2024-12-02,APP,Other,DUSRI JAGAH SATA MIL GAYA 🙏,REFUNDED
RT000046,O000159,OI0000188,DH-FRO-00382,2025-12-22,APP,Other,acha nahi laga,REFUNDED
RT000047,O000162,OI0000191,DH-TOP-00279,2024-10-26,WHATSAPP,Other,hi colour alag hai photo se exchange nahi chahiye,REFUNDED
RT000048,O000166,OI0000195,DH-KUR-00131,2025-12-16,APP,Other,"hello, ab zarurat nahi hai refund chahiye",REFUNDED
RT000049,O000170,OI0000199,DH-MEN-00586,2025-10-08,WHATSAPP,Other,order bahut der se mila pls return,REFUNDED
RT000050,O000177,OI0000207,DH-TOP-00272,2024-10-24,APP,Size too small,,REFUNDED
RT000051,O000181,OI0000212,DH-DRE-00242,2025-12-30,APP,Other,hi size chota hai !!,REFUNDED
RT000052,O000182,OI0000214,DH-KUR-00124,2026-01-20,APP,Size too large,,REFUNDED
RT000053,O000183,OI0000215,DH-KUR-00114,2025-03-09,WHATSAPP,Other,"HI SIZE SMALL AAYA, MERA REGULAR M H EXCHANGE NAHI CHAHIYE",REFUNDED
RT000054,O000184,OI0000216,DH-TOP-00253,2025-08-13,APP,Wrong item received,,REFUNDED
RT000055,O000187,OI0000219,DH-MEN-00553,2025-05-07,APP,Other,bhaiya wrong item received,PICKUP_SCHEDULED
RT000056,O000189,OI0000221,DH-DRE-00227,2025-10-29,APP,Size too small,,REFUNDED
RT000057,O000194,OI0000228,DH-KUR-00013,2026-09-09,WHATSAPP,Colour different from image,,REFUNDED
RT000058,O000197,OI0000231,DH-DRE-00186,2026-04-03,APP,Quality not as expected,,REFUNDED
RT000059,O000198,OI0000233,DH-TOP-00261,2025-10-30,APP,Colour different from image,,REFUNDED
RT000060,O000204,OI0000241,DH-MEN-00560,2026-08-05,APP,Quality not as expected,,REFUNDED
RT000061,O000205,OI0000242,DH-DRE-00224,2025-09-24,APP,Other,"bhaiya too big, ekdum dheela jaldi pickup karo",REFUNDED
RT000062,O000209,OI0000246,DH-KID-00500,2025-01-22,WHATSAPP,Other,hi time pe nahi aaya to ab kya karu !!,REFUNDED
RT000063,O000211,OI0000248,DH-KUR-00137,2025-03-10,APP,Colour different from image,,REFUNDED
RT000064,O000215,OI0000253,DH-KUR-00177,2025-12-14,APP,Quality not as expected,,REFUNDED
RT000065,O000219,OI0000257,DH-KUR-00163,2025-10-12,APP,Other,pls packet khula tha aurk apde pe daag hai refund chahiye,REFUNDED
RT000066,O000222,OI0000260,DH-DRE-00188,2025-08-31,APP,Quality not as expected,,REFUNDED
RT000067,O000224,OI0000262,DH-KUR-00064,2026-05-06,APP,Size too large,,REFUNDED
RT000068,O000225,OI0000263,DH-DRE-00221,2026-03-02,WHATSAPP,Other,sir functiion cancel ho gaya very disappointed,REFUNDED
RT000069,O000226,OI0000264,DH-PAL-00330,2025-01-11,WHATSAPP,Other,mam dont need it anymore exchange nahi chahiye,PICKUP_SCHEDULED
RT000070,O000245,OI0000286,DH-KID-00528,2025-04-12,WHATSAPP,Other,rang bilkul alag hai,INSPECTED
RT000071,O000245,OI0000287,DH-MEN-00541,2025-04-12,WHATSAPP,Size too small,,PICKUP_SCHEDULED
RT000072,O000246,OI0000288,DH-KUR-00093,2025-09-13,APP,Size too small,,INSPECTED
RT000073,O000249,OI0000291,DH-KID-00436,2025-09-20,APP,Size too large,,REFUNDED
RT000074,O000251,OI0000293,DH-DRE-00199,2026-06-15,APP,Other,"HI BAHUT LATE AAYA, FUNCTION NIKAL GAYA VERY DISAPPOINTED",REFUNDED
RT000075,O000253,OI0000295,DH-CO--00354,2024-10-22,APP,Size too small,,REFUNDED
RT000076,O000255,OI0000297,DH-TRA-00597,2025-06-16,APP,Size too small,,REFUNDED
RT000077,O000262,OI0000304,DH-KUR-00022,2026-09-18,APP,Product damaged,,PICKUP_SCHEDULED
RT000078,O000263,OI0000307,DH-KUR-00179,2025-07-13,APP,Size too small,,INSPECTED
RT000079,O000263,OI0000306,DH-KUR-00180,2025-07-11,APP,Other,"hi stitching kharab hai, dhaaage nikal rahe",REFUNDED
RT000080,O000263,OI0000308,DH-CO--00353,2025-07-08,WHATSAPP,Size too small,,REFUNDED
RT000081,O000266,OI0000311,DH-KUR-00029,2026-09-18,WHATSAPP,Size too small,,PICKUP_SCHEDULED
RT000082,O000277,OI0000322,DH-KID-00500,2025-11-30,APP,Other,BHAIYA DELIVERY EM 12 DIN LAG GAYE EXCHANGE NAHI CHAHIYE,REFUNDED
RT000083,O000278,OI0000323,DH-KUR-00090,2025-09-17,APP,Size too small,,REFUNDED
RT000084,O000286,OI0000332,DH-KID-00534,2026-05-09,APP,Colour different from image,,INSPECTED
RT000085,O000295,OI0000344,DH-DRE-00206,2026-04-12,APP,Size too small,,REFUNDED
RT000086,O000295,OI0000343,DH-FRO-00390,2026-04-12,APP,Product damaged,,REFUNDED
RT000087,O000295,OI0000345,DH-TOP-00259,2026-04-12,APP,Other,fabric rough hai skin pe chubhta hai jaldi pickup karo,REFUNDED
RT000088,O000298,OI0000349,DH-KUR-00026,2025-07-14,WHATSAPP,Quality not as expected,,REFUNDED
RT000089,O000299,OI0000351,DH-TOP-00261,2026-04-26,APP,Size too small,,REFUNDED
RT000090,O000313,OI0000369,DH-KUR-00088,2025-07-29,APP,Other,bhaiya hole hai sleeve pe 🙏,REFUNDED
RT000091,O000318,OI0000377,DH-MEN-00560,2026-05-11,APP,Other,"hello, beti ke liye liya tha chhota pad gaya very disappointed",REFUNDED
RT000092,O000327,OI0000387,DH-PAL-00316,2026-07-09,APP,Other,...,REFUNDED
RT000093,O000335,OI0000396,DH-KID-00458,2025-10-30,WHATSAPP,Other,sir delivery me 12 din lag gaye very disappointed,REFUNDED
RT000094,O000337,OI0000398,DH-KID-00512,2026-05-18,APP,Other,SIZE CHOTA HAI 🙏,PICKUP_SCHEDULED
RT000095,O000338,OI0000399,DH-DRE-00198,2024-11-02,APP,Other,,REFUNDED
RT000096,O000341,OI0000402,DH-MEN-00554,2026-05-23,APP,Other,"hello, material not as described, ye cotton nahi lagta 🙏",PICKUP_SCHEDULED
RT000097,O000343,OI0000404,DH-KUR-00047,2025-01-18,APP,Other,delivery me 12 din lag gaye exchange nahi chahiye,INSPECTED
RT000098,O000345,OI0000406,DH-PAL-00328,2024-12-02,WHATSAPP,Other,bahut loose hai,REFUNDED
RT000099,O000346,OI0000407,DH-KUR-00004,2026-03-19,WHATSAPP,Quality not as expected,,REFUNDED
RT000100,O000347,OI0000408,DH-TRA-00595,2024-10-15,APP,Wrong item received,,PICKUP_SCHEDULED
RT000101,O000351,OI0000412,DH-DRE-00199,2026-02-07,WHATSAPP,Size too large,,REFUNDED
RT000102,O000352,OI0000413,DH-SCH-00471,2024-12-26,WHATSAPP,Colour different from image,,REFUNDED
RT000103,O000352,OI0000415,DH-KID-00528,2024-12-28,APP,Other,sir bacche ke liye bahut bada hai jaldi pickup karo,REFUNDED
RT000104,O000352,OI0000414,DH-KID-00430,2024-12-25,APP,Colour different from image,,REFUNDED
RT000105,O000356,OI0000420,DH-FRO-00409,2024-11-27,APP,Other,bahut tight h shoulders pe refund chahiye,REFUNDED
RT000106,O000359,OI0000423,DH-KID-00425,2026-03-14,APP,Other,"pls too big, ekdum dheela refund chahiye",INSPECTED
RT000107,O000362,OI0000426,DH-TOP-00307,2026-08-25,APP,Size too large,,REFUNDED
RT000108,O000372,OI0000437,DH-TOP-00300,2025-11-02,WHATSAPP,Other,pasand nahi aaya pls return,REFUNDED
RT000109,O000373,OI0000438,DH-DRE-00202,2026-01-30,WHATSAPP,Size too small,,REFUNDED
RT000110,O000378,OI0000443,DH-FRO-00402,2026-07-03,APP,Size too small,,REFUNDED
RT000111,O000385,OI0000450,DH-KID-00507,2024-11-09,APP,Other,oversized lag raha hai jabki regular fit likha tha exchange nahi chahiye,REFUNDED
RT000112,O000389,OI0000454,DH-KID-00514,2026-07-14,APP,Other,"loose fitting, mere size ka nahi lagta 🙏",INSPECTED
RT000113,O000399,OI0000465,DH-KUR-00164,2026-01-15,WHATSAPP,Quality not as expected,,PICKUP_SCHEDULED
RT000114,O000402,OI0000469,DH-TOP-00281,2025-03-18,WHATSAPP,Size too small,,REFUNDED
RT000115,O000403,OI0000470,DH-DRE-00239,2025-12-06,APP,Quality not as expected,,REFUNDED
RT000116,O000404,OI0000471,DH-KUR-00143,2025-12-06,WHATSAPP,Other,"mam material not as described, ye cotton nahi lagta",REFUNDED
RT000117,O000410,OI0000478,DH-DRE-00237,2026-07-14,APP,Size too small,,REFUNDED
RT000118,O000415,OI0000483,DH-DRE-00182,2025-11-14,APP,Other,size chota hai 🙏,REFUNDED
RT000119,O000416,OI0000484,DH-KID-00431,2025-05-10,WHATSAPP,Colour different from image,,INSPECTED
RT000120,O000419,OI0000488,DH-KID-00431,2024-10-19,APP,Other,"size M bahut tight hai, L lena padega 🙏",REFUNDED
RT000121,O000421,OI0000490,DH-KID-00441,2025-08-20,WHATSAPP,Size too small,,INSPECTED
RT000122,O000425,OI0000494,DH-KUR-00026,2024-11-24,APP,Wrong item received,,PICKUP_SCHEDULED
RT000123,O000434,OI0000507,DH-KUR-00041,2026-08-28,APP,Other,bada hai and colour bhi photo jaisa nahi,REFUNDED
RT000124,O000435,OI0000508,DH-KUR-00094,2026-02-08,APP,Other,sir bekar refund chahiye,REFUNDED
RT000125,O000436,OI0000509,DH-FRO-00419,2025-06-28,WHATSAPP,Other,smaller than usual size very disappointed,INSPECTED
RT000126,O000446,OI0000523,DH-KID-00536,2025-02-18,APP,Other,"hello, theek nai hai exchange nahi chahiye",REFUNDED
RT000127,O000450,OI0000528,DH-KUR-00129,2025-12-06,APP,Other,hi tight hai jaldi pickup karo,REFUNDED
RT000128,O000457,OI0000536,DH-TOP-00269,2025-09-26,WHATSAPP,Wrong item received,,PICKUP_SCHEDULED
RT000129,O000458,OI0000539,DH-FRO-00393,2025-08-12,APP,Wrong item received,,INSPECTED
RT000130,O000460,OI0000542,DH-KUR-00095,2026-09-01,APP,Quality not as expected,,REFUNDED
RT000131,O000469,OI0000551,DH-DRE-00209,2024-10-16,APP,Other,XL bhi tight hai kya size h ye,INSPECTED
RT000132,O000480,OI0000564,DH-KID-00425,2026-08-18,APP,Colour different from image,,PICKUP_SCHEDULED
RT000133,O000481,OI0000565,DH-PAL-00325,2026-08-14,WHATSAPP,Other,mustard bola tha ye to green yellow hai,REFUNDED
RT000134,O000484,OI0000568,DH-KID-00429,2025-10-02,APP,Size too small,,REFUNDED
RT000135,O000494,OI0000578,DH-KID-00524,2026-03-22,APP,Size too small,,INSPECTED
RT000136,O000495,OI0000579,DH-TOP-00297,2025-05-17,APP,Quality not as expected,,REFUNDED
RT000137,O000498,OI0000582,DH-FRO-00405,2026-06-25,WHATSAPP,Quality not as expected,,REFUNDED
RT000138,O000507,OI0000591,DH-SCH-00489,2024-10-24,WHATSAPP,Other,-,REFUNDED
RT000139,O000510,OI0000594,DH-KUR-00113,2026-06-16,WHATSAPP,Other,"SIZE M BAHUT TIGHT HAI, L LENA PADEGA VERY DISAPPOINTED",REFUNDED
RT000140,O000512,OI0000596,DH-KID-00454,2026-03-29,APP,Other,bhaiya theekn ahi hai exchange nahi chahiye,REFUNDED
RT000141,O000518,OI0000602,DH-KUR-00135,2025-02-23,WHATSAPP,Colour different from image,,REFUNDED
RT000142,O000527,OI0000613,DH-FRO-00386,2026-03-22,APP,Other,sir function cancel ho gaya 🙏,REFUNDED
RT000143,O000529,OI0000616,DH-TOP-00263,2025-04-28,APP,Other,return,REFUNDED
RT000144,O000530,OI0000617,DH-MEN-00587,2026-07-11,APP,Other,"hello, hole hai  sleeve pe pls return",REFUNDED
RT000145,O000534,OI0000621,DH-KID-00454,2025-02-24,WHATSAPP,Size too large,,REFUNDED
RT000146,O000536,OI0000623,DH-TRA-00593,2025-08-15,APP,Colour different from image,,REFUNDED
RT000147,O000540,OI0000627,DH-DRE-00215,2026-01-14,APP,Other,hi acha nahi laga,REFUNDED
RT000148,O000544,OI0000631,DH-TOP-00271,2026-07-01,APP,Size too small,,REFUNDED
RT000149,O000547,OI0000634,DH-TOP-00271,2026-05-29,APP,Size too small,,REFUNDED
RT000150,O000547,OI0000635,DH-DRE-00211,2026-06-01,APP,Size too small,,INSPECTED
RT000151,O000556,OI0000644,DH-KUR-00148,2026-07-02,APP,Size too large,,PICKUP_SCHEDULED
RT000152,O000557,OI0000645,DH-FRO-00381,2026-06-04,WHATSAPP,Other,sir lentgh bhi kam hai aur tight bhi pls return,REFUNDED
RT000153,O000563,OI0000652,DH-KUR-00082,2025-11-30,APP,Other,mam shoulders gir rahe hain itna loose jaldi pickup karo,REFUNDED
RT000154,O000563,OI0000651,DH-MEN-00577,2025-12-02,APP,Other,"pls gift tha, unko pasand nahi aaya pls return",REFUNDED
RT000155,O000566,OI0000655,DH-CO--00353,2025-12-16,WHATSAPP,Wrong item received,,REFUNDED
RT000156,O000574,OI0000663,DH-DRE-00213,2025-01-26,WHATSAPP,Colour different from image,,REFUNDED
RT000157,O000577,OI0000668,DH-KID-00503,2026-03-13,APP,Size too small,,REFUNDED
RT000158,O000577,OI0000667,DH-DRE-00242,2026-03-14,APP,Other,hi order bahut der se mila,REFUNDED
RT000159,O000580,OI0000671,DH-KID-00455,2026-02-11,APP,Wrong item received,,REFUNDED
RT000160,O000581,OI0000672,DH-PAL-00329,2025-04-18,WHATSAPP,Other,mam dusri ajgah sasta mil gaya,REFUNDED
RT000161,O000583,OI0000674,DH-SCH-00479,2025-10-23,WHATSAPP,Size too large,,REFUNDED
RT000162,O000585,OI0000676,DH-DRE-00204,2026-01-14,APP,Size too small,,REFUNDED
RT000163,O000586,OI0000677,DH-FRO-00419,2025-01-20,APP,Size too small,,REFUNDED
RT000164,O000588,OI0000679,DH-KID-00536,2026-02-12,APP,Other,bhaiya size chart se bada nikla exchange nahi chahiye,REFUNDED
RT000165,O000592,OI0000683,DH-KID-00429,2025-12-17,APP,Other,bahut tight h shoulders pe,REFUNDED
RT000166,O000594,OI0000685,DH-SCH-00469,2026-02-25,APP,Other,"fabric achha nahi, fitting bhi tight",REFUNDED
RT000167,O000597,OI0000691,DH-KID-00513,2025-01-28,APP,Product damaged,,INSPECTED
RT000168,O000598,OI0000692,DH-KUR-00137,2024-10-26,APP,Colour different from image,,PICKUP_SCHEDULED
RT000169,O000600,OI0000694,DH-FRO-00382,2025-07-31,APP,Product damaged,,REFUNDED
RT000170,O000601,OI0000695,DH-MEN-00548,2026-09-07,WHATSAPP,Colour different from image,,REFUNDED
RT000171,O000604,OI0000699,DH-KUR-00124,2025-09-30,APP,Other,mummy ko pasand nahi aaya refund chahiye,REFUNDED
RT000172,O000608,OI0000705,DH-FRO-00405,2025-11-01,APP,Other,"hi bahut late aaya, function nikal gaya",REFUNDED
RT000173,O000611,OI0000709,DH-SCH-00490,2025-12-03,APP,Product damaged,,REFUNDED
RT000174,O000624,OI0000722,DH-FRO-00401,2025-10-14,WHATSAPP,Size too small,,REFUNDED
RT000175,O000625,OI0000724,DH-DRE-00190,2026-05-04,APP,Quality not as expected,,REFUNDED
RT000176,O000632,OI0000732,DH-CO--00346,2026-03-17,APP,Other,bekar refund chahiye,REFUNDED
RT000177,O000633,OI0000733,DH-TOP-00302,2025-09-24,APP,Other,hi time pe nahi aaya to ab kya karu exchange nahi chahiye,REFUNDED
RT000178,O000634,OI0000734,DH-TRA-00597,2025-06-19,WHATSAPP,Other,"pls material not as described, ye cotton nahi lagta jaldi pickup karo",REFUNDED
RT000179,O000636,OI0000736,DH-MEN-00554,2026-08-27,APP,Other,pls same as before 🙏,REFUNDED
RT000180,O000640,OI0000741,DH-MEN-00577,2026-07-16,APP,Other,accidentally order ho gaya !!,REFUNDED
RT000181,O000644,OI0000746,DH-KID-00513,2025-06-21,APP,Other,mam अच्छा नहीं लगा very disappointed,REFUNDED
RT000182,O000645,OI0000747,DH-DRE-00246,2026-01-08,APP,Colour different from image,,REFUNDED
RT000183,O000654,OI0000757,DH-DRE-00250,2025-02-28,APP,Colour different from image,,REFUNDED
RT000184,O000657,OI0000763,DH-CO--00348,2025-10-29,APP,Product damaged,,PICKUP_SCHEDULED
RT000185,O000661,OI0000767,DH-TRA-00590,2026-01-21,WHATSAPP,Other,"size M bahut tight hai, L lena padega refund chahiye",REFUNDED
RT000186,O000665,OI0000771,DH-KUR-00109,2026-03-04,APP,Quality not as expected,,INSPECTED
RT000187,O000672,OI0000778,DH-KUR-00086,2025-10-28,WHATSAPP,Size too small,,REFUNDED
RT000188,O000675,OI0000782,DH-SCH-00471,2024-11-01,APP,Other,PLS SEE THROUGH HAI KAPDA,REFUNDED
RT000189,O000677,OI0000786,DH-KUR-00010,2026-05-05,WHATSAPP,Other,bhaiya bacche ke liye bahut bada hai jaldi pickup karo,REFUNDED
RT000190,O000679,OI0000789,DH-KUR-00062,2026-02-27,APP,Other,hi too loose at waist !!,REFUNDED
RT000191,O000681,OI0000791,DH-TOP-00261,2026-07-05,WHATSAPP,Product damaged,,REFUNDED
RT000192,O000682,OI0000792,DH-TOP-00282,2025-10-08,APP,Size too small,,REFUNDED
RT000193,O000690,OI0000802,DH-FRO-00416,2025-10-29,WHATSAPP,Size too small,,REFUNDED
RT000194,O000691,OI0000804,DH-KUR-00035,2025-01-25,APP,Other,XL bhi ttight hai kya size h ye pls return,REFUNDED
RT000195,O000693,OI0000807,DH-PAL-00319,2026-06-04,WHATSAPP,Other,mam time pe nahi aaya to ab kya karu,INSPECTED
RT000196,O000696,OI0000811,DH-KID-00429,2026-09-22,APP,Other,mind change ho gaya !!,PICKUP_SCHEDULED
RT000197,O000697,OI0000812,DH-KID-00528,2025-04-11,APP,Quality not as expected,,REFUNDED
RT000198,O000697,OI0000813,DH-KUR-00121,2025-04-12,APP,Quality not as expected,,REFUNDED
RT000199,O000700,OI0000818,DH-MEN-00549,2025-10-20,APP,Product damaged,,REFUNDED
RT000200,O000704,OI0000823,DH-FRO-00364,2026-02-20,APP,Other,colour alag hai aur quality bhi average,REFUNDED
RT000201,O000707,OI0000826,DH-KUR-00121,2025-04-28,APP,Size too small,,REFUNDED
RT000202,O000708,OI0000827,DH-TOP-00262,2025-01-09,APP,Wrong item received,,REFUNDED
RT000203,O000713,OI0000833,DH-KUR-00047,2025-12-07,APP,Other,colour alag hai aur quality bhi average,REFUNDED
RT000204,O000715,OI0000835,DH-SCH-00467,2025-10-09,APP,Other,thee nahi hai very disappointed,REFUNDED
RT000205,O000725,OI0000848,DH-MEN-00582,2025-06-06,WHATSAPP,Size too large,,INSPECTED
RT000206,O000726,OI0000849,DH-DRE-00249,2025-11-19,WHATSAPP,Other,late aaya aur packet bhi phata hua,INSPECTED
RT000207,O000729,OI0000852,DH-TRA-00593,2026-02-02,APP,Other,,REFUNDED
RT000208,O000738,OI0000862,DH-TOP-00312,2025-11-08,WHATSAPP,Other,bada hai and colour bhi photo jaisa nahi,REFUNDED
RT000209,O000744,OI0000869,DH-FRO-00380,2026-05-24,APP,Other, ,REFUNDED
RT000210,O000747,OI0000873,DH-FRO-00400,2026-03-07,APP,Size too large,,INSPECTED
RT000211,O000748,OI0000874,DH-KID-00428,2025-01-18,WHATSAPP,Size too large,,REFUNDED
RT000212,O000750,OI0000877,DH-KUR-00152,2025-12-16,WHATSAPP,Other,"hello, smaller than usual size refund chahiye",REFUNDED
RT000213,O000757,OI0000886,DH-DRE-00216,2025-12-28,WHATSAPP,Other,bhaiya button toota hua tha !!,REFUNDED
RT000214,O000760,OI0000889,DH-KUR-00166,2026-05-13,APP,Size too small,,REFUNDED
RT000215,O000768,OI0000899,DH-FRO-00393,2025-02-11,APP,Other,pehli dhulai me shrink ho gaya very disappointed,REFUNDED
RT000216,O000771,OI0000902,DH-KUR-00113,2025-09-01,WHATSAPP,Other,bhaiya theek nahi hai exchange nahi chahiye,REFUNDED
RT000217,O000774,OI0000906,DH-TRA-00593,2025-04-20,APP,Other,sir ... very disappointed,REFUNDED
RT000218,O000778,OI0000911,DH-KUR-00116,2026-03-23,APP,Size too small,,REFUNDED
RT000219,O000779,OI0000912,DH-PAL-00329,2025-09-19,WHATSAPP,Quality not as expected,,REFUNDED
RT000220,O000785,OI0000920,DH-FRO-00389,2026-06-23,APP,Other,"HELLO, NO !!",REFUNDED
RT000221,O000790,OI0000926,DH-KUR-00157,2025-08-17,APP,Size too large,,REFUNDED
RT000222,O000791,OI0000927,DH-FRO-00407,2026-06-15,APP,Other, ,REFUNDED
RT000223,O000792,OI0000928,DH-CO--00355,2025-05-22,APP,Quality not as expected,,REFUNDED
RT000224,O000798,OI0000935,DH-FRO-00370,2024-12-16,APP,Size too large,,REFUNDED
RT000225,O000799,OI0000936,DH-FRO-00393,2025-10-03,APP,Other,"too small ,chest pe fit nahi hua",REFUNDED
RT000226,O000804,OI0000941,DH-KUR-00132,2026-05-24,APP,Product damaged,,REFUNDED
RT000227,O000808,OI0000946,DH-MEN-00586,2025-01-24,WHATSAPP,Other,"sir late delivery, mehndi ke baad aaya",REFUNDED
RT000228,O000816,OI0000956,DH-KUR-00133,2025-12-20,WHATSAPP,Other,nahi chahye bas,REFUNDED
RT000229,O000817,OI0000957,DH-MEN-00582,2024-11-01,APP,Other,"PLS BAHUT LATE AAYA, FNUCTION NIKAL GAYA EXCHANGE NAHI CHAHIYE",REFUNDED
RT000230,O000826,OI0000967,DH-TOP-00254,2026-06-27,APP,Other,pls ab zarurat nahih ai exchange nahi chahiye,INSPECTED
RT000231,O000831,OI0000973,DH-PAL-00340,2025-02-02,WHATSAPP,Size too small,,REFUNDED
RT000232,O000835,OI0000977,DH-KID-00458,2026-02-20,WHATSAPP,Other,wrong item received very disappointed,REFUNDED
RT000233,O000837,OI0000980,DH-TRA-00595,2025-06-29,APP,Size too small,,INSPECTED
RT000234,O000837,OI0000979,DH-DRE-00181,2025-06-29,WHATSAPP,Size too large,,REFUNDED
RT000235,O000838,OI0000981,DH-KUR-00125,2024-10-23,WHATSAPP,Other,"late delivery, mehndi ke baad aaya",REFUNDED
RT000236,O000841,OI0000984,DH-KUR-00123,2025-11-06,APP,Quality not as expected,,REFUNDED
RT000237,O000848,OI0000993,DH-DRE-00210,2026-09-01,APP,Other,"hello, delivery me 12 din lag gaye 🙏",REFUNDED
RT000238,O000849,OI0000994,DH-TOP-00312,2025-10-02,APP,Quality not as expected,,REFUNDED
RT000239,O000851,OI0000997,DH-DRE-00188,2026-04-29,APP,Size too small,,REFUNDED
RT000240,O000853,OI0000999,DH-FRO-00405,2026-03-01,APP,Colour different from image,,REFUNDED
RT000241,O000858,OI0001004,DH-PAL-00332,2025-11-17,APP,Other,return,REFUNDED
RT000242,O000860,OI0001006,DH-TOP-00297,2025-02-08,APP,Quality not as expected,,REFUNDED
RT000243,O000864,OI0001010,DH-KUR-00146,2026-01-01,WHATSAPP,Other,bhaiya dont need it anymore jaldi pickup karo,REFUNDED
RT000244,O000867,OI0001013,DH-KID-00536,2026-06-10,APP,Wrong item received,,REFUNDED
RT000245,O000868,OI0001014,DH-SCH-00490,2026-09-22,APP,Colour different from image,,PICKUP_SCHEDULED
RT000246,O000870,OI0001016,DH-KID-00537,2025-06-05,APP,Other,pls very thin cloth,REFUNDED
RT000247,O000871,OI0001017,DH-KUR-00086,2025-07-08,APP,Size too small,,REFUNDED
RT000248,O000872,OI0001018,DH-SCH-00492,2026-02-16,APP,Size too large,,REFUNDED
RT000249,O000874,OI0001020,DH-KUR-00095,2026-04-21,WHATSAPP,Size too small,,REFUNDED
RT000250,O000875,OI0001021,DH-DRE-00220,2025-09-16,APP,Quality not as expected,,REFUNDED
RT000251,O000877,OI0001023,DH-KUR-00137,2025-05-27,WHATSAPP,Wrong item received,,REFUNDED
RT000252,O000878,OI0001024,DH-TOP-00272,2025-08-26,WHATSAPP,Colour different from image,,REFUNDED
RT000253,O000880,OI0001026,DH-MEN-00560,2026-04-30,WHATSAPP,Size too small,,REFUNDED
RT000254,O000902,OI0001050,DH-KUR-00008,2024-10-16,APP,Size too small,,REFUNDED
RT000255,O000902,OI0001051,DH-TRA-00597,2024-10-14,APP,Quality not as expected,,REFUNDED
RT000256,O000907,OI0001057,DH-KUR-00146,2025-11-27,APP,Colour different from image,,PICKUP_SCHEDULED
RT000257,O000910,OI0001060,DH-KID-00458,2025-02-10,APP,Colour different from image,,REFUNDED
RT000258,O000913,OI0001063,DH-DRE-00225,2026-08-06,APP,Other,"hello, stitching kharab hai, dhaage nikal rahe jaldi pickup karo",INSPECTED
RT000259,O000914,OI0001064,DH-MEN-00581,2025-10-28,WHATSAPP,Wrong item received,,REFUNDED
RT000260,O000919,OI0001069,DH-FRO-00390,2025-02-12,APP,Other, ,REFUNDED
RT000261,O000923,OI0001073,DH-DRE-00234,2025-01-16,APP,Quality not as expected,,REFUNDED
RT000262,O000925,OI0001076,DH-KUR-00105,2025-02-24,APP,Other,"sir size M bahut tight hai, L lena padega refund chahiye",REFUNDED
RT000263,O000927,OI0001078,DH-TRA-00597,2025-01-27,APP,Other,"bhaiya bahut late aaya, function nika lgaya refund chahiye",REFUNDED
RT000264,O000930,OI0001082,DH-KUR-00116,2026-09-02,APP,Colour different from image,,PICKUP_SCHEDULED
RT000265,O000931,OI0001083,DH-SCH-00467,2025-06-27,APP,Other,"SIR STITCHING KHARAB HAI, DHAAGE NIKAL RAHE PLS RETURN",PICKUP_SCHEDULED
RT000266,O000933,OI0001085,DH-DRE-00193,2026-06-07,APP,Size too small,,REFUNDED
RT000267,O000943,OI0001095,DH-SCH-00467,2025-03-01,WHATSAPP,Other,colour alag hai aur quality bhi average,REFUNDED
RT000268,O000946,OI0001098,DH-KID-00518,2025-02-10,APP,Other,AB ZARURAT NAHI HAI JALDI PICKUP KARO,REFUNDED
RT000269,O000948,OI0001101,DH-MEN-00582,2025-06-25,APP,Size too small,,REFUNDED
RT000270,O000949,OI0001102,DH-DRE-00217,2025-11-30,WHATSAPP,Colour different from image,,REFUNDED
RT000271,O000952,OI0001106,DH-KUR-00133,2025-03-05,APP,Other,"hello, bahut late aaya, function nikal gaya exchange nahi chahiye",REFUNDED
RT000272,O000954,OI0001109,DH-SCH-00474,2026-02-15,APP,Other,"CHHOTA AA GAYA, SIZE CHART GALAT HAI REFUND CHAHIYE",REFUNDED
RT000273,O000960,OI0001115,DH-KID-00453,2025-10-13,APP,Size too small,,REFUNDED
RT000274,O000961,OI0001116,DH-KUR-00127,2026-09-24,APP,Quality not as expected,,PICKUP_SCHEDULED
RT000275,O000962,OI0001117,DH-SCH-00474,2026-04-01,APP,Other,hi oversized lag raha hai jabki regular fit likha tha !!,INSPECTED
RT000276,O000963,OI0001118,DH-MEN-00566,2025-03-05,APP,Quality not as expected,,REFUNDED
RT000277,O000964,OI0001119,DH-CO--00355,2025-04-30,WHATSAPP,Size too small,,REFUNDED
RT000278,O000965,OI0001120,DH-KUR-00124,2024-12-18,WHATSAPP,Other,mam no pls return,REFUNDED
RT000279,O000966,OI0001121,DH-MEN-00586,2025-05-13,APP,Product damaged,,REFUNDED
RT000280,O000971,OI0001126,DH-SCH-00497,2025-11-30,WHATSAPP,Other,hi order baahut der se mila,INSPECTED
RT000281,O000973,OI0001128,DH-DRE-00187,2026-09-15,APP,Other,"hello, order bahut der se mila",REFUNDED
RT000282,O000980,OI0001138,DH-CO--00355,2026-01-22,APP,Other,"gift tha, unko pasand nahi aaya very disappointed",REFUNDED
RT000283,O000984,OI0001142,DH-FRO-00371,2025-05-18,WHATSAPP,Size too large,,REFUNDED
RT000284,O000986,OI0001144,DH-KID-00539,2026-05-29,APP,Other,mam ok very disappointed,REFUNDED
RT000285,O000987,OI0001145,DH-FRO-00375,2025-03-26,APP,Colour different from image,,REFUNDED
RT000286,O000989,OI0001147,DH-FRO-00390,2026-09-13,APP,Other,"hello, delivery me 12 di nlag gaye refund chahiye",REFUNDED
RT000287,O000995,OI0001153,DH-KUR-00088,2026-04-03,APP,Quality not as expected,,REFUNDED
RT000288,O000999,OI0001158,DH-FRO-00400,2025-03-30,WHATSAPP,Other,"hello, bacche ke liy bahut bada hai very disappointed",REFUNDED
RT000289,O001001,OI0001160,DH-KID-00500,2025-03-11,APP,Other,.,REFUNDED
RT000290,O001009,OI0001168,DH-DRE-00202,2025-02-13,APP,Size too small,,REFUNDED
RT000291,O001012,OI0001171,DH-KUR-00032,2026-03-11,APP,Other,bhaiya length bi kam hai aur tight bhi exchange nahi chahiye,REFUNDED
RT000292,O001014,OI0001174,DH-TRA-00600,2025-03-25,APP,Other,dont need it  anymore,REFUNDED
RT000293,O001015,OI0001175,DH-CO--00351,2026-07-05,WHATSAPP,Colour different from image,,INSPECTED
RT000294,O001017,OI0001180,DH-TOP-00265,2025-05-31,APP,Other,fabirc rough hai skin pe chubhta hai refund chahiye,INSPECTED
RT000295,O001018,OI0001181,DH-FRO-00408,2026-08-01,APP,Other,bada hai and colour bhi photo jaisa nahi,INSPECTED
RT000296,O001019,OI0001182,DH-KUR-00180,2024-11-13,APP,Other,pls sleeves tight hai arms me !!,REFUNDED
RT000297,O001021,OI0001184,DH-KUR-00161,2026-06-25,WHATSAPP,Other,mam nahi chahiye bas pls return,REFUNDED
RT000298,O001024,OI0001187,DH-FRO-00384,2025-02-24,APP,Other,hi silai khuli hui thiaate hi pls return,PICKUP_SCHEDULED
RT000299,O001028,OI0001193,DH-KUR-00029,2025-11-20,APP,Other,dusri jagah sasta mil gaya pls return,REFUNDED
RT000300,O001029,OI0001195,DH-MEN-00581,2024-11-01,APP,Other,time pe nahi aaya to ab kya karu pls return,REFUNDED
RT000301,O001030,OI0001196,DH-SCH-00488,2026-03-10,WHATSAPP,Colour different from image,,REFUNDED
RT000302,O001032,OI0001198,DH-SCH-00476,2026-07-20,APP,Size too large,,REFUNDED
RT000303,O001043,OI0001211,DH-KUR-00022,2026-06-09,WHATSAPP,Other,"HELLO, TOO BIG, EKDUM DHEELA 🙏",REFUNDED
RT000304,O001045,OI0001213,DH-DRE-00192,2025-06-19,APP,Other,sir functino cancel ho gaya refund chahiye,REFUNDED
RT000305,O001049,OI0001217,DH-TOP-00272,2024-11-11,APP,Other,"fabric achha nahi, fitting bhi tight",INSPECTED
RT000306,O001053,OI0001221,DH-TOP-00286,2026-09-13,APP,Other,hi accidentally order ho gaya pls return,REFUNDED
RT000307,O001065,OI0001233,DH-DRE-00204,2024-11-22,WHATSAPP,Other,"hello, ye mera order nahi hai 🙏",REFUNDED
RT000308,O001067,OI0001236,DH-TOP-00295,2026-01-02,APP,Other,bhaiya mummy ko pasand nahi aaya pls return,INSPECTED
RT000309,O001069,OI0001238,DH-KID-00510,2026-03-21,WHATSAPP,Other,"pls loose fitting, mere size ka nhai lagta !!",REFUNDED
RT000310,O001073,OI0001244,DH-TOP-00272,2026-03-14,APP,Other, ,REFUNDED
RT000311,O001078,OI0001249,DH-DRE-00198,2026-07-29,APP,Other,"hello, achanahi laga jaldi pickup karo",INSPECTED
RT000312,O001081,OI0001253,DH-KUR-00022,2026-09-24,APP,Size too large,,PICKUP_SCHEDULED
RT000313,O001082,OI0001254,DH-KID-00458,2025-05-30,APP,Size too small,,REFUNDED
RT000314,O001090,OI0001262,DH-KUR-00078,2025-11-21,APP,Other,"hi bahut late aaya, function ikal gaya",REFUNDED
RT000315,O001091,OI0001263,DH-KUR-00137,2026-03-01,APP,Other,rang halka hai bahut,REFUNDED
RT000316,O001092,OI0001264,DH-FRO-00370,2024-10-20,APP,Other,hi size se chota h exchange nahi chahiye,REFUNDED
RT000317,O001105,OI0001281,DH-TOP-00301,2025-11-19,WHATSAPP,Other,sir dusr ijagah sasta mil gaya,REFUNDED
RT000318,O001108,OI0001284,DH-KUR-00046,2026-08-10,APP,Other,na,REFUNDED
RT000319,O001109,OI0001285,DH-TOP-00310,2026-08-24,APP,Colour different from image,,REFUNDED
RT000320,O001111,OI0001288,DH-KUR-00078,2025-07-26,WHATSAPP,Other,hi length bahut zyada hai refund chahiye,PICKUP_SCHEDULED
RT000321,O001111,OI0001287,DH-TOP-00265,2025-07-24,APP,Other,bhaiya साजइ़ छोटा है very disappointed,REFUNDED
RT000322,O001112,OI0001289,DH-TOP-00304,2025-08-08,APP,Quality not as expected,,REFUNDED
RT000323,O001114,OI0001291,DH-KUR-00050,2024-11-10,WHATSAPP,Other,pls ...,REFUNDED
RT000324,O001116,OI0001293,DH-DRE-00193,2025-12-14,APP,Other,"mam gift tha, unko pasand nahi aaya !!",REFUNDED
RT000325,O001119,OI0001297,DH-TOP-00262,2025-10-09,APP,Other,bhaiya ye  wala shade nahi tha website pe 🙏,INSPECTED
RT000326,O001127,OI0001305,DH-FRO-00386,2025-12-22,APP,Other,"fabric achha nahi, fitting bhi tight",REFUNDED
RT000327,O001135,OI0001316,DH-SCH-00468,2024-11-19,APP,Size too small,,REFUNDED
RT000328,O001136,OI0001317,DH-DRE-00206,2025-08-10,APP,Other,late aaya aur packet bhi phata hua,PICKUP_SCHEDULED
RT000329,O001139,OI0001320,DH-KUR-00016,2024-10-28,APP,Size too small,,REFUNDED
RT000330,O001148,OI0001332,DH-DRE-00184,2024-12-07,APP,Product damaged,,REFUNDED
RT000331,O001149,OI0001333,DH-KID-00504,2025-12-27,APP,Other,sir function cancel ho gaa refund chahiye,REFUNDED
RT000332,O001153,OI0001337,DH-KUR-00166,2026-08-19,APP,Other,pls pasand nahi aaya,REFUNDED
RT000333,O001155,OI0001339,DH-MEN-00560,2026-02-11,APP,Quality not as expected,,REFUNDED
RT000334,O001158,OI0001343,DH-KUR-00006,2026-04-10,APP,Size too large,,REFUNDED
RT000335,O001160,OI0001345,DH-DRE-00223,2025-12-07,APP,Other,bhaiya ...,REFUNDED
RT000336,O001161,OI0001346,DH-KUR-00180,2024-11-14,APP,Size too large,,REFUNDED
RT000337,O001175,OI0001361,DH-KUR-00114,2024-10-11,APP,Other,pls theke nahi hai,REFUNDED
RT000338,O001177,OI0001363,DH-TOP-00301,2025-08-08,WHATSAPP,Other,colour alag hai aur quality bhi average,REFUNDED
RT000339,O001178,OI0001364,DH-DRE-00193,2026-08-09,APP,Other,"Size small aaya, mera regular M h",REFUNDED
RT000340,O001179,OI0001365,DH-KID-00539,2026-06-01,APP,Product damaged,,INSPECTED
RT000341,O001180,OI0001366,DH-KID-00436,2025-10-03,APP,Quality not as expected,,REFUNDED
RT000342,O001183,OI0001369,DH-CO--00354,2025-03-01,APP,Product damaged,,REFUNDED
RT000343,O001184,OI0001370,DH-KUR-00022,2026-01-11,APP,Other,bhaiya ok,REFUNDED
RT000344,O001191,OI0001377,DH-SCH-00495,2026-06-06,APP,Quality not as expected,,REFUNDED
RT000345,O001197,OI0001385,DH-TOP-00312,2026-09-26,APP,Quality not as expected,,PICKUP_SCHEDULED
RT000346,O001203,OI0001392,DH-PAL-00321,2026-07-16,APP,Quality not as expected,,REFUNDED
RT000347,O001204,OI0001393,DH-MEN-00559,2026-01-06,WHATSAPP,Wrong item received,,INSPECTED
RT000348,O001213,OI0001403,DH-MEN-00549,2026-07-20,APP,Other,dont need it anymore !!,REFUNDED
RT000349,O001215,OI0001405,DH-KID-00507,2025-01-25,APP,Other,colour alag hai aur quality bhi average,PICKUP_SCHEDULED
RT000350,O001218,OI0001408,DH-FRO-00416,2025-08-29,APP,Other,"KURTI BAHUT FIT HAI, BREATHE NAHI KAR PA RAHI JALDI PICKUP KARO",REFUNDED
RT000351,O001221,OI0001411,DH-KUR-00153,2025-03-08,APP,Colour different from image,,INSPECTED
RT000352,O001229,OI0001421,DH-CO--00355,2025-08-24,APP,Colour different from image,,REFUNDED
RT000353,O001230,OI0001423,DH-KUR-00100,2024-12-21,APP,Size too large,,REFUNDED
RT000354,O001236,OI0001429,DH-DRE-00247,2026-05-09,APP,Other,sir XLb hi tight hai kya size h ye exchange nahi chahiye,REFUNDED
RT000355,O001239,OI0001432,DH-FRO-00390,2025-09-20,APP,Quality not as expected,,REFUNDED
RT000356,O001243,OI0001436,DH-CO--00358,2026-06-22,WHATSAPP,Size too large,,REFUNDED
RT000357,O001246,OI0001439,DH-FRO-00375,2025-02-04,APP,Size too small,,REFUNDED
RT000358,O001247,OI0001441,DH-DRE-00213,2025-12-13,APP,Size too small,,REFUNDED
RT000359,O001250,OI0001444,DH-MEN-00585,2025-11-10,APP,Other,bhaiya doosra colour bhej diya !!,REFUNDED
RT000360,O001255,OI0001450,DH-KUR-00047,2025-04-24,APP,Quality not as expected,,PICKUP_SCHEDULED
RT000361,O001278,OI0001480,DH-TOP-00277,2026-02-24,APP,Colour different from image,,REFUNDED
RT000362,O001280,OI0001482,DH-KID-00534,2026-08-03,WHATSAPP,Other,"fabric achha nahi, fitting bhi tight",REFUNDED
RT000363,O001284,OI0001486,DH-FRO-00404,2025-06-07,APP,Other,"late delivery, mehndi ke baad aaya",REFUNDED
RT000364,O001285,OI0001487,DH-DRE-00184,2025-06-13,APP,Colour different from image,,INSPECTED
RT000365,O001291,OI0001493,DH-KUR-00114,2025-06-03,WHATSAPP,Other,late aaya aur packet bhi phata hua,REFUNDED
RT000366,O001294,OI0001496,DH-SCH-00497,2025-04-07,APP,Other,very thin cloth jaldi pickup karo,REFUNDED
RT000367,O001297,OI0001499,DH-CO--00349,2026-04-17,APP,Other,pls length bahut zyada hai refund chahiye,REFUNDED
RT000368,O001298,OI0001500,DH-DRE-00203,2025-01-08,APP,Size too large,,REFUNDED
RT000369,O001301,OI0001503,DH-TRA-00591,2025-12-11,APP,Size too small,,INSPECTED
RT000370,O001301,OI0001504,DH-PAL-00329,2025-12-10,APP,Quality not as expected,,REFUNDED
RT000371,O001302,OI0001505,DH-SCH-00488,2024-11-01,APP,Other,length bahut zyada hia,REFUNDED
RT000372,O001307,OI0001510,DH-KID-00444,2025-10-22,APP,Other,"hello, ekw ash me rang chala gaya",REFUNDED
RT000373,O001320,OI0001526,DH-KUR-00149,2024-11-18,APP,Wrong item received,,REFUNDED
RT000374,O001321,OI0001527,DH-DRE-00210,2026-02-23,APP,Other,image me bright tha real me dull hai refund chahiye,REFUNDED
RT000375,O001322,OI0001528,DH-KID-00427,2026-08-02,APP,Size too large,,REFUNDED
RT000376,O001323,OI0001529,DH-DRE-00181,2026-02-07,APP,Other,mam pls return refund chahiye,PICKUP_SCHEDULED
RT000377,O001327,OI0001534,DH-SCH-00465,2025-04-15,APP,Other,"hello, bacche ke liye bahut bada hai",REFUNDED
RT000378,O001332,OI0001540,DH-KUR-00086,2025-01-27,WHATSAPP,Other,pls return,INSPECTED
RT000379,O001333,OI0001541,DH-KUR-00088,2026-06-26,APP,Size too large,,REFUNDED
RT000380,O001339,OI0001547,DH-KUR-00137,2025-02-20,WHATSAPP,Other,BHAIYA THEEK NAHI HAI PLS RETURN,REFUNDED
RT000381,O001341,OI0001549,DH-MEN-00581,2024-12-17,APP,Size too large,,INSPECTED
RT000382,O001348,OI0001557,DH-KID-00428,2025-09-30,APP,Other,hi not good pls return,REFUNDED
RT000383,O001349,OI0001558,DH-KUR-00022,2025-09-08,APP,Other,different designa aya !!,REFUNDED
RT000384,O001352,OI0001561,DH-KUR-00068,2025-12-05,APP,Product damaged,,REFUNDED
RT000385,O001355,OI0001564,DH-TOP-00300,2025-11-18,APP,Other,"hello, mustard bola tha ye to geren yellow hai !!",PICKUP_SCHEDULED
RT000386,O001361,OI0001570,DH-FRO-00406,2025-11-01,APP,Size too small,,REFUNDED
RT000387,O001365,OI0001574,DH-KID-00500,2025-10-29,WHATSAPP,Size too small,,REFUNDED
RT000388,O001366,OI0001575,DH-FRO-00390,2025-04-03,APP,Size too large,,REFUNDED
RT000389,O001371,OI0001582,DH-MEN-00561,2024-12-02,APP,Other,"fabric achha nahi, fitting bhi tight",REFUNDED
RT000390,O001373,OI0001584,DH-KUR-00109,2025-07-05,WHATSAPP,Other,"fabric achha nahi, fitting bhi tight",REFUNDED
RT000391,O001375,OI0001586,DH-TOP-00285,2025-05-23,APP,Size too small,,INSPECTED
RT000392,O001377,OI0001588,DH-KUR-00114,2024-12-29,APP,Other,hi quality achhi nahi hai jaldi pickup karo,INSPECTED
RT000393,O001380,OI0001591,DH-DRE-00224,2025-12-07,APP,Other,"bhaiya size M bahut tight hai, L lena padega jaldi pickup karo",REFUNDED
RT000394,O001383,OI0001595,DH-SCH-00467,2025-11-07,WHATSAPP,Quality not as expected,,REFUNDED
RT000395,O001387,OI0001599,DH-TOP-00312,2025-10-15,WHATSAPP,Size too small,,REFUNDED
RT000396,O001393,OI0001606,DH-DRE-00231,2025-04-14,APP,Size too large,,REFUNDED
RT000397,O001395,OI0001608,DH-KID-00422,2026-01-04,APP,Other,sir fabric  cheap lag raha hai 🙏,REFUNDED
RT000398,O001402,OI0001616,DH-KID-00506,2025-11-30,WHATSAPP,Size too small,,REFUNDED
RT000399,O001402,OI0001617,DH-SCH-00497,2025-11-27,APP,Quality not as expected,,REFUNDED
RT000400,O001405,OI0001621,DH-KUR-00021,2024-11-30,APP,Size too large,,PICKUP_SCHEDULED
RT000401,O001407,OI0001624,DH-TOP-00254,2026-02-09,WHATSAPP,Wrong item received,,REFUNDED
RT000402,O001424,OI0001645,DH-SCH-00474,2025-04-13,WHATSAPP,Size too large,,INSPECTED
RT000403,O001429,OI0001652,DH-KUR-00100,2025-05-01,APP,Size too small,,REFUNDED
RT000404,O001431,OI0001654,DH-KUR-00085,2026-06-16,APP,Size too small,,REFUNDED
RT000405,O001432,OI0001655,DH-KUR-00179,2025-05-04,APP,Size too large,,REFUNDED
RT000406,O001435,OI0001659,DH-SCH-00467,2025-12-16,APP,Other,very thin cloth,REFUNDED
RT000407,O001451,OI0001676,DH-KUR-00026,2025-07-06,APP,Other,"fabric achha nahi, fitting bhi tight",REFUNDED
RT000408,O001455,OI0001681,DH-KUR-00064,2026-05-08,WHATSAPP,Size too large,,REFUNDED
RT000409,O001456,OI0001682,DH-TRA-00600,2026-07-14,APP,Quality not as expected,,REFUNDED
RT000410,O001465,OI0001691,DH-SCH-00486,2026-03-13,WHATSAPP,Other, ,PICKUP_SCHEDULED
RT000411,O001468,OI0001694,DH-KUR-00114,2025-01-16,WHATSAPP,Other,"too small, chest pe fit nahi hua",REFUNDED
RT000412,O001474,OI0001701,DH-DRE-00244,2026-01-31,APP,Quality not as expected,,REFUNDED
RT000413,O001478,OI0001705,DH-KUR-00113,2026-05-08,APP,Other,"material not as described, ye cotton nahi lagta !!",REFUNDED
RT000414,O001480,OI0001707,DH-DRE-00204,2026-09-21,APP,Other,deivery me 12 din lag gaye exchange nahi chahiye,PICKUP_SCHEDULED
RT000415,O001482,OI0001709,DH-SCH-00490,2025-08-22,APP,Other,zip kaam nahi kar rahi 🙏,REFUNDED
RT000416,O001491,OI0001720,DH-KUR-00133,2024-12-11,APP,Other,late aaya aur packet bhi phata hua,REFUNDED
RT000417,O001495,OI0001725,DH-TOP-00266,2025-09-15,APP,Other,print utar raha hai 🙏,REFUNDED
RT000418,O001502,OI0001732,DH-KUR-00129,2026-01-26,APP,Size too small,,REFUNDED
RT000419,O001508,OI0001739,DH-KID-00444,2025-03-13,WHATSAPP,Size too large,,REFUNDED
RT000420,O001510,OI0001742,DH-MEN-00542,2025-02-16,APP,Colour different from image,,REFUNDED
RT000421,O001511,OI0001743,DH-SCH-00491,2025-10-02,APP,Other,pls ok,REFUNDED
RT000422,O001513,OI0001745,DH-FRO-00371,2025-07-22,APP,Other,"mam gift tha, unko pasand nahi aaya",REFUNDED
RT000423,O001514,OI0001746,DH-KUR-00034,2024-11-23,APP,Other,"hi gift tha, unko pasand nahi aaya exchange nahi chahiye",REFUNDED
RT000424,O001517,OI0001750,DH-DRE-00192,2026-07-03,APP,Other,pls return,REFUNDED
RT000425,O001518,OI0001751,DH-KUR-00118,2026-03-27,APP,Quality not as expected,,REFUNDED
RT000426,O001522,OI0001757,DH-TOP-00310,2026-05-08,WHATSAPP,Quality not as expected,,REFUNDED
RT000427,O001533,OI0001772,DH-SCH-00479,2025-11-06,APP,Product damaged,,INSPECTED
RT000428,O001534,OI0001773,DH-KUR-00152,2025-06-04,APP,Size too large,,REFUNDED
RT000429,O001535,OI0001774,DH-KUR-00133,2024-10-18,APP,Size too large,,REFUNDED
RT000430,O001540,OI0001779,DH-MEN-00579,2026-09-02,WHATSAPP,Other,bhaiya beti ke liye liya tha chhota pad gaya 🙏,REFUNDED
RT000431,O001542,OI0001782,DH-FRO-00370,2025-01-28,APP,Size too small,,REFUNDED
RT000432,O001543,OI0001783,DH-MEN-00557,2026-04-04,APP,Other,mam mind hcange ho gaya very disappointed,REFUNDED
RT000433,O001545,OI0001785,DH-KUR-00066,2025-10-26,APP,Other,colour mismattch 🙏,REFUNDED
RT000434,O001546,OI0001786,DH-FRO-00376,2025-10-25,APP,Quality not as expected,,REFUNDED
RT000435,O001548,OI0001788,DH-KUR-00131,2026-08-17,WHATSAPP,Other,mam order bahut der se mila exchange nahi chahiye,REFUNDED
RT000436,O001550,OI0001790,DH-TOP-00301,2026-04-30,APP,Other,THEEK NAHI HAI REFUND CHAHIYE,REFUNDED
RT000437,O001553,OI0001793,DH-FRO-00399,2025-10-05,APP,Size too large,,REFUNDED
RT000438,O001564,OI0001806,DH-KUR-00043,2026-04-18,APP,Size too large,,REFUNDED
RT000439,O001568,OI0001810,DH-FRO-00371,2025-08-16,APP,Size too large,,REFUNDED
RT000440,O001569,OI0001811,DH-KUR-00080,2026-07-01,APP,Product damaged,,REFUNDED
RT000441,O001572,OI0001814,DH-DRE-00209,2025-06-29,APP,Size too large,,REFUNDED
RT000442,O001573,OI0001815,DH-KUR-00092,2025-04-22,WHATSAPP,Quality not as expected,,INSPECTED
RT000443,O001574,OI0001816,DH-DRE-00228,2026-08-22,APP,Size too small,,REFUNDED
RT000444,O001576,OI0001819,DH-KUR-00026,2024-11-06,APP,Other,bada hai and colour bhi photo jaisa nahi,REFUNDED
RT000445,O001583,OI0001827,DH-KUR-00008,2025-04-21,APP,Size too large,,REFUNDED
RT000446,O001584,OI0001828,DH-TRA-00600,2025-11-18,WHATSAPP,Quality not as expected,,REFUNDED
RT000447,O001588,OI0001833,DH-KID-00526,2024-11-23,APP,Size too small,,REFUNDED
RT000448,O001593,OI0001839,DH-KUR-00139,2025-10-29,APP,Other,mam not as expected !!,REFUNDED
RT000449,O001597,OI0001844,DH-TRA-00597,2024-11-08,WHATSAPP,Other,BHAIYA PLS RETURN,REFUNDED
RT000450,O001599,OI0001846,DH-KID-00500,2025-02-05,APP,Other,bhaiya time pe nahi aaya o ab kya karu,INSPECTED
RT000451,O001601,OI0001848,DH-SCH-00474,2026-01-29,APP,Wrong item received,,PICKUP_SCHEDULED
RT000452,O001603,OI0001850,DH-DRE-00184,2025-11-27,APP,Size too small,,REFUNDED
RT000453,O001615,OI0001865,DH-MEN-00542,2025-11-10,WHATSAPP,Other,sir pasand nahi aayya 🙏,REFUNDED
RT000454,O001618,OI0001868,DH-TOP-00301,2025-03-21,APP,Size too small,,INSPECTED
RT000455,O001625,OI0001877,DH-KID-00460,2026-05-24,WHATSAPP,Colour different from image,,INSPECTED
RT000456,O001627,OI0001879,DH-TOP-00276,2025-08-15,APP,Other,"fabric achha nahi, fitting bhi tight",REFUNDED
RT000457,O001629,OI0001881,DH-TOP-00294,2026-03-22,APP,Other,mam fitting bahut tight hai yaar very disappointed,REFUNDED
RT000458,O001634,OI0001887,DH-PAL-00318,2026-06-30,APP,Colour different from image,,REFUNDED
RT000459,O001638,OI0001893,DH-CO--00348,2024-11-05,APP,Quality not as expected,,REFUNDED
RT000460,O001642,OI0001898,DH-TOP-00297,2025-03-04,APP,Size too large,,REFUNDED
RT000461,O001645,OI0001901,DH-KUR-00026,2024-10-24,APP,Other,"hi size M bahut tight hai, L lena padega",INSPECTED
RT000462,O001655,OI0001912,DH-SCH-00494,2026-06-20,APP,Other,"hello, late delivery, mehndi ke baad aaya 🙏",REFUNDED
RT000463,O001656,OI0001913,DH-KUR-00008,2025-08-01,WHATSAPP,Other,bhaiya order bahut der se mila pls return,REFUNDED
RT000464,O001659,OI0001916,DH-SCH-00467,2025-12-26,WHATSAPP,Size too small,,PICKUP_SCHEDULED
RT000465,O001660,OI0001917,DH-DRE-00239,2025-04-24,WHATSAPP,Other,mummy ko pasand nahi aaya !!,REFUNDED
RT000466,O001664,OI0001921,DH-PAL-00334,2026-05-21,APP,Size too small,,REFUNDED
RT000467,O001671,OI0001930,DH-MEN-00545,2025-04-17,WHATSAPP,Other,bhaiya length bhi kam hai aur ight bhi,REFUNDED
RT000468,O001674,OI0001934,DH-TOP-00289,2026-06-18,WHATSAPP,Other,😞 pls return,PICKUP_SCHEDULED
RT000469,O001681,OI0001941,DH-KUR-00008,2024-10-31,APP,Colour different from image,,REFUNDED
RT000470,O001683,OI0001943,DH-KID-00428,2026-06-03,WHATSAPP,Other,hi kapda bahut patla hai,PICKUP_SCHEDULED
RT000471,O001684,OI0001944,DH-KUR-00163,2025-09-07,WHATSAPP,Wrong item received,,REFUNDED
RT000472,O001685,OI0001945,DH-TOP-00279,2025-01-23,WHATSAPP,Other,mam nah chahiye bas !!,REFUNDED
RT000473,O001691,OI0001952,DH-MEN-00542,2026-03-11,APP,Size too small,,REFUNDED
RT000474,O001693,OI0001954,DH-KID-00445,2025-06-02,APP,Other,colour fade sa hai photo jaisa nahi refund chahiye,REFUNDED
RT000475,O001702,OI0001963,DH-TOP-00311,2025-12-29,WHATSAPP,Other,time pe nahi aaya to ab kya karu very disappointed,REFUNDED
RT000476,O001706,OI0001968,DH-MEN-00557,2025-07-25,APP,Colour different from image,,REFUNDED
RT000477,O001723,OI0001986,DH-FRO-00396,2026-04-05,WHATSAPP,Other,ye wala shade nahi tha website pe jaldi pickup karo,REFUNDED
RT000478,O001727,OI0001990,DH-KID-00503,2025-01-08,WHATSAPP,Other,pls doosra colour bhej diya jaldi pickup karo,REFUNDED
RT000479,O001729,OI0001992,DH-DRE-00234,2026-01-16,APP,Wrong item received,,REFUNDED
RT000480,O001730,OI0001993,DH-KUR-00063,2026-05-30,APP,Other,...,REFUNDED
RT000481,O001732,OI0001996,DH-FRO-00381,2025-05-17,APP,Size too large,,REFUNDED
RT000482,O001735,OI0002000,DH-FRO-00365,2025-05-22,APP,Quality not as expected,,REFUNDED
RT000483,O001736,OI0002002,DH-TOP-00284,2026-06-25,WHATSAPP,Size too large,,REFUNDED
RT000484,O001737,OI0002003,DH-KUR-00052,2025-04-22,WHATSAPP,Wrong item received,,REFUNDED
RT000485,O001738,OI0002004,DH-KUR-00155,2025-07-21,APP,Other,pasand nahi aaya exchange nahi chahiye,REFUNDED
RT000486,O001744,OI0002011,DH-KUR-00001,2026-04-21,WHATSAPP,Size too small,,REFUNDED
RT000487,O001746,OI0002014,DH-TOP-00258,2026-05-21,APP,Wrong item received,,REFUNDED
RT000488,O001750,OI0002018,DH-KUR-00114,2024-12-27,APP,Other,hi dusri jagah sasta mil gaya pls return,REFUNDED
RT000489,O001761,OI0002030,DH-KID-00507,2025-07-28,APP,Other,"hi bahut late aaya, function nikal gaya",REFUNDED
RT000490,O001764,OI0002033,DH-DRE-00198,2024-11-24,APP,Size too small,,REFUNDED
RT000491,O001765,OI0002035,DH-KID-00449,2026-06-16,APP,Size too large,,REFUNDED
RT000492,O001769,OI0002040,DH-KUR-00042,2025-08-15,APP,Quality not as expected,,REFUNDED
RT000493,O001769,OI0002039,DH-PAL-00329,2025-08-13,WHATSAPP,Quality not as expected,,PICKUP_SCHEDULED
RT000494,O001773,OI0002044,DH-PAL-00330,2025-01-14,WHATSAPP,Other,bekar jaldi pickup karo,REFUNDED
RT000495,O001774,OI0002045,DH-TOP-00272,2026-01-30,APP,Product damaged,,REFUNDED
RT000496,O001775,OI0002046,DH-TRA-00593,2025-05-16,WHATSAPP,Other,DELIVERY ME 12 DIN LAG GAYE EXCHANGE NAHI CHAHIYE,REFUNDED
RT000497,O001777,OI0002049,DH-KID-00434,2025-07-06,APP,Colour different from image,,REFUNDED
RT000498,O001782,OI0002055,DH-FRO-00380,2026-07-27,APP,Other,order bahut der se mila very disappointed,INSPECTED
RT000499,O001794,OI0002071,DH-KUR-00143,2026-03-10,APP,Size too large,,PICKUP_SCHEDULED
RT000500,O001795,OI0002072,DH-MEN-00541,2024-12-24,WHATSAPP,Colour different from image,,REFUNDED
RT000501,O001800,OI0002077,DH-KUR-00174,2025-10-31,APP,Colour different from image,,REFUNDED
RT000502,O001806,OI0002085,DH-KUR-00013,2026-08-07,APP,Other,mam mind changeho gaya,REFUNDED
RT000503,O001806,OI0002084,DH-KUR-00157,2026-08-10,APP,Quality not as expected,,REFUNDED
RT000504,O001811,OI0002090,DH-TOP-00269,2025-11-01,APP,Other,pls time pe nahi aaya to ab kya karu refund chahiye,REFUNDED
RT000505,O001822,OI0002103,DH-TOP-00312,2026-02-10,APP,Size too small,,INSPECTED
RT000506,O001834,OI0002116,DH-FRO-00367,2026-08-09,APP,Product damaged,,REFUNDED
RT000507,O001836,OI0002118,DH-KID-00448,2024-11-06,APP,Size too large,,REFUNDED
RT000508,O001839,OI0002121,DH-DRE-00198,2024-10-26,APP,Size too small,,REFUNDED
RT000509,O001841,OI0002123,DH-KID-00434,2025-02-18,WHATSAPP,Other,hi mummy ko pasand nah iaaya refund chahiye,INSPECTED
RT000510,O001842,OI0002125,DH-DRE-00235,2026-05-15,APP,Other,pasand nahi aaya,REFUNDED
RT000511,O001845,OI0002129,DH-KID-00430,2026-07-21,APP,Other,"hello, different design aaya 🙏",REFUNDED
RT000512,O001847,OI0002133,DH-TRA-00589,2025-07-16,WHATSAPP,Size too small,,REFUNDED
RT000513,O001856,OI0002142,DH-KID-00511,2025-07-08,APP,Quality not as expected,,REFUNDED
RT000514,O001858,OI0002144,DH-KID-00538,2026-09-02,WHATSAPP,Other,bhaiya mind change ho gaya,REFUNDED
RT000515,O001864,OI0002152,DH-KUR-00169,2026-05-15,APP,Other,sir अच्छा नहीं लगा 🙏,REFUNDED
RT000516,O001869,OI0002157,DH-FRO-00393,2024-11-09,APP,Quality not as expected,,REFUNDED
RT000517,O001870,OI0002158,DH-SCH-00466,2026-01-24,APP,Size too large,,REFUNDED
RT000518,O001873,OI0002161,DH-DRE-00191,2026-09-17,APP,Other,"sir gift tha, unko pasand nahi aaya",PICKUP_SCHEDULED
RT000519,O001878,OI0002167,DH-KUR-00125,2026-02-16,APP,Quality not as expected,,REFUNDED
RT000520,O001882,OI0002171,DH-DRE-00219,2026-02-08,APP,Other,mam doosra colour bhej diya exchange nahi chahiye,REFUNDED
RT000521,O001883,OI0002172,DH-MEN-00555,2025-05-22,WHATSAPP,Size too large,,REFUNDED
RT000522,O001885,OI0002174,DH-DRE-00195,2026-07-07,APP,Other,sir not as expected pls return,REFUNDED
RT000523,O001886,OI0002175,DH-DRE-00223,2026-03-18,APP,Product damaged,,REFUNDED
RT000524,O001890,OI0002180,DH-KID-00526,2025-01-28,APP,Size too small,,REFUNDED
RT000525,O001909,OI0002206,DH-CO--00356,2025-10-08,WHATSAPP,Colour different from image,,REFUNDED
RT000526,O001910,OI0002207,DH-CO--00351,2025-12-25,APP,Other,oversized lag raha hai jabki regular fit likha tha pls return,REFUNDED
RT000527,O001911,OI0002208,DH-KUR-00166,2025-11-11,APP,Product damaged,,REFUNDED
RT000528,O001917,OI0002216,DH-FRO-00374,2025-05-20,APP,Size too large,,REFUNDED
RT000529,O001919,OI0002218,DH-KID-00503,2024-10-27,APP,Other,hi order bahut der se mila,REFUNDED
RT000530,O001920,OI0002219,DH-SCH-00472,2025-12-04,APP,Other,pls bahut tight h shoulders pe very disappointed,PICKUP_SCHEDULED
RT000531,O001922,OI0002222,DH-DRE-00198,2025-07-29,APP,Size too small,,PICKUP_SCHEDULED
RT000532,O001925,OI0002225,DH-TRA-00591,2026-08-01,APP,Other,bhaiya bekar 🙏,REFUNDED
RT000533,O001926,OI0002226,DH-KUR-00055,2026-01-04,WHATSAPP,Other,mam siz chart pe 38 likha tha but 36 jaisa hai !!,INSPECTED
RT000534,O001929,OI0002230,DH-CO--00358,2025-09-02,WHATSAPP,Other,HI LENGTH BHI KAM HAI AUR TIGHT BHI,INSPECTED
RT000535,O001931,OI0002233,DH-TOP-00291,2026-07-10,APP,Size too large,,PICKUP_SCHEDULED
RT000536,O001936,OI0002239,DH-KUR-00058,2026-01-22,APP,Size too small,,PICKUP_SCHEDULED
RT000537,O001938,OI0002241,DH-SCH-00490,2026-05-26,APP,Other,"hello, bekar 🙏",PICKUP_SCHEDULED
RT000538,O001942,OI0002245,DH-SCH-00480,2026-06-25,APP,Size too small,,REFUNDED
RT000539,O001946,OI0002249,DH-DRE-00221,2026-03-07,WHATSAPP,Size too large,,REFUNDED
RT000540,O001953,OI0002258,DH-KUR-00122,2025-10-29,APP,Other,,REFUNDED
RT000541,O001954,OI0002259,DH-MEN-00561,2025-01-08,APP,Other,"bahut late aaya, function nikal gaya exchange nahi chahiye",REFUNDED
RT000542,O001978,OI0002291,DH-SCH-00488,2026-09-04,APP,Product damaged,,REFUNDED
RT000543,O001979,OI0002292,DH-KUR-00129,2025-04-17,WHATSAPP,Other,ek wash me rangg chala gaya !!,REFUNDED
RT000544,O001981,OI0002294,DH-KUR-00078,2025-09-23,APP,Other,"hello, mind change ho gyaa",REFUNDED
RT000545,O001987,OI0002301,DH-TRA-00590,2026-02-22,APP,Other,कपड़ा बहुत पतला है !!,REFUNDED
RT000546,O001988,OI0002302,DH-SCH-00496,2026-04-28,APP,Other,"sir bahut late aaya, function nikal gaya",REFUNDED
RT000547,O002002,OI0002319,DH-KID-00428,2025-12-28,APP,Colour different from image,,REFUNDED
RT000548,O002005,OI0002323,DH-KUR-00038,2026-06-01,APP,Wrong item received,,REFUNDED
RT000549,O002008,OI0002326,DH-KUR-00122,2025-06-26,APP,Size too large,,REFUNDED
RT000550,O002016,OI0002334,DH-PAL-00321,2025-06-30,APP,Other,"HELLO, FUNCTION CANCEL HO GAYA",REFUNDED
RT000551,O002017,OI0002335,DH-KID-00507,2024-12-12,APP,Other,different design aaya,REFUNDED
RT000552,O002022,OI0002340,DH-KUR-00171,2025-01-06,APP,Wrong item received,,REFUNDED
RT000553,O002026,OI0002345,DH-KUR-00087,2026-01-06,APP,Quality not as expected,,PICKUP_SCHEDULED
RT000554,O002030,OI0002350,DH-DRE-00243,2026-08-09,WHATSAPP,Size too small,,REFUNDED
RT000555,O002032,OI0002352,DH-KID-00441,2026-04-28,WHATSAPP,Other,"hello, same as before 🙏",REFUNDED
RT000556,O002042,OI0002363,DH-KUR-00055,2026-04-04,APP,Other,mam smaller than usual size jaldi pickup karo,REFUNDED
RT000557,O002043,OI0002364,DH-KID-00505,2025-05-28,WHATSAPP,Other,late aaya aur packet bhi phata hua,REFUNDED
RT000558,O002047,OI0002368,DH-PAL-00316,2026-09-05,APP,Other,late aaya aur packet bhi phata hua,REFUNDED
RT000559,O002053,OI0002374,DH-TOP-00312,2026-02-18,APP,Wrong item received,,REFUNDED
RT000560,O002063,OI0002386,DH-KID-00422,2026-01-03,APP,Other,pls mind change ho gaya pls return,REFUNDED
RT000561,O002070,OI0002394,DH-KUR-00038,2026-02-20,WHATSAPP,Other,pls return pls return,REFUNDED
RT000562,O002071,OI0002395,DH-FRO-00393,2025-04-06,APP,Size too small,,REFUNDED
RT000563,O002073,OI0002397,DH-KID-00428,2025-12-04,WHATSAPP,Quality not as expected,,REFUNDED
RT000564,O002073,OI0002398,DH-DRE-00235,2025-12-03,APP,Other,hi acha nahi lgaa jaldi pickup karo,INSPECTED
RT000565,O002074,OI0002399,DH-KUR-00105,2025-05-22,WHATSAPP,Product damaged,,REFUNDED
RT000566,O002078,OI0002403,DH-MEN-00544,2026-05-20,APP,Other,same as before exchange nahi chahiye,REFUNDED
RT000567,O002089,OI0002416,DH-FRO-00375,2025-05-30,WHATSAPP,Size too small,,REFUNDED
RT000568,O002096,OI0002425,DH-KID-00506,2026-05-02,APP,Colour different from image,,REFUNDED
RT000569,O002101,OI0002432,DH-KUR-00109,2025-03-26,APP,Other,"hello, colour mismatch exchange nahi chahiye",REFUNDED
RT000570,O002103,OI0002434,DH-PAL-00313,2026-04-12,WHATSAPP,Product damaged,,REFUNDED
RT000571,O002107,OI0002438,DH-KID-00517,2024-12-28,APP,Other,"fabric achha nahi, fitting bhi tight",REFUNDED
RT000572,O002110,OI0002442,DH-SCH-00465,2025-01-31,WHATSAPP,Other,"mam bahut late aaya, function nikal gaya very disappointed",REFUNDED
RT000573,O002115,OI0002447,DH-KUR-00112,2025-03-17,WHATSAPP,Other,bhaiya pls return jaldi pickup karo,REFUNDED
RT000574,O002117,OI0002449,DH-SCH-00471,2026-03-27,APP,Other,late aaya aur packet bhi phata hua,PICKUP_SCHEDULED
RT000575,O002120,OI0002454,DH-FRO-00419,2025-04-06,APP,Product damaged,,REFUNDED
RT000576,O002122,OI0002456,DH-TRA-00598,2026-09-26,APP,Other,colour alag hai aur quality bhi average,PICKUP_SCHEDULED
RT000577,O002124,OI0002458,DH-KUR-00142,2026-03-21,APP,Other,"size m bahut tight hai,  l lena padega 🙏",REFUNDED
RT000578,O002139,OI0002475,DH-KUR-00044,2025-12-14,WHATSAPP,Other,hi nahi chahiye bas,INSPECTED
RT000579,O002140,OI0002476,DH-KUR-00123,2026-01-16,APP,Other,"hello, quality achhi nahi hai pls return",REFUNDED
RT000580,O002141,OI0002477,DH-KID-00505,2026-08-10,APP,Size too small,,REFUNDED
RT000581,O002143,OI0002480,DH-TOP-00268,2025-12-16,APP,Other,bhaiya pasand nahi aaya pls return,REFUNDED
RT000582,O002144,OI0002481,DH-KUR-00058,2025-11-03,APP,Size too small,,REFUNDED
RT000583,O002148,OI0002485,DH-DRE-00181,2025-06-21,APP,Other,delivery me 12 din lag gaye refund chahiye,REFUNDED
RT000584,O002152,OI0002489,DH-KUR-00141,2025-09-02,APP,Other,HI OK,REFUNDED
RT000585,O002153,OI0002490,DH-TRA-00592,2026-07-20,APP,Colour different from image,,REFUNDED
RT000586,O002163,OI0002500,DH-KUR-00054,2026-01-09,WHATSAPP,Other,hi no,REFUNDED
RT000587,O002168,OI0002505,DH-KUR-00152,2025-11-01,WHATSAPP,Other,late aaya aur packet bhi phata hua,REFUNDED
RT000588,O002170,OI0002507,DH-DRE-00217,2025-02-14,APP,Other,pls image me bright tha real me dull hai very disappointed,REFUNDED
RT000589,O002172,OI0002509,DH-KUR-00043,2025-07-15,WHATSAPP,Other,hi size se chota h exchange nahi chahiye,REFUNDED
RT000590,O002174,OI0002512,DH-MEN-00577,2026-05-30,APP,Product damaged,,REFUNDED
RT000591,O002176,OI0002514,DH-SCH-00489,2024-11-12,APP,Other,DELIVERY ME 12 DIN LG GAYE REFUND CHAHIYE,REFUNDED
RT000592,O002180,OI0002518,DH-DRE-00205,2025-02-04,APP,Colour different from image,,REFUNDED
RT000593,O002183,OI0002522,DH-KUR-00114,2024-10-17,APP,Other,hi damaged piece rceeived exchange nahi chahiye,REFUNDED
RT000594,O002184,OI0002523,DH-TOP-00305,2026-06-06,APP,Other,galat product aaya 🙏,REFUNDED
RT000595,O002185,OI0002524,DH-TRA-00599,2026-05-27,WHATSAPP,Product damaged,,REFUNDED
RT000596,O002192,OI0002531,DH-DRE-00217,2024-12-09,APP,Quality not as expected,,REFUNDED
RT000597,O002200,OI0002540,DH-KID-00434,2025-02-17,WHATSAPP,Size too small,,INSPECTED
RT000598,O002201,OI0002541,DH-SCH-00489,2026-02-28,APP,Size too large,,REFUNDED
RT000599,O002209,OI0002549,DH-KID-00431,2024-10-12,APP,Size too small,,REFUNDED
RT000600,O002213,OI0002554,DH-FRO-00419,2025-06-02,WHATSAPP,Quality not as expected,,INSPECTED
RT000601,O002217,OI0002559,DH-KUR-00130,2026-05-07,APP,Size too small,,REFUNDED
RT000602,O002221,OI0002563,DH-SCH-00475,2026-01-27,APP,Size too large,,REFUNDED
RT000603,O002226,OI0002569,DH-PAL-00340,2025-12-26,APP,Size too small,,REFUNDED
RT000604,O002228,OI0002571,DH-DRE-00204,2025-07-01,APP,Other,-,REFUNDED
RT000605,O002229,OI0002573,DH-DRE-00181,2025-12-15,APP,Other,hi size chota hai !!,REFUNDED
RT000606,O002233,OI0002578,DH-KID-00448,2024-12-05,WHATSAPP,Colour different from image,,REFUNDED
RT000607,O002235,OI0002580,DH-KUR-00108,2025-08-26,APP,Colour different from image,,REFUNDED
RT000608,O002237,OI0002582,DH-KUR-00023,2026-03-17,APP,Wrong item received,,REFUNDED
RT000609,O002245,OI0002593,DH-FRO-00419,2026-06-30,APP,Size too large,,REFUNDED
RT000610,O002248,OI0002596,DH-DRE-00193,2026-05-31,APP,Size too small,,INSPECTED
RT000611,O002249,OI0002598,DH-KID-00462,2025-01-03,WHATSAPP,Quality not as expected,,REFUNDED
RT000612,O002250,OI0002599,DH-SCH-00481,2024-11-17,APP,Other,"hello, acha nahi laga refund chahiye",REFUNDED
RT000613,O002256,OI0002605,DH-TOP-00302,2025-03-17,APP,Other,mam shoulders gir rahe hain itna loose exchange nahi chahiye,REFUNDED
RT000614,O002260,OI0002609,DH-MEN-00541,2025-08-22,APP,Wrong item received,,REFUNDED
RT000615,O002264,OI0002613,DH-DRE-00202,2025-05-02,APP,Other,bada hai and colour bhi photo jaisa nahi,REFUNDED
RT000616,O002268,OI0002617,DH-KUR-00070,2026-02-02,APP,Other,na,REFUNDED
RT000617,O002270,OI0002621,DH-TOP-00267,2026-02-23,WHATSAPP,Other,hi issue hai !!,REFUNDED
RT000618,O002271,OI0002622,DH-FRO-00409,2024-10-13,APP,Product damaged,,REFUNDED
RT000619,O002271,OI0002623,DH-SCH-00489,2024-10-11,APP,Quality not as expected,,REFUNDED
RT000620,O002272,OI0002624,DH-KID-00501,2025-12-16,APP,Size too small,,REFUNDED
RT000621,O002274,OI0002626,DH-KID-00528,2025-04-17,APP,Other,sir ab zarurat nahi hai jaldi pickup karo,REFUNDED
RT000622,O002283,OI0002636,DH-KID-00456,2026-01-12,APP,Other,size chota hai !!,INSPECTED
RT000623,O002284,OI0002637,DH-KID-00451,2025-03-13,WHATSAPP,Wrong item received,,PICKUP_SCHEDULED
RT000624,O002286,OI0002639,DH-DRE-00192,2025-11-10,APP,Colour different from image,,REFUNDED
RT000625,O002287,OI0002640,DH-FRO-00393,2026-09-26,APP,Product damaged,,PICKUP_SCHEDULED
RT000626,O002288,OI0002641,DH-TOP-00311,2025-03-24,APP,Other,sir accidentally order ho gaya refund chahiye,REFUNDED
RT000627,O002289,OI0002642,DH-KUR-00033,2025-11-04,WHATSAPP,Other,.,PICKUP_SCHEDULED
RT000628,O002291,OI0002644,DH-KUR-00108,2026-03-19,APP,Size too small,,REFUNDED
RT000629,O002293,OI0002646,DH-TOP-00306,2026-05-26,APP,Other,hi nahi chahiye bs exchange nahi chahiye,REFUNDED
RT000630,O002294,OI0002647,DH-TRA-00597,2025-02-22,WHATSAPP,Size too large,,REFUNDED
RT000631,O002297,OI0002652,DH-KUR-00026,2025-02-08,WHATSAPP,Size too small,,REFUNDED
RT000632,O002299,OI0002655,DH-TOP-00305,2026-05-04,WHATSAPP,Other,hi button toota hua tha pls return,INSPECTED
RT000633,O002300,OI0002656,DH-SCH-00472,2025-01-18,APP,Other,size chota hai aur kapda bhi patla,REFUNDED
RT000634,O002307,OI0002667,DH-KID-00503,2026-03-17,APP,Quality not as expected,,REFUNDED
RT000635,O002311,OI0002672,DH-DRE-00181,2025-11-12,APP,Size too small,,REFUNDED
RT000636,O002318,OI0002680,DH-TOP-00271,2025-01-19,WHATSAPP,Size too small,,REFUNDED
RT000637,O002322,OI0002684,DH-KUR-00154,2025-06-27,APP,Other,late aaya aur packet bhi phata hua,REFUNDED
RT000638,O002327,OI0002690,DH-FRO-00393,2025-07-23,APP,Other,sir time pe nahi aaya to ab kya karu,REFUNDED
RT000639,O002330,OI0002693,DH-SCH-00498,2026-05-29,APP,Other,HI PASAND NAHI AAYA,INSPECTED
RT000640,O002338,OI0002702,DH-FRO-00409,2024-11-14,APP,Other,colour alag hai aur quality bhi average,REFUNDED
RT000641,O002340,OI0002704,DH-TOP-00302,2025-02-21,APP,Colour different from image,,REFUNDED
RT000642,O002346,OI0002711,DH-KID-00462,2025-11-09,WHATSAPP,Other,colour alag hai aur quality bhi average,REFUNDED
RT000643,O002351,OI0002716,DH-DRE-00250,2025-02-02,APP,Size too small,,REFUNDED
RT000644,O002352,OI0002717,DH-DRE-00213,2025-03-05,APP,Size too large,,REFUNDED
RT000645,O002354,OI0002719,DH-CO--00360,2026-08-10,APP,Other,hi dont need itanymore,REFUNDED
RT000646,O002360,OI0002726,DH-DRE-00250,2026-03-02,APP,Other,hi कपड़ा बहुत पतला है very disappointed,INSPECTED
RT000647,O002363,OI0002729,DH-KID-00430,2026-04-19,APP,Size too small,,REFUNDED
RT000648,O002369,OI0002738,DH-MEN-00559,2025-09-11,APP,Other,dusri jagah sasta mil gaya 🙏,REFUNDED
RT000649,O002370,OI0002740,DH-KUR-00171,2026-01-12,WHATSAPP,Other,bhaiya different design aaya,REFUNDED
RT000650,O002371,OI0002741,DH-DRE-00235,2026-01-17,APP,Size too small,,REFUNDED
RT000651,O002373,OI0002743,DH-KUR-00131,2025-04-03,APP,Size too small,,REFUNDED
RT000652,O002376,OI0002747,DH-MEN-00555,2025-01-28,APP,Other,pls delivery me 12 di nlag gaye,REFUNDED
RT000653,O002383,OI0002755,DH-SCH-00474,2024-12-22,WHATSAPP,Size too small,,REFUNDED
RT000654,O002386,OI0002758,DH-DRE-00215,2025-10-27,WHATSAPP,Other,"hello, dusri jagah sasta mil gaya 🙏",INSPECTED
RT000655,O002388,OI0002760,DH-CO--00351,2026-06-20,WHATSAPP,Other,bada hai and colour bhi photo jaisa nahi,REFUNDED
RT000656,O002398,OI0002770,DH-FRO-00387,2025-04-14,APP,Size too small,,REFUNDED
RT000657,O002399,OI0002771,DH-DRE-00210,2025-05-30,APP,Quality not as expected,,REFUNDED
RT000658,O002402,OI0002774,DH-FRO-00400,2025-01-13,APP,Other,bhaiya oversized lag raha hai jabki regular fit likha tha pls return,REFUNDED
RT000659,O002408,OI0002780,DH-FRO-00410,2026-05-08,APP,Product damaged,,REFUNDED
RT000660,O002411,OI0002783,DH-FRO-00382,2025-12-25,WHATSAPP,Other,bhaiya nahi chahiye bas pls return,REFUNDED
RT000661,O002413,OI0002785,DH-PAL-00329,2026-03-10,APP,Wrong item received,,REFUNDED
RT000662,O002420,OI0002793,DH-KID-00526,2026-07-05,WHATSAPP,Size too small,,REFUNDED
RT000663,O002423,OI0002797,DH-KUR-00143,2025-08-13,APP,Quality not as expected,,REFUNDED
RT000664,O002424,OI0002798,DH-TOP-00259,2025-12-10,APP,Other,see through hai kapda !!,INSPECTED
RT000665,O002426,OI0002800,DH-PAL-00330,2025-09-23,APP,Other,late aaya aur packet bhi phata hua,REFUNDED
RT000666,O002427,OI0002801,DH-KUR-00113,2024-12-16,APP,Size too small,,REFUNDED
RT000667,O002428,OI0002802,DH-KUR-00112,2024-11-10,WHATSAPP,Colour different from image,,REFUNDED
RT000668,O002436,OI0002810,DH-CO--00360,2025-08-03,APP,Size too small,,REFUNDED
RT000669,O002440,OI0002814,DH-KUR-00114,2024-12-18,APP,Other,issue hai,INSPECTED
RT000670,O002444,OI0002820,DH-SCH-00476,2025-10-20,WHATSAPP,Other,smaller than usual size 🙏,REFUNDED
RT000671,O002447,OI0002824,DH-KID-00504,2025-08-21,WHATSAPP,Size too large,,REFUNDED
RT000672,O002450,OI0002827,DH-KID-00428,2025-04-18,APP,Colour different from image,,INSPECTED
RT000673,O002452,OI0002829,DH-SCH-00490,2025-12-07,APP,Other,hi M mangaya tha bada aaya exchange nahi chahiye,REFUNDED
RT000674,O002453,OI0002830,DH-TOP-00303,2026-07-30,WHATSAPP,Size too small,,REFUNDED
RT000675,O002455,OI0002832,DH-PAL-00335,2025-09-06,APP,Quality not as expected,,REFUNDED
RT000676,O002459,OI0002836,DH-FRO-00403,2026-07-24,WHATSAPP,Other,mam colour fade sa hai photo jaisa nahi pls return,INSPECTED
RT000677,O002460,OI0002837,DH-TOP-00271,2026-04-09,WHATSAPP,Wrong item received,,REFUNDED
RT000678,O002465,OI0002843,DH-SCH-00479,2025-10-30,APP,Size too small,,REFUNDED
RT000679,O002467,OI0002845,DH-PAL-00327,2026-03-29,WHATSAPP,Other,bhaiya pasand nahi aayya refund chahiye,REFUNDED
RT000680,O002472,OI0002852,DH-DRE-00231,2025-01-28,APP,Size too small,,REFUNDED
RT000681,O002473,OI0002853,DH-KID-00537,2025-12-04,WHATSAPP,Quality not as expected,,REFUNDED
RT000682,O002474,OI0002854,DH-TOP-00268,2025-09-22,APP,Other,"hello, pls retuurn",REFUNDED
RT000683,O002475,OI0002855,DH-KID-00505,2026-05-27,APP,Colour different from image,,INSPECTED
RT000684,O002478,OI0002859,DH-KID-00510,2026-01-05,WHATSAPP,Other,"hello, rang bilkul alag hai very disappointed",INSPECTED
RT000685,O002487,OI0002868,DH-KID-00462,2024-11-05,WHATSAPP,Other,bhaiya pink mangaya tha ppeach aaya,REFUNDED
RT000686,O002491,OI0002874,DH-FRO-00368,2026-08-06,WHATSAPP,Other,sir kapda bahut patla hai jaldi pickup karo,INSPECTED
RT000687,O002492,OI0002875,DH-MEN-00561,2024-10-28,WHATSAPP,Size too large,,REFUNDED
RT000688,O002498,OI0002882,DH-KUR-00142,2026-08-03,APP,Size too large,,REFUNDED
RT000689,O002500,OI0002884,DH-TOP-00273,2025-09-05,WHATSAPP,Other,"HELLO, MAINE KURTI MANGAYI THI TOP AAYA JALDI PICKUP KARO",REFUNDED
RT000690,O002501,OI0002886,DH-SCH-00474,2026-01-03,WHATSAPP,Product damaged,,INSPECTED
RT000691,O002511,OI0002896,DH-KUR-00137,2025-01-14,APP,Size too large,,REFUNDED
RT000692,O002514,OI0002900,DH-KUR-00143,2025-12-08,WHATSAPP,Other,mam tight hai refund chahiye,REFUNDED
RT000693,O002519,OI0002906,DH-MEN-00542,2025-03-17,WHATSAPP,Other,mam delivery me 12 din lag gaye pls return,INSPECTED
RT000694,O002521,OI0002908,DH-KUR-00061,2026-08-19,APP,Quality not as expected,,REFUNDED
RT000695,O002528,OI0002917,DH-KUR-00012,2026-03-16,WHATSAPP,Other,"hello, अच्छा नहीं लगा 🙏",PICKUP_SCHEDULED
RT000696,O002532,OI0002921,DH-KID-00451,2026-04-24,APP,Other,size chota hai aur kapda bhi patla,REFUNDED
RT000697,O002535,OI0002925,DH-TOP-00312,2026-04-11,APP,Product damaged,,PICKUP_SCHEDULED
RT000698,O002536,OI0002928,DH-TRA-00599,2025-12-02,APP,Other,bekar exchange nahi chahiye,REFUNDED
RT000699,O002547,OI0002940,DH-TOP-00253,2025-04-24,APP,Quality not as expected,,REFUNDED
RT000700,O002548,OI0002941,DH-PAL-00328,2024-12-07,APP,Size too large,,REFUNDED
RT000701,O002553,OI0002947,DH-DRE-00192,2025-11-07,APP,Colour different from image,,PICKUP_SCHEDULED
RT000702,O002554,OI0002948,DH-TOP-00260,2026-05-10,APP,Other,mam size chota hai,REFUNDED
RT000703,O002556,OI0002950,DH-KUR-00021,2024-10-27,APP,Other,"hello, late delivery, mehndi ke baad aaya",INSPECTED
RT000704,O002557,OI0002951,DH-MEN-00546,2024-10-29,APP,Other,dont need i tanymore 🙏,REFUNDED
RT000705,O002560,OI0002954,DH-KID-00425,2025-08-22,WHATSAPP,Size too small,,REFUNDED
RT000706,O002562,OI0002957,DH-KUR-00108,2025-06-06,APP,Other,"fabric achha nahi, fitting bhi tight",INSPECTED
RT000707,O002562,OI0002956,DH-PAL-00321,2025-06-05,APP,Other,size chota hai aur kapda bhi patla,REFUNDED
RT000708,O002566,OI0002961,DH-PAL-00319,2025-12-15,APP,Other,accidentally order ho gaya,REFUNDED
RT000709,O002568,OI0002963,DH-KID-00502,2025-03-14,APP,Other,shoulders gir  rahe hain itna loose refund chahiye,REFUNDED
RT000710,O002571,OI0002967,DH-SCH-00481,2024-11-11,APP,Other,"bahut late aaya, function nikal gaya",REFUNDED
RT000711,O002576,OI0002974,DH-PAL-00340,2026-06-21,APP,Size too small,,INSPECTED
RT000712,O002580,OI0002980,DH-KUR-00029,2026-09-18,APP,Other,hi theek nahi hai pls return,PICKUP_SCHEDULED
RT000713,O002581,OI0002981,DH-MEN-00568,2026-07-16,APP,Colour different from image,,REFUNDED
RT000714,O002595,OI0002998,DH-MEN-00551,2026-05-04,APP,Other,.,INSPECTED
RT000715,O002608,OI0003014,DH-DRE-00231,2025-11-23,APP,Quality not as expected,,REFUNDED
RT000716,O002613,OI0003019,DH-MEN-00585,2025-10-08,WHATSAPP,Other,length bhi kam hai aur tight bhi,INSPECTED
RT000717,O002619,OI0003026,DH-TOP-00266,2026-01-01,APP,Size too small,,REFUNDED
RT000718,O002619,OI0003027,DH-KUR-00066,2026-01-03,APP,Other,bhaiya function cancel ho gaya,REFUNDED
RT000719,O002619,OI0003028,DH-MEN-00549,2025-12-31,APP,Other,BEKAR JALDI PICKUP KARO,REFUNDED
RT000720,O002621,OI0003030,DH-KID-00509,2026-05-30,APP,Other,sir no,REFUNDED
RT000721,O002622,OI0003032,DH-MEN-00545,2026-01-06,APP,Product damaged,,REFUNDED
RT000722,O002632,OI0003044,DH-MEN-00568,2026-05-11,WHATSAPP,Size too large,,REFUNDED
RT000723,O002636,OI0003048,DH-SCH-00488,2025-06-29,APP,Size too small,,REFUNDED
RT000724,O002637,OI0003049,DH-MEN-00573,2026-07-12,APP,Quality not as expected,,REFUNDED
RT000725,O002640,OI0003053,DH-DRE-00198,2025-08-03,APP,Size too small,,INSPECTED
RT000726,O002648,OI0003061,DH-DRE-00213,2024-10-26,APP,Other,hi order bahut der se mila,REFUNDED
RT000727,O002651,OI0003064,DH-CO--00349,2025-03-02,APP,Size too small,,REFUNDED
RT000728,O002667,OI0003081,DH-KUR-00139,2025-01-13,WHATSAPP,Colour different from image,,INSPECTED
RT000729,O002668,OI0003082,DH-KUR-00133,2025-12-02,WHATSAPP,Other,size se chotta h,REFUNDED
RT000730,O002669,OI0003083,DH-TOP-00311,2026-08-12,APP,Size too small,,INSPECTED
RT000731,O002669,OI0003084,DH-DRE-00182,2026-08-14,WHATSAPP,Size too small,,REFUNDED
RT000732,O002670,OI0003085,DH-TOP-00312,2026-07-02,WHATSAPP,Wrong item received,,REFUNDED
RT000733,O002673,OI0003089,DH-KUR-00035,2025-09-28,APP,Size too small,,INSPECTED
RT000734,O002674,OI0003090,DH-KUR-00016,2024-10-28,WHATSAPP,Other,"mam late edlivery, mehndi ke baad aaya very disappointed",INSPECTED
RT000735,O002675,OI0003092,DH-SCH-00475,2026-08-06,APP,Colour different from image,,REFUNDED
RT000736,O002675,OI0003091,DH-MEN-00579,2026-08-09,WHATSAPP,Other,issue hai jaldi pickup karo,REFUNDED
RT000737,O002675,OI0003093,DH-FRO-00395,2026-08-04,APP,Size too small,,REFUNDED
RT000738,O002676,OI0003094,DH-KUR-00132,2025-04-19,APP,Other,sir delivery me 12 idn lag gaye,REFUNDED
RT000739,O002677,OI0003095,DH-KID-00425,2025-09-08,APP,Other,MIND CHANGE HO GAYA !!,REFUNDED
RT000740,O002681,OI0003099,DH-KID-00505,2025-06-07,APP,Other,"PLS LATE DELIVERY, MEHNDI KE BAAD AAYA JALDI PICKUP KARO",PICKUP_SCHEDULED
RT000741,O002682,OI0003100,DH-KUR-00109,2025-04-09,WHATSAPP,Other,dont need it anymore exchange nahi chahiye,REFUNDED
RT000742,O002683,OI0003101,DH-CO--00348,2024-11-04,APP,Quality not as expected,,REFUNDED
RT000743,O002694,OI0003112,DH-DRE-00185,2026-01-25,APP,Quality not as expected,,REFUNDED
RT000744,O002705,OI0003124,DH-MEN-00541,2025-05-20,APP,Product damaged,,REFUNDED
RT000745,O002707,OI0003126,DH-CO--00348,2026-03-08,APP,Other,"hello, function cancel o gaya",REFUNDED
RT000746,O002708,OI0003127,DH-TOP-00293,2026-03-07,APP,Other,"pls too big, ekdum dheela pls return",INSPECTED
RT000747,O002710,OI0003129,DH-KID-00521,2025-06-14,APP,Size too small,,REFUNDED
RT000748,O002718,OI0003138,DH-KUR-00034,2025-04-05,APP,Other,PLS EK WASH ME RANG CHALA GAYA,REFUNDED
RT000749,O002719,OI0003140,DH-DRE-00229,2025-11-17,APP,Wrong item received,,REFUNDED
RT000750,O002725,OI0003147,DH-TOP-00288,2026-03-08,APP,Other,अच्छा नहीं लगा jaldi pickup karo,REFUNDED
RT000751,O002737,OI0003163,DH-KID-00502,2025-03-18,WHATSAPP,Other,hi mind change ho gaya exchange nahi chahiye,REFUNDED
RT000752,O002753,OI0003184,DH-KUR-00164,2026-07-21,WHATSAPP,Size too small,,REFUNDED
RT000753,O002755,OI0003186,DH-KUR-00159,2026-07-11,APP,Size too small,,REFUNDED
RT000754,O002759,OI0003191,DH-KUR-00043,2024-11-14,APP,Other,acha nahi laga,REFUNDED
RT000755,O002760,OI0003192,DH-KID-00518,2025-11-29,WHATSAPP,Other,issue hai very disappointed,REFUNDED
RT000756,O002764,OI0003196,DH-FRO-00363,2026-04-29,APP,Other,pls mummy ko pasand nahi aaya very disappointed,REFUNDED
RT000757,O002764,OI0003197,DH-SCH-00467,2026-05-01,APP,Quality not as expected,,REFUNDED
RT000758,O002775,OI0003210,DH-CO--00354,2024-10-30,APP,Other,"hi bahut late aaya, function nkial gaya refund chahiye",INSPECTED
RT000759,O002779,OI0003214,DH-TOP-00306,2025-12-11,APP,Other,sir color is diffreent from image pls return,REFUNDED
RT000760,O002783,OI0003219,DH-KUR-00112,2025-07-24,APP,Colour different from image,,REFUNDED
RT000761,O002784,OI0003220,DH-TOP-00297,2026-02-19,WHATSAPP,Size too small,,REFUNDED
RT000762,O002785,OI0003221,DH-SCH-00473,2026-07-02,WHATSAPP,Size too small,,REFUNDED
RT000763,O002788,OI0003226,DH-TRA-00593,2026-06-13,APP,Other,bhaiya fabric cheap lag rah hai pls return,INSPECTED
RT000764,O002789,OI0003227,DH-PAL-00324,2026-04-18,APP,Quality not as expected,,REFUNDED
RT000765,O002796,OI0003235,DH-FRO-00379,2026-07-06,WHATSAPP,Other,sir mummy ko pasand nahi aaya exchange nahi chahiye,REFUNDED
RT000766,O002798,OI0003237,DH-KUR-00072,2026-06-21,APP,Other,sir length bhi kam hai aur tight bhi 🙏,REFUNDED
RT000767,O002800,OI0003239,DH-KUR-00032,2025-10-19,APP,Other,"bhaiya late delivery, mehndi ke baad aaya jaldi pickup karo",REFUNDED
RT000768,O002802,OI0003242,DH-KID-00518,2025-03-17,APP,Other,sir return pls return,REFUNDED
RT000769,O002805,OI0003245,DH-KUR-00112,2024-12-16,APP,Size too small,,REFUNDED
RT000770,O002812,OI0003253,DH-KID-00507,2025-03-20,APP,Other,mam dont need it anmyore,REFUNDED
RT000771,O002813,OI0003254,DH-KUR-00124,2026-04-28,APP,Product damaged,,INSPECTED
RT000772,O002816,OI0003257,DH-CO--00353,2026-07-29,WHATSAPP,Wrong item received,,INSPECTED
RT000773,O002818,OI0003259,DH-CO--00353,2025-07-30,APP,Size too small,,REFUNDED
RT000774,O002820,OI0003262,DH-DRE-00182,2026-04-08,APP,Other,"Size small aaya, mera regular M h !!",INSPECTED
RT000775,O002828,OI0003273,DH-FRO-00401,2025-05-06,APP,Quality not as expected,,REFUNDED
RT000776,O002834,OI0003281,DH-MEN-00554,2025-10-10,APP,Other,silai khuli hui thi aate hi !!,REFUNDED
RT000777,O002837,OI0003284,DH-FRO-00404,2025-05-02,WHATSAPP,Other,wrong itm received pls return,PICKUP_SCHEDULED
RT000778,O002848,OI0003295,DH-FRO-00387,2025-02-27,APP,Colour different from image,,REFUNDED
RT000779,O002850,OI0003297,DH-KUR-00173,2025-06-17,APP,Colour different from image,,REFUNDED
RT000780,O002857,OI0003304,DH-DRE-00235,2026-04-27,APP,Other,"late delivery, mehndi ke baad aaya jaldi pickup karo",REFUNDED
RT000781,O002858,OI0003305,DH-KUR-00105,2024-10-24,APP,Product damaged,,REFUNDED
RT000782,O002862,OI0003309,DH-KUR-00149,2024-10-21,APP,Wrong item received,,REFUNDED
RT000783,O002863,OI0003310,DH-KUR-00108,2025-08-25,WHATSAPP,Other,pls ab zarurat nahi hai very disappointed,INSPECTED
RT000784,O002865,OI0003312,DH-TOP-00282,2026-09-03,APP,Other,time pe nahi aaya to a bkya karu,REFUNDED
RT000785,O002868,OI0003316,DH-KUR-00080,2025-07-23,APP,Size too small,,REFUNDED
RT000786,O002872,OI0003321,DH-KID-00437,2026-01-03,APP,Other,sir odrer bahut der se mila,INSPECTED
RT000787,O002876,OI0003326,DH-MEN-00565,2026-08-02,APP,Other,hi acha nahi laga refund chahiye,REFUNDED
RT000788,O002884,OI0003334,DH-KUR-00063,2026-03-04,WHATSAPP,Size too small,,REFUNDED
RT000789,O002886,OI0003336,DH-DRE-00239,2025-11-14,WHATSAPP,Size too small,,INSPECTED
RT000790,O002887,OI0003337,DH-MEN-00554,2025-08-27,APP,Size too large,,REFUNDED
RT000791,O002888,OI0003338,DH-DRE-00223,2026-06-19,WHATSAPP,Size too small,,REFUNDED
RT000792,O002889,OI0003339,DH-CO--00353,2025-03-26,WHATSAPP,Quality not as expected,,REFUNDED
RT000793,O002899,OI0003353,DH-DRE-00244,2025-11-13,APP,Other,same as before exchange nahi chahiye,REFUNDED
RT000794,O002901,OI0003355,DH-KID-00458,2025-01-15,APP,Size too small,,REFUNDED
RT000795,O002903,OI0003357,DH-MEN-00582,2024-10-11,APP,Other,"hello, ok !!",REFUNDED
RT000796,O002907,OI0003362,DH-KUR-00162,2026-01-20,WHATSAPP,Size too small,,REFUNDED
RT000797,O002908,OI0003363,DH-MEN-00543,2026-04-08,WHATSAPP,Size too small,,REFUNDED
RT000798,O002913,OI0003369,DH-KID-00445,2024-12-22,APP,Other,accidentallyo rder ho gaya exchange nahi chahiye,PICKUP_SCHEDULED
RT000799,O002920,OI0003377,DH-KUR-00027,2026-09-06,APP,Other,MAM COLOUR MISMATCH JALDI PICKUP KARO,REFUNDED
RT000800,O002923,OI0003380,DH-CO--00349,2026-06-21,WHATSAPP,Size too small,,REFUNDED
RT000801,O002926,OI0003383,DH-TOP-00262,2025-11-16,WHATSAPP,Other,mam size cchota hai 🙏,REFUNDED
RT000802,O002932,OI0003389,DH-DRE-00188,2024-10-28,WHATSAPP,Other,late aaya aur packet bhi phata hua,PICKUP_SCHEDULED
RT000803,O002934,OI0003393,DH-MEN-00586,2024-12-23,APP,Size too small,,REFUNDED
RT000804,O002939,OI0003399,DH-TOP-00279,2024-12-13,WHATSAPP,Other,sir issue hia refund chahiye,REFUNDED
RT000805,O002940,OI0003400,DH-FRO-00415,2026-04-05,APP,Colour different from image,,REFUNDED
RT000806,O002941,OI0003401,DH-KUR-00122,2026-02-04,APP,Size too large,,PICKUP_SCHEDULED
RT000807,O002950,OI0003412,DH-KUR-00087,2025-04-20,APP,Product damaged,,REFUNDED
RT000808,O002962,OI0003425,DH-KUR-00090,2026-01-18,APP,Size too small,,INSPECTED
RT000809,O002965,OI0003430,DH-FRO-00375,2025-03-03,WHATSAPP,Other,HI MAINE KURTI MANGAYI THI TOP AAYA,REFUNDED
RT000810,O002969,OI0003434,DH-TRA-00599,2026-09-06,WHATSAPP,Other,"hello, order bahut der se mila",REFUNDED
RT000811,O002970,OI0003435,DH-KUR-00008,2024-10-13,APP,Size too small,,REFUNDED
RT000812,O002971,OI0003437,DH-KUR-00124,2025-12-21,WHATSAPP,Colour different from image,,REFUNDED
RT000813,O002973,OI0003440,DH-KUR-00029,2024-10-12,APP,Size too small,,REFUNDED
RT000814,O002980,OI0003447,DH-KUR-00090,2026-04-29,APP,Other,"hello, size se chota h jaldi pickup karo",REFUNDED
RT000815,O002983,OI0003450,DH-KID-00506,2026-08-22,WHATSAPP,Size too small,,REFUNDED
RT000816,O002988,OI0003456,DH-MEN-00581,2025-01-02,APP,Size too large,,REFUNDED
RT000817,O003001,OI0003472,DH-CO--00353,2026-03-12,APP,Colour different from image,,REFUNDED
RT000818,O003002,OI0003473,DH-KUR-00113,2025-02-08,APP,Other,rang halka haib ahut,REFUNDED
RT000819,O003003,OI0003474,DH-KUR-00100,2025-12-31,WHATSAPP,Size too small,,REFUNDED
RT000820,O003005,OI0003477,DH-TOP-00260,2026-07-24,APP,Size too large,,REFUNDED
RT000821,O003006,OI0003478,DH-SCH-00489,2025-05-05,APP,Other,hi quality bilkul bekar 🙏,INSPECTED
RT000822,O003007,OI0003479,DH-TOP-00267,2026-09-20,APP,Product damaged,,PICKUP_SCHEDULED
RT000823,O003012,OI0003486,DH-TRA-00591,2025-10-08,APP,Size too small,,REFUNDED
RT000824,O003013,OI0003487,DH-KUR-00105,2026-07-19,APP,Other,"mam bahut late aaya, function nikal gaya pls return",INSPECTED
RT000825,O003025,OI0003501,DH-KID-00444,2026-03-20,APP,Other,"hello, colour mismatch very disappointed",REFUNDED
RT000826,O003026,OI0003502,DH-FRO-00388,2024-12-03,APP,Other,... 🙏,REFUNDED
RT000827,O003039,OI0003518,DH-MEN-00543,2026-03-06,WHATSAPP,Size too large,,PICKUP_SCHEDULED
RT000828,O003049,OI0003530,DH-MEN-00541,2025-01-14,APP,Size too large,,PICKUP_SCHEDULED
RT000829,O003055,OI0003536,DH-FRO-00364,2025-11-03,APP,Colour different from image,,REFUNDED
RT000830,O003056,OI0003537,DH-MEN-00569,2026-09-04,WHATSAPP,Other,BHAIYA QUALITY ACHHI NAHI HAI EXCHANGE NAHI CHAHIYE,REFUNDED
RT000831,O003060,OI0003541,DH-DRE-00247,2025-12-06,WHATSAPP,Product damaged,,REFUNDED
RT000832,O003067,OI0003549,DH-SCH-00474,2025-01-09,APP,Other,sleeves tight hai arms me jaldi pickup karo,REFUNDED
RT000833,O003071,OI0003553,DH-KUR-00068,2026-05-23,WHATSAPP,Size too small,,REFUNDED
RT000834,O003072,OI0003554,DH-PAL-00326,2026-01-31,WHATSAPP,Other,hi mind change ho gaya,REFUNDED
RT000835,O003074,OI0003557,DH-MEN-00549,2026-01-22,APP,Colour different from image,,REFUNDED
RT000836,O003074,OI0003556,DH-DRE-00202,2026-01-21,APP,Other,"hello, ab zarurat nahi hai very disappointed",REFUNDED
RT000837,O003075,OI0003558,DH-KUR-00060,2025-11-17,APP,Size too large,,REFUNDED
RT000838,O003079,OI0003563,DH-KID-00446,2026-05-02,WHATSAPP,Size too small,,REFUNDED
RT000839,O003093,OI0003580,DH-SCH-00479,2025-09-04,APP,Product damaged,,REFUNDED
RT000840,O003095,OI0003582,DH-TOP-00278,2026-02-07,WHATSAPP,Colour different from image,,PICKUP_SCHEDULED
RT000841,O003097,OI0003584,DH-KID-00505,2026-07-08,APP,Size too small,,INSPECTED
RT000842,O003100,OI0003588,DH-MEN-00568,2026-02-20,APP,Quality not as expected,,REFUNDED
RT000843,O003104,OI0003592,DH-MEN-00561,2025-06-25,APP,Size too large,,REFUNDED
RT000844,O003104,OI0003593,DH-FRO-00364,2025-06-23,APP,Size too small,,REFUNDED
RT000845,O003105,OI0003594,DH-FRO-00416,2025-04-01,WHATSAPP,Other,"mam bahut late aaya, functioon nikal gaya refund chahiye",REFUNDED
RT000846,O003107,OI0003596,DH-KUR-00080,2025-07-13,APP,Size too large,,REFUNDED
RT000847,O003108,OI0003597,DH-KUR-00038,2025-07-23,APP,Colour different from image,,REFUNDED
RT000848,O003111,OI0003600,DH-CO--00354,2024-11-05,WHATSAPP,Other,pls theek nahi hi 🙏,REFUNDED
RT000849,O003112,OI0003601,DH-TOP-00300,2026-02-09,APP,Quality not as expected,,REFUNDED
RT000850,O003120,OI0003611,DH-TOP-00272,2025-02-25,APP,Other,hi smallerthan usual size 🙏,REFUNDED
RT000851,O003122,OI0003613,DH-TOP-00300,2025-11-01,APP,Other,length bahut zyada hai !!,REFUNDED
RT000852,O003123,OI0003614,DH-CO--00349,2025-04-04,APP,Other,bhaiya issue hi exchange nahi chahiye,REFUNDED
RT000853,O003124,OI0003615,DH-KID-00435,2026-05-07,APP,Other,sir sleeves tight hai arms me pls return,REFUNDED
RT000854,O003128,OI0003620,DH-FRO-00369,2026-09-08,WHATSAPP,Quality not as expected,,REFUNDED
RT000855,O003134,OI0003627,DH-DRE-00183,2026-03-05,APP,Other,MAM NOT GOOD,REFUNDED
RT000856,O003135,OI0003628,DH-FRO-00419,2025-02-22,APP,Quality not as expected,,REFUNDED
RT000857,O003140,OI0003633,DH-KUR-00163,2026-03-25,APP,Other,"BHAIYA BAHUT LATE AAYA, FUNCTION NIKAL GAYA !!",PICKUP_SCHEDULED
RT000858,O003141,OI0003634,DH-KUR-00059,2026-09-23,APP,Other,sir button toota hua tha,PICKUP_SCHEDULED
RT000859,O003142,OI0003635,DH-KUR-00098,2025-12-21,APP,Colour different from image,,REFUNDED
RT000860,O003145,OI0003638,DH-MEN-00554,2026-09-16,APP,Other,pls bacche ke liye bauht bada hai !!,REFUNDED
RT000861,O003148,OI0003641,DH-TOP-00307,2025-10-24,WHATSAPP,Other,mam pasand nahi aaya,PICKUP_SCHEDULED
RT000862,O003153,OI0003646,DH-KUR-00113,2024-11-07,APP,Size too small,,INSPECTED
RT000863,O003156,OI0003650,DH-KUR-00034,2026-07-12,WHATSAPP,Other,"hello, not good pls return",REFUNDED
RT000864,O003156,OI0003649,DH-MEN-00567,2026-07-09,APP,Other,pls function cancel ho gaya 🙏,INSPECTED
RT000865,O003166,OI0003662,DH-DRE-00214,2026-05-26,APP,Other,"too big, ekdum dheela",PICKUP_SCHEDULED
RT000866,O003169,OI0003666,DH-KUR-00137,2024-10-21,WHATSAPP,Other,hi different design aaya,REFUNDED
RT000867,O003175,OI0003674,DH-DRE-00181,2025-01-07,WHATSAPP,Quality not as expected,,REFUNDED
RT000868,O003179,OI0003678,DH-KUR-00135,2025-04-08,WHATSAPP,Other,pls waist pe nahi aaya !!,REFUNDED
RT000869,O003181,OI0003681,DH-MEN-00542,2025-06-14,APP,Other,late aaya aur packet bhi phata hua,REFUNDED
RT000870,O003182,OI0003682,DH-TOP-00261,2026-08-15,APP,Product damaged,,REFUNDED
RT000871,O003183,OI0003683,DH-CO--00356,2025-12-22,APP,Colour different from image,,REFUNDED
RT000872,O003188,OI0003690,DH-FRO-00409,2025-06-15,WHATSAPP,Size too small,,REFUNDED
RT000873,O003190,OI0003692,DH-DRE-00204,2024-11-29,WHATSAPP,Colour different from image,,REFUNDED
RT000874,O003196,OI0003699,DH-KUR-00016,2024-11-15,WHATSAPP,Other,"bahut late aaya, function nikal  gaya exchange nahi chahiye",REFUNDED
RT000875,O003203,OI0003709,DH-KUR-00115,2026-02-17,APP,Quality not as expected,,REFUNDED
RT000876,O003205,OI0003712,DH-DRE-00193,2026-01-28,APP,Product damaged,,REFUNDED
RT000877,O003208,OI0003716,DH-KID-00526,2024-10-20,APP,Product damaged,,REFUNDED
RT000878,O003210,OI0003718,DH-TOP-00254,2026-08-05,APP,Wrong item received,,REFUNDED
RT000879,O003216,OI0003724,DH-KUR-00043,2026-09-26,APP,Size too small,,PICKUP_SCHEDULED
RT000880,O003220,OI0003728,DH-FRO-00370,2025-07-19,APP,Size too small,,REFUNDED
RT000881,O003224,OI0003732,DH-DRE-00206,2025-01-29,APP,Size too small,,REFUNDED
RT000882,O003227,OI0003736,DH-KUR-00070,2026-01-18,WHATSAPP,Other,late aaya aur packet bhi phata hua,REFUNDED
RT000883,O003228,OI0003737,DH-KUR-00114,2024-12-12,APP,Colour different from image,,INSPECTED
RT000884,O003229,OI0003738,DH-KID-00504,2026-06-18,WHATSAPP,Product damaged,,REFUNDED
RT000885,O003244,OI0003754,DH-TRA-00593,2024-12-13,APP,Size too large,,REFUNDED
RT000886,O003250,OI0003760,DH-KID-00444,2026-07-10,WHATSAPP,Other,bhaiya nahi chahiye bas,INSPECTED
RT000887,O003256,OI0003768,DH-KUR-00137,2025-10-18,APP,Other,colour alag hai aur quality bhi average,REFUNDED
RT000888,O003264,OI0003778,DH-KUR-00138,2026-08-16,APP,Other,sir accidentaly order ho gaya,REFUNDED
RT000889,O003271,OI0003786,DH-FRO-00383,2025-10-19,APP,Product damaged,,REFUNDED
RT000890,O003271,OI0003785,DH-KUR-00031,2025-10-19,APP,Colour different from image,,REFUNDED
RT000891,O003272,OI0003787,DH-KID-00448,2025-04-10,WHATSAPP,Wrong item received,,REFUNDED
RT000892,O003274,OI0003789,DH-KID-00524,2026-06-26,APP,Quality not as expected,,INSPECTED
RT000893,O003275,OI0003790,DH-SCH-00491,2026-02-10,APP,Colour different from image,,INSPECTED
RT000894,O003277,OI0003792,DH-MEN-00559,2025-06-09,APP,Other,bhaiya no 🙏,INSPECTED
RT000895,O003279,OI0003794,DH-DRE-00231,2024-11-28,APP,Other,function cancel ho gaya,REFUNDED
RT000896,O003297,OI0003815,DH-KUR-00149,2025-12-20,APP,Other,sir nahi chahiye bas,REFUNDED
RT000897,O003299,OI0003817,DH-DRE-00217,2025-01-15,WHATSAPP,Other,pls smaller thna usual size,INSPECTED
RT000898,O003302,OI0003821,DH-KUR-00086,2025-04-13,APP,Size too small,,REFUNDED
RT000899,O003303,OI0003822,DH-PAL-00340,2025-02-07,WHATSAPP,Colour different from image,,REFUNDED
RT000900,O003304,OI0003823,DH-KID-00511,2025-09-21,WHATSAPP,Size too small,,REFUNDED
RT000901,O003305,OI0003824,DH-KUR-00030,2025-10-26,APP,Product damaged,,REFUNDED
RT000902,O003307,OI0003826,DH-KUR-00121,2026-03-10,APP,Other,hi acha nahi laga refund chahiye,REFUNDED
RT000903,O003311,OI0003830,DH-SCH-00481,2025-07-21,WHATSAPP,Other,sir fabric cheap lag raha hai !!,REFUNDED
RT000904,O003312,OI0003831,DH-KUR-00039,2026-03-18,APP,Size too large,,REFUNDED
RT000905,O003315,OI0003834,DH-KUR-00043,2025-12-26,APP,Size too small,,REFUNDED
RT000906,O003321,OI0003843,DH-MEN-00585,2025-08-24,APP,Other,m mangaya thab ada aaya refund chahiye,REFUNDED
RT000907,O003328,OI0003850,DH-KID-00422,2026-02-14,APP,Quality not as expected,,REFUNDED
RT000908,O003331,OI0003854,DH-MEN-00566,2025-08-12,APP,Other,bhaiya ...,REFUNDED
RT000909,O003333,OI0003856,DH-DRE-00218,2025-11-25,WHATSAPP,Size too small,,REFUNDED
RT000910,O003336,OI0003859,DH-KUR-00090,2026-03-20,APP,Size too small,,REFUNDED
RT000911,O003344,OI0003867,DH-TOP-00266,2025-10-23,WHATSAPP,Quality not as expected,,PICKUP_SCHEDULED
RT000912,O003345,OI0003868,DH-DRE-00251,2026-01-25,APP,Quality not as expected,,INSPECTED
RT000913,O003348,OI0003872,DH-KID-00521,2026-07-07,APP,Size too small,,REFUNDED
RT000914,O003351,OI0003875,DH-DRE-00221,2026-09-22,APP,Other, ,PICKUP_SCHEDULED
RT000915,O003354,OI0003878,DH-KID-00523,2025-05-25,WHATSAPP,Other,BHAIYA DELIVERY ME 12 DIN LAG GAYE VERY DISAPPOINTED,REFUNDED
RT000916,O003360,OI0003885,DH-TRA-00591,2026-01-16,APP,Size too large,,REFUNDED
RT000917,O003363,OI0003888,DH-FRO-00382,2026-09-04,WHATSAPP,Size too small,,REFUNDED
RT000918,O003370,OI0003896,DH-KUR-00041,2026-08-26,APP,Size too small,,REFUNDED
RT000919,O003375,OI0003901,DH-KID-00517,2026-05-19,WHATSAPP,Size too small,,REFUNDED
RT000920,O003378,OI0003904,DH-DRE-00209,2024-10-15,APP,Quality not as expected,,REFUNDED
RT000921,O003385,OI0003911,DH-KUR-00063,2026-01-17,APP,Quality not as expected,,REFUNDED
RT000922,O003387,OI0003913,DH-TOP-00263,2025-03-20,APP,Other,mam dusri jagah sasta mil gaya,REFUNDED
RT000923,O003390,OI0003917,DH-SCH-00488,2026-07-27,APP,Other,button otota hua tha jaldi pickup karo,REFUNDED
RT000924,O003396,OI0003925,DH-TOP-00295,2025-07-18,APP,Other,hi colour fade sa hai photo jaisa ahi,REFUNDED
RT000925,O003401,OI0003930,DH-MEN-00575,2025-06-12,WHATSAPP,Colour different from image,,REFUNDED
RT000926,O003403,OI0003932,DH-KUR-00148,2026-06-05,APP,Other,mam pls return,PICKUP_SCHEDULED
RT000927,O003405,OI0003934,DH-KID-00421,2025-10-24,WHATSAPP,Other,late aaya aur packet bhi phata hua,REFUNDED
RT000928,O003411,OI0003940,DH-DRE-00250,2026-06-11,APP,Quality not as expected,,REFUNDED
RT000929,O003413,OI0003942,DH-KID-00528,2024-10-31,WHATSAPP,Size too large,,REFUNDED
RT000930,O003414,OI0003944,DH-KUR-00043,2026-02-14,APP,Other,bada hai and colour bhi photo jaisa nahi,REFUNDED
RT000931,O003415,OI0003945,DH-KUR-00125,2024-11-05,APP,Product damaged,,REFUNDED
RT000932,O003419,OI0003950,DH-KUR-00004,2026-02-25,APP,Other,"hello, material not as described, ye cotton nahi lagta",REFUNDED
RT000933,O003421,OI0003953,DH-SCH-00463,2026-03-25,APP,Other,reurn refund chahiye,REFUNDED
RT000934,O003429,OI0003961,DH-KUR-00049,2026-08-29,APP,Other,bhaiya issue hai pls return,REFUNDED
RT000935,O003436,OI0003968,DH-KID-00460,2026-08-03,APP,Size too large,,REFUNDED
RT000936,O003437,OI0003969,DH-KUR-00006,2025-05-15,WHATSAPP,Other,"mam late delivery, mehndi ke baad aaya",REFUNDED
RT000937,O003440,OI0003973,DH-KUR-00133,2024-11-19,APP,Size too small,,REFUNDED
RT000938,O003441,OI0003974,DH-FRO-00374,2025-03-21,WHATSAPP,Other,pls dusri jagah sasta mil gaya jaldi pickup karo,REFUNDED
RT000939,O003444,OI0003977,DH-KUR-00041,2026-07-26,APP,Size too small,,INSPECTED
RT000940,O003455,OI0003990,DH-KUR-00154,2026-05-09,WHATSAPP,Other,"pls giftt ha, unko pasand nahi aaya",REFUNDED
RT000941,O003456,OI0003991,DH-PAL-00342,2025-09-30,APP,Size too small,,REFUNDED
RT000942,O003462,OI0003997,DH-KUR-00137,2026-07-09,APP,Other,hi mustard ola tha ye to green yellow hai exchange nahi chahiye,REFUNDED
RT000943,O003463,OI0003998,DH-KUR-00029,2024-11-26,WHATSAPP,Other,mam mummy ko pasand nahi aaya,REFUNDED
RT000944,O003466,OI0004002,DH-TOP-00297,2026-04-20,APP,Colour different from image,,REFUNDED
RT000945,O003466,OI0004001,DH-TOP-00303,2026-04-18,WHATSAPP,Other,bhaiya very thin cloth,REFUNDED
RT000946,O003469,OI0004006,DH-KUR-00164,2025-10-09,APP,Size too small,,REFUNDED
RT000947,O003469,OI0004005,DH-KUR-00146,2025-10-08,APP,Other,color is different from image !!,REFUNDED
RT000948,O003473,OI0004011,DH-FRO-00411,2025-07-01,APP,Colour different from image,,REFUNDED
RT000949,O003480,OI0004020,DH-KUR-00028,2026-03-07,WHATSAPP,Other,pls 😞 exchange nahi chahiye,REFUNDED
RT000950,O003482,OI0004023,DH-SCH-00480,2026-01-07,APP,Other,no,REFUNDED
RT000951,O003483,OI0004024,DH-DRE-00190,2025-04-10,APP,Other,bhaiya 😞 very disappointed,REFUNDED
RT000952,O003485,OI0004026,DH-KUR-00035,2025-04-16,APP,Other,sir accidentally order ho gaya,REFUNDED
RT000953,O003492,OI0004035,DH-TRA-00595,2025-11-04,APP,Size too small,,REFUNDED
RT000954,O003492,OI0004034,DH-KID-00422,2025-11-08,APP,Other,"hello, length bhi kam hai aur tight bhi 🙏",REFUNDED
RT000955,O003497,OI0004040,DH-KID-00454,2025-04-11,APP,Other,waist pe nahi aaya jaldi pickup karo,PICKUP_SCHEDULED
RT000956,O003500,OI0004044,DH-SCH-00491,2026-04-15,APP,Other,"SIR STITCHING KHARAB HAI, DAAGE NIKAL RAHE",REFUNDED
RT000957,O003501,OI0004045,DH-DRE-00244,2026-06-19,APP,Other,hi silai khuli hui thi aate hi,REFUNDED
RT000958,O003504,OI0004048,DH-DRE-00242,2026-03-16,APP,Size too small,,PICKUP_SCHEDULED
RT000959,O003505,OI0004049,DH-KUR-00138,2026-08-09,APP,Size too small,,REFUNDED
RT000960,O003507,OI0004051,DH-DRE-00198,2025-07-02,APP,Other,isssue hai jaldi pickup karo,REFUNDED
RT000961,O003508,OI0004052,DH-FRO-00409,2026-01-06,APP,Quality not as expected,,REFUNDED
RT000962,O003512,OI0004056,DH-KUR-00097,2025-02-15,WHATSAPP,Colour different from image,,REFUNDED
RT000963,O003513,OI0004057,DH-SCH-00494,2026-04-19,APP,Product damaged,,REFUNDED
RT000964,O003515,OI0004059,DH-KUR-00039,2024-12-25,APP,Other,SIR SIZE CHART SE BADANIKLA REFUND CHAHIYE,REFUNDED
RT000965,O003516,OI0004060,DH-KUR-00149,2024-12-14,APP,Other,"HELLO, SIEZ CHOTA HAI REFUND CHAHIYE",REFUNDED
RT000966,O003521,OI0004066,DH-TRA-00600,2026-05-03,APP,Other,"hello, chhota aa gaya, size chart galat hai !!",REFUNDED
RT000967,O003522,OI0004067,DH-KID-00528,2025-02-10,APP,Colour different from image,,REFUNDED
RT000968,O003537,OI0004084,DH-KUR-00137,2026-04-08,WHATSAPP,Other,delivery me 12 din lag gaye 🙏,REFUNDED
RT000969,O003539,OI0004086,DH-MEN-00568,2026-05-20,APP,Other,function cance ho gaya jaldi pickup karo,REFUNDED
RT000970,O003540,OI0004088,DH-MEN-00578,2026-04-02,APP,Size too small,,REFUNDED
RT000971,O003545,OI0004094,DH-MEN-00585,2025-11-25,APP,Quality not as expected,,REFUNDED
RT000972,O003553,OI0004102,DH-KID-00540,2026-06-03,APP,Product damaged,,REFUNDED
RT000973,O003559,OI0004109,DH-SCH-00489,2026-09-08,APP,Other,pasand nahi aaya 🙏,REFUNDED
RT000974,O003560,OI0004110,DH-KUR-00174,2025-12-18,APP,Other,FUNCITON CANCEL HO GAYA 🙏,REFUNDED
RT000975,O003566,OI0004117,DH-SCH-00474,2025-03-21,APP,Product damaged,,REFUNDED
RT000976,O003568,OI0004119,DH-KUR-00057,2026-01-05,APP,Size too small,,REFUNDED
RT000977,O003573,OI0004125,DH-FRO-00376,2026-01-26,APP,Size too large,,REFUNDED
RT000978,O003574,OI0004126,DH-SCH-00476,2026-01-15,APP,Size too large,,REFUNDED
RT000979,O003582,OI0004134,DH-DRE-00231,2025-03-08,APP,Size too small,,REFUNDED
RT000980,O003587,OI0004142,DH-PAL-00328,2024-12-16,APP,Size too large,,REFUNDED
RT000981,O003588,OI0004143,DH-FRO-00419,2024-10-31,WHATSAPP,Wrong item received,,REFUNDED
RT000982,O003589,OI0004146,DH-KUR-00034,2025-03-08,APP,Size too small,,REFUNDED
RT000983,O003592,OI0004149,DH-SCH-00477,2026-08-17,APP,Other,"pls size m bahut tight hai, l lena padega very disappointed",REFUNDED
RT000984,O003596,OI0004153,DH-SCH-00495,2026-03-01,APP,Colour different from image,,REFUNDED
RT000985,O003598,OI0004155,DH-SCH-00476,2025-11-03,WHATSAPP,Other,packet geela tha kapda kharab !!,REFUNDED
RT000986,O003600,OI0004158,DH-KUR-00112,2025-08-04,APP,Other,"sir loose fitting, mere size ka nahi lagta exchange nahi chahiye",REFUNDED
RT000987,O003605,OI0004163,DH-KUR-00066,2026-03-03,WHATSAPP,Quality not as expected,,REFUNDED
RT000988,O003606,OI0004164,DH-MEN-00541,2025-03-21,APP,Other,.,REFUNDED
RT000989,O003607,OI0004165,DH-KID-00428,2024-12-06,APP,Size too small,,REFUNDED
RT000990,O003608,OI0004166,DH-MEN-00581,2025-02-16,APP,Size too large,,REFUNDED
RT000991,O003610,OI0004168,DH-KUR-00027,2026-08-31,APP,Size too small,,REFUNDED
RT000992,O003615,OI0004174,DH-DRE-00231,2024-11-29,APP,Other,pls button toota hua tha jaldi pickup karo,REFUNDED
RT000993,O003624,OI0004184,DH-TOP-00284,2025-07-02,APP,Other,fabric rough hai skin pe chubhta hai pls return,INSPECTED
RT000994,O003625,OI0004185,DH-DRE-00185,2026-05-10,WHATSAPP,Size too small,,REFUNDED
RT000995,O003626,OI0004186,DH-FRO-00386,2026-01-01,WHATSAPP,Other,hi image me bright tha real me dull hai 🙏,INSPECTED
RT000996,O003638,OI0004198,DH-DRE-00210,2025-12-17,APP,Other,hi not as expected refund chahiye,REFUNDED
RT000997,O003639,OI0004199,DH-TOP-00268,2026-03-26,APP,Other,"MAM MATERIAL NOT AS DESCRIBED, YE COTTON NAHI LAGTA EXCHANGE NAHI CHAHIYE",REFUNDED
RT000998,O003644,OI0004204,DH-KUR-00083,2025-07-05,WHATSAPP,Other,hi issue hai refund chahiye,REFUNDED
RT000999,O003651,OI0004212,DH-KUR-00020,2026-05-27,WHATSAPP,Colour different from image,,REFUNDED
RT001000,O003652,OI0004213,DH-KID-00441,2025-08-19,APP,Other,-,PICKUP_SCHEDULED
RT001001,O003656,OI0004218,DH-DRE-00184,2026-06-27,APP,Size too large,,REFUNDED
RT001002,O003657,OI0004219,DH-DRE-00188,2025-05-05,APP,Other,function cncel ho gaya,INSPECTED
RT001003,O003661,OI0004223,DH-MEN-00545,2026-02-01,APP,Quality not as expected,,INSPECTED
RT001004,O003665,OI0004227,DH-KUR-00136,2026-05-14,WHATSAPP,Size too small,,INSPECTED
RT001005,O003665,OI0004228,DH-TOP-00291,2026-05-19,WHATSAPP,Other,sir size bada hai jaldi pickup karo,REFUNDED
RT001006,O003667,OI0004230,DH-KUR-00153,2025-01-17,APP,Other,pls nahi chahiy ebas refund chahiye,REFUNDED
RT001007,O003668,OI0004231,DH-KUR-00042,2026-09-15,WHATSAPP,Wrong item received,,REFUNDED
RT001008,O003673,OI0004237,DH-TOP-00277,2025-11-23,APP,Size too small,,PICKUP_SCHEDULED
RT001009,O003677,OI0004242,DH-KUR-00048,2026-06-02,WHATSAPP,Quality not as expected,,REFUNDED
RT001010,O003682,OI0004249,DH-KUR-00092,2026-01-28,APP,Size too large,,REFUNDED
RT001011,O003688,OI0004256,DH-DRE-00243,2025-12-22,APP,Quality not as expected,,REFUNDED
RT001012,O003698,OI0004272,DH-DRE-00196,2026-05-19,APP,Other,"gift tha, unko pasand nahi aaya exchange nahi chahiye",REFUNDED
RT001013,O003701,OI0004275,DH-TRA-00595,2025-01-14,WHATSAPP,Other,colour alag hai photo se refund chahiye,REFUNDED
RT001014,O003703,OI0004277,DH-KUR-00119,2026-04-30,APP,Other,function cancel ho gaya jaldi pickup karo,REFUNDED
RT001015,O003711,OI0004285,DH-KID-00458,2025-05-22,WHATSAPP,Size too small,,REFUNDED
RT001016,O003712,OI0004286,DH-MEN-00583,2026-08-22,APP,Quality not as expected,,REFUNDED
RT001017,O003713,OI0004287,DH-SCH-00468,2025-09-16,APP,Other,hi beti ke liye liya tha chhota pad gaya pls return,REFUNDED
RT001018,O003718,OI0004292,DH-FRO-00365,2025-04-17,WHATSAPP,Product damaged,,REFUNDED
RT001019,O003722,OI0004297,DH-KUR-00103,2026-04-30,APP,Size too large,,REFUNDED
RT001020,O003724,OI0004299,DH-DRE-00197,2026-05-03,APP,Quality not as expected,,REFUNDED
RT001021,O003737,OI0004312,DH-TOP-00273,2025-12-08,WHATSAPP,Size too large,,REFUNDED
RT001022,O003749,OI0004324,DH-FRO-00374,2026-09-15,APP,Wrong item received,,REFUNDED
RT001023,O003754,OI0004330,DH-KUR-00180,2024-10-21,APP,Wrong item received,,REFUNDED
RT001024,O003754,OI0004329,DH-KUR-00105,2024-10-21,WHATSAPP,Size too small,,INSPECTED
RT001025,O003762,OI0004340,DH-KUR-00177,2026-08-03,WHATSAPP,Size too small,,INSPECTED
RT001026,O003762,OI0004341,DH-KUR-00118,2026-07-30,APP,Quality not as expected,,REFUNDED
RT001027,O003771,OI0004351,DH-KUR-00136,2025-11-16,APP,Size too large,,REFUNDED
RT001028,O003779,OI0004362,DH-MEN-00576,2025-11-30,APP,Other,"hello, button toota hua tha exchange nahi chahiye",REFUNDED
RT001029,O003780,OI0004363,DH-KUR-00124,2025-02-13,APP,Size too small,,REFUNDED
RT001030,O003782,OI0004365,DH-PAL-00315,2026-09-11,WHATSAPP,Other,sir oversized lag raha hai jabki regular fit likha tha exchange nahi chahiye,REFUNDED
RT001031,O003783,OI0004366,DH-KUR-00002,2026-09-25,APP,Size too small,,PICKUP_SCHEDULED
RT001032,O003784,OI0004368,DH-KUR-00043,2025-09-19,APP,Size too small,,INSPECTED
RT001033,O003794,OI0004382,DH-KUR-00180,2025-08-27,APP,Wrong item received,,REFUNDED
RT001034,O003801,OI0004390,DH-SCH-00494,2026-06-01,APP,Size too small,,INSPECTED
RT001035,O003802,OI0004391,DH-KUR-00109,2026-07-11,APP,Size too large,,REFUNDED
RT001036,O003804,OI0004393,DH-SCH-00471,2025-03-01,APP,Size too small,,PICKUP_SCHEDULED
RT001037,O003815,OI0004406,DH-CO--00349,2026-09-12,APP,Other,"fabric achha nahi, fitting bhi tight",REFUNDED
RT001038,O003816,OI0004407,DH-DRE-00216,2026-08-26,APP,Other,bhaiya time pe nahi aaya to ab kya karu refund chahiye,REFUNDED
RT001039,O003820,OI0004411,DH-KUR-00140,2026-08-17,APP,Size too large,,REFUNDED
RT001040,O003821,OI0004412,DH-FRO-00418,2025-02-03,APP,Size too large,,PICKUP_SCHEDULED
RT001041,O003823,OI0004415,DH-KUR-00114,2024-12-05,APP,Other,hi bacche ke liye bahut bada hai,INSPECTED
RT001042,O003826,OI0004418,DH-DRE-00216,2026-09-23,APP,Size too small,,PICKUP_SCHEDULED
RT001043,O003829,OI0004422,DH-DRE-00209,2024-11-01,WHATSAPP,Colour different from image,,REFUNDED
RT001044,O003830,OI0004423,DH-KID-00528,2024-11-24,APP,Colour different from image,,REFUNDED
RT001045,O003831,OI0004425,DH-SCH-00489,2026-04-21,APP,Other,mam function cancel ho gaya refund chahiye,REFUNDED
RT001046,O003832,OI0004426,DH-KUR-00112,2024-11-09,WHATSAPP,Size too small,,REFUNDED
RT001047,O003835,OI0004430,DH-DRE-00212,2026-07-23,WHATSAPP,Other,dusri jagah sasta mil gaya,REFUNDED
RT001048,O003837,OI0004433,DH-KUR-00140,2026-01-03,WHATSAPP,Size too large,,REFUNDED
RT001049,O003842,OI0004440,DH-FRO-00409,2025-05-30,APP,Other,TIME PE NAH IAAYA TO AB KYA KARU REFUND CHAHIYE,PICKUP_SCHEDULED
RT001050,O003843,OI0004441,DH-MEN-00543,2026-04-01,APP,Other,tight hai,REFUNDED
RT001051,O003844,OI0004442,DH-KID-00462,2024-11-22,WHATSAPP,Product damaged,,REFUNDED
RT001052,O003848,OI0004446,DH-KUR-00078,2026-03-19,APP,Other,"fabric achha nahi, fitting bhi tight",REFUNDED
RT001053,O003848,OI0004447,DH-MEN-00575,2026-03-25,APP,Colour different from image,,REFUNDED
RT001054,O003849,OI0004448,DH-FRO-00411,2026-07-04,WHATSAPP,Other, ,REFUNDED
RT001055,O003857,OI0004457,DH-KID-00428,2025-08-16,APP,Other,bhaiya image me bright tha real me dull hai exchange nahi chahiye,REFUNDED
RT001056,O003861,OI0004461,DH-TOP-00307,2025-07-25,WHATSAPP,Quality not as expected,,PICKUP_SCHEDULED
RT001057,O003863,OI0004463,DH-FRO-00383,2026-02-24,APP,Size too large,,REFUNDED
RT001058,O003864,OI0004465,DH-KUR-00021,2024-12-25,WHATSAPP,Product damaged,,REFUNDED
RT001059,O003872,OI0004475,DH-KID-00507,2025-02-11,APP,Product damaged,,REFUNDED
RT001060,O003876,OI0004480,DH-KUR-00112,2024-10-24,APP,Colour different from image,,REFUNDED
RT001061,O003882,OI0004487,DH-KID-00532,2026-03-06,APP,Size too large,,REFUNDED
RT001062,O003883,OI0004488,DH-KUR-00003,2026-07-20,APP,Other,"HELLO, OVERSIZED LAG RAHA AI JABKI REGULAR FIT LIKHA THA",PICKUP_SCHEDULED
RT001063,O003890,OI0004495,DH-SCH-00474,2025-01-05,APP,Other,hi nahi chahiye bas exchange nahi chahiye,PICKUP_SCHEDULED
RT001064,O003892,OI0004497,DH-KUR-00142,2026-07-30,APP,Other,pls color is different from image refund chahiye,REFUNDED
RT001065,O003895,OI0004500,DH-KID-00434,2026-08-25,WHATSAPP,Size too small,,REFUNDED
RT001066,O003897,OI0004502,DH-KUR-00141,2026-06-04,APP,Size too large,,REFUNDED
RT001067,O003899,OI0004505,DH-TRA-00589,2025-10-11,APP,Quality not as expected,,REFUNDED
RT001068,O003904,OI0004511,DH-KUR-00020,2025-09-05,APP,Size too small,,REFUNDED
RT001069,O003909,OI0004517,DH-SCH-00481,2026-09-19,APP,Wrong item received,,PICKUP_SCHEDULED
RT001070,O003917,OI0004527,DH-KUR-00035,2025-01-10,APP,Quality not as expected,,INSPECTED
RT001071,O003920,OI0004530,DH-MEN-00560,2025-06-10,APP,Other,अच्छा नहीं लगा,REFUNDED
RT001072,O003921,OI0004531,DH-FRO-00399,2025-06-17,APP,Size too large,,REFUNDED
RT001073,O003922,OI0004532,DH-KUR-00057,2026-05-23,APP,Size too large,,REFUNDED
RT001074,O003926,OI0004536,DH-PAL-00326,2025-12-31,WHATSAPP,Other,"bhaiya wrong size bheja ,M order kiya tha XL aaya !!",REFUNDED
RT001075,O003927,OI0004537,DH-KID-00431,2025-04-17,APP,Product damaged,,REFUNDED
RT001076,O003928,OI0004538,DH-KUR-00130,2026-03-26,APP,Colour different from image,,PICKUP_SCHEDULED
RT001077,O003934,OI0004544,DH-DRE-00192,2025-10-25,APP,Wrong item received,,REFUNDED
RT001078,O003940,OI0004552,DH-KUR-00088,2024-11-09,APP,Other,"pls late delivery, mehndi ke baad aaya refund chahiye",PICKUP_SCHEDULED
RT001079,O003942,OI0004554,DH-KUR-00034,2025-11-20,APP,Size too large,,REFUNDED
RT001080,O003943,OI0004555,DH-MEN-00561,2024-10-24,APP,Other,hi ye wala shade nahi tha website pe,REFUNDED
RT001081,O003945,OI0004558,DH-KID-00444,2025-12-06,WHATSAPP,Other,mam length bhi kam hai aur tight bhi pls return,INSPECTED
RT001082,O003951,OI0004564,DH-DRE-00228,2025-10-15,WHATSAPP,Other,size chota hai aur kapda bhi patla,PICKUP_SCHEDULED
RT001083,O003952,OI0004565,DH-KUR-00113,2026-02-20,APP,Other,fitting bahut tight hai yaar 🙏,REFUNDED
RT001084,O003955,OI0004568,DH-MEN-00542,2025-11-30,WHATSAPP,Other,PLS SIZE CHOAT HAI,REFUNDED
RT001085,O003956,OI0004569,DH-FRO-00418,2025-10-09,APP,Colour different from image,,REFUNDED
RT001086,O003964,OI0004577,DH-KUR-00098,2025-11-15,APP,Other,"hello, delivery me 12 din lag gaye 🙏",REFUNDED
RT001087,O003965,OI0004578,DH-SCH-00479,2026-03-08,WHATSAPP,Other,hi too loose a waist !!,PICKUP_SCHEDULED
RT001088,O003967,OI0004580,DH-KUR-00048,2026-04-25,APP,Size too large,,REFUNDED
RT001089,O003970,OI0004584,DH-DRE-00203,2025-04-08,WHATSAPP,Product damaged,,REFUNDED
RT001090,O003973,OI0004587,DH-KID-00513,2025-10-16,APP,Other,late aaya aur packet bhi phata hua,REFUNDED
RT001091,O003974,OI0004588,DH-KUR-00041,2026-05-29,APP,Size too small,,REFUNDED
RT001092,O003976,OI0004591,DH-KID-00526,2024-12-11,APP,Other,mind change ho gaya !!,REFUNDED
RT001093,O003978,OI0004593,DH-KUR-00056,2025-10-13,WHATSAPP,Size too large,,REFUNDED
RT001094,O003984,OI0004599,DH-KID-00522,2026-04-09,APP,Product damaged,,REFUNDED
RT001095,O003991,OI0004609,DH-CO--00349,2026-02-23,APP,Size too large,,INSPECTED
RT001096,O003997,OI0004617,DH-TRA-00596,2026-09-18,APP,Other,"hello, zip kaam nahi kar rahi exchange nahi chahiye",PICKUP_SCHEDULED
RT001097,O003999,OI0004620,DH-TOP-00265,2026-03-13,WHATSAPP,Wrong item received,,REFUNDED
RT001098,O004003,OI0004624,DH-FRO-00404,2025-11-22,APP,Size too large,,REFUNDED
RT001099,O004006,OI0004628,DH-TRA-00597,2025-12-26,WHATSAPP,Size too large,,REFUNDED
RT001100,O004013,OI0004637,DH-KUR-00114,2024-10-25,WHATSAPP,Colour different from image,,REFUNDED
RT001101,O004014,OI0004639,DH-MEN-00568,2025-07-29,APP,Size too small,,REFUNDED
RT001102,O004015,OI0004640,DH-KUR-00047,2025-01-05,APP,Other,mam size chota hai,REFUNDED
RT001103,O004015,OI0004641,DH-TOP-00285,2025-01-06,APP,Other,"fabric achha nahi, fitting bhi tight",REFUNDED
RT001104,O004018,OI0004644,DH-KUR-00143,2025-07-13,APP,Size too small,,REFUNDED
RT001105,O004019,OI0004645,DH-TOP-00272,2025-06-12,APP,Size too large,,REFUNDED
RT001106,O004022,OI0004648,DH-KUR-00123,2025-06-19,WHATSAPP,Size too small,,REFUNDED
RT001107,O004024,OI0004650,DH-MEN-00557,2025-03-16,WHATSAPP,Other,bhaiya pehli dhulai me shrink ho gaya exchange nahi chahiye,INSPECTED
RT001108,O004029,OI0004655,DH-KUR-00120,2026-04-20,APP,Size too small,,REFUNDED
RT001109,O004031,OI0004657,DH-DRE-00247,2025-11-13,WHATSAPP,Other,too loose at wiast,REFUNDED
RT001110,O004037,OI0004664,DH-TRA-00598,2026-06-16,APP,Other,"SIZE SMALL AAYA, MERA REGULAR M H",REFUNDED
RT001111,O004037,OI0004663,DH-KUR-00140,2026-06-15,WHATSAPP,Other,MAM रंग फोटो  से अलग है,INSPECTED
RT001112,O004037,OI0004665,DH-KUR-00060,2026-06-15,APP,Other,hi ok very disappointed,REFUNDED
RT001113,O004042,OI0004670,DH-KUR-00141,2025-04-24,APP,Size too small,,REFUNDED
RT001114,O004046,OI0004675,DH-TOP-00301,2026-01-12,APP,Colour different from image,,INSPECTED
RT001115,O004047,OI0004676,DH-DRE-00181,2025-05-25,APP,Quality not as expected,,REFUNDED
RT001116,O004054,OI0004684,DH-MEN-00581,2024-11-23,APP,Other,bhaiya ok !!,INSPECTED
RT001117,O004057,OI0004687,DH-FRO-00395,2026-05-22,APP,Other,hi tght hai !!,REFUNDED
RT001118,O004059,OI0004689,DH-KID-00502,2025-04-03,APP,Other,hi see through hai kapda very disappointed,REFUNDED
RT001119,O004060,OI0004691,DH-KID-00421,2026-03-13,APP,Size too small,,REFUNDED
RT001120,O004069,OI0004700,DH-KUR-00123,2025-07-13,APP,Other,sir size chart se bad anikla jaldi pickup karo,REFUNDED
RT001121,O004073,OI0004706,DH-SCH-00489,2024-10-21,WHATSAPP,Size too small,,REFUNDED
RT001122,O004075,OI0004708,DH-TRA-00591,2026-04-02,WHATSAPP,Colour different from image,,INSPECTED
RT001123,O004078,OI0004711,DH-MEN-00560,2025-10-11,WHATSAPP,Colour different from image,,REFUNDED
RT001124,O004079,OI0004712,DH-SCH-00464,2026-05-21,WHATSAPP,Size too large,,REFUNDED
RT001125,O004086,OI0004719,DH-KID-00534,2025-12-30,APP,Colour different from image,,REFUNDED
RT001126,O004092,OI0004728,DH-KUR-00054,2025-09-23,APP,Other,sir too loose a waist exchange nahi chahiye,REFUNDED
RT001127,O004092,OI0004727,DH-FRO-00374,2025-09-19,WHATSAPP,Colour different from image,,REFUNDED
RT001128,O004096,OI0004734,DH-KUR-00069,2026-08-17,APP,Other,size chota hai aur kapda bhi patla,PICKUP_SCHEDULED
RT001129,O004097,OI0004735,DH-MEN-00577,2026-05-01,APP,Size too small,,REFUNDED
RT001130,O004099,OI0004738,DH-MEN-00546,2025-04-04,APP,Other,"HELLO, AB ZARURAT NHAI HAI REFUND CHAHIYE",PICKUP_SCHEDULED
RT001131,O004100,OI0004739,DH-MEN-00547,2025-11-09,APP,Size too small,,REFUNDED
RT001132,O004101,OI0004740,DH-KUR-00105,2025-08-19,APP,Other,"HELLO, TOO LOOSE AT WAIST 🙏",REFUNDED
RT001133,O004112,OI0004753,DH-KUR-00025,2026-01-09,APP,Colour different from image,,INSPECTED
RT001134,O004116,OI0004757,DH-PAL-00319,2025-12-31,APP,Size too small,,REFUNDED
RT001135,O004120,OI0004761,DH-KID-00499,2025-10-21,APP,Other,-,REFUNDED
RT001136,O004124,OI0004767,DH-KID-00423,2026-06-26,WHATSAPP,Other,"sir wrong size bheaj, M order kiya tha XL aaya very disappointed",REFUNDED
RT001137,O004128,OI0004771,DH-KUR-00166,2025-09-29,APP,Size too small,,REFUNDED
RT001138,O004129,OI0004772,DH-KUR-00068,2026-06-26,WHATSAPP,Quality not as expected,,REFUNDED
RT001139,O004137,OI0004781,DH-TOP-00281,2026-05-15,APP,Other,hi damaged piece received jaldi pickup karo,INSPECTED
RT001140,O004141,OI0004785,DH-KUR-00066,2025-08-14,WHATSAPP,Wrong item received,,REFUNDED
RT001141,O004144,OI0004788,DH-PAL-00316,2026-04-02,APP,Other,sir acha nahi laga exchange nahi chahiye,REFUNDED
RT001142,O004145,OI0004789,DH-KUR-00020,2026-04-01,APP,Other,mam ab zarurat nahi hai,REFUNDED
RT001143,O004146,OI0004790,DH-MEN-00545,2025-11-30,APP,Colour different from image,,REFUNDED
RT001144,O004147,OI0004791,DH-KUR-00098,2026-09-16,WHATSAPP,Size too small,,INSPECTED
RT001145,O004154,OI0004798,DH-SCH-00491,2026-03-04,WHATSAPP,Colour different from image,,REFUNDED
RT001146,O004156,OI0004802,DH-KUR-00048,2026-03-26,APP,Other,time pe nahi aaya to ab kya karu jaldi pickup karo,REFUNDED
RT001147,O004160,OI0004806,DH-KID-00450,2026-05-13,WHATSAPP,Other,sir mind change hogaya very disappointed,REFUNDED
RT001148,O004165,OI0004812,DH-SCH-00491,2025-11-03,APP,Wrong item received,,REFUNDED
RT001149,O004171,OI0004821,DH-KUR-00112,2024-12-05,WHATSAPP,Other,hi nahi chahiye bas 🙏,INSPECTED
RT001150,O004180,OI0004830,DH-KUR-00180,2025-01-28,APP,Size too small,,REFUNDED
RT001151,O004185,OI0004835,DH-KID-00457,2025-07-07,APP,Other,sir M mangaya tha bada aaya jaldi pickup karo,REFUNDED
RT001152,O004190,OI0004841,DH-KUR-00033,2026-05-21,WHATSAPP,Size too small,,REFUNDED
RT001153,O004191,OI0004842,DH-KUR-00066,2026-07-29,APP,Colour different from image,,REFUNDED
RT001154,O004197,OI0004849,DH-KUR-00071,2026-05-03,APP,Other,NOT GOD REFUND CHAHIYE,REFUNDED
RT001155,O004198,OI0004850,DH-KUR-00113,2024-10-16,APP,Size too large,,REFUNDED
RT001156,O004203,OI0004855,DH-KID-00536,2025-04-05,APP,Size too small,,REFUNDED
RT001157,O004204,OI0004856,DH-KUR-00080,2025-10-27,WHATSAPP,Product damaged,,REFUNDED
RT001158,O004205,OI0004857,DH-FRO-00418,2025-05-28,APP,Other,size chota hai aur kapda bhi patla,REFUNDED
RT001159,O004209,OI0004862,DH-KUR-00158,2026-06-29,WHATSAPP,Other,"late delivery, mehndi ke baad aaya refund chahiye",REFUNDED
RT001160,O004212,OI0004867,DH-TRA-00593,2024-12-04,APP,Other,"Size small aaya, mera regular M h 🙏",REFUNDED
RT001161,O004214,OI0004869,DH-FRO-00382,2026-03-29,WHATSAPP,Wrong item received,,INSPECTED
RT001162,O004215,OI0004870,DH-KUR-00093,2024-12-05,APP,Other,hi tight hai jaldi pickup karo,INSPECTED
RT001163,O004215,OI0004871,DH-KID-00428,2024-12-01,APP,Wrong item received,,REFUNDED
RT001164,O004221,OI0004878,DH-TOP-00272,2024-10-21,WHATSAPP,Size too large,,REFUNDED
RT001165,O004222,OI0004879,DH-MEN-00564,2026-08-30,WHATSAPP,Other,"hello, dont need it anymore",INSPECTED
RT001166,O004227,OI0004884,DH-CO--00354,2025-04-20,APP,Size too small,,REFUNDED
RT001167,O004230,OI0004888,DH-KUR-00094,2026-07-06,APP,Other,.,REFUNDED
RT001168,O004230,OI0004889,DH-KUR-00022,2026-07-10,APP,Other,shoulders gir rahe hain itna loose jaldi pickup karo,REFUNDED
RT001169,O004230,OI0004887,DH-SCH-00467,2026-07-07,APP,Other,late aaya aur packet bhi phata hua,REFUNDED
RT001170,O004232,OI0004892,DH-KID-00444,2025-11-29,APP,Wrong item received,,REFUNDED
RT001171,O004234,OI0004894,DH-DRE-00208,2025-09-29,WHATSAPP,Size too small,,REFUNDED
RT001172,O004237,OI0004897,DH-KUR-00033,2026-03-12,APP,Other,mind change ho gaya exchange nahi chahiye,INSPECTED
RT001173,O004238,OI0004898,DH-KUR-00177,2025-12-19,APP,Other,delivery me 12 din lag gaye,REFUNDED
RT001174,O004248,OI0004909,DH-KUR-00008,2024-11-04,APP,Other,"hello, sam as before !!",PICKUP_SCHEDULED
RT001175,O004253,OI0004915,DH-TOP-00276,2025-05-03,APP,Other,"chhota aa gaya, size chart galat hai jaldi pickup karo",REFUNDED
RT001176,O004260,OI0004925,DH-FRO-00414,2026-07-25,WHATSAPP,Other,"pls Size small aaya, mera regular M h !!",REFUNDED
RT001177,O004262,OI0004927,DH-DRE-00238,2026-08-22,WHATSAPP,Quality not as expected,,REFUNDED
RT001178,O004265,OI0004932,DH-KID-00503,2024-12-01,APP,Size too large,,REFUNDED
RT001179,O004266,OI0004933,DH-KUR-00040,2026-08-22,APP,Quality not as expected,,REFUNDED
RT001180,O004269,OI0004936,DH-KID-00444,2025-12-02,APP,Quality not as expected,,REFUNDED
RT001181,O004271,OI0004938,DH-KUR-00180,2024-11-29,WHATSAPP,Other,hi theek nahi hai 🙏,PICKUP_SCHEDULED
RT001182,O004275,OI0004942,DH-FRO-00400,2026-09-16,APP,Colour different from image,,REFUNDED
RT001183,O004285,OI0004952,DH-DRE-00242,2026-05-27,WHATSAPP,Other,size se chota h pls return,INSPECTED
RT001184,O004287,OI0004954,DH-KID-00445,2024-12-14,APP,Other,.,REFUNDED
RT001185,O004289,OI0004956,DH-KUR-00054,2026-01-16,APP,Size too small,,REFUNDED
RT001186,O004292,OI0004959,DH-FRO-00368,2025-08-28,APP,Other,pls delivery me 12 din lag gaye exchange nahi chahiye,REFUNDED
RT001187,O004295,OI0004964,DH-KUR-00028,2026-02-23,APP,Size too large,,REFUNDED
RT001188,O004297,OI0004966,DH-KUR-00036,2025-10-26,APP,Other,bhaiya length bhi kam hai aur tight bhi jaldi pickup karo,REFUNDED
RT001189,O004299,OI0004968,DH-KUR-00135,2025-07-15,WHATSAPP,Other,delivery me 12 din lag gaye !!,INSPECTED
RT001190,O004302,OI0004971,DH-DRE-00244,2025-03-27,WHATSAPP,Quality not as expected,,REFUNDED
RT001191,O004303,OI0004972,DH-KUR-00112,2026-05-12,APP,Other,theek nahi hai,PICKUP_SCHEDULED
RT001192,O004304,OI0004973,DH-KUR-00097,2025-01-08,WHATSAPP,Other,bhaiya dusri jagah sasta mil gayya very disappointed,REFUNDED
RT001193,O004306,OI0004975,DH-MEN-00541,2025-01-18,APP,Colour different from image,,REFUNDED
RT001194,O004307,OI0004976,DH-TRA-00597,2024-11-28,APP,Colour different from image,,REFUNDED
RT001195,O004316,OI0004987,DH-KUR-00113,2026-02-02,APP,Other,bhaiya fitting bahutt ight hai yaar,REFUNDED
RT001196,O004336,OI0005009,DH-KID-00443,2025-10-28,WHATSAPP,Size too small,,REFUNDED
RT001197,O004343,OI0005016,DH-CO--00343,2026-02-26,APP,Other,size chota hai aur kapda bhi patla,REFUNDED
RT001198,O004348,OI0005021,DH-SCH-00465,2026-05-21,APP,Other,sir kapda bahut patal hai exchange nahi chahiye,REFUNDED
RT001199,O004355,OI0005030,DH-CO--00348,2024-11-03,APP,Other,ab zarurat nahi hai,REFUNDED
RT001200,O004356,OI0005031,DH-KUR-00063,2026-03-23,WHATSAPP,Quality not as expected,,INSPECTED
RT001201,O004367,OI0005042,DH-KUR-00132,2026-01-03,WHATSAPP,Other,sir dont need it anymore,REFUNDED
RT001202,O004375,OI0005051,DH-SCH-00491,2026-04-19,APP,Other,size chota hai aur kapda bhi patla,REFUNDED
RT001203,O004382,OI0005061,DH-KID-00445,2024-12-07,APP,Other,oversizedlag raha hai jabki regular fit likha tha exchange nahi chahiye,REFUNDED
RT001204,O004384,OI0005064,DH-KUR-00099,2026-06-04,APP,Colour different from image,,REFUNDED
RT001205,O004388,OI0005069,DH-KUR-00008,2025-01-08,APP,Other,bahut tight h shoudlers pe,REFUNDED
RT001206,O004390,OI0005071,DH-FRO-00371,2026-05-09,APP,Other,hi return 🙏,REFUNDED
RT001207,O004393,OI0005074,DH-KID-00446,2026-03-10,APP,Other,sir bahut tight h shoulders pe,REFUNDED
RT001208,O004394,OI0005075,DH-KUR-00008,2024-10-21,APP,Other,bada hai and colour bhi photo jaisa nahi,REFUNDED
RT001209,O004398,OI0005079,DH-KID-00445,2024-10-16,WHATSAPP,Other,bada hai and colour bhi photo jaisa nahi,REFUNDED
RT001210,O004412,OI0005097,DH-KID-00532,2025-10-06,APP,Other,colour mismatch,REFUNDED
RT001211,O004417,OI0005102,DH-KID-00421,2025-10-30,APP,Other,sir delivery me 12 din lag  gaye very disappointed,REFUNDED
RT001212,O004419,OI0005104,DH-DRE-00217,2024-11-24,WHATSAPP,Other,pls sleeves tght hai arms me exchange nahi chahiye,REFUNDED
RT001213,O004420,OI0005105,DH-KUR-00115,2026-08-15,APP,Size too small,,REFUNDED
RT001214,O004422,OI0005108,DH-SCH-00482,2026-04-08,WHATSAPP,Other,mam beti ke liye liya tha chhota pad gaya refund chahiye,REFUNDED
RT001215,O004424,OI0005110,DH-KID-00455,2026-08-30,APP,Colour different from image,,PICKUP_SCHEDULED
RT001216,O004427,OI0005116,DH-KID-00540,2025-12-29,WHATSAPP,Product damaged,,REFUNDED
RT001217,O004433,OI0005122,DH-KID-00509,2025-05-15,APP,Other,"hello, packet khula tha aur kapde pe daag hai",REFUNDED
RT001218,O004434,OI0005123,DH-KUR-00027,2025-06-21,APP,Size too small,,PICKUP_SCHEDULED
RT001219,O004435,OI0005124,DH-SCH-00497,2025-11-11,WHATSAPP,Size too small,,REFUNDED
RT001220,O004436,OI0005125,DH-KUR-00097,2024-11-30,APP,Size too large,,INSPECTED
RT001221,O004437,OI0005126,DH-KID-00458,2025-05-15,APP,Product damaged,,REFUNDED
RT001222,O004444,OI0005133,DH-KUR-00015,2026-04-08,APP,Colour different from image,,INSPECTED
RT001223,O004451,OI0005141,DH-TOP-00264,2026-04-11,APP,Other,colour alag hai aur quality bhi average,REFUNDED
RT001224,O004455,OI0005146,DH-KUR-00088,2025-04-10,WHATSAPP,Other,"hello, stain mila delivery pe exchange nahi chahiye",REFUNDED
RT001225,O004459,OI0005150,DH-TOP-00300,2025-11-04,WHATSAPP,Other,bhaiya mummy ko pasand nahi aaya 🙏,REFUNDED
RT001226,O004463,OI0005154,DH-TOP-00303,2026-09-09,APP,Size too large,,REFUNDED
RT001227,O004468,OI0005159,DH-SCH-00476,2025-08-02,APP,Product damaged,,REFUNDED
RT001228,O004469,OI0005160,DH-MEN-00541,2026-07-20,WHATSAPP,Other,tight hai very disappointed,INSPECTED
RT001229,O004477,OI0005170,DH-KID-00518,2026-09-23,WHATSAPP,Size too small,,PICKUP_SCHEDULED
RT001230,O004478,OI0005171,DH-KID-00526,2026-04-25,APP,Other,accidentally order ho gaya,INSPECTED
RT001231,O004479,OI0005172,DH-KUR-00083,2025-09-13,WHATSAPP,Quality not as expected,,REFUNDED
RT001232,O004486,OI0005179,DH-DRE-00181,2025-01-11,WHATSAPP,Other,acha nahi laga,REFUNDED
RT001233,O004492,OI0005185,DH-DRE-00203,2025-10-24,APP,Other,mam see through hai kapda pls return,REFUNDED
RT001234,O004493,OI0005187,DH-SCH-00479,2026-06-17,WHATSAPP,Product damaged,,REFUNDED
RT001235,O004494,OI0005188,DH-FRO-00411,2026-02-02,APP,Other,size chota hai aur kapda bhi patla,REFUNDED
RT001236,O004495,OI0005189,DH-FRO-00387,2025-02-24,APP,Other,"fabric achha nahi, fitting bhi tight",INSPECTED
RT001237,O004499,OI0005194,DH-KUR-00029,2024-10-10,APP,Size too small,,REFUNDED
RT001238,O004506,OI0005202,DH-FRO-00370,2024-11-24,APP,Size too small,,REFUNDED
RT001239,O004507,OI0005203,DH-SCH-00476,2025-01-14,APP,Quality not as expected,,REFUNDED
RT001240,O004510,OI0005206,DH-KUR-00102,2026-04-30,APP,Product damaged,,REFUNDED
RT001241,O004512,OI0005208,DH-KUR-00042,2025-06-26,WHATSAPP,Quality not as expected,,REFUNDED
RT001242,O004514,OI0005211,DH-KUR-00114,2026-02-09,APP,Other,bhaiya function cancel ho gaya exchange nahi chahiye,REFUNDED
RT001243,O004521,OI0005219,DH-FRO-00386,2024-11-02,APP,Size too small,,REFUNDED
RT001244,O004534,OI0005234,DH-KID-00528,2025-03-25,APP,Other,order bahut der se mila !!,REFUNDED
RT001245,O004541,OI0005244,DH-FRO-00365,2026-09-18,APP,Other,BHAIYA बहुत टाइट है JALDI PICKUP KARO,PICKUP_SCHEDULED
RT001246,O004543,OI0005246,DH-KUR-00035,2025-03-01,WHATSAPP,Other,"sir Size small aaya, mera regular M h 🙏",REFUNDED
RT001247,O004544,OI0005247,DH-TRA-00600,2025-11-06,APP,Other,"mam photo me maroon dikha, aaaya brown exchange nahi chahiye",INSPECTED
RT001248,O004545,OI0005251,DH-TOP-00278,2025-08-22,WHATSAPP,Other,hi function cancel ho gaya,REFUNDED
RT001249,O004548,OI0005254,DH-SCH-00488,2025-06-29,WHATSAPP,Other,size chota hai aur kapda bhi patla,REFUNDED
RT001250,O004552,OI0005259,DH-KUR-00142,2025-10-10,APP,Other,hi M mangaya tha bada aaya 🙏,REFUNDED
RT001251,O004553,OI0005260,DH-TOP-00264,2026-05-14,APP,Colour different from image,,REFUNDED
RT001252,O004559,OI0005267,DH-KID-00517,2025-02-05,WHATSAPP,Other,,REFUNDED
RT001253,O004559,OI0005266,DH-KUR-00016,2025-02-04,APP,Size too small,,REFUNDED
RT001254,O004565,OI0005274,DH-SCH-00489,2026-06-18,WHATSAPP,Other,"hello, stitching kharab hai, dhaage nikal rahe",INSPECTED
RT001255,O004566,OI0005275,DH-KID-00442,2026-07-01,APP,Other,sir order bahut der se mila jaldi pickup karo,REFUNDED
RT001256,O004570,OI0005280,DH-DRE-00198,2024-11-07,APP,Other,"late delivery, mehndi ke baad aaya",REFUNDED
RT001257,O004573,OI0005284,DH-KUR-00028,2026-02-19,APP,Other,sir accidentally order ho gaya exchange nahi chahiye,REFUNDED
RT001258,O004581,OI0005293,DH-FRO-00411,2025-10-07,APP,Size too large,,REFUNDED
RT001259,O004590,OI0005303,DH-TOP-00285,2025-08-14,APP,Other,sir not good pls return,REFUNDED
RT001260,O004602,OI0005315,DH-DRE-00205,2025-03-05,APP,Colour different from image,,REFUNDED
RT001261,O004603,OI0005316,DH-KUR-00018,2026-06-14,APP,Product damaged,,REFUNDED
RT001262,O004604,OI0005317,DH-CO--00353,2026-09-13,APP,Size too large,,REFUNDED
RT001263,O004608,OI0005322,DH-MEN-00554,2025-12-26,APP,Size too large,,REFUNDED
RT001264,O004612,OI0005326,DH-MEN-00581,2024-10-10,APP,Size too small,,REFUNDED
RT001265,O004615,OI0005329,DH-KUR-00090,2025-03-25,APP,Other,sir size chota hai !!,INSPECTED
RT001266,O004618,OI0005332,DH-FRO-00383,2025-05-07,APP,Size too large,,REFUNDED
RT001267,O004621,OI0005337,DH-SCH-00473,2025-09-10,APP,Other,pasand nahi aaya,REFUNDED
RT001268,O004623,OI0005339,DH-TOP-00308,2026-03-02,WHATSAPP,Other,theek nahi hai exchange nahi chahiye,REFUNDED
RT001269,O004624,OI0005342,DH-PAL-00330,2026-03-21,APP,Other,sir funcction cancel ho gaya refund chahiye,REFUNDED
RT001270,O004627,OI0005345,DH-PAL-00318,2026-06-13,APP,Other,mam time pe nahi aaya to ab kya karu jaldi pickup karo,REFUNDED
RT001271,O004632,OI0005350,DH-FRO-00389,2026-08-09,APP,Product damaged,,REFUNDED
RT001272,O004634,OI0005352,DH-SCH-00481,2024-11-12,APP,Other,"gift ttha, unko pasand nahi aaya",REFUNDED
RT001273,O004635,OI0005353,DH-SCH-00489,2024-10-15,APP,Other,pls pasand nahii aaya 🙏,INSPECTED
RT001274,O004643,OI0005361,DH-KID-00448,2025-01-03,WHATSAPP,Colour different from image,,INSPECTED
RT001275,O004646,OI0005364,DH-KUR-00113,2025-04-07,APP,Colour different from image,,REFUNDED
RT001276,O004647,OI0005365,DH-CO--00355,2025-08-06,WHATSAPP,Other,mam delivery me 12 din lag gaye !!,REFUNDED
RT001277,O004653,OI0005371,DH-TOP-00300,2026-03-13,APP,Other,sir bekar very disappointed,REFUNDED
RT001278,O004655,OI0005373,DH-KUR-00016,2024-11-08,APP,Size too small,,REFUNDED
RT001279,O004659,OI0005378,DH-KID-00437,2026-03-23,WHATSAPP,Size too large,,REFUNDED
RT001280,O004662,OI0005381,DH-DRE-00182,2025-07-28,APP,Size too small,,REFUNDED
RT001281,O004665,OI0005384,DH-KUR-00028,2026-08-03,APP,Colour different from image,,REFUNDED
RT001282,O004666,OI0005385,DH-FRO-00407,2025-11-18,WHATSAPP,Colour different from image,,REFUNDED
RT001283,O004667,OI0005386,DH-DRE-00243,2026-07-06,APP,Other,size chota hai aur kapda bhi patla,REFUNDED
RT001284,O004668,OI0005387,DH-MEN-00555,2026-04-24,WHATSAPP,Size too small,,REFUNDED
RT001285,O004671,OI0005390,DH-SCH-00471,2025-02-09,APP,Product damaged,,REFUNDED
RT001286,O004673,OI0005392,DH-PAL-00326,2024-11-27,APP,Other,AB ZARURAT NAHI HAI,REFUNDED
RT001287,O004676,OI0005396,DH-FRO-00404,2025-10-21,APP,Other,sir ab zarurat nahi hai exchange nahi chahiye,REFUNDED
RT001288,O004680,OI0005401,DH-PAL-00326,2024-12-22,APP,Other,"hello, bahut  late aaya, function nikal gaya",REFUNDED
RT001289,O004682,OI0005403,DH-KUR-00084,2025-11-03,WHATSAPP,Other,mam time pe nahi aaya to ab kya karu,REFUNDED
RT001290,O004686,OI0005407,DH-KUR-00102,2026-06-17,WHATSAPP,Other,"fabric achha nahi, fitting bhi tight",PICKUP_SCHEDULED
RT001291,O004690,OI0005413,DH-DRE-00184,2025-10-13,WHATSAPP,Size too small,,REFUNDED
RT001292,O004706,OI0005432,DH-KUR-00113,2024-10-30,APP,Quality not as expected,,REFUNDED
RT001293,O004713,OI0005439,DH-MEN-00582,2024-12-14,APP,Quality not as expected,,REFUNDED
RT001294,O004714,OI0005440,DH-FRO-00386,2025-02-19,APP,Other,pls function cancel ho gaya very disappointed,REFUNDED
RT001295,O004715,OI0005442,DH-SCH-00479,2026-09-05,APP,Size too large,,REFUNDED
RT001296,O004715,OI0005444,DH-KID-00438,2026-09-05,APP,Product damaged,,INSPECTED
RT001297,O004715,OI0005443,DH-FRO-00381,2026-09-04,APP,Other,sir bacche ke liye bahut bada hai exchange nahi chahiye,INSPECTED
RT001298,O004716,OI0005445,DH-KUR-00172,2026-07-13,APP,Quality not as expected,,REFUNDED
RT001299,O004720,OI0005449,DH-KID-00445,2025-03-30,APP,Size too large,,REFUNDED
RT001300,O004722,OI0005451,DH-KID-00531,2026-02-02,APP,Size too small,,REFUNDED
RT001301,O004737,OI0005468,DH-KUR-00122,2026-05-15,WHATSAPP,Product damaged,,REFUNDED
RT001302,O004761,OI0005494,DH-CO--00345,2025-02-04,APP,Other,return,REFUNDED
RT001303,O004764,OI0005497,DH-FRO-00369,2026-09-06,WHATSAPP,Size too small,,REFUNDED
RT001304,O004765,OI0005498,DH-TOP-00307,2026-05-31,APP,Other,"bahut late aaya, function nikal gaya refund chahiye",REFUNDED
RT001305,O004766,OI0005499,DH-KUR-00112,2026-06-13,APP,Colour different from image,,REFUNDED
RT001306,O004768,OI0005501,DH-DRE-00206,2026-08-25,WHATSAPP,Size too small,,PICKUP_SCHEDULED
RT001307,O004773,OI0005507,DH-MEN-00541,2026-07-25,APP,Quality not as expected,,REFUNDED
RT001308,O004783,OI0005518,DH-KID-00430,2026-03-19,WHATSAPP,Size too small,,REFUNDED
RT001309,O004785,OI0005520,DH-KUR-00146,2026-01-02,APP,Quality not as expected,,REFUNDED
RT001310,O004788,OI0005523,DH-DRE-00231,2024-12-01,APP,Product damaged,,REFUNDED
RT001311,O004789,OI0005524,DH-SCH-00492,2026-02-08,APP,Quality not as expected,,REFUNDED
RT001312,O004791,OI0005526,DH-KUR-00114,2026-08-30,APP,Product damaged,,REFUNDED
RT001313,O004792,OI0005527,DH-KUR-00139,2025-08-11,APP,Other,"hello, साइज़ छोटा है 🙏",REFUNDED
RT001314,O004793,OI0005528,DH-KID-00455,2025-10-10,APP,Other,"MAM STITCHING KHARAB HAI, DHAAGE NIKA LRAHE PLS RETURN",REFUNDED
RT001315,O004794,OI0005529,DH-KUR-00100,2026-07-15,APP,Colour different from image,,REFUNDED
RT001316,O004799,OI0005535,DH-KUR-00132,2025-10-08,APP,Other,"bhaiya too small, chest pe fit nahi hhua exchange nahi chahiye",REFUNDED
RT001317,O004811,OI0005548,DH-KUR-00112,2025-09-26,APP,Other,size chota hai aur kapda bhi patla,REFUNDED
RT001318,O004812,OI0005549,DH-KUR-00120,2026-01-12,WHATSAPP,Size too small,,REFUNDED
RT001319,O004815,OI0005552,DH-KID-00501,2026-01-16,APP,Quality not as expected,,INSPECTED
RT001320,O004818,OI0005555,DH-TRA-00600,2026-02-03,APP,Other,bada hai and colour bhi photo jaisa nahi,REFUNDED
RT001321,O004819,OI0005557,DH-FRO-00420,2025-12-18,APP,Other,"pls photo me maroondikha, aaya brown exchange nahi chahiye",REFUNDED
RT001322,O004820,OI0005558,DH-DRE-00209,2025-05-13,APP,Size too large,,REFUNDED
RT001323,O004821,OI0005559,DH-TOP-00266,2026-06-29,APP,Colour different from image,,REFUNDED
RT001324,O004823,OI0005561,DH-DRE-00189,2026-09-07,WHATSAPP,Other,hi mind change ho gaya !!,REFUNDED
RT001325,O004826,OI0005564,DH-CO--00353,2025-09-01,APP,Other,mummy ko pasand nahi aaya pls return,REFUNDED
RT001326,O004828,OI0005566,DH-FRO-00389,2026-07-06,WHATSAPP,Other,mam ab zarurat nahi hai pls return,INSPECTED
RT001327,O004831,OI0005570,DH-CO--00353,2026-08-22,WHATSAPP,Quality not as expected,,REFUNDED
RT001328,O004835,OI0005574,DH-DRE-00222,2026-04-03,WHATSAPP,Size too small,,REFUNDED
RT001329,O004836,OI0005575,DH-KUR-00063,2026-03-11,WHATSAPP,Other,OK 🙏,REFUNDED
RT001330,O004838,OI0005577,DH-FRO-00386,2024-12-13,WHATSAPP,Quality not as expected,,REFUNDED
RT001331,O004842,OI0005581,DH-MEN-00586,2024-10-16,APP,Colour different from image,,REFUNDED
RT001332,O004843,OI0005582,DH-SCH-00493,2026-04-05,APP,Size too small,,REFUNDED
RT001333,O004853,OI0005595,DH-TOP-00270,2025-12-23,APP,Size too small,,REFUNDED
RT001334,O004853,OI0005597,DH-KUR-00114,2025-12-24,WHATSAPP,Colour different from image,,REFUNDED
RT001335,O004853,OI0005596,DH-KUR-00158,2025-12-24,WHATSAPP,Quality not as expected,,REFUNDED
RT001336,O004855,OI0005599,DH-SCH-00469,2026-01-06,APP,Quality not as expected,,REFUNDED
RT001337,O004856,OI0005600,DH-FRO-00412,2026-04-09,APP,Other,pls ok,REFUNDED
RT001338,O004857,OI0005601,DH-MEN-00574,2026-08-26,APP,Size too large,,REFUNDED
RT001339,O004859,OI0005604,DH-DRE-00229,2026-09-03,APP,Other,"HELLO, ... EXCHANGE NAHI CHAHIYE",REFUNDED
RT001340,O004866,OI0005612,DH-KID-00523,2025-01-29,WHATSAPP,Size too large,,REFUNDED
RT001341,O004870,OI0005616,DH-KUR-00145,2025-12-10,APP,Other,sir packet khula tha aur kapde pe daag hai very disappointed,REFUNDED
RT001342,O004870,OI0005617,DH-TOP-00261,2025-12-14,APP,Size too small,,REFUNDED
RT001343,O004878,OI0005626,DH-DRE-00207,2025-12-26,APP,Size too small,,INSPECTED
RT001344,O004880,OI0005628,DH-KID-00441,2026-08-03,APP,Product damaged,,PICKUP_SCHEDULED
RT001345,O004886,OI0005634,DH-KID-00428,2026-03-05,APP,Wrong item received,,PICKUP_SCHEDULED
RT001346,O004892,OI0005640,DH-KUR-00109,2025-10-04,APP,Other,HI RETURN !!,REFUNDED
RT001347,O004900,OI0005649,DH-KUR-00025,2025-12-02,WHATSAPP,Other,maine kurti mangayi thi top aaya very disappointed,REFUNDED
RT001348,O004902,OI0005651,DH-FRO-00418,2025-11-29,APP,Other,sir dont need it anymore !!,REFUNDED
RT001349,O004906,OI0005655,DH-SCH-00495,2026-01-26,APP,Other,delivery me 12 dinl ag gaye jaldi pickup karo,PICKUP_SCHEDULED
RT001350,O004913,OI0005663,DH-KUR-00039,2025-03-29,APP,Other,hi mind change ho gaya,REFUNDED
RT001351,O004913,OI0005664,DH-FRO-00388,2025-04-03,WHATSAPP,Product damaged,,REFUNDED
RT001352,O004913,OI0005665,DH-DRE-00203,2025-03-28,APP,Quality not as expected,,INSPECTED
RT001353,O004920,OI0005672,DH-MEN-00546,2024-11-12,APP,Other,sir 😞 pls return,REFUNDED
RT001354,O004922,OI0005676,DH-KUR-00088,2024-11-20,APP,Other,sir quality achhi nhai hai very disappointed,REFUNDED
RT001355,O004924,OI0005679,DH-KUR-00042,2025-08-17,WHATSAPP,Other,"chhota aa gaya, size chart galat hai",REFUNDED
RT001356,O004929,OI0005685,DH-KUR-00112,2024-10-29,WHATSAPP,Colour different from image,,REFUNDED
RT001357,O004931,OI0005687,DH-SCH-00474,2026-03-14,APP,Other,"HI TOO SMALL, CHEST PE FIT NAHI HUA REFUND CHAHIYE",REFUNDED
RT001358,O004941,OI0005697,DH-MEN-00582,2025-02-13,APP,Other,acha nahi laga jaldi pickup karo,REFUNDED
RT001359,O004942,OI0005698,DH-TOP-00281,2026-06-13,APP,Other,mam fabric rough hai skin pe chubhta hai refund chahiye,REFUNDED
RT001360,O004944,OI0005700,DH-PAL-00323,2025-10-27,APP,Colour different from image,,REFUNDED
RT001361,O004945,OI0005701,DH-TRA-00599,2025-06-28,WHATSAPP,Other,sir too loose at waist !!,REFUNDED
RT001362,O004948,OI0005704,DH-KID-00434,2025-05-17,APP,Colour different from image,,REFUNDED
RT001363,O004949,OI0005705,DH-KUR-00143,2026-06-19,APP,Other,"fabric achha nahi, fitting bhi tight",REFUNDED
RT001364,O004952,OI0005708,DH-FRO-00388,2025-05-18,WHATSAPP,Size too small,,REFUNDED
RT001365,O004956,OI0005713,DH-DRE-00220,2026-06-24,APP,Size too small,,REFUNDED
RT001366,O004962,OI0005719,DH-KUR-00088,2025-01-04,APP,Other,MAM OK EXCHANGE NAHI CHAHIYE,PICKUP_SCHEDULED
RT001367,O004963,OI0005721,DH-CO--00355,2026-05-10,APP,Product damaged,,INSPECTED
RT001368,O004965,OI0005723,DH-KID-00518,2025-10-18,WHATSAPP,Colour different from image,,REFUNDED
RT001369,O004973,OI0005732,DH-TOP-00291,2026-07-18,APP,Other,late aaya aur packet bhi phata hua,REFUNDED
RT001370,O004974,OI0005733,DH-FRO-00390,2025-02-10,APP,Size too large,,REFUNDED
RT001371,O004996,OI0005760,DH-KUR-00003,2026-08-10,APP,Colour different from image,,REFUNDED
RT001372,O004997,OI0005761,DH-KUR-00155,2025-08-13,WHATSAPP,Wrong item received,,REFUNDED
RT001373,O004998,OI0005763,DH-KUR-00029,2025-01-08,APP,Other,sir size chota hai !!,INSPECTED
RT001374,O004999,OI0005765,DH-KID-00520,2025-01-02,APP,Size too small,,REFUNDED
RT001375,O005000,OI0005766,DH-FRO-00420,2026-09-10,APP,Size too small,,REFUNDED
RT001376,O005001,OI0005767,DH-PAL-00316,2025-11-27,WHATSAPP,Size too small,,PICKUP_SCHEDULED
RT001377,O005002,OI0005768,DH-DRE-00226,2026-06-23,WHATSAPP,Size too small,,REFUNDED
RT001378,O005004,OI0005772,DH-DRE-00203,2025-07-11,APP,Quality not as expected,,REFUNDED
RT001379,O005005,OI0005773,DH-KUR-00047,2025-07-06,WHATSAPP,Other,different desgn aaya,REFUNDED
RT001380,O005006,OI0005774,DH-DRE-00220,2026-05-21,APP,Quality not as expected,,REFUNDED
RT001381,O005010,OI0005778,DH-KUR-00092,2025-07-31,WHATSAPP,Quality not as expected,,REFUNDED
RT001382,O005010,OI0005779,DH-CO--00348,2025-07-30,APP,Quality not as expected,,REFUNDED
RT001383,O005011,OI0005780,DH-KUR-00179,2025-04-03,WHATSAPP,Size too small,,REFUNDED
RT001384,O005012,OI0005781,DH-MEN-00544,2025-06-02,APP,Quality not as expected,,REFUNDED
RT001385,O005016,OI0005785,DH-SCH-00480,2025-08-18,APP,Quality not as expected,,REFUNDED
RT001386,O005023,OI0005793,DH-TRA-00597,2026-03-04,APP,Other,"hello, ek wash me rang chala gaya exchange nahi chahiye",REFUNDED
RT001387,O005024,OI0005794,DH-DRE-00198,2024-10-22,WHATSAPP,Other,pls issue hai exchange nahi chahiye,REFUNDED
RT001388,O005027,OI0005797,DH-KUR-00125,2024-10-16,APP,Other,"hi gift tha, unko pasand nahi aaya 🙏",REFUNDED
RT001389,O005031,OI0005801,DH-KUR-00152,2025-07-05,APP,Size too small,,REFUNDED
RT001390,O005034,OI0005805,DH-CO--00348,2024-12-06,WHATSAPP,Other,mam 😞 pls return,REFUNDED
RT001391,O005038,OI0005809,DH-KUR-00166,2026-09-10,APP,Size too large,,REFUNDED
RT001392,O005039,OI0005810,DH-KUR-00057,2026-06-25,WHATSAPP,Other,time pe nahi aaya to ab kya karu,REFUNDED
RT001393,O005040,OI0005811,DH-FRO-00387,2025-06-13,WHATSAPP,Wrong item received,,REFUNDED
RT001394,O005041,OI0005812,DH-KID-00502,2026-01-11,WHATSAPP,Product damaged,,REFUNDED
RT001395,O005044,OI0005815,DH-KID-00532,2026-06-22,WHATSAPP,Quality not as expected,,REFUNDED
RT001396,O005046,OI0005817,DH-KUR-00058,2026-06-18,APP,Size too small,,REFUNDED
RT001397,O005053,OI0005825,DH-KID-00462,2025-03-25,APP,Size too large,,INSPECTED
RT001398,O005055,OI0005827,DH-MEN-00582,2024-11-28,APP,Other,size chota hai aur kapda bhi patla,REFUNDED
RT001399,O005056,OI0005828,DH-KID-00444,2026-06-28,APP,Other,"PLS LOOES FITTING, MERE SIZE KA NAHI LAGTA",REFUNDED
RT001400,O005072,OI0005845,DH-TOP-00301,2025-02-12,APP,Colour different from image,,INSPECTED
RT001401,O005079,OI0005857,DH-KID-00428,2025-03-15,APP,Other,colour alag hai aur quality bhi average,REFUNDED
RT001402,O005095,OI0005874,DH-DRE-00218,2026-06-23,APP,Size too large,,REFUNDED
RT001403,O005096,OI0005875,DH-TOP-00295,2026-05-09,WHATSAPP,Other,mam fabric rough hai skin pe chubhta hai,REFUNDED
RT001404,O005098,OI0005878,DH-KUR-00179,2026-09-04,APP,Size too small,,INSPECTED
RT001405,O005099,OI0005879,DH-FRO-00409,2024-10-16,APP,Size too large,,REFUNDED
RT001406,O005100,OI0005880,DH-FRO-00409,2026-07-25,WHATSAPP,Size too large,,REFUNDED
RT001407,O005106,OI0005887,DH-FRO-00403,2025-10-23,WHATSAPP,Other,mam zip kaam nahi kar rahi,REFUNDED
RT001408,O005107,OI0005888,DH-KUR-00119,2026-05-07,APP,Other,"fabric achha nahi, fitting bhi tight",REFUNDED
RT001409,O005107,OI0005889,DH-KUR-00161,2026-05-09,APP,Other, ,REFUNDED
RT001410,O005109,OI0005891,DH-PAL-00326,2025-05-06,WHATSAPP,Other,"hi gift tha, unko pasnad nahi aaya",REFUNDED
RT001411,O005111,OI0005893,DH-DRE-00198,2025-12-27,APP,Other,late aaya aur packet bhi phata hua,REFUNDED
RT001412,O005115,OI0005898,DH-FRO-00376,2026-03-07,APP,Size too small,,PICKUP_SCHEDULED
RT001413,O005116,OI0005899,DH-TRA-00600,2025-04-01,APP,Colour different from image,,REFUNDED
RT001414,O005127,OI0005910,DH-KUR-00105,2026-09-12,APP,Other,hi colour alag hai photo se,INSPECTED
RT001415,O005130,OI0005914,DH-MEN-00541,2026-09-16,APP,Other,pasand nahi aya !!,REFUNDED
RT001416,O005131,OI0005915,DH-SCH-00468,2024-11-22,APP,Other,time penahi aaya to ab kya karu,REFUNDED
RT001417,O005136,OI0005920,DH-FRO-00398,2025-11-05,APP,Quality not as expected,,INSPECTED
RT001418,O005145,OI0005929,DH-KUR-00141,2026-03-15,APP,Other,accidentally order hog aya,REFUNDED
RT001419,O005148,OI0005932,DH-KUR-00114,2024-11-24,APP,Other,"sir too big, ekdum dheela",REFUNDED
RT001420,O005155,OI0005939,DH-KID-00448,2024-10-11,WHATSAPP,Size too large,,REFUNDED
RT001421,O005157,OI0005941,DH-SCH-00474,2026-05-20,APP,Colour different from image,,REFUNDED
RT001422,O005160,OI0005944,DH-KUR-00047,2025-01-15,APP,Other,bhaiya colour mismtch 🙏,INSPECTED
RT001423,O005164,OI0005949,DH-KID-00533,2026-09-01,APP,Quality not as expected,,REFUNDED
RT001424,O005165,OI0005950,DH-SCH-00491,2026-03-02,APP,Quality not as expected,,REFUNDED
RT001425,O005171,OI0005956,DH-KUR-00087,2025-05-03,APP,Quality not as expected,,REFUNDED
RT001426,O005183,OI0005970,DH-KUR-00163,2026-04-11,APP,Other,"hello, return",REFUNDED
RT001427,O005184,OI0005971,DH-MEN-00581,2024-10-18,APP,Product damaged,,REFUNDED
RT001428,O005195,OI0005984,DH-KUR-00165,2025-10-15,WHATSAPP,Size too small,,REFUNDED
RT001429,O005200,OI0005989,DH-MEN-00586,2024-12-07,APP,Other,bhaiya smaller than usual size,INSPECTED
RT001430,O005201,OI0005990,DH-KUR-00066,2025-12-31,APP,Colour different from image,,REFUNDED
RT001431,O005202,OI0005991,DH-KID-00430,2024-11-28,APP,Colour different from image,,INSPECTED
RT001432,O005205,OI0005994,DH-MEN-00580,2025-10-24,WHATSAPP,Other,bhaiya dusri jagah sasta mil gaya !!,REFUNDED
RT001433,O005207,OI0005996,DH-KUR-00080,2025-11-05,APP,Product damaged,,REFUNDED
RT001434,O005211,OI0006000,DH-KUR-00092,2025-12-03,APP,Quality not as expected,,REFUNDED
RT001435,O005218,OI0006008,DH-PAL-00333,2026-05-14,APP,Size too small,,INSPECTED
RT001436,O005219,OI0006009,DH-KUR-00155,2025-08-23,APP,Other,"hello, pasand nahiaaya !!",REFUNDED
RT001437,O005221,OI0006011,DH-DRE-00192,2024-12-16,APP,Other,sir ye wala shade nahi tha website pe 🙏,REFUNDED
RT001438,O005221,OI0006012,DH-FRO-00387,2024-12-17,APP,Colour different from image,,REFUNDED
RT001439,O005223,OI0006014,DH-DRE-00231,2025-08-07,APP,Other,pls nahi  chahiye bas,INSPECTED
RT001440,O005226,OI0006018,DH-KID-00436,2026-09-26,WHATSAPP,Quality not as expected,,PICKUP_SCHEDULED
RT001441,O005228,OI0006022,DH-DRE-00204,2026-03-24,APP,Other,sir silai khuli hui thi aate hi refund chahiye,REFUNDED
RT001442,O005229,OI0006023,DH-KUR-00008,2025-02-06,APP,Colour different from image,,REFUNDED
RT001443,O005233,OI0006029,DH-KID-00524,2026-01-09,APP,Size too small,,REFUNDED
RT001444,O005238,OI0006035,DH-FRO-00376,2025-10-26,APP,Other,PHLI DHULAI ME SHRINK HO GAYA EXCHANGE NAHI CHAHIYE,REFUNDED
RT001445,O005241,OI0006038,DH-MEN-00541,2025-12-31,APP,Colour different from image,,REFUNDED
RT001446,O005247,OI0006044,DH-KUR-00027,2026-01-29,WHATSAPP,Size too small,,REFUNDED
RT001447,O005248,OI0006045,DH-TOP-00279,2025-07-16,WHATSAPP,Other,bhaiya size se choota h,REFUNDED
RT001448,O005249,OI0006046,DH-DRE-00210,2025-06-18,APP,Other,pls return,REFUNDED
RT001449,O005252,OI0006050,DH-KUR-00167,2026-06-17,APP,Colour different from image,,REFUNDED
RT001450,O005252,OI0006049,DH-KID-00455,2026-06-19,APP,Other,sir pasand nahi aaya pls return,REFUNDED
RT001451,O005253,OI0006051,DH-MEN-00555,2026-05-19,APP,Other,"too small, chest pe fit nahi hua exchange nahi chahiye",REFUNDED
RT001452,O005257,OI0006057,DH-TOP-00301,2025-12-12,APP,Colour different from image,,REFUNDED
RT001453,O005257,OI0006056,DH-KUR-00090,2025-12-12,APP,Other,pls see through hai kpada jaldi pickup karo,REFUNDED
RT001454,O005260,OI0006060,DH-KUR-00026,2024-10-21,WHATSAPP,Other,shoulders gir rahe hain itna loose very disappointed,REFUNDED
RT001455,O005262,OI0006065,DH-KID-00519,2026-06-21,WHATSAPP,Size too large,,REFUNDED
RT001456,O005262,OI0006064,DH-DRE-00182,2026-06-18,APP,Size too large,,REFUNDED
RT001457,O005263,OI0006066,DH-TRA-00597,2025-04-17,APP,Other,maine kurti mangayi thi top aaya,REFUNDED
RT001458,O005268,OI0006072,DH-KID-00532,2026-04-28,APP,Quality not as expected,,INSPECTED
RT001459,O005270,OI0006074,DH-SCH-00479,2025-04-25,WHATSAPP,Other,theek nahi hai jaldi pickup karo,REFUNDED
RT001460,O005275,OI0006080,DH-DRE-00188,2026-07-12,WHATSAPP,Other,pls zip kaam  nahi kar rahi 🙏,REFUNDED
RT001461,O005276,OI0006081,DH-FRO-00401,2024-11-19,WHATSAPP,Other,mam button toota hua ta pls return,REFUNDED
RT001462,O005278,OI0006083,DH-KUR-00044,2025-09-01,APP,Other,pls reurn very disappointed,REFUNDED
RT001463,O005285,OI0006091,DH-KUR-00008,2025-06-15,WHATSAPP,Size too small,,REFUNDED
RT001464,O005290,OI0006096,DH-SCH-00490,2025-12-05,APP,Size too small,,REFUNDED
RT001465,O005293,OI0006101,DH-SCH-00471,2025-01-01,APP,Size too small,,REFUNDED
RT001466,O005295,OI0006103,DH-KUR-00039,2025-11-06,APP,Other,"fabric achha nahi, fitting bhi tight",REFUNDED
RT001467,O005298,OI0006106,DH-TOP-00272,2025-09-20,APP,Other,HI NOT AS EXPECTED REFUND CHAHIYE,INSPECTED
RT001468,O005301,OI0006110,DH-TRA-00599,2025-04-20,APP,Other,"hello, mind change ho gaya",REFUNDED
RT001469,O005310,OI0006120,DH-KUR-00175,2025-12-21,WHATSAPP,Other,"gift tha, unko pasand nahi aaya 🙏",REFUNDED
RT001470,O005314,OI0006124,DH-KUR-00168,2025-11-05,APP,Size too small,,REFUNDED
RT001471,O005316,OI0006126,DH-DRE-00192,2026-02-22,WHATSAPP,Other,mam image me bright tha rael me dull hai jaldi pickup karo,REFUNDED
RT001472,O005318,OI0006128,DH-KUR-00087,2025-04-23,APP,Quality not as expected,,REFUNDED
RT001473,O005323,OI0006133,DH-SCH-00487,2026-09-15,WHATSAPP,Wrong item received,,PICKUP_SCHEDULED
RT001474,O005324,OI0006134,DH-KUR-00021,2024-10-13,WHATSAPP,Wrong item received,,REFUNDED
RT001475,O005325,OI0006135,DH-KID-00448,2024-12-31,APP,Size too small,,REFUNDED
RT001476,O005327,OI0006137,DH-KID-00523,2026-06-27,APP,Other,mam not as expected 🙏,REFUNDED
RT001477,O005330,OI0006141,DH-TOP-00263,2025-04-22,APP,Other,not good,REFUNDED
RT001478,O005331,OI0006143,DH-TOP-00262,2025-07-02,APP,Colour different from image,,REFUNDED
RT001479,O005331,OI0006142,DH-FRO-00416,2025-06-27,WHATSAPP,Size too large,,REFUNDED
RT001480,O005340,OI0006155,DH-KUR-00112,2024-12-08,APP,Other,hi a bzarurat nahi hai 🙏,REFUNDED
RT001481,O005342,OI0006157,DH-KID-00502,2026-09-23,APP,Other,sir see through hai kapda,PICKUP_SCHEDULED
RT001482,O005343,OI0006158,DH-TOP-00262,2025-03-02,WHATSAPP,Other,IMAGE ME BRIGHT THA REAL ME DULL HAI,REFUNDED
RT001483,O005348,OI0006163,DH-KUR-00035,2024-11-11,WHATSAPP,Other,mummy k opasand nahi aaya !!,REFUNDED
RT001484,O005354,OI0006169,DH-DRE-00210,2025-08-02,WHATSAPP,Size too large,,REFUNDED
RT001485,O005355,OI0006172,DH-TOP-00302,2024-11-02,WHATSAPP,Other,साइज़ छोटा है refund chahiye,REFUNDED
RT001486,O005363,OI0006182,DH-DRE-00198,2025-10-22,APP,Other,hi delivery me 12 din lag gaye !!,REFUNDED
RT001487,O005373,OI0006196,DH-KID-00540,2025-08-24,WHATSAPP,Size too small,,REFUNDED
RT001488,O005374,OI0006197,DH-KUR-00079,2026-05-22,APP,Size too small,,REFUNDED
RT001489,O005376,OI0006200,DH-KID-00510,2026-06-14,APP,Size too small,,REFUNDED
RT001490,O005377,OI0006201,DH-PAL-00321,2025-02-19,APP,Quality not as expected,,REFUNDED
RT001491,O005379,OI0006203,DH-TOP-00272,2024-10-31,APP,Other,no pls return,REFUNDED
RT001492,O005380,OI0006204,DH-KUR-00157,2025-10-01,APP,Quality not as expected,,REFUNDED
RT001493,O005382,OI0006206,DH-DRE-00230,2025-09-25,APP,Size too small,,REFUNDED
RT001494,O005384,OI0006208,DH-KID-00436,2025-12-20,APP,Size too small,,INSPECTED
RT001495,O005386,OI0006210,DH-DRE-00234,2025-07-27,APP,Other,sir dusri jagah sasta mil gaya very disappointed,REFUNDED
RT001496,O005389,OI0006213,DH-SCH-00464,2026-09-06,WHATSAPP,Quality not as expected,,REFUNDED
RT001497,O005391,OI0006215,DH-KUR-00093,2025-08-12,APP,Other,sir bahut tight h shoulders pe exchange nahi chahiye,INSPECTED
RT001498,O005393,OI0006217,DH-KID-00517,2025-12-17,APP,Product damaged,,REFUNDED
RT001499,O005404,OI0006230,DH-MEN-00580,2026-06-05,WHATSAPP,Size too small,,REFUNDED
RT001500,O005405,OI0006231,DH-FRO-00374,2025-04-28,APP,Other,sir ab zarurat nahi hai refund chahiye,REFUNDED
RT001501,O005408,OI0006235,DH-DRE-00245,2026-08-17,WHATSAPP,Other,size chota hai aur kapda bhi patla,REFUNDED
RT001502,O005417,OI0006244,DH-KUR-00108,2025-08-18,APP,Other,bhaiya mind change ho gaya !!,REFUNDED
RT001503,O005418,OI0006245,DH-FRO-00368,2026-09-21,APP,Other,length bhi kam hai aur tight bhi !!,PICKUP_SCHEDULED
RT001504,O005418,OI0006246,DH-KUR-00132,2026-09-23,WHATSAPP,Other,sir color is different from image pls return,PICKUP_SCHEDULED
RT001505,O005425,OI0006253,DH-PAL-00326,2025-09-16,APP,Size too small,,REFUNDED
RT001506,O005426,OI0006254,DH-TOP-00312,2025-10-25,APP,Other,bada hai and colour bhi photo jaisa nahi,PICKUP_SCHEDULED
RT001507,O005427,OI0006255,DH-KID-00523,2025-01-29,APP,Other,bhaiya length bhi kamhai aur tight bhi very disappointed,PICKUP_SCHEDULED
RT001508,O005436,OI0006267,DH-KID-00448,2025-09-11,APP,Product damaged,,REFUNDED
RT001509,O005439,OI0006270,DH-KUR-00164,2025-05-15,WHATSAPP,Colour different from image,,INSPECTED
RT001510,O005440,OI0006271,DH-TRA-00591,2026-02-03,APP,Other,"hi too bg, ekdum dheela exchange nahi chahiye",REFUNDED
RT001511,O005443,OI0006274,DH-PAL-00329,2025-06-17,WHATSAPP,Size too small,,REFUNDED
RT001512,O005447,OI0006279,DH-TOP-00302,2026-08-20,APP,Size too large,,INSPECTED
RT001513,O005456,OI0006289,DH-SCH-00497,2025-04-30,WHATSAPP,Size too large,,REFUNDED
RT001514,O005459,OI0006292,DH-CO--00343,2026-03-13,APP,Colour different from image,,REFUNDED
RT001515,O005461,OI0006294,DH-KUR-00012,2025-07-31,APP,Other,"pls too small, chest pe fit nahi hua refund chahiye",REFUNDED
RT001516,O005467,OI0006303,DH-KUR-00015,2026-01-13,APP,Other,,REFUNDED
RT001517,O005470,OI0006306,DH-KUR-00142,2026-04-04,WHATSAPP,Colour different from image,,REFUNDED
RT001518,O005471,OI0006307,DH-KUR-00179,2025-03-07,APP,Other,mustard bola ta ye to green yellow hai,REFUNDED
RT001519,O005474,OI0006311,DH-KID-00454,2026-07-11,APP,Size too small,,REFUNDED
RT001520,O005479,OI0006317,DH-KID-00517,2025-11-05,APP,Colour different from image,,REFUNDED
RT001521,O005486,OI0006325,DH-FRO-00393,2026-01-17,WHATSAPP,Other,pls ab zarurat nahi hai,REFUNDED
RT001522,O005488,OI0006327,DH-KUR-00154,2024-11-14,APP,Other,pls delivery me 12 din lag gaye refund chahiye,REFUNDED
RT001523,O005493,OI0006332,DH-KID-00513,2025-02-09,APP,Other,size chota hai aur kapda bhi patla,REFUNDED
RT001524,O005494,OI0006333,DH-CO--00359,2026-09-05,APP,Quality not as expected,,REFUNDED
RT001525,O005503,OI0006347,DH-SCH-00467,2026-01-28,WHATSAPP,Other,hi ... 🙏,REFUNDED
RT001526,O005503,OI0006348,DH-KUR-00042,2026-01-24,APP,Quality not as expected,,REFUNDED
RT001527,O005509,OI0006355,DH-FRO-00418,2025-08-24,APP,Colour different from image,,REFUNDED
RT001528,O005513,OI0006359,DH-KUR-00132,2026-04-20,WHATSAPP,Other,bhaiya see through hai kapda,REFUNDED
RT001529,O005515,OI0006361,DH-DRE-00206,2025-11-09,WHATSAPP,Other,mam issue hai exchange nahi chahiye,INSPECTED
RT001530,O005518,OI0006364,DH-FRO-00412,2026-08-26,WHATSAPP,Other,mam size chart se bbada nikla,REFUNDED
RT001531,O005520,OI0006366,DH-FRO-00365,2025-10-07,APP,Other,ab zarurat nahi hai refund chahiye,REFUNDED
RT001532,O005527,OI0006374,DH-KUR-00026,2026-06-21,WHATSAPP,Size too small,,INSPECTED
RT001533,O005534,OI0006382,DH-KUR-00079,2026-06-02,APP,Other,pls time pe nahi aaya to ab kya karu exchange nahi chahiye,REFUNDED
RT001534,O005541,OI0006390,DH-KUR-00149,2025-05-24,WHATSAPP,Other,"pls chhota aa gaya, siez chart galat hai exchange nahi chahiye",REFUNDED
RT001535,O005547,OI0006396,DH-KUR-00139,2024-12-27,APP,Other,sir acha nahi laga exchange nahi chahiye,REFUNDED
RT001536,O005555,OI0006404,DH-KUR-00122,2025-08-05,APP,Other, ,INSPECTED
RT001537,O005558,OI0006407,DH-TRA-00598,2026-07-26,APP,Size too large,,REFUNDED
RT001538,O005565,OI0006414,DH-SCH-00480,2026-08-11,APP,Other,HI BETI KE LIYE LIYA THA CHHOTA PAD GAYA,REFUNDED
RT001539,O005568,OI0006418,DH-MEN-00550,2026-01-08,WHATSAPP,Quality not as expected,,REFUNDED
RT001540,O005570,OI0006420,DH-FRO-00364,2026-08-19,APP,Product damaged,,REFUNDED
RT001541,O005577,OI0006428,DH-KUR-00097,2026-07-10,WHATSAPP,Size too small,,REFUNDED
RT001542,O005580,OI0006432,DH-KUR-00031,2025-09-11,APP,Quality not as expected,,REFUNDED
RT001543,O005585,OI0006439,DH-TOP-00270,2026-09-01,APP,Quality not as expected,,REFUNDED
RT001544,O005591,OI0006445,DH-FRO-00393,2024-11-07,APP,Product damaged,,REFUNDED
RT001545,O005602,OI0006457,DH-TOP-00271,2025-11-17,APP,Size too small,,REFUNDED
RT001546,O005605,OI0006461,DH-MEN-00557,2024-11-24,APP,Colour different from image,,REFUNDED
RT001547,O005606,OI0006462,DH-KUR-00180,2025-02-23,APP,Size too small,,REFUNDED
RT001548,O005610,OI0006466,DH-KUR-00152,2025-10-28,APP,Other,"too big, ekdum dheela exchange nahi chahiye",REFUNDED
RT001549,O005612,OI0006469,DH-DRE-00204,2025-10-09,APP,Size too small,,REFUNDED
RT001550,O005614,OI0006471,DH-DRE-00182,2026-07-11,WHATSAPP,Size too small,,REFUNDED
RT001551,O005626,OI0006492,DH-MEN-00566,2025-08-06,APP,Colour different from image,,REFUNDED
RT001552,O005629,OI0006495,DH-KID-00450,2026-03-21,APP,Other,"hello, no !!",REFUNDED
RT001553,O005637,OI0006505,DH-KUR-00135,2025-08-24,APP,Other,bhaiya dont need it anymore,REFUNDED
RT001554,O005642,OI0006513,DH-KUR-00122,2025-10-17,WHATSAPP,Other,mam dont need it anymore exchange nahi chahiye,REFUNDED
RT001555,O005644,OI0006516,DH-KUR-00126,2026-02-07,APP,Colour different from image,,REFUNDED
RT001556,O005651,OI0006524,DH-MEN-00553,2026-05-25,WHATSAPP,Other,bhaiya delivery me 12 din lag gaye,REFUNDED
RT001557,O005654,OI0006527,DH-KUR-00143,2025-08-16,APP,Quality not as expected,,REFUNDED
RT001558,O005657,OI0006530,DH-TOP-00261,2026-05-28,APP,Colour different from image,,REFUNDED
RT001559,O005660,OI0006533,DH-PAL-00342,2025-11-08,WHATSAPP,Other,"hello, function cancel ho gaya",REFUNDED
RT001560,O005662,OI0006535,DH-KID-00536,2026-05-05,APP,Wrong item received,,REFUNDED
RT001561,O005666,OI0006539,DH-KUR-00034,2025-06-28,APP,Other,SIZE CHART PE 38 LIKHA THA BUT 36 JAISA HAI,INSPECTED
RT001562,O005670,OI0006543,DH-TRA-00597,2026-08-29,APP,Quality not as expected,,INSPECTED
RT001563,O005671,OI0006544,DH-KUR-00090,2026-04-03,WHATSAPP,Size too small,,REFUNDED
RT001564,O005674,OI0006547,DH-KUR-00180,2024-12-01,WHATSAPP,Size too small,,REFUNDED
RT001565,O005677,OI0006550,DH-KID-00527,2025-12-15,APP,Other,see through hai kapda !!,INSPECTED
RT001566,O005678,OI0006551,DH-SCH-00469,2025-12-21,WHATSAPP,Other,pls not as expected,REFUNDED
RT001567,O005681,OI0006554,DH-KUR-00165,2026-08-15,APP,Size too small,,REFUNDED
RT001568,O005690,OI0006565,DH-KUR-00035,2024-11-10,APP,Size too small,,REFUNDED
RT001569,O005691,OI0006567,DH-KUR-00057,2026-04-20,WHATSAPP,Size too small,,REFUNDED
RT001570,O005694,OI0006570,DH-KUR-00090,2025-07-07,APP,Size too small,,REFUNDED
RT001571,O005695,OI0006571,DH-PAL-00316,2026-05-21,WHATSAPP,Size too large,,REFUNDED
RT001572,O005698,OI0006575,DH-KUR-00124,2025-05-06,WHATSAPP,Other,zip kaam nahi kar rahi very disappointed,PICKUP_SCHEDULED
RT001573,O005699,OI0006576,DH-SCH-00480,2025-12-21,APP,Other,pls bacche ke liye bahut bada hai refund chahiye,REFUNDED
RT001574,O005707,OI0006585,DH-SCH-00467,2025-08-26,APP,Other,"sir material not as described, ye cotton nahi lagta !!",INSPECTED
RT001575,O005708,OI0006586,DH-KID-00518,2026-01-09,WHATSAPP,Size too large,,INSPECTED
RT001576,O005713,OI0006592,DH-KUR-00097,2025-10-29,APP,Size too small,,REFUNDED
RT001577,O005715,OI0006594,DH-KUR-00155,2026-07-09,WHATSAPP,Other, ,REFUNDED
RT001578,O005720,OI0006600,DH-KUR-00153,2025-11-03,APP,Colour different from image,,REFUNDED
RT001579,O005721,OI0006601,DH-KID-00448,2025-04-16,APP,Other,SIR LENGTH BAHUT ZYADA HAI !!,REFUNDED
RT001580,O005722,OI0006602,DH-PAL-00332,2025-07-23,APP,Other,bahut tight h shoulders pe,REFUNDED
RT001581,O005723,OI0006603,DH-KUR-00154,2024-12-15,APP,Size too large,,REFUNDED
RT001582,O005724,OI0006604,DH-TOP-00285,2024-12-08,WHATSAPP,Other,hi function cancel ho gaya,REFUNDED
RT001583,O005726,OI0006607,DH-DRE-00190,2025-12-08,WHATSAPP,Size too small,,REFUNDED
RT001584,O005730,OI0006611,DH-KID-00500,2024-12-21,APP,Other,"mam stitching kharab hai, dhaage nikal rahe refund chahiye",REFUNDED
RT001585,O005732,OI0006613,DH-KUR-00039,2025-03-31,WHATSAPP,Other,sir ab zarurat nahi hai,REFUNDED
RT001586,O005734,OI0006616,DH-CO--00355,2026-01-02,APP,Other,see through hai kapda refund chahiye,REFUNDED
RT001587,O005737,OI0006619,DH-SCH-00482,2026-05-02,APP,Colour different from image,,REFUNDED
RT001588,O005740,OI0006622,DH-MEN-00564,2026-07-12,APP,Other,colour alag hai aur quality bhi average,REFUNDED
RT001589,O005746,OI0006630,DH-KID-00526,2025-10-29,WHATSAPP,Size too large,,REFUNDED
RT001590,O005747,OI0006631,DH-MEN-00546,2024-12-22,APP,Size too small,,REFUNDED
RT001591,O005749,OI0006633,DH-FRO-00396,2026-05-01,APP,Other,sir m mangaya tha bada aaya,INSPECTED
RT001592,O005751,OI0006635,DH-KUR-00160,2026-02-06,APP,Size too small,,REFUNDED
RT001593,O005753,OI0006637,DH-KID-00421,2026-04-05,WHATSAPP,Size too small,,REFUNDED
RT001594,O005758,OI0006644,DH-KID-00454,2025-05-20,WHATSAPP,Product damaged,,REFUNDED
RT001595,O005764,OI0006652,DH-FRO-00388,2026-05-29,APP,Other,"bhaiya gift tha, unko pasand nahi aaya very disappointed",REFUNDED
RT001596,O005764,OI0006651,DH-KUR-00135,2026-05-28,APP,Other,mind chnage ho gaya jaldi pickup karo,REFUNDED
RT001597,O005769,OI0006659,DH-KID-00514,2026-07-13,APP,Colour different from image,,REFUNDED
RT001598,O005772,OI0006662,DH-KUR-00129,2024-10-14,APP,Other,"mam gift tha, unko pasand nahi aaya !!",REFUNDED
RT001599,O005782,OI0006674,DH-TOP-00259,2025-08-22,APP,Other,zip kaam nahi kar rahi very disappointed,INSPECTED
RT001600,O005785,OI0006677,DH-DRE-00219,2025-11-17,APP,Size too large,,REFUNDED
RT001601,O005788,OI0006680,DH-KUR-00166,2025-12-07,WHATSAPP,Other,"fabric achha nahi, fitting bhi tight",REFUNDED
RT001602,O005789,OI0006681,DH-KUR-00031,2025-10-24,APP,Size too small,,REFUNDED
RT001603,O005791,OI0006683,DH-KID-00502,2026-09-24,APP,Other,"hello, smaller than usual size",PICKUP_SCHEDULED
RT001604,O005792,OI0006684,DH-KUR-00045,2026-05-09,APP,Other,"HI TOO BIG, EKDUM DHEELA EXCHANGE NAHI CHAHIYE",REFUNDED
RT001605,O005803,OI0006697,DH-PAL-00333,2026-05-14,APP,Wrong item received,,REFUNDED
RT001606,O005816,OI0006711,DH-KUR-00136,2026-07-26,WHATSAPP,Size too large,,REFUNDED
RT001607,O005825,OI0006722,DH-KUR-00153,2026-07-25,APP,Size too large,,INSPECTED
RT001608,O005829,OI0006726,DH-MEN-00568,2025-12-20,APP,Other,ye mera order nahi hai,REFUNDED
RT001609,O005832,OI0006729,DH-MEN-00575,2025-05-02,APP,Other,hi phata hua aayya jaldi pickup karo,REFUNDED
RT001610,O005833,OI0006730,DH-DRE-00229,2026-09-18,APP,Other,sir dont neeed it anymore !!,PICKUP_SCHEDULED
RT001611,O005837,OI0006735,DH-KID-00443,2025-06-28,APP,Colour different from image,,REFUNDED
RT001612,O005849,OI0006751,DH-PAL-00340,2025-09-14,WHATSAPP,Other,bhaiya not as expected,REFUNDED
RT001613,O005853,OI0006756,DH-DRE-00243,2026-09-04,APP,Other,hi tighht hai,REFUNDED
RT001614,O005855,OI0006758,DH-FRO-00409,2024-10-10,APP,Quality not as expected,,REFUNDED
RT001615,O005875,OI0006782,DH-KUR-00008,2025-02-23,WHATSAPP,Size too small,,INSPECTED
RT001616,O005878,OI0006785,DH-KUR-00088,2025-08-27,WHATSAPP,Other,hi pasaand nahi aaya refund chahiye,REFUNDED
RT001617,O005879,OI0006786,DH-KUR-00060,2026-07-26,APP,Size too small,,REFUNDED
RT001618,O005884,OI0006792,DH-MEN-00558,2026-06-15,WHATSAPP,Size too large,,REFUNDED
RT001619,O005889,OI0006797,DH-TOP-00256,2026-05-03,APP,Size too small,,REFUNDED
RT001620,O005890,OI0006798,DH-KUR-00029,2025-12-18,APP,Other,pls length bhi kam hai aur tight bhi,REFUNDED
RT001621,O005893,OI0006801,DH-DRE-00231,2025-01-12,WHATSAPP,Other,delivery me 12 din lag gaye jaldi pickup karo,REFUNDED
RT001622,O005896,OI0006804,DH-KID-00423,2026-07-27,APP,Other,bhaiya mummy ko pasand nahi aaya pls return,PICKUP_SCHEDULED
RT001623,O005897,OI0006805,DH-KUR-00003,2026-04-07,WHATSAPP,Size too small,,REFUNDED
RT001624,O005900,OI0006808,DH-TOP-00271,2025-02-11,APP,Other,issue hai,REFUNDED
RT001625,O005901,OI0006810,DH-MEN-00587,2026-08-27,WHATSAPP,Product damaged,,REFUNDED
RT001626,O005903,OI0006813,DH-KID-00448,2025-09-03,WHATSAPP,Other,"hello, order bahut der se mila exchange nahi chahiye",REFUNDED
RT001627,O005906,OI0006816,DH-KID-00433,2025-03-27,APP,Wrong item received,,REFUNDED
RT001628,O005907,OI0006818,DH-KUR-00097,2024-11-27,WHATSAPP,Other,hi ab arurat nahi hai pls return,REFUNDED
RT001629,O005908,OI0006819,DH-KUR-00127,2026-07-28,APP,Size too small,,REFUNDED
RT001630,O005915,OI0006828,DH-KUR-00075,2026-05-23,APP,Product damaged,,REFUNDED
RT001631,O005918,OI0006831,DH-SCH-00489,2025-07-26,WHATSAPP,Size too small,,REFUNDED
RT001632,O005924,OI0006838,DH-PAL-00321,2026-02-28,APP,Size too large,,REFUNDED
RT001633,O005930,OI0006846,DH-KUR-00039,2026-01-30,APP,Other,mam nahi chahiye bas jaldi pickup karo,REFUNDED
RT001634,O005937,OI0006854,DH-FRO-00408,2025-12-08,APP,Other,hi dusri jagah sasta mil gaya pls return,REFUNDED
RT001635,O005943,OI0006863,DH-FRO-00365,2025-12-08,WHATSAPP,Size too large,,REFUNDED
RT001636,O005946,OI0006866,DH-DRE-00189,2025-12-06,APP,Other,bada hai and colour bhi photo jaisa nahi,REFUNDED
RT001637,O005948,OI0006868,DH-KUR-00043,2024-10-29,APP,Size too small,,REFUNDED
RT001638,O005950,OI0006870,DH-DRE-00240,2026-09-17,WHATSAPP,Quality not as expected,,PICKUP_SCHEDULED
RT001639,O005951,OI0006871,DH-MEN-00567,2026-09-15,APP,Size too small,,REFUNDED
RT001640,O005952,OI0006872,DH-SCH-00488,2024-10-17,WHATSAPP,Other,"size small aaya, mera regular m h pls return",REFUNDED
RT001641,O005955,OI0006875,DH-KUR-00099,2026-07-30,APP,Size too small,,REFUNDED
RT001642,O005958,OI0006879,DH-DRE-00208,2026-03-28,WHATSAPP,Size too small,,INSPECTED
RT001643,O005960,OI0006881,DH-KUR-00020,2026-01-23,APP,Size too large,,REFUNDED
RT001644,O005964,OI0006885,DH-PAL-00326,2024-12-02,APP,Other,late aaya aur packet bhi phata hua,INSPECTED
RT001645,O005967,OI0006889,DH-KUR-00093,2025-06-09,WHATSAPP,Size too small,,REFUNDED
RT001646,O005973,OI0006896,DH-MEN-00544,2025-05-05,WHATSAPP,Other,mam XL bhi tight hai kya size h ye,REFUNDED
RT001647,O005976,OI0006901,DH-KUR-00155,2025-09-02,APP,Colour different from image,,REFUNDED
RT001648,O005978,OI0006903,DH-FRO-00365,2026-02-22,APP,Other,mam fitting bahut tight hai yaar,REFUNDED
RT001649,O005980,OI0006905,DH-CO--00359,2026-05-12,APP,Size too small,,REFUNDED
RT001650,O005981,OI0006906,DH-MEN-00546,2024-11-19,APP,Other,size chota hai aur kapda bhi patla,REFUNDED
RT001651,O005984,OI0006909,DH-KUR-00035,2025-11-24,WHATSAPP,Size too small,,PICKUP_SCHEDULED
RT001652,O005992,OI0006917,DH-KID-00537,2025-01-11,WHATSAPP,Quality not as expected,,REFUNDED
RT001653,O005995,OI0006920,DH-KUR-00116,2026-03-30,APP,Other,"hello, साइज़ छोटा है refund chahiye",REFUNDED
RT001654,O005996,OI0006921,DH-DRE-00239,2026-06-18,WHATSAPP,Other,sir अच्छा नहीं लगा very disappointed,REFUNDED
RT001655,O006000,OI0006927,DH-KUR-00050,2025-03-03,APP,Wrong item received,,REFUNDED
RT001656,O006004,OI0006931,DH-CO--00351,2025-09-08,APP,Other,issue ai refund chahiye,REFUNDED
RT001657,O006016,OI0006944,DH-KUR-00088,2025-03-01,WHATSAPP,Size too small,,REFUNDED
RT001658,O006017,OI0006945,DH-KUR-00180,2024-12-13,APP,Other,order bahut der se mila refund chahiye,REFUNDED
RT001659,O006028,OI0006957,DH-KID-00443,2026-06-23,WHATSAPP,Colour different from image,,REFUNDED
RT001660,O006029,OI0006958,DH-KUR-00155,2026-05-02,WHATSAPP,Wrong item received,,REFUNDED
RT001661,O006035,OI0006966,DH-DRE-00198,2024-10-07,WHATSAPP,Size too small,,REFUNDED
RT001662,O006037,OI0006968,DH-TOP-00273,2025-07-15,WHATSAPP,Other,pls ye mera order nahi hai,REFUNDED
RT001663,O006039,OI0006970,DH-FRO-00409,2026-05-17,WHATSAPP,Size too large,,REFUNDED
RT001664,O006040,OI0006971,DH-SCH-00489,2025-01-17,APP,Size too small,,REFUNDED
RT001665,O006041,OI0006972,DH-SCH-00469,2025-06-07,APP,Other,size chota hai aur kapda bhi patla,REFUNDED
RT001666,O006051,OI0006982,DH-KUR-00135,2025-12-16,APP,Other,"hello, photo me maroon dikha, aaya brown exchange nahi chahiye",REFUNDED
RT001667,O006055,OI0006986,DH-SCH-00477,2026-01-13,APP,Size too large,,REFUNDED
RT001668,O006056,OI0006987,DH-TOP-00261,2026-03-07,APP,Size too small,,PICKUP_SCHEDULED
RT001669,O006057,OI0006988,DH-KUR-00175,2026-02-07,APP,Size too large,,REFUNDED
RT001670,O006060,OI0006992,DH-TOP-00300,2026-02-15,APP,Other,pls return very disappointed,REFUNDED
RT001671,O006061,OI0006993,DH-KUR-00026,2026-02-05,APP,Size too small,,INSPECTED
RT001672,O006064,OI0006997,DH-KUR-00012,2026-03-20,WHATSAPP,Size too small,,REFUNDED
RT001673,O006066,OI0006999,DH-MEN-00577,2025-12-11,APP,Quality not as expected,,REFUNDED
RT001674,O006068,OI0007001,DH-FRO-00374,2026-02-03,APP,Size too small,,REFUNDED
RT001675,O006077,OI0007014,DH-TOP-00271,2025-02-28,APP,Size too small,,REFUNDED
RT001676,O006081,OI0007018,DH-KID-00424,2025-12-30,APP,Other,"hello, too big, ekdum dheela exchange nahi chahiye",REFUNDED
RT001677,O006083,OI0007020,DH-KUR-00162,2026-02-02,APP,Other,tight hai pls return,REFUNDED
RT001678,O006084,OI0007021,DH-KUR-00151,2026-08-10,APP,Other,"hello, rang hlaka hai bahut 🙏",REFUNDED
RT001679,O006094,OI0007032,DH-KUR-00125,2026-03-25,WHATSAPP,Size too small,,REFUNDED
RT001680,O006095,OI0007033,DH-DRE-00244,2025-12-28,APP,Product damaged,,INSPECTED
RT001681,O006099,OI0007039,DH-DRE-00198,2024-11-17,APP,Other,mam duri jagah sasta mil gaya pls return,REFUNDED
RT001682,O006102,OI0007042,DH-KID-00511,2025-03-06,WHATSAPP,Other,dusri jagah sasta milg aya refund chahiye,INSPECTED
RT001683,O006103,OI0007043,DH-PAL-00319,2025-11-12,APP,Other,size chota hai aur kapda bhi patla,REFUNDED
RT001684,O006107,OI0007047,DH-KID-00518,2026-01-03,APP,Other,size chota hai aur kapda bhi patla,REFUNDED
RT001685,O006111,OI0007053,DH-DRE-00206,2025-02-19,APP,Quality not as expected,,REFUNDED
RT001686,O006118,OI0007060,DH-KID-00526,2024-10-11,APP,Size too large,,REFUNDED
RT001687,O006130,OI0007074,DH-TOP-00265,2025-06-04,APP,Other,sir same as before very disappointed,REFUNDED
RT001688,O006134,OI0007078,DH-TRA-00600,2025-06-06,APP,Size too small,,PICKUP_SCHEDULED
RT001689,O006139,OI0007085,DH-DRE-00198,2025-10-20,WHATSAPP,Other,"bahut late aaya, function nikal gaya !!",REFUNDED
RT001690,O006141,OI0007087,DH-TOP-00265,2025-12-12,APP,Other,SMALLER THAN SUUAL SIZE,REFUNDED
RT001691,O006144,OI0007090,DH-MEN-00568,2026-01-03,APP,Product damaged,,REFUNDED
RT001692,O006145,OI0007091,DH-KUR-00111,2025-09-10,WHATSAPP,Colour different from image,,REFUNDED
RT001693,O006152,OI0007100,DH-TOP-00278,2025-07-19,APP,Quality not as expected,,REFUNDED
RT001694,O006154,OI0007103,DH-MEN-00547,2026-06-14,APP,Quality not as expected,,REFUNDED
RT001695,O006166,OI0007116,DH-DRE-00191,2026-04-27,APP,Quality not as expected,,REFUNDED
RT001696,O006169,OI0007120,DH-KID-00513,2026-02-18,WHATSAPP,Quality not as expected,,REFUNDED
RT001697,O006170,OI0007121,DH-FRO-00401,2025-05-18,WHATSAPP,Other,pls colour mismatch,INSPECTED
RT001698,O006171,OI0007123,DH-DRE-00213,2025-10-20,APP,Size too large,,REFUNDED
RT001699,O006177,OI0007130,DH-TOP-00297,2025-10-18,APP,Other,"bhaiya chhota aa gaya, size chart galat hai",REFUNDED
RT001700,O006178,OI0007131,DH-KID-00458,2026-01-21,APP,Size too large,,REFUNDED
RT001701,O006179,OI0007133,DH-KUR-00130,2026-09-16,APP,Quality not as expected,,REFUNDED
RT001702,O006181,OI0007135,DH-FRO-00419,2025-02-17,APP,Other,pls delviery me 12 din lag gaye,REFUNDED
RT001703,O006182,OI0007136,DH-PAL-00329,2025-06-13,APP,Size too small,,INSPECTED
RT001704,O006187,OI0007141,DH-KUR-00090,2025-04-01,WHATSAPP,Other,"mam loose fitting, mere size ka nahi lagta very disappointed",REFUNDED
RT001705,O006188,OI0007142,DH-DRE-00185,2025-08-02,APP,Other,mustard bola tha ye ot green yellow hai exchange nahi chahiye,REFUNDED
RT001706,O006190,OI0007144,DH-KUR-00034,2026-09-08,APP,Size too small,,REFUNDED
RT001707,O006191,OI0007145,DH-SCH-00488,2025-01-10,APP,Other,colour alag hai aur quality bhi average,REFUNDED
RT001708,O006198,OI0007156,DH-TOP-00289,2025-07-27,APP,Other,hi no,REFUNDED
RT001709,O006199,OI0007157,DH-TOP-00302,2025-10-03,APP,Size too small,,REFUNDED
RT001710,O006207,OI0007167,DH-KUR-00170,2026-08-28,APP,Other,pls print utar raha hai,REFUNDED
RT001711,O006209,OI0007169,DH-MEN-00543,2026-01-11,APP,Other,size chota hai aur kapda bhi patla,REFUNDED
RT001712,O006209,OI0007170,DH-DRE-00212,2026-01-13,WHATSAPP,Product damaged,,REFUNDED
RT001713,O006217,OI0007179,DH-KUR-00154,2025-02-16,APP,Other,bhaiya functioncancel ho gaya,REFUNDED
RT001714,O006219,OI0007181,DH-KUR-00179,2026-05-12,WHATSAPP,Colour different from image,,REFUNDED
RT001715,O006221,OI0007184,DH-FRO-00384,2025-11-16,WHATSAPP,Other,"hello, plss return very disappointed",REFUNDED
RT001716,O006226,OI0007190,DH-DRE-00235,2025-06-09,WHATSAPP,Size too small,,REFUNDED
RT001717,O006227,OI0007191,DH-DRE-00236,2026-03-18,APP,Other,sir pls return refund chahiye,REFUNDED
RT001718,O006233,OI0007197,DH-FRO-00383,2026-02-22,APP,Colour different from image,,REFUNDED
RT001719,O006236,OI0007202,DH-MEN-00542,2025-06-04,APP,Other,donnt need it anymore !!,REFUNDED
RT001720,O006237,OI0007203,DH-SCH-00467,2026-02-24,APP,Other,sir acha nahi laga 🙏,REFUNDED
RT001721,O006245,OI0007214,DH-FRO-00401,2025-05-10,APP,Quality not as expected,,REFUNDED
RT001722,O006252,OI0007221,DH-KUR-00054,2026-06-14,APP,Product damaged,,REFUNDED
RT001723,O006253,OI0007222,DH-KID-00526,2024-12-21,WHATSAPP,Size too small,,REFUNDED
RT001724,O006256,OI0007225,DH-TRA-00593,2025-11-16,APP,Other,"hello, beti ke liye liya tha chhota pad gaya very disappointed",REFUNDED
RT001725,O006258,OI0007227,DH-KID-00521,2025-03-13,WHATSAPP,Other,size chota hai aur kapda bhi patla,REFUNDED
RT001726,O006263,OI0007235,DH-KID-00458,2026-08-01,WHATSAPP,Other,pls theke nahi hai 🙏,REFUNDED
RT001727,O006275,OI0007248,DH-DRE-00218,2026-07-11,APP,Colour different from image,,REFUNDED
RT001728,O006277,OI0007250,DH-PAL-00328,2025-05-14,WHATSAPP,Product damaged,,REFUNDED
RT001729,O006280,OI0007253,DH-KID-00428,2025-01-21,WHATSAPP,Other,size chota hai aur kapda bhi patla,REFUNDED
RT001730,O006288,OI0007261,DH-MEN-00577,2026-05-05,APP,Other,hi not as expcted !!,REFUNDED
RT001731,O006291,OI0007267,DH-KID-00462,2024-10-23,APP,Other,"hello, bahut late aaya, function nikal gaya pls return",REFUNDED
RT001732,O006294,OI0007270,DH-KUR-00105,2025-01-21,APP,Other,bada hai and colour bhi photo jaisa nahi,REFUNDED
RT001733,O006299,OI0007275,DH-MEN-00541,2025-08-11,APP,Product damaged,,REFUNDED
RT001734,O006302,OI0007281,DH-TOP-00288,2025-02-16,APP,Other,"fabric achha nahi, fitting bhi tight",REFUNDED
RT001735,O006304,OI0007283,DH-TRA-00597,2024-10-10,APP,Other,hi time pe nahi aaya to ab kya karu !!,REFUNDED
RT001736,O006307,OI0007286,DH-CO--00347,2026-05-05,WHATSAPP,Quality not as expected,,INSPECTED
RT001737,O006308,OI0007287,DH-DRE-00239,2025-10-21,WHATSAPP,Other,"kurti bahu tfit hai, breathe nahi kar pa rahi pls return",REFUNDED
RT001738,O006313,OI0007292,DH-KUR-00160,2026-04-05,APP,Other,mam mummy ko pasand nahi aaya pls return,REFUNDED
RT001739,O006316,OI0007295,DH-TOP-00311,2025-01-17,APP,Quality not as expected,,REFUNDED
RT001740,O006325,OI0007304,DH-SCH-00467,2026-04-10,WHATSAPP,Other,print utar raha hai refund chahiye,REFUNDED
RT001741,O006328,OI0007308,DH-SCH-00483,2026-04-11,APP,Size too small,,REFUNDED
RT001742,O006329,OI0007309,DH-KID-00447,2026-02-10,WHATSAPP,Colour different from image,,REFUNDED
RT001743,O006330,OI0007310,DH-KUR-00097,2026-02-28,WHATSAPP,Size too small,,REFUNDED
RT001744,O006331,OI0007311,DH-DRE-00231,2026-01-31,WHATSAPP,Size too small,,REFUNDED
RT001745,O006342,OI0007324,DH-FRO-00397,2025-10-24,APP,Size too small,,REFUNDED
RT001746,O006347,OI0007330,DH-DRE-00234,2026-08-08,APP,Product damaged,,REFUNDED
RT001747,O006352,OI0007336,DH-PAL-00337,2026-07-23,WHATSAPP,Other,"mam bahut late aaya, function nikal gaya exchange nahi chahiye",REFUNDED
RT001748,O006353,OI0007338,DH-PAL-00333,2026-02-15,APP,Size too small,,REFUNDED
RT001749,O006355,OI0007340,DH-KID-00503,2024-10-10,APP,Wrong item received,,REFUNDED
RT001750,O006356,OI0007341,DH-KUR-00003,2025-05-16,APP,Other,smaller than usual size 🙏,INSPECTED
RT001751,O006357,OI0007342,DH-DRE-00210,2025-04-12,WHATSAPP,Other,ordered L but feels lkie S jaldi pickup karo,REFUNDED
RT001752,O006365,OI0007350,DH-TOP-00279,2025-04-26,APP,Other,"hello, accidentally order ho gaya jaldi pickup karo",REFUNDED
RT001753,O006370,OI0007357,DH-KUR-00017,2025-01-12,APP,Wrong item received,,REFUNDED
RT001754,O006372,OI0007359,DH-KUR-00149,2024-12-15,APP,Size too large,,REFUNDED
RT001755,O006373,OI0007360,DH-KUR-00111,2026-09-05,APP,Colour different from image,,REFUNDED
RT001756,O006374,OI0007361,DH-PAL-00328,2026-07-01,APP,Product damaged,,REFUNDED
RT001757,O006376,OI0007364,DH-KUR-00016,2026-01-09,APP,Other,mummy ko pasand nahi aaya,REFUNDED
RT001758,O006379,OI0007368,DH-MEN-00561,2024-12-17,APP,Other,function canncel ho gaya,INSPECTED
RT001759,O006383,OI0007373,DH-PAL-00321,2025-12-20,APP,Quality not as expected,,REFUNDED
RT001760,O006384,OI0007374,DH-MEN-00581,2025-08-02,APP,Other, ,REFUNDED
RT001761,O006386,OI0007376,DH-CO--00354,2024-11-05,WHATSAPP,Other,😞 🙏,REFUNDED
RT001762,O006392,OI0007382,DH-SCH-00472,2025-01-31,APP,Product damaged,,REFUNDED
RT001763,O006395,OI0007385,DH-KUR-00120,2025-06-17,APP,Size too small,,INSPECTED
RT001764,O006396,OI0007386,DH-FRO-00382,2026-03-31,APP,Size too large,,REFUNDED
RT001765,O006397,OI0007387,DH-KID-00513,2025-03-01,WHATSAPP,Other,bekar very disappointed,REFUNDED
RT001766,O006403,OI0007394,DH-KID-00519,2026-08-10,APP,Other,pls ab zarurat nahi hai,REFUNDED
RT001767,O006405,OI0007396,DH-KID-00515,2025-12-14,APP,Size too small,,REFUNDED
RT001768,O006408,OI0007401,DH-KUR-00035,2025-09-24,APP,Other,"late delivery, mehndi ke baad aaya pls return",REFUNDED
RT001769,O006409,OI0007402,DH-KUR-00086,2025-11-29,WHATSAPP,Size too large,,REFUNDED
RT001770,O006416,OI0007411,DH-KID-00443,2025-03-07,WHATSAPP,Quality not as expected,,PICKUP_SCHEDULED
RT001771,O006418,OI0007413,DH-KID-00428,2025-09-29,WHATSAPP,Other,mam nahi chahiye bas pls return,REFUNDED
RT001772,O006420,OI0007415,DH-DRE-00210,2025-07-14,APP,Other,"hello, beti ke liye liyat ha chhota pad gaya exchange nahi chahiye",REFUNDED
RT001773,O006421,OI0007416,DH-TOP-00273,2026-08-18,APP,Other,sir ab zarurat nahi hai exchange nahi chahiye,PICKUP_SCHEDULED
RT001774,O006422,OI0007417,DH-KUR-00041,2026-02-15,APP,Size too small,,REFUNDED
RT001775,O006426,OI0007421,DH-KID-00460,2026-06-24,APP,Quality not as expected,,REFUNDED
RT001776,O006427,OI0007422,DH-CO--00360,2025-06-01,WHATSAPP,Quality not as expected,,REFUNDED
RT001777,O006428,OI0007423,DH-KID-00507,2025-07-24,APP,Other,bhaiya bekar,REFUNDED
RT001778,O006430,OI0007425,DH-DRE-00232,2026-06-20,APP,Other,pls colou rfade sa hai photo jaisa nahi exchange nahi chahiye,REFUNDED
RT001779,O006434,OI0007430,DH-KUR-00133,2024-10-28,WHATSAPP,Other,bada hai and colour bhi photo jaisa nahi,REFUNDED
RT001780,O006434,OI0007429,DH-SCH-00489,2024-10-23,WHATSAPP,Size too large,,REFUNDED
RT001781,O006436,OI0007432,DH-KUR-00086,2026-06-10,APP,Colour different from image,,REFUNDED
RT001782,O006451,OI0007447,DH-KUR-00081,2026-05-01,APP,Other,"mam late delivery, mehndi ke baad aaya !!",REFUNDED
RT001783,O006452,OI0007448,DH-SCH-00472,2025-04-09,APP,Size too large,,REFUNDED
RT001784,O006455,OI0007451,DH-KID-00511,2025-10-29,APP,Colour different from image,,INSPECTED
RT001785,O006457,OI0007454,DH-FRO-00393,2024-11-07,APP,Other,"PLS GIFT THA, UNKO PASAND NAHI AAYA",REFUNDED
RT001786,O006458,OI0007455,DH-CO--00348,2025-03-12,APP,Size too large,,REFUNDED
RT001787,O006462,OI0007460,DH-TOP-00268,2025-03-14,APP,Quality not as expected,,REFUNDED
RT001788,O006464,OI0007462,DH-KUR-00139,2024-12-20,WHATSAPP,Product damaged,,REFUNDED
RT001789,O006465,OI0007465,DH-KID-00531,2026-03-21,APP,Other,ek wash me rang chala gaya,REFUNDED
RT001790,O006466,OI0007466,DH-CO--00358,2025-03-03,APP,Other,"mam chhota aa gaya, size chart galat hai !!",REFUNDED
RT001791,O006470,OI0007471,DH-MEN-00546,2025-10-18,APP,Product damaged,,REFUNDED
RT001792,O006470,OI0007470,DH-KID-00437,2025-10-17,APP,Size too large,,PICKUP_SCHEDULED
RT001793,O006474,OI0007476,DH-MEN-00582,2025-05-20,APP,Quality not as expected,,INSPECTED
RT001794,O006479,OI0007481,DH-KUR-00163,2025-11-06,APP,Other,ab zarurat nahi hai exchange nahi chahiye,REFUNDED
RT001795,O006483,OI0007486,DH-MEN-00569,2026-08-23,APP,Quality not as expected,,PICKUP_SCHEDULED
RT001796,O006486,OI0007490,DH-PAL-00317,2025-10-18,APP,Other,delivery me 12 din lag gaye,INSPECTED
RT001797,O006489,OI0007494,DH-KUR-00174,2025-09-08,APP,Other,SIR ACHA NAHI LAGA,REFUNDED
RT001798,O006490,OI0007496,DH-KUR-00025,2026-04-14,APP,Other,bada hai and colour bhi photo jaisa nahi,INSPECTED
RT001799,O006497,OI0007503,DH-TRA-00595,2025-04-16,APP,Other,not as expected,INSPECTED
RT001800,O006502,OI0007510,DH-DRE-00251,2025-12-22,WHATSAPP,Product damaged,,REFUNDED
RT001801,O006503,OI0007511,DH-KUR-00083,2026-01-18,APP,Product damaged,,REFUNDED
RT001802,O006506,OI0007516,DH-KUR-00078,2025-06-20,APP,Other,pls not a sexpected,INSPECTED
RT001803,O006510,OI0007523,DH-KUR-00149,2024-12-24,WHATSAPP,Other,mind change ho gaya,INSPECTED
RT001804,O006518,OI0007531,DH-TOP-00268,2025-12-06,APP,Other,PACKET KHULA THA AUR KAPDE PE DAAG HAI VERY DISAPPOINTED,REFUNDED
RT001805,O006520,OI0007533,DH-FRO-00383,2026-09-27,APP,Size too large,,PICKUP_SCHEDULED
RT001806,O006524,OI0007537,DH-KUR-00035,2026-07-06,APP,Other,bhaiya mummy ko pasand nahi aaya,REFUNDED
RT001807,O006540,OI0007556,DH-TOP-00268,2025-06-16,APP,Other,PLS 😞,REFUNDED
RT001808,O006541,OI0007557,DH-KUR-00131,2024-12-07,WHATSAPP,Size too small,,REFUNDED
RT001809,O006543,OI0007559,DH-KID-00526,2025-07-04,APP,Other,pasand nahi aaya exchange nahi chahiye,REFUNDED
RT001810,O006545,OI0007561,DH-DRE-00204,2024-11-24,APP,Size too large,,REFUNDED
RT001811,O006546,OI0007562,DH-TRA-00593,2025-06-04,APP,Other,bada hai and colour bhi photo jaisa nahi,REFUNDED
RT001812,O006548,OI0007565,DH-KID-00507,2026-01-12,APP,Size too small,,REFUNDED
RT001813,O006549,OI0007566,DH-KUR-00097,2025-03-22,APP,Other,"hello, delivery me 12 din lag gaye refund chahiye",REFUNDED
RT001814,O006551,OI0007568,DH-DRE-00192,2025-12-19,APP,Other,bhaiya doosra colour bhej diya very disappointed,REFUNDED
RT001815,O006552,OI0007569,DH-CO--00360,2026-06-29,APP,Other,beti ke liye liya tha chhota pad gaya,REFUNDED
RT001816,O006559,OI0007577,DH-TOP-00290,2026-06-30,APP,Size too large,,REFUNDED
RT001817,O006560,OI0007578,DH-KUR-00090,2025-12-10,APP,Other,sleeves tight hai arms me pls return,INSPECTED
RT001818,O006568,OI0007586,DH-PAL-00340,2026-01-26,APP,Colour different from image,,REFUNDED
RT001819,O006569,OI0007587,DH-DRE-00188,2026-01-14,WHATSAPP,Other,shoulders gir rahe haini tna loose exchange nahi chahiye,REFUNDED
RT001820,O006578,OI0007600,DH-TOP-00263,2025-07-18,APP,Other,waist pe nahi aaya,REFUNDED
RT001821,O006581,OI0007605,DH-DRE-00214,2026-04-10,APP,Other,size bada hi,REFUNDED
RT001822,O006581,OI0007604,DH-CO--00346,2026-04-05,WHATSAPP,Colour different from image,,REFUNDED
RT001823,O006582,OI0007606,DH-KUR-00131,2025-07-01,APP,Size too small,,REFUNDED
RT001824,O006586,OI0007612,DH-MEN-00579,2026-03-26,WHATSAPP,Size too small,,REFUNDED
RT001825,O006586,OI0007611,DH-SCH-00482,2026-03-30,WHATSAPP,Other,mam साइज़ छोटा है exchange nahi chahiye,REFUNDED
RT001826,O006591,OI0007617,DH-FRO-00371,2025-10-10,APP,Other,"mam loose fitting, mere size ka nahi lagta",REFUNDED
RT001827,O006593,OI0007619,DH-MEN-00554,2026-09-25,APP,Size too small,,PICKUP_SCHEDULED
RT001828,O006594,OI0007620,DH-CO--00345,2026-05-05,WHATSAPP,Quality not as expected,,REFUNDED
RT001829,O006595,OI0007621,DH-KUR-00071,2025-04-11,APP,Other,no,REFUNDED
RT001830,O006603,OI0007631,DH-KUR-00075,2026-05-24,WHATSAPP,Other,"hello, function cancel ho gaya exchange nahi chahiye",REFUNDED
RT001831,O006605,OI0007633,DH-DRE-00202,2025-11-27,APP,Other,quality bilkul bekar,REFUNDED
RT001832,O006624,OI0007654,DH-KID-00524,2026-06-29,APP,Size too small,,REFUNDED
RT001833,O006624,OI0007655,DH-KID-00505,2026-06-26,WHATSAPP,Size too large,,INSPECTED
RT001834,O006625,OI0007656,DH-KID-00519,2026-07-29,WHATSAPP,Other,mummyko pasand nahi aaya exchange nahi chahiye,REFUNDED
RT001835,O006631,OI0007664,DH-DRE-00193,2025-12-24,APP,Size too small,,REFUNDED
RT001836,O006632,OI0007666,DH-MEN-00575,2025-08-28,APP,Other,colour alag hai aur quality bhi average,REFUNDED
RT001837,O006632,OI0007665,DH-SCH-00467,2025-08-28,APP,Other,size chota hai aur kapda bhi patla,REFUNDED
RT001838,O006637,OI0007671,DH-KID-00462,2025-12-23,APP,Colour different from image,,REFUNDED
RT001839,O006640,OI0007674,DH-TOP-00285,2025-12-20,WHATSAPP,Other,-,REFUNDED
RT001840,O006641,OI0007675,DH-FRO-00415,2026-06-15,APP,Other,"hello, order bahut der se mila pls return",REFUNDED
RT001841,O006642,OI0007676,DH-DRE-00229,2026-09-04,APP,Quality not as expected,,REFUNDED
RT001842,O006643,OI0007677,DH-FRO-00396,2025-10-14,WHATSAPP,Other, ,REFUNDED
RT001843,O006644,OI0007678,DH-DRE-00198,2026-04-05,APP,Size too small,,INSPECTED
RT001844,O006650,OI0007686,DH-KUR-00020,2025-09-02,APP,Quality not as expected,,REFUNDED
RT001845,O006650,OI0007685,DH-KID-00501,2025-08-31,APP,Product damaged,,REFUNDED
RT001846,O006650,OI0007687,DH-KUR-00155,2025-09-04,APP,Size too small,,REFUNDED
RT001847,O006651,OI0007688,DH-SCH-00481,2024-11-18,WHATSAPP,Other,oversized lag raha hai jabki regular fit likha tha jaldi pickup karo,REFUNDED
RT001848,O006654,OI0007693,DH-SCH-00481,2026-04-05,WHATSAPP,Other,"fabric achha nahi, fitting bhi tight",REFUNDED
RT001849,O006655,OI0007694,DH-TOP-00260,2026-08-31,APP,Size too small,,REFUNDED
RT001850,O006656,OI0007695,DH-TOP-00279,2025-07-23,WHATSAPP,Other,"hello, dusri jagah sasta mil gaya very disappointed",REFUNDED
RT001851,O006658,OI0007697,DH-KUR-00171,2025-07-06,WHATSAPP,Size too small,,REFUNDED
RT001852,O006660,OI0007699,DH-MEN-00553,2025-11-08,WHATSAPP,Other,QUALITY ACHHI NAHI HAI !!,REFUNDED
RT001853,O006663,OI0007704,DH-KID-00538,2026-08-20,APP,Size too small,,REFUNDED
RT001854,O006668,OI0007710,DH-KUR-00063,2026-05-06,APP,Other,"hello, size bada hai",REFUNDED
RT001855,O006673,OI0007717,DH-KID-00448,2025-07-23,WHATSAPP,Size too small,,REFUNDED
RT001856,O006675,OI0007719,DH-KID-00460,2026-05-03,APP,Other,mam see through hai kapda very disappointed,REFUNDED
RT001857,O006676,OI0007720,DH-FRO-00374,2026-08-28,WHATSAPP,Other,pls acha nahi laga jaldi pickup karo,REFUNDED
RT001858,O006677,OI0007721,DH-TOP-00279,2024-11-08,APP,Size too small,,INSPECTED
RT001859,O006679,OI0007723,DH-FRO-00386,2025-03-03,APP,Quality not as expected,,REFUNDED
RT001860,O006682,OI0007726,DH-DRE-00186,2025-11-26,APP,Quality not as expected,,REFUNDED
RT001861,O006683,OI0007727,DH-KUR-00094,2026-02-14,APP,Colour different from image,,INSPECTED
RT001862,O006685,OI0007729,DH-DRE-00211,2026-02-18,APP,Other,"fabric achha nahi, fitting bhi tight",REFUNDED
RT001863,O006690,OI0007736,DH-KUR-00024,2026-06-27,APP,Other,sir wrong item received pls return,PICKUP_SCHEDULED
RT001864,O006692,OI0007738,DH-KUR-00118,2025-11-07,WHATSAPP,Size too small,,REFUNDED
RT001865,O006697,OI0007743,DH-DRE-00184,2024-12-14,APP,Other,bhaiya mummy ko pasand nahi aaay exchange nahi chahiye,REFUNDED
RT001866,O006701,OI0007748,DH-KUR-00114,2025-09-19,APP,Other,hi color is different from image refund chahiye,REFUNDED
RT001867,O006714,OI0007762,DH-FRO-00419,2025-08-01,APP,Other,pls ok refund chahiye,REFUNDED
RT001868,O006718,OI0007766,DH-MEN-00561,2025-09-01,APP,Product damaged,,REFUNDED
RT001869,O006731,OI0007781,DH-PAL-00340,2025-09-03,APP,Size too large,,REFUNDED
RT001870,O006736,OI0007786,DH-KUR-00033,2026-09-22,APP,Size too large,,PICKUP_SCHEDULED
RT001871,O006739,OI0007789,DH-KID-00458,2025-03-25,APP,Size too small,,INSPECTED
RT001872,O006743,OI0007793,DH-TOP-00275,2026-08-28,APP,Other,sir damaged piece received 🙏,REFUNDED
RT001873,O006751,OI0007804,DH-FRO-00365,2025-05-21,WHATSAPP,Size too small,,REFUNDED
RT001874,O006753,OI0007806,DH-KUR-00137,2025-08-10,APP,Quality not as expected,,PICKUP_SCHEDULED
RT001875,O006757,OI0007811,DH-KUR-00093,2026-09-05,APP,Size too small,,INSPECTED
RT001876,O006760,OI0007814,DH-KUR-00124,2024-12-12,WHATSAPP,Other,"fabric achha nahi, fitting bhi tight",INSPECTED
RT001877,O006763,OI0007817,DH-DRE-00203,2025-02-02,APP,Wrong item received,,REFUNDED
RT001878,O006765,OI0007819,DH-SCH-00477,2025-09-13,APP,Size too small,,REFUNDED
RT001879,O006767,OI0007821,DH-FRO-00409,2024-12-13,WHATSAPP,Size too large,,REFUNDED
RT001880,O006775,OI0007829,DH-SCH-00474,2026-05-26,APP,Other,sir different design aaya 🙏,REFUNDED
RT001881,O006776,OI0007831,DH-KID-00445,2025-02-09,WHATSAPP,Size too small,,REFUNDED
RT001882,O006777,OI0007833,DH-KID-00447,2025-12-24,APP,Other,mam tight hai exchange nahi chahiye,REFUNDED
RT001883,O006777,OI0007832,DH-FRO-00379,2025-12-21,WHATSAPP,Size too small,,REFUNDED
RT001884,O006778,OI0007834,DH-KUR-00111,2026-04-16,APP,Other,same as before pls return,REFUNDED
RT001885,O006786,OI0007842,DH-PAL-00321,2026-03-12,APP,Quality not as expected,,REFUNDED
RT001886,O006792,OI0007848,DH-TOP-00264,2026-08-15,APP,Other,mam dont need it anymore exchange nahi chahiye,REFUNDED
RT001887,O006794,OI0007850,DH-DRE-00238,2026-06-14,APP,Other,"gift tha, unko pasand nahi aaya exchange nahi chahiye",REFUNDED
RT001888,O006798,OI0007854,DH-KUR-00058,2025-10-30,APP,Size too small,,REFUNDED
RT001889,O006800,OI0007856,DH-KID-00511,2025-03-07,APP,Other,colour alag hai aur quality bhi average,REFUNDED
RT001890,O006801,OI0007857,DH-KUR-00119,2026-09-24,APP,Product damaged,,PICKUP_SCHEDULED
RT001891,O006804,OI0007860,DH-KUR-00050,2025-08-27,APP,Quality not as expected,,REFUNDED
RT001892,O006805,OI0007861,DH-KID-00523,2025-08-09,APP,Other,"hello, delivery me 12 din alg gaye exchange nahi chahiye",REFUNDED
RT001893,O006810,OI0007867,DH-FRO-00386,2025-01-20,APP,Colour different from image,,REFUNDED
RT001894,O006812,OI0007870,DH-DRE-00219,2026-08-02,APP,Other,"PLS PHOTO ME MAROON DIKHA, AAYA BROWN JALDI PICKUP KARO",REFUNDED
RT001895,O006818,OI0007876,DH-KUR-00105,2025-03-25,WHATSAPP,Other,"hi too small, chest pef it nahi hua refund chahiye",REFUNDED
RT001896,O006821,OI0007879,DH-FRO-00387,2025-07-05,APP,Other,"hello, bahut loose hai refund chahiye",REFUNDED
RT001897,O006833,OI0007891,DH-KUR-00125,2024-10-18,WHATSAPP,Other,dont need it anymore,INSPECTED
RT001898,O006838,OI0007896,DH-KID-00448,2025-04-03,APP,Other,bada hai and colour bhi photo jaisa nahi,REFUNDED
RT001899,O006843,OI0007902,DH-KUR-00167,2025-12-12,APP,Size too small,,REFUNDED
RT001900,O006855,OI0007915,DH-KUR-00038,2025-12-19,WHATSAPP,Other,sir waist pe nahi aaya exchange nahi chahiye,REFUNDED
RT001901,O006859,OI0007921,DH-KUR-00125,2024-11-25,APP,Other,sir button tota hua tha,INSPECTED
RT001902,O006861,OI0007924,DH-PAL-00342,2025-11-22,APP,Other,order bahut der se mila,REFUNDED
RT001903,O006867,OI0007930,DH-SCH-00476,2025-08-15,WHATSAPP,Size too small,,REFUNDED
RT001904,O006880,OI0007943,DH-FRO-00400,2024-11-06,APP,Wrong item received,,REFUNDED
RT001905,O006882,OI0007945,DH-KUR-00039,2025-01-30,WHATSAPP,Other,sir order bhaut der se mila 🙏,INSPECTED
RT001906,O006885,OI0007948,DH-KUR-00173,2025-08-07,APP,Size too small,,REFUNDED
RT001907,O006896,OI0007960,DH-KID-00503,2024-11-14,APP,Other,colour alag hai photo se !!,REFUNDED
RT001908,O006900,OI0007964,DH-PAL-00328,2025-03-29,WHATSAPP,Other,mam ok exchange nahi chahiye,REFUNDED
RT001909,O006901,OI0007965,DH-KUR-00088,2025-11-23,APP,Wrong item received,,INSPECTED
RT001910,O006903,OI0007969,DH-KUR-00113,2025-03-06,APP,Size too small,,REFUNDED
RT001911,O006905,OI0007972,DH-KUR-00131,2025-01-20,APP,Quality not as expected,,PICKUP_SCHEDULED
RT001912,O006905,OI0007971,DH-SCH-00476,2025-01-22,WHATSAPP,Other,same as before,REFUNDED
RT001913,O006906,OI0007973,DH-DRE-00242,2026-04-19,APP,Size too small,,REFUNDED
RT001914,O006914,OI0007984,DH-KUR-00100,2025-04-11,WHATSAPP,Other,bhaiya pehli dhulai me shrink ho gaya,REFUNDED
RT001915,O006914,OI0007985,DH-FRO-00370,2025-04-14,WHATSAPP,Colour different from image,,REFUNDED
RT001916,O006922,OI0007993,DH-CO--00354,2024-10-11,APP,Other, ,REFUNDED
RT001917,O006928,OI0007999,DH-TOP-00260,2026-04-12,APP,Quality not as expected,,REFUNDED
RT001918,O006934,OI0008005,DH-TRA-00595,2025-07-23,APP,Other,"HELLO, SIZE BADA HAI VERY DISAPPOINTED",REFUNDED
RT001919,O006938,OI0008010,DH-CO--00356,2026-04-09,APP,Other,BHAIYA IMAGE ME BRIGT THA REAL ME DULL HAI JALDI PICKUP KARO,REFUNDED
RT001920,O006942,OI0008014,DH-KID-00451,2025-11-16,APP,Colour different from image,,REFUNDED
RT001921,O006943,OI0008015,DH-KUR-00139,2025-03-04,WHATSAPP,Size too large,,REFUNDED
RT001922,O006954,OI0008028,DH-KUR-00124,2025-02-10,APP,Product damaged,,REFUNDED
RT001923,O006956,OI0008030,DH-KUR-00026,2026-01-15,APP,Size too small,,REFUNDED
RT001924,O006962,OI0008036,DH-KUR-00135,2025-06-19,APP,Quality not as expected,,REFUNDED
RT001925,O006963,OI0008037,DH-FRO-00393,2026-01-25,APP,Other,hi no 🙏,REFUNDED
RT001926,O006966,OI0008042,DH-KUR-00086,2025-03-25,APP,Size too small,,REFUNDED
RT001927,O006968,OI0008044,DH-KID-00429,2026-02-06,APP,Other,late aaya aur packet bhi phata hua,REFUNDED
RT001928,O006971,OI0008047,DH-KUR-00088,2024-11-05,APP,Colour different from image,,REFUNDED
RT001929,O006972,OI0008048,DH-KUR-00101,2026-08-24,APP,Size too large,,REFUNDED
RT001930,O006973,OI0008049,DH-KUR-00010,2026-07-12,APP,Size too large,,REFUNDED
RT001931,O006976,OI0008053,DH-KUR-00139,2025-08-09,APP,Other,TIME PE NAHI AAYA TO AB KYAK ARU !!,REFUNDED
RT001932,O006977,OI0008054,DH-TOP-00285,2025-05-10,WHATSAPP,Other,"hello, same as before exchange nahi chahiye",REFUNDED
RT001933,O006982,OI0008060,DH-TRA-00599,2025-11-14,APP,Size too small,,REFUNDED
RT001934,O006986,OI0008065,DH-KUR-00033,2025-03-29,APP,Size too small,,REFUNDED
RT001935,O006989,OI0008069,DH-DRE-00210,2025-04-11,APP,Product damaged,,REFUNDED
RT001936,O006993,OI0008073,DH-KUR-00114,2026-07-12,APP,Other,size chota hai aur kapda bhi patla,REFUNDED
RT001937,O006998,OI0008078,DH-TOP-00302,2024-12-16,APP,Other,mummy ko pasand nai aaya 🙏,REFUNDED
RT001938,O007002,OI0008083,DH-TOP-00308,2026-06-12,APP,Other,bada hai and colour bhi photo jaisa nahi,REFUNDED
RT001939,O007003,OI0008084,DH-SCH-00472,2025-01-13,APP,Size too large,,REFUNDED
RT001940,O007004,OI0008087,DH-SCH-00475,2026-04-09,APP,Other,late aaya aur packet bhi phata hua,REFUNDED
RT001941,O007007,OI0008091,DH-FRO-00405,2026-03-04,WHATSAPP,Size too large,,REFUNDED
RT001942,O007009,OI0008093,DH-KUR-00097,2025-08-04,APP,Product damaged,,REFUNDED
RT001943,O007017,OI0008101,DH-KUR-00113,2025-03-29,WHATSAPP,Size too small,,REFUNDED
RT001944,O007021,OI0008105,DH-KUR-00173,2025-05-22,APP,Size too small,,REFUNDED
RT001945,O007026,OI0008110,DH-KUR-00180,2024-12-21,APP,Size too large,,REFUNDED
RT001946,O007031,OI0008117,DH-TOP-00311,2025-07-01,WHATSAPP,Size too small,,REFUNDED
RT001947,O007035,OI0008121,DH-FRO-00365,2026-03-28,WHATSAPP,Other,bhaiya isssue hai,REFUNDED
RT001948,O007039,OI0008125,DH-KUR-00113,2024-12-31,APP,Quality not as expected,,REFUNDED
RT001949,O007040,OI0008126,DH-KUR-00105,2025-08-23,WHATSAPP,Other,hi pasand nahi aaya very disappointed,REFUNDED
RT001950,O007042,OI0008128,DH-TOP-00281,2025-02-03,WHATSAPP,Other,delivery me 12 din lag gaye very disappointed,REFUNDED
RT001951,O007043,OI0008129,DH-KUR-00012,2026-01-29,WHATSAPP,Other,"chhota aa gaya, size chart galat hai refund chahiye",REFUNDED
RT001952,O007046,OI0008132,DH-KUR-00121,2025-07-08,APP,Product damaged,,REFUNDED
RT001953,O007054,OI0008143,DH-TRA-00599,2025-06-17,APP,Product damaged,,INSPECTED
RT001954,O007058,OI0008147,DH-KID-00435,2026-04-08,APP,Size too small,,REFUNDED
RT001955,O007063,OI0008153,DH-MEN-00586,2025-09-24,WHATSAPP,Other,sir pls returrn pls return,REFUNDED
RT001956,O007064,OI0008154,DH-KUR-00155,2025-10-15,APP,Other,mummy ko pasand nahi aaya,REFUNDED
RT001957,O007069,OI0008159,DH-SCH-00489,2025-03-08,APP,Size too large,,REFUNDED
RT001958,O007080,OI0008172,DH-KUR-00052,2025-07-25,APP,Size too small,,REFUNDED
RT001959,O007087,OI0008180,DH-DRE-00213,2024-10-29,APP,Other,deliivery me 12 din lag gaye refund chahiye,REFUNDED
RT001960,O007087,OI0008179,DH-SCH-00472,2024-10-29,APP,Size too small,,REFUNDED
RT001961,O007091,OI0008184,DH-FRO-00398,2026-02-10,WHATSAPP,Other,pls return exchange nahi chahiye,REFUNDED
RT001962,O007093,OI0008186,DH-KUR-00042,2026-05-17,WHATSAPP,Other,"PLS GIFT THA, UNKO PASAND NAHI AAYA VERY DISAPPOINTED",REFUNDED
RT001963,O007096,OI0008189,DH-FRO-00409,2026-04-12,APP,Quality not as expected,,REFUNDED
RT001964,O007098,OI0008191,DH-KID-00536,2025-05-04,APP,Size too small,,REFUNDED
RT001965,O007104,OI0008197,DH-SCH-00472,2026-08-14,APP,Other,colour alag hai aur quality bhi average,REFUNDED
RT001966,O007110,OI0008204,DH-SCH-00486,2026-05-20,APP,Size too small,,REFUNDED
RT001967,O007112,OI0008206,DH-PAL-00338,2026-09-06,WHATSAPP,Size too small,,REFUNDED
RT001968,O007117,OI0008212,DH-KUR-00113,2024-12-03,APP,Size too small,,REFUNDED
RT001969,O007128,OI0008223,DH-KUR-00034,2025-09-16,WHATSAPP,Quality not as expected,,REFUNDED
RT001970,O007130,OI0008225,DH-KID-00511,2026-06-03,APP,Other,bhaiya theek nahi hai,REFUNDED
RT001971,O007131,OI0008226,DH-FRO-00383,2025-10-16,APP,Size too small,,REFUNDED
RT001972,O007141,OI0008238,DH-TOP-00312,2026-02-06,WHATSAPP,Other,sir too looes at waist,REFUNDED
RT001973,O007142,OI0008239,DH-MEN-00581,2025-12-22,APP,Product damaged,,INSPECTED
RT001974,O007148,OI0008248,DH-DRE-00239,2025-12-31,APP,Size too small,,REFUNDED
RT001975,O007151,OI0008251,DH-PAL-00324,2026-01-11,APP,Other,"hello, size M bahut tight hai, L lnea padega",REFUNDED
RT001976,O007153,OI0008253,DH-TOP-00259,2025-11-30,APP,Size too large,,REFUNDED
RT001977,O007160,OI0008262,DH-PAL-00341,2026-06-20,APP,Other,bada hai and colour bhi photo jaisa nahi,INSPECTED
RT001978,O007166,OI0008270,DH-KID-00431,2024-10-14,APP,Other,COLOUR MISMATCH JALDI PICKUP KARO,PICKUP_SCHEDULED
RT001979,O007171,OI0008277,DH-KUR-00105,2024-10-16,APP,Size too small,,PICKUP_SCHEDULED
RT001980,O007174,OI0008281,DH-PAL-00341,2025-12-09,APP,Size too small,,REFUNDED
RT001981,O007177,OI0008285,DH-KUR-00095,2026-08-16,APP,Other,pls size baa hai,REFUNDED
RT001982,O007178,OI0008286,DH-KID-00441,2025-08-07,WHATSAPP,Size too large,,PICKUP_SCHEDULED
RT001983,O007179,OI0008288,DH-KUR-00051,2026-07-23,APP,Other,mam quality achhi nahi hai,REFUNDED
RT001984,O007181,OI0008290,DH-KID-00445,2024-12-20,APP,Size too large,,INSPECTED
RT001985,O007192,OI0008303,DH-KID-00508,2026-05-06,APP,Quality not as expected,,INSPECTED
RT001986,O007196,OI0008308,DH-DRE-00238,2026-09-23,APP,Other,late aaya aur packet bhi phata hua,PICKUP_SCHEDULED
RT001987,O007197,OI0008309,DH-KUR-00158,2026-03-03,WHATSAPP,Colour different from image,,REFUNDED
RT001988,O007198,OI0008310,DH-DRE-00209,2024-11-28,APP,Size too large,,REFUNDED
RT001989,O007199,OI0008311,DH-DRE-00192,2026-03-29,APP,Colour different from image,,REFUNDED
RT001990,O007200,OI0008312,DH-CO--00348,2026-07-10,APP,Other, ,REFUNDED
RT001991,O007206,OI0008320,DH-KUR-00063,2025-06-22,APP,Size too small,,REFUNDED
RT001992,O007209,OI0008323,DH-TOP-00271,2025-02-10,APP,Colour different from image,,REFUNDED
RT001993,O007213,OI0008329,DH-TOP-00256,2026-01-29,APP,Colour different from image,,INSPECTED
RT001994,O007215,OI0008331,DH-DRE-00209,2024-10-12,APP,Wrong item received,,REFUNDED
RT001995,O007217,OI0008333,DH-TOP-00279,2025-08-10,APP,Size too small,,REFUNDED
RT001996,O007223,OI0008341,DH-TOP-00312,2026-03-21,APP,Size too small,,REFUNDED
RT001997,O007224,OI0008342,DH-PAL-00328,2026-01-14,APP,Product damaged,,REFUNDED
RT001998,O007224,OI0008343,DH-KID-00514,2026-01-17,APP,Other,hi size chart se bada nikla pls return,REFUNDED
RT001999,O007228,OI0008347,DH-KUR-00100,2026-08-31,APP,Other,mam length bahut zyada hai jaldi pickup karo,REFUNDED
RT002000,O007231,OI0008351,DH-DRE-00202,2025-07-15,APP,Quality not as expected,,REFUNDED
RT002001,O007233,OI0008353,DH-KUR-00078,2026-05-23,APP,Quality not as expected,,INSPECTED
RT002002,O007234,OI0008355,DH-KUR-00133,2024-10-31,WHATSAPP,Product damaged,,REFUNDED
RT002003,O007243,OI0008364,DH-KUR-00035,2024-12-15,WHATSAPP,Size too small,,REFUNDED
RT002004,O007244,OI0008365,DH-FRO-00375,2026-04-30,APP,Other,"sir gift tha, unko pasand nahi aaya",INSPECTED
RT002005,O007252,OI0008374,DH-KID-00437,2025-11-03,APP,Product damaged,,INSPECTED
RT002006,O007254,OI0008376,DH-DRE-00186,2025-11-27,WHATSAPP,Quality not as expected,,REFUNDED
RT002007,O007255,OI0008377,DH-KID-00451,2024-11-29,WHATSAPP,Other,"hello, colour fade sa hai photo jaisa nahi",REFUNDED
RT002008,O007257,OI0008381,DH-DRE-00220,2026-05-21,APP,Product damaged,,REFUNDED
RT002009,O007265,OI0008389,DH-DRE-00195,2025-10-15,APP,Size too small,,REFUNDED
RT002010,O007276,OI0008404,DH-SCH-00468,2025-08-22,WHATSAPP,Quality not as expected,,REFUNDED
RT002011,O007287,OI0008420,DH-MEN-00566,2025-02-22,WHATSAPP,Other,bhaiya issue hia very disappointed,REFUNDED
RT002012,O007290,OI0008424,DH-KUR-00047,2024-10-12,APP,Product damaged,,REFUNDED
RT002013,O007292,OI0008426,DH-DRE-00234,2026-05-31,APP,Wrong item received,,REFUNDED
RT002014,O007292,OI0008427,DH-KUR-00055,2026-06-01,APP,Other,mam shoulders gir rahe hain itna loose,REFUNDED
RT002015,O007301,OI0008439,DH-TOP-00276,2026-02-18,WHATSAPP,Quality not as expected,,REFUNDED
RT002016,O007302,OI0008440,DH-KUR-00093,2025-08-29,APP,Other,"mam gift tha, unko pasand nahi aaaya refund chahiye",REFUNDED
RT002017,O007308,OI0008446,DH-TRA-00600,2026-05-22,WHATSAPP,Size too small,,PICKUP_SCHEDULED
RT002018,O007310,OI0008449,DH-KID-00428,2025-02-08,APP,Size too small,,REFUNDED
RT002019,O007313,OI0008452,DH-FRO-00363,2025-11-25,APP,Colour different from image,,REFUNDED
RT002020,O007314,OI0008455,DH-KUR-00139,2024-12-14,WHATSAPP,Size too small,,REFUNDED
RT002021,O007317,OI0008458,DH-PAL-00328,2024-11-27,APP,Other,"hello, dusri jagah sasta mil gaya refund chahiye",REFUNDED
RT002022,O007322,OI0008464,DH-KUR-00105,2026-09-16,APP,Colour different from image,,REFUNDED
RT002023,O007328,OI0008471,DH-KID-00506,2026-07-10,APP,Other,,REFUNDED
RT002024,O007337,OI0008481,DH-KUR-00171,2025-07-26,WHATSAPP,Other,.,REFUNDED
RT002025,O007343,OI0008487,DH-KID-00537,2025-06-01,WHATSAPP,Other,length bahut zyada hai,REFUNDED
RT002026,O007344,OI0008488,DH-DRE-00182,2025-10-25,APP,Size too small,,REFUNDED
RT002027,O007347,OI0008493,DH-TOP-00263,2025-12-29,APP,Other,damaged piece received,REFUNDED
RT002028,O007349,OI0008495,DH-SCH-00497,2025-05-28,WHATSAPP,Product damaged,,REFUNDED
RT002029,O007352,OI0008498,DH-TOP-00285,2026-05-05,APP,Size too small,,REFUNDED
RT002030,O007353,OI0008499,DH-KID-00427,2026-08-26,APP,Other,size badahai exchange nahi chahiye,PICKUP_SCHEDULED
RT002031,O007366,OI0008513,DH-KUR-00087,2026-08-24,WHATSAPP,Other,BHAIYA BEKAR REFUND CHAHIYE,PICKUP_SCHEDULED
RT002032,O007388,OI0008542,DH-TOP-00311,2025-10-04,APP,Other, ,REFUNDED
RT002033,O007390,OI0008544,DH-KUR-00016,2025-10-08,WHATSAPP,Colour different from image,,REFUNDED
RT002034,O007395,OI0008549,DH-KUR-00009,2026-06-22,APP,Other,hi colour fade sa hai photo jaisa nahi,REFUNDED
RT002035,O007400,OI0008554,DH-TRA-00591,2026-05-24,APP,Quality not as expected,,REFUNDED
RT002036,O007401,OI0008556,DH-MEN-00585,2025-11-02,APP,Quality not as expected,,REFUNDED
RT002037,O007404,OI0008560,DH-KID-00451,2025-03-02,WHATSAPP,Size too small,,REFUNDED
RT002038,O007406,OI0008562,DH-DRE-00198,2025-02-13,APP,Other,"size M bahut tight hai, L lena padega",REFUNDED
RT002039,O007410,OI0008567,DH-DRE-00190,2025-06-03,APP,Size too small,,PICKUP_SCHEDULED
RT002040,O007417,OI0008574,DH-KUR-00081,2026-08-13,APP,Other,bhaiya size bada hai,INSPECTED
RT002041,O007418,OI0008575,DH-KUR-00123,2026-08-05,APP,Other,colour alag hai aur quality bhi average,REFUNDED
RT002042,O007419,OI0008576,DH-KUR-00041,2026-06-04,APP,Size too small,,INSPECTED
RT002043,O007427,OI0008585,DH-KID-00528,2026-05-30,WHATSAPP,Colour different from image,,REFUNDED
RT002044,O007427,OI0008586,DH-KUR-00131,2026-05-31,APP,Size too small,,REFUNDED
RT002045,O007427,OI0008587,DH-KID-00449,2026-05-30,APP,Other,bhaiya time pe nahi aaya to ab kya karu pls return,INSPECTED
RT002046,O007428,OI0008588,DH-KUR-00172,2026-07-27,WHATSAPP,Product damaged,,REFUNDED
RT002047,O007430,OI0008590,DH-MEN-00586,2024-12-07,APP,Size too large,,REFUNDED
RT002048,O007433,OI0008593,DH-PAL-00318,2026-02-28,WHATSAPP,Quality not as expected,,INSPECTED
RT002049,O007434,OI0008594,DH-KID-00500,2025-02-06,APP,Other,mummy ko pasand nhi aaya,REFUNDED
RT002050,O007435,OI0008596,DH-FRO-00419,2024-11-26,WHATSAPP,Size too small,,REFUNDED
RT002051,O007437,OI0008598,DH-KID-00515,2026-03-24,WHATSAPP,Size too large,,REFUNDED
RT002052,O007439,OI0008600,DH-FRO-00400,2024-12-20,APP,Size too small,,REFUNDED
RT002053,O007441,OI0008602,DH-PAL-00316,2026-06-16,APP,Quality not as expected,,REFUNDED
RT002054,O007443,OI0008604,DH-KUR-00083,2025-04-18,APP,Other,MAM YE WALA SHADE NAHI THA WEBSITE PE,REFUNDED
RT002055,O007446,OI0008607,DH-KID-00511,2026-05-12,WHATSAPP,Colour different from image,,REFUNDED
RT002056,O007448,OI0008610,DH-MEN-00586,2024-12-11,APP,Other,"pls late delivery, mehndi ke baad aaya jaldi pickup karo",REFUNDED
RT002057,O007452,OI0008614,DH-DRE-00209,2025-08-23,WHATSAPP,Quality not as expected,,REFUNDED
RT002058,O007453,OI0008615,DH-DRE-00242,2026-05-18,APP,Other,"sir wrong size bheja, M order kiya tha XL aaya pls return",INSPECTED
RT002059,O007461,OI0008623,DH-TOP-00272,2024-12-29,APP,Quality not as expected,,REFUNDED
RT002060,O007462,OI0008626,DH-PAL-00319,2025-12-20,APP,Other,na,REFUNDED
RT002061,O007464,OI0008628,DH-KID-00448,2025-04-24,APP,Other,mummy ko pasand nahi aaya jaldi pickup karo,PICKUP_SCHEDULED
RT002062,O007465,OI0008629,DH-KUR-00142,2025-12-16,APP,Wrong item received,,REFUNDED
RT002063,O007472,OI0008636,DH-CO--00354,2024-11-23,WHATSAPP,Colour different from image,,REFUNDED
RT002064,O007476,OI0008640,DH-FRO-00396,2025-10-24,WHATSAPP,Colour different from image,,PICKUP_SCHEDULED
RT002065,O007480,OI0008644,DH-KID-00500,2025-10-29,APP,Quality not as expected,,REFUNDED
RT002066,O007481,OI0008645,DH-DRE-00182,2026-05-23,APP,Other,size chart pe 38 likha tha but 36 jaisa hai,REFUNDED
RT002067,O007488,OI0008653,DH-TOP-00284,2026-05-02,APP,Size too small,,REFUNDED
RT002068,O007495,OI0008662,DH-TRA-00589,2025-07-15,WHATSAPP,Size too large,,REFUNDED
RT002069,O007498,OI0008665,DH-KUR-00090,2026-06-03,APP,Size too small,,REFUNDED
RT002070,O007515,OI0008690,DH-KUR-00102,2026-02-21,WHATSAPP,Quality not as expected,,REFUNDED
RT002071,O007517,OI0008693,DH-KUR-00160,2025-12-15,WHATSAPP,Size too large,,REFUNDED
RT002072,O007518,OI0008694,DH-KUR-00071,2025-12-28,APP,Other,sir function cancel ho gaya,INSPECTED
RT002073,O007520,OI0008696,DH-KUR-00127,2026-06-08,APP,Size too large,,INSPECTED
RT002074,O007521,OI0008698,DH-KID-00534,2026-03-31,WHATSAPP,Colour different from image,,REFUNDED
RT002075,O007521,OI0008697,DH-KUR-00175,2026-03-25,WHATSAPP,Colour different from image,,REFUNDED
RT002076,O007525,OI0008703,DH-DRE-00202,2025-02-20,APP,Wrong item received,,REFUNDED
RT002077,O007527,OI0008706,DH-KUR-00025,2026-01-03,APP,Wrong item received,,REFUNDED
RT002078,O007530,OI0008710,DH-KUR-00035,2025-07-19,APP,Size too large,,REFUNDED
RT002079,O007540,OI0008723,DH-FRO-00405,2025-12-07,APP,Colour different from image,,REFUNDED
RT002080,O007545,OI0008728,DH-TOP-00301,2025-03-28,WHATSAPP,Size too large,,REFUNDED
RT002081,O007551,OI0008736,DH-PAL-00318,2026-06-03,WHATSAPP,Quality not as expected,,REFUNDED
RT002082,O007553,OI0008738,DH-KUR-00024,2025-07-18,WHATSAPP,Colour different from image,,REFUNDED
RT002083,O007557,OI0008742,DH-DRE-00210,2025-03-19,WHATSAPP,Size too small,,REFUNDED
RT002084,O007560,OI0008745,DH-KID-00430,2025-01-08,WHATSAPP,Other,"fabric achha nahi, fitting bhi tight",REFUNDED
RT002085,O007562,OI0008748,DH-KUR-00180,2024-10-14,APP,Other,zip kaam nahi kar rahi,INSPECTED
RT002086,O007562,OI0008747,DH-DRE-00188,2024-10-15,APP,Size too small,,REFUNDED
RT002087,O007565,OI0008752,DH-TOP-00259,2026-01-27,APP,Other,,REFUNDED
RT002088,O007566,OI0008753,DH-KUR-00030,2026-09-14,APP,Size too small,,REFUNDED
RT002089,O007574,OI0008765,DH-KUR-00066,2025-11-06,APP,Other,colour fade sa hai photo jaisa nahi,REFUNDED
RT002090,O007584,OI0008775,DH-FRO-00387,2024-11-11,WHATSAPP,Other,SIZE SE CHOTA H REFUND CHAHIYE,REFUNDED
RT002091,O007586,OI0008777,DH-KID-00434,2025-07-11,APP,Size too small,,PICKUP_SCHEDULED
RT002092,O007588,OI0008779,DH-PAL-00333,2026-03-15,APP,Other,size chota hai aur kapda bhi patla,REFUNDED
RT002093,O007591,OI0008783,DH-KUR-00020,2026-08-23,APP,Product damaged,,REFUNDED
RT002094,O007592,OI0008784,DH-KID-00536,2026-05-09,APP,Size too large,,REFUNDED
RT002095,O007596,OI0008789,DH-MEN-00578,2025-12-25,APP,Other,bhaiya साइज़़ छोटा है very disappointed,REFUNDED
RT002096,O007600,OI0008794,DH-KID-00518,2025-09-16,APP,Wrong item received,,REFUNDED
RT002097,O007605,OI0008800,DH-CO--00350,2026-06-06,WHATSAPP,Other,accidentally order ho gaya exchange nahi chahiye,REFUNDED
RT002098,O007608,OI0008803,DH-KUR-00146,2026-03-01,APP,Other,hi retunr,REFUNDED
RT002099,O007610,OI0008806,DH-KUR-00030,2025-12-06,APP,Colour different from image,,REFUNDED
RT002100,O007610,OI0008805,DH-KUR-00149,2025-12-09,APP,Wrong item received,,REFUNDED
RT002101,O007611,OI0008807,DH-KUR-00092,2026-01-09,APP,Size too small,,REFUNDED
RT002102,O007613,OI0008809,DH-MEN-00561,2024-10-28,WHATSAPP,Other,😞 very disappointed,REFUNDED
RT002103,O007617,OI0008814,DH-KID-00437,2026-04-12,APP,Other,na,REFUNDED
RT002104,O007628,OI0008825,DH-FRO-00409,2025-05-12,APP,Size too small,,REFUNDED
RT002105,O007629,OI0008826,DH-TRA-00589,2025-06-23,APP,Size too small,,REFUNDED
RT002106,O007631,OI0008828,DH-KID-00522,2026-02-13,WHATSAPP,Other,pls not good 🙏,REFUNDED
RT002107,O007635,OI0008832,DH-SCH-00472,2026-04-14,APP,Other,"hello, accidentally order ho gaya 🙏",REFUNDED
RT002108,O007640,OI0008837,DH-SCH-00479,2025-09-01,WHATSAPP,Size too large,,REFUNDED
RT002109,O007641,OI0008838,DH-KUR-00149,2026-02-18,WHATSAPP,Colour different from image,,REFUNDED
RT002110,O007643,OI0008840,DH-SCH-00474,2025-02-15,APP,Other,fabric rough hai skin pe chubhta hai pls return,REFUNDED
RT002111,O007645,OI0008842,DH-TOP-00256,2026-05-17,WHATSAPP,Wrong item received,,REFUNDED
RT002112,O007645,OI0008843,DH-DRE-00198,2026-05-17,APP,Colour different from image,,REFUNDED
RT002113,O007646,OI0008844,DH-FRO-00364,2025-11-05,APP,Other,bhaiya smaller than usual size refund chahiye,PICKUP_SCHEDULED
RT002114,O007648,OI0008846,DH-MEN-00544,2026-05-24,WHATSAPP,Quality not as expected,,REFUNDED
RT002115,O007649,OI0008847,DH-KID-00434,2025-10-11,WHATSAPP,Other,size chart se bada nikla,REFUNDED
RT002116,O007652,OI0008851,DH-KUR-00150,2026-09-01,APP,Other,see through hai kadpa refund chahiye,REFUNDED
RT002117,O007663,OI0008863,DH-KID-00462,2025-11-02,APP,Other,theek nahi hai exchange nahi chahiye,REFUNDED
RT002118,O007665,OI0008865,DH-DRE-00185,2025-10-17,APP,Colour different from image,,PICKUP_SCHEDULED
RT002119,O007668,OI0008868,DH-FRO-00393,2025-04-18,WHATSAPP,Colour different from image,,REFUNDED
RT002120,O007671,OI0008871,DH-KUR-00047,2026-08-29,WHATSAPP,Size too small,,REFUNDED
RT002121,O007672,OI0008872,DH-SCH-00490,2026-04-08,WHATSAPP,Size too small,,INSPECTED
RT002122,O007675,OI0008876,DH-KID-00510,2025-12-11,APP,Other,fabric rough hai skin pe chubhta haai exchange nahi chahiye,REFUNDED
RT002123,O007685,OI0008888,DH-FRO-00409,2024-12-26,WHATSAPP,Product damaged,,REFUNDED
RT002124,O007686,OI0008890,DH-DRE-00213,2024-10-13,WHATSAPP,Wrong item received,,PICKUP_SCHEDULED
RT002125,O007690,OI0008894,DH-FRO-00415,2026-06-07,APP,Colour different from image,,REFUNDED
RT002126,O007691,OI0008895,DH-KUR-00058,2026-02-02,WHATSAPP,Size too small,,REFUNDED
RT002127,O007692,OI0008896,DH-MEN-00544,2026-05-21,WHATSAPP,Quality not as expected,,REFUNDED
RT002128,O007695,OI0008899,DH-KID-00503,2024-11-20,APP,Product damaged,,REFUNDED
RT002129,O007697,OI0008901,DH-KID-00534,2026-03-28,APP,Other,late aaya aur packet bhi phata hua,REFUNDED
RT002130,O007703,OI0008907,DH-KUR-00048,2026-07-14,APP,Size too large,,REFUNDED
RT002131,O007705,OI0008909,DH-KUR-00100,2024-12-25,APP,Size too small,,INSPECTED
RT002132,O007706,OI0008910,DH-DRE-00233,2026-09-05,APP,Other,,REFUNDED
RT002133,O007711,OI0008917,DH-TOP-00279,2026-02-16,WHATSAPP,Other,bada hai and colour bhi photo jaisa nahi,REFUNDED
RT002134,O007724,OI0008930,DH-FRO-00409,2026-08-04,WHATSAPP,Other,hi fnction cancel ho gaya,REFUNDED
RT002135,O007728,OI0008934,DH-FRO-00418,2025-02-07,APP,Size too small,,REFUNDED
RT002136,O007732,OI0008940,DH-DRE-00203,2025-11-24,APP,Size too small,,REFUNDED
RT002137,O007745,OI0008954,DH-KID-00517,2025-05-11,APP,Other,hi accidentally order ho gaya,REFUNDED
RT002138,O007746,OI0008955,DH-DRE-00237,2026-01-03,APP,Size too small,,REFUNDED
RT002139,O007750,OI0008959,DH-KUR-00120,2026-07-18,APP,Other,hi acha nahi laga exchange nahi chahiye,REFUNDED
RT002140,O007751,OI0008960,DH-TOP-00293,2025-12-25,APP,Other,hi maine kurti mangayi thi top aaya,REFUNDED
RT002141,O007752,OI0008961,DH-DRE-00202,2024-10-19,WHATSAPP,Other,SIR AB ZARURAT NAHI HAI JALDI PICKUP KARO,REFUNDED
RT002142,O007753,OI0008962,DH-KUR-00064,2026-05-28,APP,Size too large,,REFUNDED
RT002143,O007760,OI0008969,DH-DRE-00206,2025-02-01,APP,Other,"chhota aa gaya, size chart galat hai jaldi pickup karo",REFUNDED
RT002144,O007761,OI0008970,DH-TRA-00599,2025-11-02,APP,Quality not as expected,,REFUNDED
RT002145,O007766,OI0008976,DH-KUR-00001,2026-08-26,APP,Wrong item received,,INSPECTED
RT002146,O007767,OI0008977,DH-KUR-00029,2024-10-25,APP,Other,accidentally order ho gaya,REFUNDED
RT002147,O007771,OI0008982,DH-KUR-00134,2026-09-12,WHATSAPP,Other,sir कड़ा बहुत पतला है,REFUNDED
RT002148,O007782,OI0008993,DH-KUR-00022,2026-06-30,APP,Size too small,,REFUNDED
RT002149,O007786,OI0008998,DH-TOP-00261,2025-08-16,APP,Size too small,,REFUNDED
RT002150,O007786,OI0009000,DH-MEN-00580,2025-08-13,WHATSAPP,Other,"hi Size small aaya, mera regular M h 🙏",REFUNDED
RT002151,O007786,OI0008999,DH-KID-00456,2025-08-16,WHATSAPP,Other,size chota hai aur kapda bhi patla,REFUNDED
RT002152,O007787,OI0009001,DH-KUR-00021,2024-10-13,APP,Other,"hello, order bahut de rse mila refund chahiye",REFUNDED
RT002153,O007790,OI0009004,DH-KUR-00171,2025-03-09,APP,Other,pls fabbric cheap lag raha hai refund chahiye,REFUNDED
RT002154,O007797,OI0009011,DH-KUR-00015,2026-06-17,APP,Size too small,,REFUNDED
RT002155,O007800,OI0009014,DH-PAL-00326,2025-02-28,WHATSAPP,Other,bacche ke liye bhut bada hai refund chahiye,REFUNDED
RT002156,O007803,OI0009019,DH-DRE-00198,2025-01-14,WHATSAPP,Other,late aaya aur packet bhi phata hua,REFUNDED
RT002157,O007803,OI0009017,DH-KID-00428,2025-01-11,APP,Size too large,,REFUNDED
RT002158,O007803,OI0009018,DH-SCH-00474,2025-01-11,APP,Size too large,,REFUNDED
RT002159,O007810,OI0009026,DH-KUR-00116,2026-01-05,APP,Size too small,,REFUNDED
RT002160,O007819,OI0009036,DH-KID-00462,2025-04-14,APP,Quality not as expected,,REFUNDED
RT002161,O007821,OI0009039,DH-DRE-00194,2025-12-08,APP,Wrong item received,,PICKUP_SCHEDULED
RT002162,O007822,OI0009040,DH-KID-00423,2026-05-30,APP,Size too small,,REFUNDED
RT002163,O007823,OI0009041,DH-KUR-00149,2025-01-21,APP,Size too large,,REFUNDED
RT002164,O007827,OI0009045,DH-KID-00534,2026-03-04,APP,Other,pls colour fade sa hai photo jaisa naih 🙏,INSPECTED
RT002165,O007828,OI0009047,DH-KUR-00088,2024-10-30,APP,Size too small,,REFUNDED
RT002166,O007835,OI0009055,DH-KID-00504,2026-09-17,WHATSAPP,Quality not as expected,,PICKUP_SCHEDULED
RT002167,O007842,OI0009065,DH-DRE-00240,2026-05-28,APP,Other,ab zraurat nahi hai exchange nahi chahiye,REFUNDED
RT002168,O007844,OI0009067,DH-KUR-00007,2026-05-04,APP,Size too small,,INSPECTED
RT002169,O007852,OI0009076,DH-KUR-00047,2024-12-18,APP,Other,bhaiya M mangaya tha bada aaya 🙏,REFUNDED
RT002170,O007865,OI0009092,DH-TOP-00285,2025-06-02,APP,Other,ab zarurat  nahi hai,REFUNDED
RT002171,O007868,OI0009095,DH-MEN-00541,2025-05-26,APP,Size too large,,INSPECTED
RT002172,O007876,OI0009103,DH-KUR-00012,2025-10-14,APP,Size too small,,REFUNDED
RT002173,O007878,OI0009105,DH-KUR-00180,2025-01-05,APP,Other,bhaiya dusri jagah sasta mil gaya 🙏,REFUNDED
RT002174,O007890,OI0009120,DH-DRE-00209,2025-10-22,WHATSAPP,Quality not as expected,,REFUNDED
RT002175,O007901,OI0009131,DH-KUR-00137,2024-10-22,WHATSAPP,Other,mam delivery me 12 din lag gaye,REFUNDED
RT002176,O007904,OI0009134,DH-MEN-00577,2025-08-11,WHATSAPP,Size too large,,REFUNDED
RT002177,O007906,OI0009136,DH-DRE-00235,2025-09-08,APP,Other,colour alag hai aur quality bhi average,REFUNDED
RT002178,O007910,OI0009141,DH-TOP-00291,2025-12-15,APP,Size too large,,REFUNDED
RT002179,O007911,OI0009142,DH-TRA-00589,2025-07-02,APP,Quality not as expected,,REFUNDED
RT002180,O007916,OI0009149,DH-DRE-00185,2025-07-06,APP,Other,acha nahi laga,PICKUP_SCHEDULED
RT002181,O007918,OI0009151,DH-MEN-00588,2025-12-18,APP,Other,"hello, rang halak hai bahut",REFUNDED
RT002182,O007922,OI0009157,DH-KUR-00122,2026-08-29,APP,Other,"hello, ...",REFUNDED
RT002183,O007924,OI0009159,DH-KID-00462,2024-11-10,WHATSAPP,Other,mam same as before,REFUNDED
RT002184,O007930,OI0009165,DH-KUR-00124,2025-11-07,APP,Other,sir dusri jagah sasta mil gaya very disappointed,REFUNDED
RT002185,O007932,OI0009167,DH-TOP-00262,2024-12-27,WHATSAPP,Other,रंग फोटो से अलग है 🙏,REFUNDED
RT002186,O007934,OI0009171,DH-KID-00457,2025-11-14,APP,Wrong item received,,REFUNDED
RT002187,O007939,OI0009177,DH-KUR-00097,2026-04-05,WHATSAPP,Other,hi rturn 🙏,REFUNDED
RT002188,O007943,OI0009181,DH-SCH-00489,2026-03-20,APP,Quality not as expected,,REFUNDED
RT002189,O007958,OI0009198,DH-SCH-00468,2026-04-01,APP,Other,DONT NEED IT ANYMORE REFUND CHAHIYE,REFUNDED
RT002190,O007959,OI0009200,DH-KUR-00026,2025-06-28,APP,Size too small,,REFUNDED
RT002191,O007961,OI0009203,DH-KUR-00029,2024-11-10,APP,Size too small,,INSPECTED
RT002192,O007962,OI0009204,DH-TOP-00291,2025-03-26,APP,Other,colour alag hai aur quality bhi average,REFUNDED
RT002193,O007966,OI0009208,DH-FRO-00400,2024-11-23,APP,Other,HI MAINE KURTI MANGAYI THI TOP AAYA EXCHANGE NAHI CHAHIYE,REFUNDED
RT002194,O007971,OI0009214,DH-DRE-00231,2024-11-25,APP,Quality not as expected,,REFUNDED
RT002195,O007976,OI0009221,DH-SCH-00471,2025-07-08,WHATSAPP,Other,"hello, same as before",REFUNDED
RT002196,O007979,OI0009224,DH-FRO-00400,2025-05-02,APP,Other,"hello, pasand nahi aaya exchange nahi chahiye",INSPECTED
RT002197,O007984,OI0009230,DH-CO--00351,2025-08-21,APP,Size too small,,REFUNDED
RT002198,O007985,OI0009232,DH-PAL-00318,2025-10-10,WHATSAPP,Other,"gift tha, unko pasand nahi aaya",REFUNDED
RT002199,O007986,OI0009233,DH-KUR-00065,2026-05-24,APP,Size too large,,REFUNDED
RT002200,O007989,OI0009236,DH-TOP-00280,2026-08-10,APP,Quality not as expected,,REFUNDED
RT002201,O007990,OI0009237,DH-MEN-00557,2026-01-13,APP,Colour different from image,,REFUNDED
RT002202,O007992,OI0009239,DH-TOP-00264,2026-01-12,APP,Colour different from image,,REFUNDED
RT002203,O007993,OI0009240,DH-KID-00505,2025-11-07,WHATSAPP,Size too small,,REFUNDED
RT002204,O007997,OI0009245,DH-MEN-00557,2026-08-10,APP,Size too large,,REFUNDED
RT002205,O007999,OI0009247,DH-SCH-00471,2025-04-11,APP,Other,mam accidentally order ho gaya,REFUNDED
RT002206,O008003,OI0009254,DH-CO--00348,2025-05-12,APP,Other,bhaiya phata hua aaya,REFUNDED
RT002207,O008008,OI0009259,DH-DRE-00246,2026-02-25,WHATSAPP,Size too small,,PICKUP_SCHEDULED
RT002208,O008009,OI0009260,DH-KID-00433,2026-07-04,APP,Quality not as expected,,REFUNDED
RT002209,O008011,OI0009262,DH-TOP-00279,2025-07-29,APP,Product damaged,,REFUNDED
RT002210,O008016,OI0009268,DH-DRE-00211,2026-07-09,APP,Size too small,,REFUNDED
RT002211,O008017,OI0009269,DH-KUR-00149,2024-11-26,APP,Other,sir theek nahi hai,INSPECTED
RT002212,O008018,OI0009270,DH-TOP-00312,2025-11-22,APP,Size too small,,REFUNDED
RT002213,O008023,OI0009276,DH-FRO-00407,2026-04-17,APP,Other,hi zip kaam nahi kar rahi !!,REFUNDED
RT002214,O008035,OI0009291,DH-KID-00525,2025-12-04,APP,Size too large,,REFUNDED
RT002215,O008036,OI0009292,DH-KUR-00080,2026-03-10,APP,Size too small,,REFUNDED
RT002216,O008041,OI0009297,DH-KUR-00132,2025-03-24,WHATSAPP,Quality not as expected,,REFUNDED
RT002217,O008043,OI0009299,DH-TOP-00301,2025-02-21,APP,Other,size chota hai aur kapda bhi patla,REFUNDED
RT002218,O008044,OI0009301,DH-TOP-00282,2026-05-28,APP,Other,bhaiya function cancelh o gaya very disappointed,REFUNDED
RT002219,O008044,OI0009300,DH-KUR-00013,2026-05-25,APP,Quality not as expected,,REFUNDED
RT002220,O008047,OI0009305,DH-KUR-00008,2024-12-05,APP,Other,pls mind change ho gyaa,REFUNDED
RT002221,O008051,OI0009310,DH-KID-00504,2025-10-21,APP,Other,stain mila delivery pe very disappointed,REFUNDED
RT002222,O008052,OI0009311,DH-KID-00502,2025-06-18,WHATSAPP,Size too large,,REFUNDED
RT002223,O008055,OI0009315,DH-KUR-00171,2025-08-26,APP,Other,pls अच्छा नहीं लगा !!,REFUNDED
RT002224,O008057,OI0009317,DH-CO--00356,2026-06-09,WHATSAPP,Colour different from image,,REFUNDED
RT002225,O008058,OI0009318,DH-KUR-00137,2025-01-04,WHATSAPP,Other,"fabric achha nahi, fitting bhi tight",REFUNDED
RT002226,O008059,OI0009319,DH-SCH-00485,2026-06-16,APP,Colour different from image,,REFUNDED
RT002227,O008062,OI0009322,DH-KID-00431,2025-11-01,APP,Quality not as expected,,REFUNDED
RT002228,O008069,OI0009329,DH-MEN-00557,2024-12-06,APP,Other,TIME PE NNAHI AAYA TO AB KYA KARU JALDI PICKUP KARO,INSPECTED
RT002229,O008070,OI0009330,DH-KUR-00080,2025-09-06,WHATSAPP,Colour different from image,,REFUNDED
RT002230,O008077,OI0009337,DH-MEN-00561,2024-12-14,APP,Other,bhaiya order bahut der se mila pls return,REFUNDED
RT002231,O008079,OI0009340,DH-TOP-00311,2026-08-26,APP,Quality not as expected,,REFUNDED
RT002232,O008082,OI0009343,DH-FRO-00419,2024-11-07,APP,Other,SIR KAPDA BAHUT PATLA HAI REFUND CHAHIYE,REFUNDED
RT002233,O008085,OI0009348,DH-PAL-00332,2025-12-20,APP,Size too small,,REFUNDED
RT002234,O008089,OI0009352,DH-CO--00348,2025-05-29,WHATSAPP,Quality not as expected,,REFUNDED
RT002235,O008099,OI0009362,DH-KUR-00071,2026-05-30,APP,Other,very thin cloth !!,REFUNDED
RT002236,O008100,OI0009363,DH-PAL-00321,2026-04-04,WHATSAPP,Other,"fabric achha nahi, fitting bhi tight",INSPECTED
RT002237,O008101,OI0009365,DH-TOP-00285,2026-09-02,APP,Size too small,,REFUNDED
RT002238,O008103,OI0009367,DH-KUR-00041,2026-09-11,APP,Size too small,,INSPECTED
RT002239,O008107,OI0009371,DH-DRE-00213,2025-02-06,APP,Size too large,,REFUNDED
RT002240,O008112,OI0009377,DH-MEN-00560,2025-11-28,APP,Other,.,INSPECTED
RT002241,O008115,OI0009381,DH-KID-00516,2026-02-10,WHATSAPP,Other,MAM MIND CHANGE HO  GAYA VERY DISAPPOINTED,REFUNDED
RT002242,O008131,OI0009400,DH-FRO-00418,2025-07-15,APP,Colour different from image,,REFUNDED
RT002243,O008141,OI0009410,DH-KUR-00028,2026-03-13,APP,Size too large,,REFUNDED
RT002244,O008146,OI0009415,DH-SCH-00495,2026-07-28,APP,Size too small,,REFUNDED
RT002245,O008150,OI0009420,DH-PAL-00316,2025-05-08,APP,Other,sir dusri jagah sasta mil gaya exchange nahi chahiye,REFUNDED
RT002246,O008151,OI0009422,DH-FRO-00370,2026-07-24,WHATSAPP,Other,sir same as before jaldi pickup karo,REFUNDED
RT002247,O008156,OI0009428,DH-TOP-00312,2026-03-05,APP,Other,pls fabric rough hai skin pe chubhta hai !!,REFUNDED
RT002248,O008157,OI0009429,DH-KUR-00024,2025-04-19,APP,Quality not as expected,,REFUNDED
RT002249,O008160,OI0009432,DH-DRE-00238,2026-03-17,APP,Other,waist pe nahi aaya,REFUNDED
RT002250,O008166,OI0009438,DH-PAL-00320,2026-03-30,APP,Other,late aaya aur packet bhi phata hua,INSPECTED
RT002251,O008167,OI0009440,DH-TOP-00296,2026-01-20,APP,Other,sir quality achhi nahi hai,REFUNDED
RT002252,O008168,OI0009441,DH-TRA-00590,2025-12-12,APP,Other,साइज़ छोटा है refund chahiye,REFUNDED
RT002253,O008177,OI0009454,DH-KUR-00129,2026-02-22,APP,Other,mam silai khuli hui thi aate hi pls return,INSPECTED
RT002254,O008178,OI0009456,DH-FRO-00383,2025-03-30,APP,Other,hi size bada hai very disappointed,INSPECTED
RT002255,O008197,OI0009475,DH-SCH-00489,2025-04-04,APP,Other,.,REFUNDED
RT002256,O008198,OI0009477,DH-KUR-00120,2025-07-20,APP,Size too small,,REFUNDED
RT002257,O008205,OI0009485,DH-KUR-00096,2024-11-06,APP,Other,"hello, time pe nahi aaya to ab kya kkaru exchange nahi chahiye",REFUNDED
RT002258,O008211,OI0009493,DH-MEN-00544,2026-03-26,APP,Other,dont need it anmyore !!,REFUNDED
RT002259,O008217,OI0009500,DH-TOP-00306,2025-12-06,APP,Other,mustard bola tha ye to green yellow hai refund chahiye,REFUNDED
RT002260,O008218,OI0009501,DH-SCH-00481,2024-10-28,WHATSAPP,Other,color is ifferent from image,REFUNDED
RT002261,O008221,OI0009505,DH-SCH-00481,2024-12-08,APP,Size too small,,PICKUP_SCHEDULED
RT002262,O008222,OI0009506,DH-KUR-00111,2026-01-07,APP,Size too large,,REFUNDED
RT002263,O008222,OI0009507,DH-KUR-00092,2026-01-08,APP,Quality not as expected,,INSPECTED
RT002264,O008223,OI0009508,DH-SCH-00495,2026-06-12,APP,Other,late aaya aur packet bhi phata hua,REFUNDED
RT002265,O008223,OI0009509,DH-KUR-00030,2026-06-13,WHATSAPP,Other,mind change ho gaya refund chahiye,REFUNDED
RT002266,O008231,OI0009517,DH-KID-00511,2025-08-18,APP,Size too small,,REFUNDED
RT002267,O008241,OI0009528,DH-KUR-00156,2026-09-17,WHATSAPP,Colour different from image,,PICKUP_SCHEDULED
RT002268,O008248,OI0009535,DH-TRA-00595,2025-09-25,WHATSAPP,Other,stian mila delivery pe !!,REFUNDED
RT002269,O008250,OI0009537,DH-TOP-00290,2026-08-23,WHATSAPP,Size too small,,REFUNDED
RT002270,O008252,OI0009541,DH-MEN-00586,2024-11-26,APP,Other,"HELLO, OK REFUND CHAHIYE",INSPECTED
RT002271,O008253,OI0009542,DH-FRO-00370,2024-11-01,WHATSAPP,Size too large,,REFUNDED
RT002272,O008260,OI0009550,DH-CO--00354,2024-11-19,APP,Other,sir mummy ko pasand nahi aaya jaldi pickup karo,REFUNDED
RT002273,O008263,OI0009553,DH-FRO-00386,2026-05-12,WHATSAPP,Other,M mangaya tha baad aaya pls return,INSPECTED
RT002274,O008264,OI0009554,DH-DRE-00220,2025-08-26,APP,Size too small,,REFUNDED
RT002275,O008265,OI0009555,DH-DRE-00213,2026-08-29,WHATSAPP,Other,sir mummy ko pasnad nahi aaya,REFUNDED
RT002276,O008269,OI0009561,DH-TOP-00272,2025-11-10,WHATSAPP,Size too large,,REFUNDED
RT002277,O008271,OI0009563,DH-KUR-00122,2026-09-22,APP,Size too large,,PICKUP_SCHEDULED
RT002278,O008274,OI0009568,DH-TOP-00295,2025-06-08,WHATSAPP,Quality not as expected,,REFUNDED
RT002279,O008278,OI0009572,DH-KID-00436,2026-03-23,WHATSAPP,Other,hi mindchange ho gaya very disappointed,REFUNDED
RT002280,O008282,OI0009576,DH-TOP-00281,2025-07-13,APP,Other,size chota hai aur kapda bhi patla,REFUNDED
RT002281,O008287,OI0009583,DH-CO--00348,2026-07-25,WHATSAPP,Other,SIR DONT NEED IT ANYMORE EXCHANGE NAHI CHAHIYE,REFUNDED
RT002282,O008288,OI0009584,DH-KUR-00043,2026-02-19,APP,Size too small,,REFUNDED
RT002283,O008289,OI0009585,DH-KUR-00158,2025-12-20,APP,Size too large,,REFUNDED
RT002284,O008295,OI0009592,DH-KUR-00057,2026-07-30,WHATSAPP,Colour different from image,,REFUNDED
RT002285,O008296,OI0009593,DH-DRE-00190,2026-02-03,APP,Quality not as expected,,REFUNDED
RT002286,O008298,OI0009595,DH-MEN-00582,2024-10-12,APP,Size too large,,REFUNDED
RT002287,O008299,OI0009596,DH-TOP-00264,2026-05-16,WHATSAPP,Colour different from image,,REFUNDED
RT002288,O008307,OI0009605,DH-KID-00510,2025-10-25,APP,Size too small,,INSPECTED
RT002289,O008312,OI0009611,DH-CO--00348,2024-12-29,APP,Product damaged,,REFUNDED
RT002290,O008316,OI0009619,DH-KID-00433,2025-09-19,APP,Size too large,,REFUNDED
RT002291,O008321,OI0009624,DH-DRE-00190,2025-05-13,APP,Other,sir time pe nahi aaya to ab kya karu exchange nahi chahiye,REFUNDED
RT002292,O008322,OI0009626,DH-KUR-00165,2026-01-02,APP,Other,delivery me 12 din lag gaye very disappointed,REFUNDED
RT002293,O008326,OI0009633,DH-TOP-00302,2025-01-16,APP,Size too small,,REFUNDED
RT002294,O008327,OI0009634,DH-SCH-00472,2024-12-13,APP,Other,"bhaiya late delivery, mehndi ke baad aaya jaldi pickup karo",REFUNDED
RT002295,O008340,OI0009649,DH-PAL-00324,2026-03-26,APP,Other,"hello, too big, ekdum dheela",REFUNDED
RT002296,O008342,OI0009651,DH-KID-00451,2024-12-01,APP,Size too large,,REFUNDED
RT002297,O008343,OI0009652,DH-DRE-00244,2025-11-24,APP,Size too small,,REFUNDED
RT002298,O008344,OI0009653,DH-KUR-00088,2025-05-14,APP,Size too small,,REFUNDED
RT002299,O008348,OI0009657,DH-KID-00445,2025-04-22,APP,Other,"hello, bacche e liye bahut bada hai",REFUNDED
RT002300,O008348,OI0009658,DH-KID-00507,2025-04-18,APP,Size too small,,REFUNDED
RT002301,O008359,OI0009671,DH-DRE-00204,2025-02-27,APP,Size too small,,REFUNDED
RT002302,O008365,OI0009678,DH-KUR-00079,2026-08-23,WHATSAPP,Other,hi beti ke liye liya tha chhota pad gaya jaldi pickup karo,REFUNDED
RT002303,O008372,OI0009686,DH-MEN-00568,2026-01-22,APP,Other,sir delivery me 12 din lag gaye exchange nahi chahiye,REFUNDED
RT002304,O008374,OI0009688,DH-KUR-00049,2026-07-06,APP,Size too small,,REFUNDED
RT002305,O008375,OI0009689,DH-TOP-00269,2025-12-08,WHATSAPP,Other,sir 😞 exchange nahi chahiye,REFUNDED
RT002306,O008376,OI0009690,DH-KUR-00149,2026-04-17,WHATSAPP,Other,order bahut der se mila,REFUNDED
RT002307,O008379,OI0009693,DH-FRO-00392,2025-10-21,WHATSAPP,Product damaged,,REFUNDED
RT002308,O008381,OI0009695,DH-SCH-00479,2025-08-28,WHATSAPP,Other,ek wash me rang chala gaya pls return,INSPECTED
RT002309,O008384,OI0009699,DH-PAL-00333,2026-08-04,APP,Other,hi mummy ko pasand nahi aaya exchange nahi chahiye,REFUNDED
RT002310,O008385,OI0009700,DH-KID-00430,2025-04-12,APP,Size too small,,REFUNDED
RT002311,O008393,OI0009709,DH-MEN-00581,2025-04-20,APP,Size too small,,REFUNDED
RT002312,O008394,OI0009710,DH-KUR-00174,2026-05-04,APP,Other,sme as before jaldi pickup karo,REFUNDED
RT002313,O008405,OI0009722,DH-KUR-00016,2025-03-02,APP,Size too small,,REFUNDED
RT002314,O008406,OI0009723,DH-MEN-00581,2025-05-11,APP,Other,mam pasand nahi aaya refund chahiye,REFUNDED
RT002315,O008407,OI0009724,DH-TOP-00311,2026-03-23,WHATSAPP,Other,pls size chart pe 38 likha tha but 36 jaisa hai,REFUNDED
RT002316,O008409,OI0009726,DH-CO--00345,2025-01-30,APP,Other,HI PINK MANGAYA THA PEACH AAYA VERY DISAPPOINTED,REFUNDED
RT002317,O008411,OI0009728,DH-DRE-00184,2026-09-18,APP,Other,sir accidentally order ho gaya 🙏,PICKUP_SCHEDULED
RT002318,O008415,OI0009732,DH-KUR-00021,2024-11-02,WHATSAPP,Other,pls reutrn !!,INSPECTED
RT002319,O008416,OI0009733,DH-PAL-00326,2025-01-09,WHATSAPP,Other,BHAIYA SAME AS BEFORE,REFUNDED
RT002320,O008419,OI0009736,DH-DRE-00231,2026-06-21,APP,Size too small,,REFUNDED
RT002321,O008422,OI0009740,DH-MEN-00581,2024-10-14,APP,Colour different from image,,INSPECTED
RT002322,O008427,OI0009746,DH-DRE-00203,2026-03-06,APP,Quality not as expected,,REFUNDED
RT002323,O008430,OI0009750,DH-KUR-00021,2025-06-06,APP,Product damaged,,REFUNDED
RT002324,O008435,OI0009757,DH-KUR-00108,2025-08-09,WHATSAPP,Size too small,,REFUNDED
RT002325,O008438,OI0009760,DH-KID-00500,2026-01-19,APP,Quality not as expected,,INSPECTED
RT002326,O008439,OI0009761,DH-KUR-00112,2024-12-18,APP,Other,shoulders gir rahe hain itna loose,REFUNDED
RT002327,O008443,OI0009768,DH-MEN-00577,2025-12-17,WHATSAPP,Other,hi nahi chahiiye bas pls return,REFUNDED
RT002328,O008451,OI0009776,DH-DRE-00238,2026-03-18,APP,Quality not as expected,,REFUNDED
RT002329,O008454,OI0009779,DH-DRE-00224,2026-05-25,WHATSAPP,Product damaged,,REFUNDED
RT002330,O008455,OI0009780,DH-DRE-00204,2024-12-26,APP,Wrong item received,,REFUNDED
RT002331,O008456,OI0009782,DH-KID-00434,2025-05-05,WHATSAPP,Wrong item received,,REFUNDED
RT002332,O008461,OI0009787,DH-SCH-00489,2024-10-31,APP,Other,bhaiya ordered L but feels like S jaldi pickup karo,REFUNDED
RT002333,O008467,OI0009794,DH-KID-00502,2026-03-07,WHATSAPP,Colour different from image,,PICKUP_SCHEDULED
RT002334,O008469,OI0009796,DH-TRA-00595,2024-11-18,APP,Size too small,,REFUNDED
RT002335,O008471,OI0009798,DH-KID-00525,2026-06-16,APP,Size too large,,REFUNDED
RT002336,O008475,OI0009803,DH-TOP-00263,2025-03-26,APP,Other,return,REFUNDED
RT002337,O008483,OI0009815,DH-DRE-00252,2026-03-11,WHATSAPP,Colour different from image,,REFUNDED
RT002338,O008484,OI0009816,DH-MEN-00575,2026-04-03,APP,Other,pls samea s before,REFUNDED
RT002339,O008489,OI0009821,DH-CO--00353,2025-05-16,APP,Other,late aaya aur packet bhi phata hua,INSPECTED
RT002340,O008497,OI0009830,DH-MEN-00568,2026-01-11,APP,Size too large,,REFUNDED
RT002341,O008498,OI0009831,DH-KUR-00033,2025-04-14,APP,Product damaged,,REFUNDED
RT002342,O008502,OI0009836,DH-DRE-00202,2025-03-19,WHATSAPP,Quality not as expected,,REFUNDED
RT002343,O008503,OI0009837,DH-TOP-00279,2025-01-21,WHATSAPP,Product damaged,,REFUNDED
RT002344,O008505,OI0009839,DH-PAL-00338,2025-11-30,WHATSAPP,Other,late aaya aur packet bhi phata hua,REFUNDED
RT002345,O008508,OI0009842,DH-FRO-00400,2025-12-13,APP,Size too large,,REFUNDED
RT002346,O008509,OI0009844,DH-KUR-00034,2024-10-14,APP,Other,pink mangay tha peach aaya exchange nahi chahiye,REFUNDED
RT002347,O008510,OI0009845,DH-KUR-00136,2025-11-13,APP,Other,pls ... pls return,INSPECTED
RT002348,O008514,OI0009850,DH-KUR-00070,2026-02-03,APP,Wrong item received,,REFUNDED
RT002349,O008517,OI0009853,DH-KUR-00124,2025-09-22,APP,Other,not good refund chahiye,REFUNDED
RT002350,O008517,OI0009855,DH-TRA-00595,2025-09-26,APP,Size too small,,REFUNDED
RT002351,O008517,OI0009854,DH-KUR-00017,2025-09-26,APP,Other,"hello, no",REFUNDED
RT002352,O008522,OI0009860,DH-KUR-00144,2026-06-05,APP,Size too large,,REFUNDED
RT002353,O008529,OI0009868,DH-KUR-00029,2025-02-16,APP,Product damaged,,INSPECTED
RT002354,O008531,OI0009870,DH-MEN-00559,2025-04-11,WHATSAPP,Quality not as expected,,PICKUP_SCHEDULED
RT002355,O008538,OI0009879,DH-SCH-00472,2024-12-01,WHATSAPP,Other,issue hai,REFUNDED
RT002356,O008542,OI0009883,DH-MEN-00541,2025-03-27,APP,Other,mummy ko pasand nahi aaya exchange nahi chahiye,REFUNDED
RT002357,O008545,OI0009888,DH-PAL-00334,2026-02-04,APP,Other,bacche ke liye bahut bada hai,INSPECTED
RT002358,O008548,OI0009892,DH-TOP-00311,2025-03-03,WHATSAPP,Size too small,,REFUNDED
RT002359,O008556,OI0009900,DH-CO--00351,2026-07-18,APP,Colour different from image,,REFUNDED
RT002360,O008558,OI0009902,DH-FRO-00414,2026-06-08,APP,Other,"bhaiya gift tha, unko pasand nahi aaya pls return",INSPECTED
RT002361,O008561,OI0009906,DH-DRE-00208,2026-06-24,WHATSAPP,Other,size chart se bada nikla refund chahiye,REFUNDED
RT002362,O008562,OI0009907,DH-DRE-00181,2026-04-07,APP,Other,अच्छा नहीं लगा exchange nahi chahiye,REFUNDED
RT002363,O008565,OI0009910,DH-CO--00348,2024-12-11,APP,Size too small,,REFUNDED
RT002364,O008566,OI0009911,DH-KID-00531,2026-05-10,APP,Size too large,,REFUNDED
RT002365,O008567,OI0009912,DH-TOP-00267,2026-09-15,APP,Size too small,,REFUNDED
RT002366,O008568,OI0009913,DH-DRE-00195,2025-10-23,APP,Other,.,REFUNDED
RT002367,O008569,OI0009914,DH-FRO-00419,2024-11-06,APP,Colour different from image,,REFUNDED
RT002368,O008570,OI0009915,DH-KID-00518,2025-11-18,APP,Product damaged,,REFUNDED
RT002369,O008574,OI0009919,DH-KUR-00035,2024-12-04,WHATSAPP,Other,na,REFUNDED
RT002370,O008575,OI0009920,DH-TOP-00263,2026-09-26,WHATSAPP,Other,mam bekar 🙏,PICKUP_SCHEDULED
RT002371,O008577,OI0009922,DH-DRE-00206,2025-02-22,APP,Colour different from image,,REFUNDED
RT002372,O008579,OI0009925,DH-PAL-00321,2025-11-15,APP,Size too large,,REFUNDED
RT002373,O008583,OI0009929,DH-MEN-00544,2025-02-01,APP,Size too large,,REFUNDED
RT002374,O008593,OI0009940,DH-FRO-00388,2024-11-24,APP,Other,"hello, damaged pece received",REFUNDED
RT002375,O008594,OI0009941,DH-KID-00525,2025-12-28,APP,Size too small,,REFUNDED
RT002376,O008602,OI0009950,DH-KUR-00090,2026-07-26,APP,Other,"hello, kapda bahut patla hai very disappointed",REFUNDED
RT002377,O008606,OI0009955,DH-PAL-00340,2025-03-02,APP,Other,bhaiya waist pe nahi aaya refund chahiye,REFUNDED
RT002378,O008609,OI0009959,DH-KID-00424,2026-04-22,WHATSAPP,Other,MAM QUALITY ACHHI NAHI HAI JALDI PICKUP KARO,REFUNDED
RT002379,O008610,OI0009960,DH-TOP-00259,2026-06-29,APP,Colour different from image,,REFUNDED
RT002380,O008611,OI0009961,DH-KUR-00020,2025-04-15,APP,Quality not as expected,,PICKUP_SCHEDULED
RT002381,O008616,OI0009967,DH-KUR-00179,2026-02-19,APP,Size too small,,REFUNDED
RT002382,O008617,OI0009968,DH-KUR-00033,2025-04-12,WHATSAPP,Size too small,,REFUNDED
RT002383,O008618,OI0009969,DH-KID-00462,2025-01-18,APP,Other,pasand nahi aaya,REFUNDED
RT002384,O008619,OI0009970,DH-PAL-00328,2024-12-23,APP,Colour different from image,,PICKUP_SCHEDULED
RT002385,O008626,OI0009977,DH-KID-00453,2025-04-18,APP,Size too large,,REFUNDED
RT002386,O008627,OI0009978,DH-DRE-00181,2025-11-03,APP,Product damaged,,REFUNDED
RT002387,O008628,OI0009979,DH-MEN-00545,2025-10-11,APP,Size too small,,REFUNDED
RT002388,O008635,OI0009986,DH-KUR-00121,2026-03-04,WHATSAPP,Size too small,,REFUNDED
RT002389,O008636,OI0009987,DH-MEN-00556,2026-09-26,APP,Size too large,,PICKUP_SCHEDULED
RT002390,O008637,OI0009988,DH-KUR-00129,2024-12-22,WHATSAPP,Other,colour alag hai aur quality bhi average,REFUNDED
RT002391,O008641,OI0009992,DH-CO--00358,2026-09-15,APP,Colour different from image,,REFUNDED
RT002392,O008642,OI0009994,DH-KUR-00007,2026-04-15,APP,Wrong item received,,REFUNDED
RT002393,O008645,OI0009998,DH-FRO-00410,2026-05-15,WHATSAPP,Size too large,,REFUNDED
RT002394,O008646,OI0009999,DH-KUR-00043,2026-08-11,APP,Other,mam ye wala shade nahi tha website pe pls return,REFUNDED
RT002395,O008647,OI0010000,DH-KID-00424,2026-08-05,APP,Colour different from image,,REFUNDED
RT002396,O008648,OI0010001,DH-FRO-00414,2026-06-06,APP,Wrong item received,,REFUNDED
RT002397,O008650,OI0010004,DH-KUR-00016,2026-05-15,APP,Size too small,,REFUNDED
RT002398,O008651,OI0010005,DH-PAL-00321,2026-08-23,WHATSAPP,Quality not as expected,,REFUNDED
RT002399,O008652,OI0010006,DH-DRE-00210,2025-11-06,APP,Other,order bahut der se mila refund chahiye,REFUNDED
RT002400,O008659,OI0010014,DH-KID-00444,2025-02-19,APP,Size too small,,PICKUP_SCHEDULED
RT002401,O008662,OI0010017,DH-KUR-00020,2025-05-01,APP,Other,pls nt good 🙏,REFUNDED
RT002402,O008664,OI0010019,DH-KUR-00153,2026-02-22,WHATSAPP,Size too small,,INSPECTED
RT002403,O008672,OI0010028,DH-DRE-00206,2025-10-01,WHATSAPP,Other,colour alag hai aur quality bhi average,REFUNDED
RT002404,O008673,OI0010029,DH-KUR-00175,2026-08-16,APP,Other,pink mangaya ha peach aaya,REFUNDED
RT002405,O008676,OI0010032,DH-FRO-00419,2025-05-08,APP,Size too large,,REFUNDED
RT002406,O008682,OI0010038,DH-MEN-00557,2024-11-04,APP,Other,hi dusri jagah sasta mil gaya exchange nahi chahiye,REFUNDED
RT002407,O008684,OI0010040,DH-TOP-00263,2026-02-05,APP,Size too small,,INSPECTED
RT002408,O008686,OI0010042,DH-CO--00348,2025-01-16,APP,Other,sir pasand nah iaaya,REFUNDED
RT002409,O008687,OI0010043,DH-KUR-00108,2025-11-16,WHATSAPP,Other,time pe nahi aaya to ab kya karu,REFUNDED
RT002410,O008690,OI0010047,DH-PAL-00334,2026-03-31,APP,Size too large,,REFUNDED
RT002411,O008692,OI0010049,DH-KUR-00105,2026-01-30,APP,Size too small,,PICKUP_SCHEDULED
RT002412,O008694,OI0010051,DH-TOP-00296,2025-04-15,APP,Other,pls shouldres gir rahe hain itna loose exchange nahi chahiye,REFUNDED
RT002413,O008696,OI0010053,DH-KUR-00120,2025-10-14,WHATSAPP,Other,MAM FITTING BAHUT TIGHT AI YAAR JALDI PICKUP KARO,REFUNDED
RT002414,O008710,OI0010069,DH-KUR-00114,2024-11-15,APP,Other,size chota hai aur kapda bhi patla,REFUNDED
RT002415,O008712,OI0010072,DH-FRO-00402,2026-07-27,APP,Size too small,,REFUNDED
RT002416,O008714,OI0010074,DH-TRA-00599,2025-03-06,APP,Size too small,,REFUNDED
RT002417,O008716,OI0010076,DH-TOP-00289,2025-08-16,APP,Size too large,,REFUNDED
RT002418,O008720,OI0010082,DH-KUR-00047,2024-12-12,APP,Quality not as expected,,INSPECTED
RT002419,O008723,OI0010086,DH-KUR-00154,2025-03-06,APP,Other,sie chart se bada nikla,REFUNDED
RT002420,O008730,OI0010095,DH-KUR-00167,2026-06-08,APP,Other,late aaya aur packet bhi phata hua,REFUNDED
RT002421,O008736,OI0010102,DH-FRO-00392,2025-09-23,APP,Colour different from image,,REFUNDED
RT002422,O008740,OI0010107,DH-MEN-00585,2025-11-22,APP,Size too small,,REFUNDED
RT002423,O008741,OI0010108,DH-KID-00460,2026-05-17,WHATSAPP,Other,mam 😞 !!,REFUNDED
RT002424,O008748,OI0010117,DH-KUR-00017,2025-11-23,APP,Size too small,,REFUNDED
RT002425,O008749,OI0010118,DH-KUR-00150,2026-01-30,WHATSAPP,Size too small,,REFUNDED
RT002426,O008753,OI0010122,DH-KID-00503,2026-09-22,APP,Other,ek wash me rang chala gaya pls return,PICKUP_SCHEDULED
RT002427,O008755,OI0010125,DH-MEN-00559,2025-09-26,WHATSAPP,Other,bada hai and colour bhi photo jaisa nahi,REFUNDED
RT002428,O008758,OI0010128,DH-FRO-00389,2026-05-08,APP,Quality not as expected,,REFUNDED
RT002429,O008759,OI0010130,DH-DRE-00190,2025-02-12,APP,Other,"hello, रंग फोटो से अलग है !!",PICKUP_SCHEDULED
RT002430,O008761,OI0010132,DH-KUR-00152,2025-11-04,APP,Colour different from image,,REFUNDED
RT002431,O008763,OI0010134,DH-KUR-00079,2026-03-11,WHATSAPP,Size too small,,REFUNDED
RT002432,O008768,OI0010139,DH-MEN-00580,2026-04-10,APP,Size too large,,REFUNDED
RT002433,O008773,OI0010145,DH-FRO-00365,2025-05-18,APP,Size too large,,REFUNDED
RT002434,O008780,OI0010153,DH-KID-00521,2025-03-19,WHATSAPP,Size too small,,REFUNDED
RT002435,O008785,OI0010158,DH-PAL-00330,2025-08-25,APP,Colour different from image,,REFUNDED
RT002436,O008790,OI0010163,DH-KUR-00016,2025-07-27,APP,Size too small,,REFUNDED
RT002437,O008791,OI0010164,DH-DRE-00192,2025-03-23,APP,Other,😞,REFUNDED
RT002438,O008795,OI0010168,DH-FRO-00405,2026-02-03,APP,Size too small,,REFUNDED
RT002439,O008813,OI0010191,DH-TOP-00271,2025-11-13,WHATSAPP,Other,dusri jagah sasta mil gaya,INSPECTED
RT002440,O008819,OI0010198,DH-KID-00520,2025-01-09,APP,Other,mam lenth bhi kam hai aur tight bhi refund chahiye,REFUNDED
RT002441,O008820,OI0010199,DH-KUR-00054,2025-11-08,APP,Size too small,,REFUNDED
RT002442,O008833,OI0010213,DH-CO--00354,2025-04-03,APP,Other,bhaiya pehli dhulai me shrink ho gaya,REFUNDED
RT002443,O008835,OI0010215,DH-KUR-00146,2026-02-16,APP,Size too large,,PICKUP_SCHEDULED
RT002444,O008844,OI0010225,DH-PAL-00328,2026-08-11,APP,Product damaged,,REFUNDED
RT002445,O008846,OI0010227,DH-KUR-00114,2025-07-05,APP,Colour different from image,,REFUNDED
RT002446,O008858,OI0010239,DH-KID-00462,2024-10-27,APP,Size too small,,REFUNDED
RT002447,O008859,OI0010240,DH-DRE-00185,2025-05-15,APP,Colour different from image,,REFUNDED
RT002448,O008870,OI0010251,DH-TOP-00297,2026-04-29,APP,Size too small,,REFUNDED
RT002449,O008871,OI0010252,DH-DRE-00216,2026-04-22,WHATSAPP,Other,hi अच्छा नहीं लगा 🙏,REFUNDED
RT002450,O008876,OI0010257,DH-MEN-00545,2025-05-28,APP,Other,"bhaiya late delivery, mehndi ke baad aaya",INSPECTED
RT002451,O008877,OI0010258,DH-FRO-00387,2024-11-26,APP,Other,mam अच्छा नहींलगा refund chahiye,REFUNDED
RT002452,O008882,OI0010264,DH-SCH-00474,2025-04-17,APP,Size too small,,REFUNDED
RT002453,O008883,OI0010266,DH-KID-00450,2026-03-21,APP,Size too large,,REFUNDED
RT002454,O008889,OI0010274,DH-KID-00528,2025-02-06,APP,Other,late aaya aur packet bhi phata hua,REFUNDED
RT002455,O008891,OI0010276,DH-KID-00456,2025-06-25,WHATSAPP,Size too small,,REFUNDED
RT002456,O008892,OI0010277,DH-KUR-00048,2026-06-05,WHATSAPP,Other,mam अच्छा नहीं लगा very disappointed,REFUNDED
RT002457,O008899,OI0010284,DH-KUR-00068,2025-08-08,APP,Other,late aaya aur packet bhi phata hua,REFUNDED
RT002458,O008903,OI0010288,DH-DRE-00185,2025-05-27,APP,Other,"sir gift tha, uko pasand nahi aaya jaldi pickup karo",REFUNDED
RT002459,O008904,OI0010289,DH-PAL-00340,2025-02-10,WHATSAPP,Colour different from image,,REFUNDED
RT002460,O008905,OI0010290,DH-KUR-00007,2026-05-19,WHATSAPP,Quality not as expected,,REFUNDED
RT002461,O008908,OI0010294,DH-SCH-00488,2025-03-22,APP,Product damaged,,INSPECTED
RT002462,O008910,OI0010296,DH-KUR-00050,2025-12-17,APP,Other,bhaiya ach nahi laga,REFUNDED
RT002463,O008912,OI0010298,DH-SCH-00471,2025-04-29,APP,Other,"HELLO, PHATA HUA AAYA VERY DISAPPOINTED",REFUNDED
RT002464,O008914,OI0010300,DH-MEN-00575,2025-07-03,APP,Quality not as expected,,REFUNDED
RT002465,O008920,OI0010308,DH-MEN-00541,2025-04-07,WHATSAPP,Size too large,,REFUNDED
RT002466,O008922,OI0010310,DH-KID-00455,2026-09-07,APP,Other,"hello, stitching kharab hai, dhaage nikal rahe pls return",REFUNDED
RT002467,O008945,OI0010336,DH-MEN-00577,2026-05-24,APP,Product damaged,,REFUNDED
RT002468,O008948,OI0010340,DH-KID-00504,2025-12-04,WHATSAPP,Size too small,,REFUNDED
RT002469,O008950,OI0010342,DH-KUR-00047,2025-09-03,APP,Wrong item received,,REFUNDED
RT002470,O008951,OI0010343,DH-KUR-00109,2026-03-03,WHATSAPP,Other,ab zarurat nahi hai pls return,REFUNDED
RT002471,O008954,OI0010347,DH-KUR-00113,2026-04-29,WHATSAPP,Size too small,,REFUNDED
RT002472,O008955,OI0010348,DH-CO--00348,2025-11-08,APP,Other,bacche k eliye bahut bada hai pls return,REFUNDED
RT002473,O008960,OI0010355,DH-KUR-00047,2024-11-02,WHATSAPP,Size too small,,PICKUP_SCHEDULED
RT002474,O008965,OI0010360,DH-KUR-00133,2024-11-01,APP,Other,mam color i sdifferent from image exchange nahi chahiye,REFUNDED
RT002475,O008968,OI0010363,DH-KUR-00016,2026-08-08,WHATSAPP,Other,colour alag hai aur quality bhi average,REFUNDED
RT002476,O008978,OI0010373,DH-FRO-00409,2025-03-02,APP,Other,"late delivery, mehndi ke baad aaya pls return",REFUNDED
RT002477,O008988,OI0010384,DH-FRO-00396,2025-07-07,APP,Other,बहुत टाइट हहै !!,REFUNDED
RT002478,O008990,OI0010386,DH-KUR-00135,2025-10-24,APP,Size too large,,REFUNDED
RT002479,O008992,OI0010389,DH-TOP-00254,2026-04-06,APP,Quality not as expected,,REFUNDED
RT002480,O008994,OI0010391,DH-KUR-00020,2025-03-31,APP,Size too small,,REFUNDED
RT002481,O008996,OI0010393,DH-TOP-00254,2026-03-21,WHATSAPP,Other,"sir size M bahut tight hai, L lena padega",INSPECTED
RT002482,O008997,OI0010394,DH-SCH-00472,2025-01-08,APP,Wrong item received,,REFUNDED
RT002483,O009001,OI0010399,DH-KUR-00129,2025-08-27,APP,Quality not as expected,,REFUNDED
RT002484,O009002,OI0010400,DH-SCH-00463,2026-09-15,WHATSAPP,Quality not as expected,,REFUNDED
RT002485,O009013,OI0010416,DH-SCH-00496,2026-04-03,WHATSAPP,Other,bhaiya ab zarurat nai hai exchange nahi chahiye,REFUNDED
RT002486,O009016,OI0010420,DH-TOP-00284,2025-11-10,WHATSAPP,Other,"hello, mustard bola tha ye to green yellow hai 🙏",REFUNDED
RT002487,O009018,OI0010422,DH-PAL-00330,2024-12-05,WHATSAPP,Quality not as expected,,REFUNDED
RT002488,O009032,OI0010438,DH-FRO-00398,2026-03-14,APP,Colour different from image,,REFUNDED
RT002489,O009033,OI0010439,DH-KUR-00083,2025-07-07,WHATSAPP,Other,bada hai and colour bhi photo jaisa nahi,REFUNDED
RT002490,O009035,OI0010441,DH-KUR-00024,2025-08-26,APP,Wrong item received,,REFUNDED
RT002491,O009038,OI0010444,DH-KID-00457,2025-08-10,APP,Other,"hello, fitting bahut tight hai yaar 🙏",REFUNDED
RT002492,O009050,OI0010460,DH-KUR-00170,2026-07-10,WHATSAPP,Other,mind change ho gaya refund chahiye,REFUNDED
RT002493,O009071,OI0010482,DH-KUR-00176,2026-08-04,APP,Size too small,,INSPECTED
RT002494,O009072,OI0010483,DH-KUR-00173,2026-03-08,APP,Size too small,,REFUNDED
RT002495,O009075,OI0010487,DH-DRE-00238,2026-08-29,WHATSAPP,Size too small,,REFUNDED
RT002496,O009081,OI0010493,DH-PAL-00329,2025-05-17,WHATSAPP,Other,pls fabric cheap lag raha hai 🙏,REFUNDED
RT002497,O009082,OI0010494,DH-FRO-00393,2026-05-11,APP,Size too large,,REFUNDED
RT002498,O009084,OI0010496,DH-KID-00433,2025-11-30,WHATSAPP,Other,MAM PINK MANGAYA THA PEAHC AAYA EXCHANGE NAHI CHAHIYE,REFUNDED
RT002499,O009086,OI0010498,DH-KID-00527,2026-05-29,APP,Other,mummy ko pasand nahi aaya jaldi pickup karo,REFUNDED
RT002500,O009088,OI0010500,DH-MEN-00579,2026-09-04,APP,Other,"hello, phata hua aaya very disappointed",INSPECTED
RT002501,O009090,OI0010502,DH-KUR-00107,2026-04-23,WHATSAPP,Wrong item received,,REFUNDED
RT002502,O009091,OI0010503,DH-KID-00445,2025-03-15,WHATSAPP,Other,hi bekar,REFUNDED
RT002503,O009093,OI0010505,DH-KID-00516,2025-11-15,APP,Product damaged,,REFUNDED
RT002504,O009099,OI0010511,DH-TOP-00258,2026-06-05,APP,Colour different from image,,REFUNDED
RT002505,O009106,OI0010519,DH-KID-00525,2026-01-06,APP,Other,mind change ho gaya,REFUNDED
RT002506,O009109,OI0010524,DH-KUR-00064,2026-08-16,APP,Quality not as expected,,REFUNDED
RT002507,O009110,OI0010525,DH-KUR-00075,2026-05-24,APP,Other,"pls gift tha, unko pasand nahi aaya exchange nahi chahiye",REFUNDED
RT002508,O009114,OI0010529,DH-FRO-00412,2025-10-25,APP,Colour different from image,,REFUNDED
RT002509,O009118,OI0010533,DH-KID-00425,2026-09-04,APP,Colour different from image,,REFUNDED
RT002510,O009121,OI0010536,DH-KID-00511,2026-07-20,APP,Other,size chota hai,REFUNDED
RT002511,O009124,OI0010540,DH-KUR-00101,2026-07-15,WHATSAPP,Other,no refund chahiye,REFUNDED
RT002512,O009126,OI0010542,DH-KUR-00012,2026-03-05,WHATSAPP,Other,"hello, Size small aaya, mera regular M h",REFUNDED
RT002513,O009128,OI0010545,DH-DRE-00250,2025-03-23,APP,Other,NOT AS EXPECTED,REFUNDED
RT002514,O009129,OI0010546,DH-KID-00450,2026-07-06,WHATSAPP,Size too small,,REFUNDED
RT002515,O009140,OI0010560,DH-KID-00441,2025-08-24,APP,Quality not as expected,,REFUNDED
RT002516,O009143,OI0010563,DH-KUR-00159,2026-08-30,APP,Colour different from image,,REFUNDED
RT002517,O009148,OI0010569,DH-KUR-00024,2026-08-27,APP,Other,RETURN PLS RETURN,REFUNDED
RT002518,O009155,OI0010576,DH-PAL-00321,2026-09-04,APP,Other,achha nahi laga very disappointed,PICKUP_SCHEDULED
RT002519,O009156,OI0010577,DH-KUR-00139,2025-12-30,APP,Other,pls zip kaam nahi kar rahi refund chahiye,REFUNDED
RT002520,O009157,OI0010578,DH-FRO-00419,2025-11-05,APP,Other,"mam gift tha, unko pasand nahi aaya pls return",INSPECTED
RT002521,O009161,OI0010583,DH-CO--00348,2024-12-03,APP,Quality not as expected,,REFUNDED
RT002522,O009177,OI0010600,DH-PAL-00321,2025-10-25,APP,Other,bhaiya not as expected jaldi pickup karo,REFUNDED
RT002523,O009178,OI0010601,DH-MEN-00566,2025-05-15,APP,Colour different from image,,REFUNDED
RT002524,O009180,OI0010604,DH-FRO-00418,2025-02-20,WHATSAPP,Colour different from image,,REFUNDED
RT002525,O009189,OI0010613,DH-KUR-00144,2026-03-30,APP,Other,colour alag hai aur quality bhi average,REFUNDED
RT002526,O009193,OI0010618,DH-TRA-00595,2024-12-10,APP,Other,NAHI CHAHIYE BAS JALDI PICKUP KARO,REFUNDED
RT002527,O009194,OI0010620,DH-DRE-00250,2025-02-15,WHATSAPP,Other,bhaiya accidentally order ho gaya jaldi pickup karo,PICKUP_SCHEDULED
RT002528,O009194,OI0010619,DH-FRO-00387,2025-02-21,WHATSAPP,Quality not as expected,,PICKUP_SCHEDULED
RT002529,O009198,OI0010625,DH-KUR-00088,2024-12-17,APP,Colour different from image,,REFUNDED
RT002530,O009201,OI0010630,DH-KUR-00008,2025-03-16,APP,Other,"hello, quality achhi nahi hai",REFUNDED
RT002531,O009202,OI0010632,DH-KID-00500,2025-07-10,WHATSAPP,Quality not as expected,,REFUNDED
RT002532,O009203,OI0010633,DH-TOP-00269,2025-08-09,WHATSAPP,Quality not as expected,,REFUNDED
RT002533,O009205,OI0010636,DH-KUR-00133,2025-02-28,APP,Other,AB ZARURAT NAHI HAI JALDI PICKUP KARO,REFUNDED
RT002534,O009217,OI0010649,DH-CO--00359,2026-01-19,WHATSAPP,Quality not as expected,,REFUNDED
RT002535,O009225,OI0010658,DH-DRE-00202,2024-10-16,APP,Size too large,,REFUNDED
RT002536,O009226,OI0010659,DH-KUR-00150,2026-02-13,WHATSAPP,Size too small,,REFUNDED
RT002537,O009229,OI0010662,DH-FRO-00387,2024-10-10,APP,Other,MUMMY KO PASAND NAHI AAYA !!,REFUNDED
RT002538,O009240,OI0010675,DH-TOP-00256,2025-12-28,APP,Other,sir naih chahiye bas pls return,REFUNDED
RT002539,O009241,OI0010676,DH-KUR-00111,2026-06-08,APP,Other,"mam bahut late aaya, function nikal gaya exchange nahi chahiye",REFUNDED
RT002540,O009247,OI0010685,DH-KUR-00040,2026-06-08,APP,Other,bhaiya pasand nahi aaya pls return,REFUNDED
RT002541,O009251,OI0010689,DH-PAL-00326,2024-11-29,APP,Colour different from image,,REFUNDED
RT002542,O009253,OI0010691,DH-PAL-00321,2025-11-08,WHATSAPP,Quality not as expected,,REFUNDED
RT002543,O009262,OI0010702,DH-KUR-00040,2026-03-16,WHATSAPP,Other,quality achhi nai hai,REFUNDED
RT002544,O009273,OI0010714,DH-TRA-00591,2026-01-04,APP,Product damaged,,REFUNDED
RT002545,O009283,OI0010724,DH-KID-00540,2026-03-14,APP,Size too large,,REFUNDED
RT002546,O009290,OI0010731,DH-DRE-00192,2025-01-27,WHATSAPP,Colour different from image,,REFUNDED
RT002547,O009293,OI0010735,DH-KUR-00066,2025-12-17,APP,Other,mummy ko pasand nahi aaya,REFUNDED
RT002548,O009296,OI0010739,DH-DRE-00209,2024-10-17,APP,Size too large,,REFUNDED
RT002549,O009303,OI0010746,DH-DRE-00195,2026-08-26,APP,Quality not as expected,,PICKUP_SCHEDULED
RT002550,O009309,OI0010752,DH-TOP-00265,2026-04-09,APP,Other,sir min change ho gaya jaldi pickup karo,REFUNDED
RT002551,O009314,OI0010758,DH-SCH-00466,2026-09-08,WHATSAPP,Other,pls 😞,REFUNDED
RT002552,O009317,OI0010762,DH-TOP-00263,2026-03-07,APP,Size too large,,INSPECTED
RT002553,O009318,OI0010763,DH-FRO-00368,2026-07-28,WHATSAPP,Size too large,,INSPECTED
RT002554,O009322,OI0010767,DH-DRE-00206,2025-02-13,APP,Other,pls ...,INSPECTED
RT002555,O009323,OI0010768,DH-KID-00525,2025-11-08,WHATSAPP,Other,,REFUNDED
RT002556,O009326,OI0010771,DH-KUR-00165,2026-05-21,APP,Product damaged,,REFUNDED
RT002557,O009335,OI0010781,DH-TOP-00312,2026-08-24,APP,Size too small,,REFUNDED
RT002558,O009336,OI0010782,DH-MEN-00546,2025-04-13,APP,Size too small,,REFUNDED
RT002559,O009341,OI0010788,DH-TOP-00271,2024-12-01,APP,Other,"hello, dusri jagah sasta mil gaya very disappointed",REFUNDED
RT002560,O009342,OI0010789,DH-DRE-00220,2025-12-16,APP,Colour different from image,,REFUNDED
RT002561,O009343,OI0010790,DH-SCH-00476,2025-07-16,WHATSAPP,Other,size chart se  bada nikla pls return,REFUNDED
RT002562,O009345,OI0010792,DH-MEN-00542,2026-04-25,WHATSAPP,Size too small,,INSPECTED
RT002563,O009347,OI0010795,DH-KUR-00016,2024-12-01,APP,Size too small,,REFUNDED
RT002564,O009349,OI0010798,DH-KID-00499,2025-12-15,WHATSAPP,Size too small,,REFUNDED
RT002565,O009350,OI0010799,DH-TOP-00257,2026-04-21,WHATSAPP,Other,size chart pe 38 likha tha but 36 jaisa hai exchange nahi chahiye,REFUNDED
RT002566,O009354,OI0010803,DH-DRE-00231,2025-01-29,APP,Size too large,,REFUNDED
RT002567,O009356,OI0010805,DH-DRE-00206,2026-03-28,APP,Product damaged,,REFUNDED
RT002568,O009358,OI0010807,DH-KUR-00140,2025-11-17,WHATSAPP,Product damaged,,REFUNDED
RT002569,O009368,OI0010817,DH-KUR-00116,2026-02-22,APP,Product damaged,,INSPECTED
RT002570,O009370,OI0010819,DH-FRO-00365,2026-03-30,APP,Size too small,,REFUNDED
RT002571,O009370,OI0010820,DH-FRO-00412,2026-04-02,APP,Size too large,,REFUNDED
RT002572,O009373,OI0010823,DH-KUR-00131,2026-01-07,WHATSAPP,Other,hi fitting bahut tight hai yaar,REFUNDED
RT002573,O009379,OI0010830,DH-KUR-00006,2025-12-05,APP,Other,pasand nhi aaya pls return,REFUNDED
RT002574,O009385,OI0010836,DH-KID-00523,2025-03-04,WHATSAPP,Other,"hello, quality bilkul bekar",REFUNDED
RT002575,O009386,OI0010837,DH-SCH-00468,2025-05-24,APP,Other, ,INSPECTED
RT002576,O009386,OI0010838,DH-FRO-00384,2025-05-28,WHATSAPP,Other,"fabric achha nahi, fitting bhi tight",PICKUP_SCHEDULED
RT002577,O009388,OI0010840,DH-TRA-00591,2026-05-01,APP,Other,hi rang bilkul alag hai pls return,REFUNDED
RT002578,O009394,OI0010848,DH-FRO-00393,2025-03-19,WHATSAPP,Other,ordered L but feels like S refund chahiye,REFUNDED
RT002579,O009399,OI0010856,DH-FRO-00418,2025-11-17,WHATSAPP,Size too large,,REFUNDED
RT002580,O009400,OI0010857,DH-FRO-00381,2025-09-26,APP,Other,"hi bahut late aaya, function nikal gaya",REFUNDED
RT002581,O009403,OI0010861,DH-SCH-00491,2026-04-13,APP,Size too small,,REFUNDED
RT002582,O009404,OI0010862,DH-DRE-00198,2025-10-27,APP,Other,dont need it anymore 🙏,REFUNDED
RT002583,O009406,OI0010865,DH-KUR-00046,2026-04-04,APP,Other,function cancel ho gaya pls return,REFUNDED
RT002584,O009413,OI0010872,DH-KUR-00180,2024-11-03,APP,Other,hi ab zarurat nhi hai !!,REFUNDED
RT002585,O009416,OI0010876,DH-KUR-00026,2024-11-12,APP,Other,"MAM BAHUT LATE AAYA, FUNCTION NIKAL GAYA 🙏",INSPECTED
RT002586,O009417,OI0010877,DH-KUR-00129,2025-02-24,WHATSAPP,Quality not as expected,,REFUNDED
RT002587,O009419,OI0010879,DH-KID-00522,2026-01-27,APP,Product damaged,,REFUNDED
RT002588,O009420,OI0010881,DH-SCH-00488,2024-12-01,WHATSAPP,Colour different from image,,REFUNDED
RT002589,O009425,OI0010888,DH-PAL-00330,2025-06-24,APP,Quality not as expected,,REFUNDED
RT002590,O009429,OI0010894,DH-MEN-00554,2025-12-15,APP,Other,"fabric achha nahi, fitting bhi tight",REFUNDED
RT002591,O009432,OI0010897,DH-TOP-00296,2025-10-24,APP,Size too small,,REFUNDED
RT002592,O009437,OI0010903,DH-KUR-00035,2025-08-15,APP,Other,pasand nahi aaya exchange nahi chahiye,REFUNDED
RT002593,O009438,OI0010904,DH-DRE-00246,2025-11-01,APP,Colour different from image,,REFUNDED
RT002594,O009441,OI0010908,DH-FRO-00379,2025-12-04,APP,Size too small,,REFUNDED
RT002595,O009443,OI0010911,DH-TOP-00299,2025-12-18,APP,Other,"fabric achha nahi, fitting bhi tight",REFUNDED
RT002596,O009444,OI0010912,DH-FRO-00370,2024-12-04,APP,Other,mam button toota hua tha,REFUNDED
RT002597,O009448,OI0010916,DH-DRE-00182,2026-06-02,WHATSAPP,Quality not as expected,,INSPECTED
RT002598,O009452,OI0010921,DH-DRE-00203,2026-02-22,APP,Size too small,,REFUNDED
RT002599,O009454,OI0010923,DH-KUR-00043,2024-11-06,APP,Size too small,,REFUNDED
RT002600,O009459,OI0010932,DH-SCH-00463,2026-01-17,APP,Other,bacche ke liye bahut bada hai,REFUNDED
RT002601,O009461,OI0010936,DH-TOP-00261,2026-05-20,APP,Size too large,,REFUNDED
RT002602,O009462,OI0010937,DH-DRE-00236,2026-05-12,APP,Colour different from image,,REFUNDED
RT002603,O009463,OI0010938,DH-TOP-00262,2025-03-20,WHATSAPP,Colour different from image,,REFUNDED
RT002604,O009464,OI0010939,DH-TRA-00595,2024-10-19,APP,Other,"hello, kada bahut patla hai refund chahiye",REFUNDED
RT002605,O009465,OI0010940,DH-TOP-00285,2026-01-14,APP,Other,rang bilkul alag hi exchange nahi chahiye,REFUNDED
RT002606,O009468,OI0010943,DH-TOP-00266,2026-01-11,APP,Other,rang bilkul alag hai,INSPECTED
RT002607,O009473,OI0010948,DH-CO--00355,2025-10-29,APP,Quality not as expected,,REFUNDED
RT002608,O009474,OI0010949,DH-KUR-00174,2025-12-27,WHATSAPP,Quality not as expected,,REFUNDED
RT002609,O009478,OI0010954,DH-FRO-00399,2026-01-03,APP,Quality not as expected,,REFUNDED
RT002610,O009479,OI0010955,DH-PAL-00340,2025-03-22,APP,Colour different from image,,REFUNDED
RT002611,O009482,OI0010958,DH-KID-00450,2026-04-28,APP,Size too small,,REFUNDED
RT002612,O009484,OI0010961,DH-KUR-00066,2026-03-26,APP,Size too large,,REFUNDED
RT002613,O009484,OI0010960,DH-DRE-00231,2026-03-26,APP,Other,PHATA HUA AAYA,REFUNDED
RT002614,O009485,OI0010962,DH-SCH-00473,2025-11-09,APP,Other,function cancel ho gaya,PICKUP_SCHEDULED
RT002615,O009492,OI0010971,DH-DRE-00202,2025-04-14,APP,Colour different from image,,REFUNDED
RT002616,O009494,OI0010973,DH-SCH-00474,2024-10-24,APP,Size too large,,REFUNDED
RT002617,O009495,OI0010974,DH-DRE-00192,2025-02-15,WHATSAPP,Other,late aaya aur packet bhi phata hua,REFUNDED
RT002618,O009500,OI0010979,DH-DRE-00242,2026-04-15,WHATSAPP,Size too small,,REFUNDED
RT002619,O009511,OI0010993,DH-DRE-00182,2026-06-23,WHATSAPP,Colour different from image,,PICKUP_SCHEDULED
RT002620,O009514,OI0010996,DH-KID-00429,2026-01-17,APP,Size too small,,REFUNDED
RT002621,O009517,OI0011000,DH-MEN-00558,2026-05-09,WHATSAPP,Quality not as expected,,REFUNDED
RT002622,O009523,OI0011008,DH-DRE-00198,2025-09-25,WHATSAPP,Other,"hello, shoulders gir rahe hain itna loose refund chahiye",REFUNDED
RT002623,O009525,OI0011010,DH-KID-00439,2026-06-22,APP,Other,delivery me 12 din lag gaye,REFUNDED
RT002624,O009526,OI0011011,DH-MEN-00559,2025-09-18,WHATSAPP,Wrong item received,,REFUNDED
RT002625,O009532,OI0011017,DH-KUR-00090,2025-09-28,WHATSAPP,Other,,REFUNDED
RT002626,O009535,OI0011020,DH-DRE-00217,2026-02-16,WHATSAPP,Size too large,,REFUNDED
RT002627,O009539,OI0011025,DH-FRO-00411,2026-04-23,APP,Other,😞 exchange nahi chahiye,INSPECTED
RT002628,O009540,OI0011026,DH-KUR-00137,2025-07-24,APP,Quality not as expected,,REFUNDED
RT002629,O009542,OI0011029,DH-PAL-00318,2025-04-23,APP,Other,size chota hai aur kapda bhi patla,REFUNDED
RT002630,O009545,OI0011032,DH-FRO-00365,2026-06-06,APP,Other,PLS QUALITY ACHHI NAHI HAI REFUND CHAHIYE,REFUNDED
RT002631,O009555,OI0011044,DH-FRO-00411,2026-02-12,APP,Quality not as expected,,REFUNDED
RT002632,O009558,OI0011047,DH-KID-00457,2026-01-06,APP,Other,size chota hai aur kapda bhi patla,REFUNDED
RT002633,O009559,OI0011048,DH-SCH-00464,2026-04-10,APP,Size too small,,REFUNDED
RT002634,O009560,OI0011049,DH-KUR-00169,2026-06-12,APP,Product damaged,,REFUNDED
RT002635,O009563,OI0011052,DH-KID-00500,2026-01-24,WHATSAPP,Quality not as expected,,REFUNDED
RT002636,O009564,OI0011053,DH-FRO-00375,2025-12-01,APP,Size too small,,REFUNDED
RT002637,O009565,OI0011054,DH-KUR-00135,2025-10-11,APP,Quality not as expected,,REFUNDED
RT002638,O009588,OI0011080,DH-CO--00345,2026-04-16,WHATSAPP,Colour different from image,,REFUNDED
RT002639,O009592,OI0011085,DH-KID-00536,2026-01-08,WHATSAPP,Other,shoulders gir rahe hain itna loose very disappointed,REFUNDED
RT002640,O009594,OI0011087,DH-TOP-00264,2026-09-10,APP,Colour different from image,,REFUNDED
RT002641,O009600,OI0011093,DH-KUR-00029,2025-06-13,APP,Size too small,,REFUNDED
RT002642,O009601,OI0011094,DH-KUR-00136,2026-05-20,APP,Other,mam same as before pls return,REFUNDED
RT002643,O009602,OI0011095,DH-TRA-00595,2025-10-17,APP,Product damaged,,INSPECTED
RT002644,O009606,OI0011099,DH-MEN-00541,2025-02-26,APP,Other,bada hai and colour bhi photo jaisa nahi,REFUNDED
RT002645,O009607,OI0011100,DH-KUR-00064,2026-08-27,APP,Other,"hello, fitting bahut tight hai yaar very disappointed",REFUNDED
RT002646,O009608,OI0011101,DH-KUR-00034,2025-01-09,WHATSAPP,Other,image me bright tha real me dulll hai very disappointed,REFUNDED
RT002647,O009616,OI0011112,DH-KUR-00149,2026-03-08,WHATSAPP,Other,colour alag hai aur quality bhi average,REFUNDED
RT002648,O009617,OI0011114,DH-KID-00444,2025-08-05,WHATSAPP,Other,size chota hai aur kapda bhi patla,REFUNDED
RT002649,O009619,OI0011116,DH-TOP-00301,2025-05-21,APP,Other,sir fabric rough hai skin pe chubhta hai,REFUNDED
RT002650,O009620,OI0011117,DH-SCH-00468,2024-11-13,APP,Size too small,,REFUNDED
RT002651,O009623,OI0011121,DH-CO--00351,2025-10-12,APP,Wrong item received,,REFUNDED
RT002652,O009626,OI0011124,DH-KUR-00121,2026-05-27,WHATSAPP,Size too small,,REFUNDED
RT002653,O009628,OI0011126,DH-DRE-00244,2025-12-01,APP,Product damaged,,REFUNDED
RT002654,O009631,OI0011129,DH-KUR-00088,2025-04-01,APP,Other,pls length bhi kam hai aur tight bhi very disappointed,REFUNDED
RT002655,O009637,OI0011135,DH-KUR-00035,2025-10-31,APP,Size too small,,REFUNDED
RT002656,O009639,OI0011137,DH-KUR-00097,2025-01-21,WHATSAPP,Wrong item received,,REFUNDED
RT002657,O009643,OI0011141,DH-DRE-00218,2025-03-28,APP,Other,"bhaiya late delivery, mehndi ke baad aaya 🙏",INSPECTED
RT002658,O009644,OI0011142,DH-KUR-00125,2024-11-02,WHATSAPP,Quality not as expected,,REFUNDED
RT002659,O009645,OI0011143,DH-DRE-00205,2026-03-08,APP,Product damaged,,REFUNDED
RT002660,O009653,OI0011151,DH-KUR-00034,2025-08-31,APP,Size too large,,INSPECTED
RT002661,O009656,OI0011154,DH-KUR-00153,2025-08-09,APP,Colour different from image,,REFUNDED
RT002662,O009657,OI0011155,DH-KID-00429,2026-03-05,APP,Size too small,,REFUNDED
RT002663,O009662,OI0011161,DH-KUR-00133,2025-10-17,WHATSAPP,Size too small,,REFUNDED
RT002664,O009666,OI0011167,DH-DRE-00192,2025-11-29,WHATSAPP,Other,pls pasand nahi aaa,INSPECTED
RT002665,O009668,OI0011169,DH-DRE-00189,2026-07-15,WHATSAPP,Size too small,,INSPECTED
RT002666,O009669,OI0011170,DH-KID-00448,2025-09-28,APP,Other,FABRIC ROUGHHAI SKIN PE CHUBHTA HAI JALDI PICKUP KARO,REFUNDED
RT002667,O009669,OI0011171,DH-MEN-00541,2025-09-29,APP,Size too small,,REFUNDED
RT002668,O009669,OI0011172,DH-DRE-00181,2025-09-28,APP,Other,"fabric achha nahi, fitting bhi tight",REFUNDED
RT002669,O009674,OI0011177,DH-FRO-00415,2025-10-14,APP,Other,mam ... pls return,REFUNDED
RT002670,O009686,OI0011191,DH-PAL-00325,2026-08-07,WHATSAPP,Other,ab zarurat nahi hai very disappointed,PICKUP_SCHEDULED
RT002671,O009694,OI0011199,DH-KUR-00042,2025-06-04,APP,Size too small,,REFUNDED
RT002672,O009703,OI0011208,DH-MEN-00550,2025-12-17,APP,Product damaged,,REFUNDED
RT002673,O009705,OI0011210,DH-DRE-00188,2025-07-28,WHATSAPP,Quality not as expected,,REFUNDED
RT002674,O009716,OI0011225,DH-KUR-00138,2026-09-24,APP,Colour different from image,,PICKUP_SCHEDULED
RT002675,O009716,OI0011224,DH-DRE-00191,2026-09-25,APP,Quality not as expected,,PICKUP_SCHEDULED
RT002676,O009724,OI0011234,DH-DRE-00205,2025-02-20,APP,Other,size bada hai,INSPECTED
RT002677,O009730,OI0011241,DH-KUR-00160,2026-04-26,APP,Size too small,,REFUNDED
RT002678,O009732,OI0011243,DH-CO--00355,2026-04-24,APP,Other,mam M mangya tha bada aaya very disappointed,REFUNDED
RT002679,O009734,OI0011248,DH-FRO-00386,2024-11-05,WHATSAPP,Colour different from image,,REFUNDED
RT002680,O009745,OI0011263,DH-KID-00540,2026-07-14,APP,Other,pasand nahi aaya,REFUNDED
RT002681,O009746,OI0011264,DH-PAL-00339,2025-10-27,APP,Other,damaged piece received,REFUNDED
RT002682,O009752,OI0011271,DH-KUR-00029,2025-02-17,APP,Other,"hello, smaller than usual size",REFUNDED
RT002683,O009756,OI0011275,DH-DRE-00181,2025-07-13,WHATSAPP,Other,"late delivery, mehndi ke baad aaya",REFUNDED
RT002684,O009760,OI0011279,DH-KUR-00072,2026-07-12,APP,Size too small,,REFUNDED
RT002685,O009770,OI0011290,DH-CO--00360,2026-05-23,APP,Other,"bhaiya stitching kharab hai, dhaage nikal rahe pls return",REFUNDED
RT002686,O009782,OI0011305,DH-KID-00505,2025-06-23,APP,Quality not as expected,,REFUNDED
RT002687,O009783,OI0011306,DH-KUR-00158,2026-09-06,WHATSAPP,Quality not as expected,,REFUNDED
RT002688,O009785,OI0011309,DH-DRE-00188,2024-10-20,APP,Other,na,REFUNDED
RT002689,O009789,OI0011313,DH-KUR-00043,2026-07-11,APP,Size too small,,REFUNDED
RT002690,O009794,OI0011319,DH-KUR-00050,2025-02-24,APP,Other,bhaiya pasand nahi aaya jaldi pickup karo,REFUNDED
RT002691,O009795,OI0011320,DH-KUR-00112,2024-11-19,APP,Other,hi dusri jagah sasta mil gaya refund chahiye,REFUNDED
RT002692,O009800,OI0011328,DH-KID-00507,2024-12-03,APP,Other,bada hai and colour bhi photo jaisa nahi,INSPECTED
RT002693,O009804,OI0011332,DH-DRE-00210,2025-11-11,WHATSAPP,Size too large,,REFUNDED
RT002694,O009819,OI0011352,DH-KUR-00153,2025-01-26,APP,Size too large,,REFUNDED
RT002695,O009820,OI0011353,DH-KUR-00010,2026-06-13,APP,Other,SIR TIGHT HAI JALDI PICKUP KARO,INSPECTED
RT002696,O009822,OI0011355,DH-KUR-00016,2025-03-24,WHATSAPP,Other,"mam chhota aa gaya, size chart galat hai exchange nahi chahiye",REFUNDED
RT002697,O009823,OI0011356,DH-MEN-00551,2026-07-20,APP,Other,late aaya aur packet bhi phata hua,REFUNDED
RT002698,O009824,OI0011357,DH-DRE-00205,2026-03-04,APP,Other,PHATA HUA AAYA 🙏,REFUNDED
RT002699,O009825,OI0011358,DH-FRO-00409,2025-03-17,WHATSAPP,Product damaged,,REFUNDED
RT002700,O009828,OI0011364,DH-KID-00456,2025-10-03,APP,Other,"pls wrong size bheja, m order kiya tha xl aaya 🙏",REFUNDED
RT002701,O009834,OI0011370,DH-KUR-00080,2026-05-22,APP,Other,bahut tight h shoulders pe pls return,INSPECTED
RT002702,O009835,OI0011372,DH-KUR-00144,2026-04-16,WHATSAPP,Product damaged,,REFUNDED
RT002703,O009836,OI0011374,DH-KID-00454,2025-11-24,APP,Size too small,,REFUNDED
RT002704,O009839,OI0011377,DH-KUR-00079,2026-06-23,APP,Size too large,,REFUNDED
RT002705,O009844,OI0011383,DH-KUR-00088,2025-09-28,APP,Other,bhaiya अच्छा नहीं लगा,INSPECTED
RT002706,O009847,OI0011386,DH-DRE-00202,2025-02-27,APP,Colour different from image,,REFUNDED
RT002707,O009867,OI0011408,DH-KUR-00099,2025-12-09,APP,Product damaged,,REFUNDED
RT002708,O009869,OI0011410,DH-FRO-00409,2024-10-24,APP,Other,mam mummy ko pasand nahi aaya very disappointed,REFUNDED
RT002709,O009873,OI0011415,DH-FRO-00400,2024-11-09,APP,Size too small,,REFUNDED
RT002710,O009874,OI0011416,DH-TOP-00298,2026-04-17,APP,Colour different from image,,REFUNDED
RT002711,O009876,OI0011418,DH-KUR-00083,2026-02-22,APP,Quality not as expected,,REFUNDED
RT002712,O009877,OI0011419,DH-TOP-00282,2026-08-22,WHATSAPP,Size too small,,INSPECTED
RT002713,O009883,OI0011425,DH-KUR-00138,2026-07-28,APP,Other,deivery me 12 din lag gaye !!,INSPECTED
RT002714,O009885,OI0011427,DH-KID-00430,2026-04-12,APP,Wrong item received,,REFUNDED
RT002715,O009891,OI0011433,DH-KUR-00039,2026-03-27,APP,Other,ab zarurat nahi hai pls return,REFUNDED
RT002716,O009892,OI0011434,DH-KID-00448,2024-11-23,WHATSAPP,Other,mam fnuction cancel ho gaya,REFUNDED
RT002717,O009896,OI0011438,DH-TRA-00589,2026-02-27,WHATSAPP,Quality not as expected,,REFUNDED
RT002718,O009898,OI0011440,DH-TRA-00597,2025-06-06,APP,Other,pls 😞 refund chahiye,REFUNDED
RT002719,O009899,OI0011441,DH-KID-00436,2026-07-09,WHATSAPP,Size too small,,REFUNDED
RT002720,O009901,OI0011443,DH-KID-00526,2024-10-14,APP,Size too large,,REFUNDED
RT002721,O009906,OI0011448,DH-KUR-00150,2026-01-31,APP,Size too large,,REFUNDED
RT002722,O009909,OI0011451,DH-KUR-00122,2025-09-26,APP,Size too large,,PICKUP_SCHEDULED
RT002723,O009912,OI0011454,DH-KID-00510,2026-02-01,APP,Quality not as expected,,REFUNDED
RT002724,O009917,OI0011461,DH-FRO-00419,2026-05-03,APP,Other,sir accidentally order ho gaya 🙏,REFUNDED
RT002725,O009921,OI0011465,DH-PAL-00330,2024-12-06,APP,Other,"bahut late aya, function nikal gaya pls return",REFUNDED
RT002726,O009924,OI0011468,DH-TOP-00256,2026-06-23,APP,Size too small,,REFUNDED
RT002727,O009924,OI0011469,DH-TOP-00292,2026-06-20,APP,Other,issue hai,REFUNDED
RT002728,O009927,OI0011472,DH-FRO-00377,2026-01-12,WHATSAPP,Other,length bahut zyada hai 🙏,REFUNDED
RT002729,O009930,OI0011475,DH-KUR-00112,2026-04-03,APP,Quality not as expected,,REFUNDED
RT002730,O009931,OI0011476,DH-TOP-00311,2026-05-09,WHATSAPP,Quality not as expected,,REFUNDED
RT002731,O009937,OI0011483,DH-PAL-00318,2025-03-13,APP,Other,"hello, acha nahi laga !!",REFUNDED
RT002732,O009942,OI0011488,DH-FRO-00420,2026-08-23,APP,Quality not as expected,,REFUNDED
RT002733,O009944,OI0011490,DH-FRO-00394,2026-05-29,WHATSAPP,Size too small,,REFUNDED
RT002734,O009945,OI0011491,DH-MEN-00544,2025-12-11,APP,Other,mam very thincloth !!,REFUNDED
RT002735,O009947,OI0011493,DH-DRE-00184,2025-02-03,APP,Colour different from image,,REFUNDED
RT002736,O009957,OI0011504,DH-TOP-00289,2025-10-19,APP,Wrong item received,,REFUNDED
RT002737,O009959,OI0011506,DH-KID-00441,2025-09-07,WHATSAPP,Size too small,,REFUNDED
RT002738,O009962,OI0011509,DH-CO--00346,2026-06-16,APP,Size too large,,INSPECTED
RT002739,O009967,OI0011514,DH-TOP-00260,2026-08-18,APP,Quality not as expected,,INSPECTED
RT002740,O009968,OI0011515,DH-FRO-00419,2024-10-12,APP,Other,beti ke liye liya tha chhota pad gaya very disappointed,REFUNDED
RT002741,O009973,OI0011522,DH-TOP-00275,2026-08-12,APP,Quality not as expected,,INSPECTED
RT002742,O009974,OI0011523,DH-DRE-00216,2026-02-18,WHATSAPP,Other,hi quality achhi nahi hai jaldi pickup karo,REFUNDED
RT002743,O009976,OI0011527,DH-KUR-00015,2026-01-12,APP,Quality not as expected,,REFUNDED
RT002744,O009977,OI0011528,DH-KUR-00090,2026-01-06,WHATSAPP,Size too small,,REFUNDED
RT002745,O009986,OI0011539,DH-DRE-00231,2025-01-22,WHATSAPP,Quality not as expected,,REFUNDED
RT002746,O009986,OI0011538,DH-FRO-00387,2025-01-21,APP,Colour different from image,,INSPECTED
RT002747,O009987,OI0011540,DH-KUR-00038,2026-08-19,WHATSAPP,Other,hi dusri jagah sasta mil gaya 🙏,REFUNDED
RT002748,O009989,OI0011542,DH-MEN-00557,2025-10-28,APP,Other,size chota hai aur kapda bhi patla,REFUNDED
RT002749,O009994,OI0011549,DH-DRE-00205,2025-05-22,APP,Other,"bhaiya too big, ekkdum dheela 🙏",REFUNDED
RT002750,O009998,OI0011553,DH-DRE-00202,2024-12-12,WHATSAPP,Quality not as expected,,REFUNDED
RT002751,O010003,OI0011558,DH-KUR-00153,2026-01-13,APP,Quality not as expected,,REFUNDED
RT002752,O010006,OI0011561,DH-FRO-00401,2024-11-20,APP,Other,hi no very disappointed,REFUNDED
RT002753,O010009,OI0011564,DH-SCH-00488,2025-01-22,APP,Size too small,,PICKUP_SCHEDULED
RT002754,O010013,OI0011569,DH-MEN-00546,2026-01-29,APP,Size too large,,REFUNDED
RT002755,O010014,OI0011570,DH-KID-00500,2024-12-04,APP,Other,"sir size m bahut tight hai, l lena padega pls return",REFUNDED
RT002756,O010016,OI0011572,DH-KUR-00086,2025-03-27,APP,Size too small,,REFUNDED
RT002757,O010018,OI0011574,DH-SCH-00466,2026-08-08,APP,Colour different from image,,REFUNDED
RT002758,O010024,OI0011583,DH-DRE-00217,2025-06-25,APP,Product damaged,,REFUNDED
RT002759,O010027,OI0011588,DH-MEN-00559,2025-10-10,WHATSAPP,Other,bhaiya pls return,REFUNDED
RT002760,O010029,OI0011591,DH-KUR-00135,2026-09-02,APP,Other,"hello, bahut late aaya, function nikal gaya !!",REFUNDED
RT002761,O010038,OI0011601,DH-DRE-00186,2026-02-19,APP,Size too small,,REFUNDED
RT002762,O010040,OI0011603,DH-MEN-00563,2026-08-20,APP,Size too small,,REFUNDED
RT002763,O010041,OI0011605,DH-KID-00507,2024-12-24,APP,Size too small,,REFUNDED
RT002764,O010044,OI0011608,DH-KUR-00017,2026-03-12,APP,Size too small,,REFUNDED
RT002765,O010049,OI0011613,DH-KUR-00067,2025-12-08,APP,Other,... pls return,REFUNDED
RT002766,O010060,OI0011624,DH-KID-00525,2026-04-23,APP,Size too large,,REFUNDED
RT002767,O010067,OI0011632,DH-FRO-00392,2026-02-12,WHATSAPP,Other,sir mummy ko psaand nahi aaya,REFUNDED
RT002768,O010074,OI0011639,DH-PAL-00314,2026-09-13,WHATSAPP,Other,bhaiya अच्छा नहीं लगा pls return,REFUNDED
RT002769,O010094,OI0011660,DH-MEN-00559,2025-08-02,APP,Other,function cance ho gaya exchange nahi chahiye,INSPECTED
RT002770,O010096,OI0011662,DH-FRO-00400,2025-10-27,APP,Size too small,,PICKUP_SCHEDULED
RT002771,O010097,OI0011663,DH-DRE-00198,2024-11-06,APP,Wrong item received,,REFUNDED
RT002772,O010099,OI0011665,DH-PAL-00338,2026-08-04,APP,Size too small,,REFUNDED
RT002773,O010107,OI0011674,DH-DRE-00250,2025-07-02,APP,Other,bhaiya accidentally order ho gaya,REFUNDED
RT002774,O010108,OI0011675,DH-KID-00515,2025-11-01,APP,Product damaged,,REFUNDED
RT002775,O010111,OI0011678,DH-FRO-00387,2024-11-19,APP,Other,mind change ho gaya !!,REFUNDED
RT002776,O010113,OI0011680,DH-KUR-00124,2026-05-12,APP,Size too small,,REFUNDED
RT002777,O010114,OI0011682,DH-FRO-00364,2025-12-21,APP,Quality not as expected,,REFUNDED
RT002778,O010116,OI0011684,DH-DRE-00184,2025-01-11,APP,Size too large,,PICKUP_SCHEDULED
RT002779,O010118,OI0011687,DH-KID-00443,2025-12-15,APP,Quality not as expected,,REFUNDED
RT002780,O010121,OI0011691,DH-TOP-00258,2026-04-18,WHATSAPP,Other,"mam stitching kharab hai, dhaage nikal rahe 🙏",REFUNDED
RT002781,O010125,OI0011695,DH-KUR-00047,2025-06-15,APP,Size too large,,REFUNDED
RT002782,O010129,OI0011699,DH-FRO-00398,2025-12-27,APP,Size too small,,REFUNDED
RT002783,O010133,OI0011703,DH-CO--00351,2025-02-21,WHATSAPP,Size too small,,REFUNDED
RT002784,O010142,OI0011713,DH-KID-00430,2024-11-22,APP,Wrong item received,,REFUNDED
RT002785,O010144,OI0011715,DH-CO--00354,2025-10-13,APP,Product damaged,,REFUNDED
RT002786,O010148,OI0011719,DH-KID-00433,2025-02-28,APP,Other,"mam bahut late aaya, function nikal gaya",REFUNDED
RT002787,O010152,OI0011724,DH-KUR-00132,2026-05-04,APP,Size too small,,REFUNDED
RT002788,O010156,OI0011729,DH-TOP-00304,2025-11-16,APP,Size too large,,REFUNDED
RT002789,O010157,OI0011730,DH-FRO-00400,2026-04-27,APP,Size too small,,REFUNDED
RT002790,O010162,OI0011735,DH-FRO-00379,2025-11-05,WHATSAPP,Other,pls quality bilkul bekar 🙏,REFUNDED
RT002791,O010169,OI0011743,DH-MEN-00566,2026-05-10,APP,Size too large,,REFUNDED
RT002792,O010172,OI0011746,DH-TRA-00593,2024-11-15,APP,Other,"fabric achha nahi, fitting bhi tight",INSPECTED
RT002793,O010175,OI0011749,DH-KID-00502,2025-07-08,APP,Size too small,,REFUNDED
RT002794,O010177,OI0011751,DH-TRA-00595,2024-11-16,APP,Other,pls time pe nahi aaya to ab kya karu exchange nahi chahiye,REFUNDED
RT002795,O010181,OI0011755,DH-FRO-00388,2024-12-02,APP,Colour different from image,,REFUNDED
RT002796,O010184,OI0011758,DH-KUR-00001,2025-09-28,WHATSAPP,Other,ek wash me rang chala gaya jaldi pickup karo,REFUNDED
RT002797,O010186,OI0011760,DH-FRO-00396,2025-10-09,APP,Size too large,,REFUNDED
RT002798,O010189,OI0011763,DH-KUR-00066,2025-12-05,WHATSAPP,Other,,REFUNDED
RT002799,O010192,OI0011766,DH-MEN-00581,2025-06-29,APP,Size too small,,REFUNDED
RT002800,O010193,OI0011768,DH-PAL-00317,2025-11-02,APP,Colour different from image,,REFUNDED
RT002801,O010197,OI0011772,DH-DRE-00239,2026-03-12,APP,Size too small,,REFUNDED
RT002802,O010200,OI0011776,DH-KUR-00125,2025-10-24,WHATSAPP,Quality not as expected,,REFUNDED
RT002803,O010205,OI0011782,DH-SCH-00480,2026-09-09,WHATSAPP,Quality not as expected,,REFUNDED
RT002804,O010210,OI0011789,DH-DRE-00185,2026-05-29,APP,Other,"hello, size chota hai jaldi pickup karo",REFUNDED
RT002805,O010211,OI0011790,DH-SCH-00494,2025-10-12,APP,Other,mam waist pe nahi aaya,REFUNDED
RT002806,O010212,OI0011791,DH-KUR-00174,2025-04-15,WHATSAPP,Size too large,,REFUNDED
RT002807,O010213,OI0011792,DH-PAL-00329,2026-01-14,WHATSAPP,Colour different from image,,REFUNDED
RT002808,O010214,OI0011793,DH-SCH-00469,2026-06-13,APP,Quality not as expected,,INSPECTED
RT002809,O010220,OI0011800,DH-FRO-00400,2025-02-01,WHATSAPP,Size too large,,INSPECTED
RT002810,O010221,OI0011801,DH-KUR-00083,2025-08-22,APP,Other,PLS WRONG ITEM RECEIVED,REFUNDED
RT002811,O010224,OI0011804,DH-MEN-00575,2026-03-10,APP,Size too small,,REFUNDED
RT002812,O010226,OI0011806,DH-KUR-00080,2025-07-20,WHATSAPP,Other,pehli dhulai me shrink ho gaya,REFUNDED
RT002813,O010227,OI0011807,DH-KUR-00025,2026-02-19,APP,Other,dont need it anymore,REFUNDED
RT002814,O010229,OI0011809,DH-CO--00358,2026-03-09,WHATSAPP,Other,kapda bahut patla hai very disappointed,REFUNDED
RT002815,O010246,OI0011828,DH-DRE-00188,2024-12-28,WHATSAPP,Other,... 🙏,REFUNDED
RT002816,O010248,OI0011831,DH-KUR-00063,2026-07-14,WHATSAPP,Size too small,,REFUNDED
RT002817,O010250,OI0011833,DH-KID-00442,2026-08-09,WHATSAPP,Colour different from image,,REFUNDED
RT002818,O010251,OI0011834,DH-SCH-00492,2026-04-26,APP,Wrong item received,,REFUNDED
RT002819,O010252,OI0011835,DH-CO--00345,2025-06-16,APP,Other,"hello, no very disappointed",REFUNDED
RT002820,O010253,OI0011836,DH-KUR-00125,2025-10-03,APP,Other,sir mummy ko pasand nahi aaya jaldi pickup karo,PICKUP_SCHEDULED
RT002821,O010259,OI0011843,DH-KUR-00165,2026-01-09,APP,Other,mam hole hai sleeve pe jaldi pickup karo,REFUNDED
RT002822,O010261,OI0011845,DH-DRE-00192,2025-09-08,APP,Quality not as expected,,REFUNDED
RT002823,O010262,OI0011846,DH-FRO-00388,2025-03-21,APP,Size too small,,REFUNDED
RT002824,O010263,OI0011847,DH-KUR-00112,2024-11-03,APP,Other,size chota hai aur kapda bhi patla,REFUNDED
RT002825,O010264,OI0011848,DH-MEN-00582,2025-03-26,APP,Product damaged,,REFUNDED
RT002826,O010266,OI0011851,DH-DRE-00244,2025-03-12,APP,Quality not as expected,,REFUNDED
RT002827,O010266,OI0011850,DH-KUR-00105,2025-03-06,APP,Other,bhaiya accidentally order ho gaya 🙏,REFUNDED
RT002828,O010266,OI0011852,DH-SCH-00489,2025-03-06,APP,Other,no,REFUNDED
RT002829,O010274,OI0011861,DH-DRE-00249,2026-02-26,WHATSAPP,Other, ,REFUNDED
RT002830,O010278,OI0011865,DH-KUR-00137,2024-10-10,APP,Other,sir very thin cloth,REFUNDED
RT002831,O010280,OI0011867,DH-DRE-00196,2025-11-14,WHATSAPP,Size too large,,REFUNDED
RT002832,O010284,OI0011871,DH-SCH-00498,2026-06-12,APP,Other,hi dont need it anymore exchange nahi chahiye,REFUNDED
RT002833,O010285,OI0011872,DH-TOP-00265,2026-05-14,WHATSAPP,Other,mam dont need it anymore,REFUNDED
RT002834,O010294,OI0011882,DH-KUR-00105,2024-11-17,APP,Other,अच्छा नहीं लगा,REFUNDED
RT002835,O010299,OI0011889,DH-FRO-00396,2026-07-21,WHATSAPP,Other,sir colour fade sa haiphoto jaisa nahi,REFUNDED
RT002836,O010300,OI0011890,DH-DRE-00213,2025-05-07,APP,Size too large,,REFUNDED
RT002837,O010302,OI0011892,DH-TOP-00293,2025-12-21,WHATSAPP,Other,not good pls return,PICKUP_SCHEDULED
RT002838,O010304,OI0011894,DH-PAL-00326,2024-12-15,WHATSAPP,Colour different from image,,REFUNDED
RT002839,O010306,OI0011896,DH-KUR-00021,2024-11-25,APP,Other,SIZE CAHRT PE 38 LIKHA THA BUT 36 JAISA HAI REFUND CHAHIYE,REFUNDED
RT002840,O010308,OI0011898,DH-CO--00349,2026-05-05,WHATSAPP,Size too large,,REFUNDED
RT002841,O010311,OI0011902,DH-DRE-00220,2025-10-23,APP,Size too large,,REFUNDED
RT002842,O010312,OI0011903,DH-DRE-00209,2024-10-31,WHATSAPP,Other,DELIVERY ME 12 DIN LAG GAYE JALDI PICKUP KARO,REFUNDED
RT002843,O010316,OI0011908,DH-FRO-00395,2026-07-24,APP,Other,bhaiya wrong item received !!,REFUNDED
RT002844,O010317,OI0011909,DH-KUR-00038,2025-09-02,APP,Size too small,,REFUNDED
RT002845,O010323,OI0011917,DH-KUR-00040,2025-12-28,WHATSAPP,Other,"lat edelivery, mehndi ke baad aaya",REFUNDED
RT002846,O010327,OI0011922,DH-KUR-00137,2025-11-04,APP,Size too large,,REFUNDED
RT002847,O010330,OI0011925,DH-FRO-00380,2026-08-28,APP,Other,"hello, length bahut zyada hai",INSPECTED
RT002848,O010334,OI0011929,DH-KID-00451,2025-10-15,WHATSAPP,Size too small,,REFUNDED
RT002849,O010336,OI0011933,DH-CO--00343,2026-07-31,APP,Other,hi time pe nahi aaya to ab kya karu !!,PICKUP_SCHEDULED
RT002850,O010342,OI0011941,DH-DRE-00205,2025-07-03,WHATSAPP,Size too large,,REFUNDED
RT002851,O010343,OI0011942,DH-FRO-00388,2025-10-23,APP,Other,not good pls return,REFUNDED
RT002852,O010347,OI0011946,DH-TOP-00284,2025-09-03,APP,Other,"bhaiya late delivery, mehndi ke baad aaya",REFUNDED
RT002853,O010350,OI0011949,DH-FRO-00406,2025-08-25,APP,Size too small,,REFUNDED
RT002854,O010355,OI0011955,DH-SCH-00489,2026-05-21,WHATSAPP,Size too small,,REFUNDED
RT002855,O010361,OI0011961,DH-SCH-00474,2024-11-30,APP,Other,image me bright tha real me dull hai refund chahiye,REFUNDED
RT002856,O010373,OI0011978,DH-KUR-00173,2025-05-29,WHATSAPP,Other,"hello, pasand nahi aaya",REFUNDED
RT002857,O010376,OI0011982,DH-KUR-00021,2024-10-28,APP,Other,"sir bahtu late aaya, function nikal gaya 🙏",REFUNDED
RT002858,O010377,OI0011983,DH-KUR-00108,2025-10-07,APP,Colour different from image,,REFUNDED
RT002859,O010386,OI0011995,DH-SCH-00468,2025-04-03,APP,Other,quality achhi nahi hai !!,REFUNDED
RT002860,O010389,OI0011998,DH-MEN-00553,2026-01-05,WHATSAPP,Wrong item received,,REFUNDED
RT002861,O010402,OI0012017,DH-KUR-00113,2024-10-27,APP,Size too small,,REFUNDED
RT002862,O010402,OI0012016,DH-FRO-00401,2024-10-25,APP,Size too large,,REFUNDED
RT002863,O010406,OI0012021,DH-CO--00349,2026-01-20,APP,Other,size chota hai aur kapda bhi patla,INSPECTED
RT002864,O010408,OI0012023,DH-DRE-00189,2026-09-22,APP,Size too small,,PICKUP_SCHEDULED
RT002865,O010411,OI0012026,DH-KID-00452,2026-04-14,APP,Other,HI MIND CHANGE HO GAYA JALDI PICKUP KARO,INSPECTED
RT002866,O010413,OI0012028,DH-DRE-00203,2025-04-23,APP,Quality not as expected,,REFUNDED
RT002867,O010415,OI0012032,DH-DRE-00198,2025-06-07,APP,Colour different from image,,REFUNDED
RT002868,O010416,OI0012033,DH-TRA-00600,2026-01-30,WHATSAPP,Size too small,,INSPECTED
RT002869,O010423,OI0012041,DH-DRE-00217,2025-06-06,APP,Other,HI TIM EPE NAHI AAYA TO AB KYA KARU JALDI PICKUP KARO,REFUNDED
RT002870,O010425,OI0012043,DH-KID-00431,2025-07-17,APP,Quality not as expected,,REFUNDED
RT002871,O010426,OI0012044,DH-FRO-00399,2026-09-17,WHATSAPP,Size too small,,PICKUP_SCHEDULED
RT002872,O010429,OI0012047,DH-TOP-00264,2026-05-09,APP,Other,function cancel ho gaya 🙏,REFUNDED
RT002873,O010432,OI0012050,DH-FRO-00412,2025-09-11,WHATSAPP,Other,bahut loose hai very disappointed,REFUNDED
RT002874,O010434,OI0012052,DH-KUR-00157,2025-05-19,APP,Product damaged,,REFUNDED
RT002875,O010436,OI0012054,DH-SCH-00492,2026-04-23,APP,Other,AB ZARURAT NAHI HAI,REFUNDED
RT002876,O010443,OI0012061,DH-TOP-00281,2025-11-12,APP,Other,dont need it anymore jaldi pickup karo,REFUNDED
RT002877,O010444,OI0012062,DH-DRE-00190,2025-11-07,APP,Other,mam रंग फोटो से अलग है pls return,REFUNDED
RT002878,O010446,OI0012064,DH-PAL-00340,2026-02-01,APP,Other,XL BHI TIGHT HAI KYA SIZE H YE JALDI PICKUP KARO,REFUNDED
RT002879,O010447,OI0012065,DH-KID-00462,2024-10-19,APP,Other,pls return pls return,REFUNDED
RT002880,O010448,OI0012066,DH-TRA-00593,2024-11-08,APP,Other,ye mera order nahi hai,REFUNDED
RT002881,O010452,OI0012070,DH-KID-00425,2025-09-26,APP,Other,bhaiya pasand nahi aaya exchange nahi chahiye,REFUNDED
RT002882,O010455,OI0012073,DH-KUR-00137,2025-07-25,APP,Wrong item received,,REFUNDED
RT002883,O010456,OI0012074,DH-KID-00504,2025-12-22,APP,Size too large,,REFUNDED
RT002884,O010457,OI0012075,DH-KUR-00043,2024-11-12,APP,Size too small,,INSPECTED
RT002885,O010458,OI0012076,DH-KUR-00031,2026-04-03,WHATSAPP,Colour different from image,,REFUNDED
RT002886,O010459,OI0012077,DH-KID-00430,2025-05-03,APP,Other,pls not as expected 🙏,REFUNDED
RT002887,O010464,OI0012082,DH-KUR-00159,2026-05-20,WHATSAPP,Other,mummy ko pasand nahi aaya very disappointed,REFUNDED
RT002888,O010470,OI0012088,DH-KUR-00040,2026-01-26,APP,Other,SIR PHATA HUA AAYA JALDI PICKUP KARO,INSPECTED
RT002889,O010479,OI0012098,DH-TOP-00300,2026-06-20,WHATSAPP,Product damaged,,INSPECTED
RT002890,O010483,OI0012102,DH-PAL-00321,2025-05-03,APP,Quality not as expected,,REFUNDED
RT002891,O010486,OI0012105,DH-TOP-00279,2024-12-25,APP,Other,pls bacche ke liye bahut bada hai !!,REFUNDED
RT002892,O010494,OI0012114,DH-CO--00351,2026-01-23,APP,Colour different from image,,REFUNDED
RT002893,O010495,OI0012115,DH-KID-00504,2026-04-01,APP,Product damaged,,REFUNDED
RT002894,O010496,OI0012116,DH-MEN-00553,2025-11-07,WHATSAPP,Size too large,,REFUNDED
RT002895,O010499,OI0012119,DH-PAL-00319,2026-07-17,APP,Other,PASAND NAHI AAYA,REFUNDED
RT002896,O010500,OI0012120,DH-DRE-00205,2025-12-11,WHATSAPP,Colour different from image,,REFUNDED
RT002897,O010503,OI0012123,DH-DRE-00217,2025-11-02,WHATSAPP,Other,mam length bahut zyada hai !!,REFUNDED
RT002898,O010504,OI0012124,DH-FRO-00372,2026-03-16,APP,Size too large,,PICKUP_SCHEDULED
RT002899,O010512,OI0012132,DH-TOP-00265,2026-08-08,APP,Other,doosra colour bhej diya,REFUNDED
RT002900,O010517,OI0012138,DH-DRE-00244,2026-06-04,WHATSAPP,Colour different from image,,REFUNDED
RT002901,O010517,OI0012139,DH-KUR-00100,2026-06-03,APP,Other,"fabric achha nahi, fitting bhi tight",INSPECTED
RT002902,O010519,OI0012142,DH-TRA-00593,2024-11-02,APP,Size too small,,PICKUP_SCHEDULED
RT002903,O010521,OI0012144,DH-PAL-00326,2026-06-19,APP,Size too small,,REFUNDED
RT002904,O010526,OI0012149,DH-KID-00458,2026-03-14,APP,Other,mam quality bilkul bekar,REFUNDED
RT002905,O010528,OI0012151,DH-FRO-00371,2025-06-26,APP,Size too small,,REFUNDED
RT002906,O010532,OI0012156,DH-KUR-00100,2025-07-08,APP,Colour different from image,,REFUNDED
RT002907,O010535,OI0012159,DH-KUR-00066,2025-11-04,WHATSAPP,Size too small,,REFUNDED
RT002908,O010538,OI0012162,DH-KUR-00139,2025-04-09,WHATSAPP,Other,size chota hai aur kapda bhi patla,REFUNDED
RT002909,O010549,OI0012175,DH-FRO-00371,2025-08-27,APP,Size too small,,REFUNDED
RT002910,O010550,OI0012176,DH-FRO-00388,2024-10-31,APP,Other,pls image me bright tha real me dull hai,REFUNDED
RT002911,O010555,OI0012185,DH-DRE-00186,2026-01-07,APP,Size too small,,REFUNDED
RT002912,O010557,OI0012187,DH-KUR-00033,2026-08-20,APP,Product damaged,,REFUNDED
RT002913,O010558,OI0012189,DH-KUR-00166,2025-10-12,APP,Size too small,,INSPECTED
RT002914,O010559,OI0012190,DH-TOP-00262,2025-10-21,APP,Size too small,,INSPECTED
RT002915,O010564,OI0012195,DH-KID-00462,2025-10-10,APP,Other,hi theekn ahi hai refund chahiye,REFUNDED
RT002916,O010565,OI0012196,DH-TOP-00308,2026-04-21,APP,Other,nahi chahiye bas jaldi pickup karo,REFUNDED
RT002917,O010566,OI0012197,DH-TOP-00297,2025-03-25,APP,Other,,REFUNDED
RT002918,O010568,OI0012199,DH-SCH-00476,2026-03-19,APP,Other,retrun exchange nahi chahiye,REFUNDED
RT002919,O010570,OI0012201,DH-KID-00430,2025-03-22,APP,Other,"too bigg, ekdum dheela",REFUNDED
RT002920,O010573,OI0012206,DH-FRO-00409,2025-11-06,APP,Size too small,,REFUNDED
RT002921,O010575,OI0012208,DH-KID-00444,2025-06-21,APP,Other,not good jaldi pickup karo,INSPECTED
RT002922,O010576,OI0012209,DH-FRO-00390,2025-05-27,APP,Other,bhaiya colour alaghai photo se refund chahiye,INSPECTED
RT002923,O010576,OI0012210,DH-KUR-00029,2025-05-28,APP,Size too small,,REFUNDED
RT002924,O010576,OI0012211,DH-KID-00500,2025-05-23,APP,Quality not as expected,,REFUNDED
RT002925,O010577,OI0012212,DH-DRE-00225,2026-07-31,WHATSAPP,Size too small,,REFUNDED
RT002926,O010578,OI0012213,DH-DRE-00250,2025-11-07,WHATSAPP,Other,pasand nahi aaya,REFUNDED
RT002927,O010579,OI0012215,DH-KID-00433,2026-09-04,APP,Size too small,,REFUNDED
RT002928,O010579,OI0012214,DH-TOP-00262,2026-09-07,APP,Other,"hello, bahut late aaya, function nikal gaya !!",REFUNDED
RT002929,O010582,OI0012218,DH-KID-00540,2026-07-20,APP,Wrong item received,,REFUNDED
RT002930,O010585,OI0012221,DH-TOP-00306,2025-09-25,APP,Colour different from image,,REFUNDED
RT002931,O010591,OI0012227,DH-DRE-00224,2025-10-14,APP,Other,mam size chart pe 38 likha tha but 36 jaisa hai very disappointed,REFUNDED
RT002932,O010596,OI0012232,DH-TOP-00279,2025-09-03,APP,Other,bekar 🙏,REFUNDED
RT002933,O010598,OI0012234,DH-MEN-00582,2025-07-23,APP,Size too large,,REFUNDED
RT002934,O010602,OI0012239,DH-KID-00434,2026-06-18,WHATSAPP,Colour different from image,,INSPECTED
RT002935,O010606,OI0012244,DH-PAL-00326,2024-10-26,APP,Product damaged,,REFUNDED
RT002936,O010609,OI0012247,DH-TRA-00593,2025-07-12,WHATSAPP,Size too large,,REFUNDED
RT002937,O010621,OI0012261,DH-DRE-00234,2025-06-26,APP,Quality not as expected,,REFUNDED
RT002938,O010624,OI0012265,DH-CO--00358,2025-03-03,APP,Other,colour alag hai aur quality bhi average,REFUNDED
RT002939,O010625,OI0012267,DH-MEN-00577,2026-01-18,APP,Other,MAM TIME PE NAHI AAYA TO AB KYA KARU !!,REFUNDED
RT002940,O010625,OI0012266,DH-KID-00449,2026-01-18,APP,Product damaged,,REFUNDED
RT002941,O010626,OI0012268,DH-KID-00445,2025-11-11,APP,Other,pls not good very disappointed,REFUNDED
RT002942,O010641,OI0012286,DH-MEN-00542,2025-07-08,APP,Other,"hello, mind change ho gaya jaldi pickup karo",REFUNDED
RT002943,O010643,OI0012288,DH-SCH-00489,2024-10-28,APP,Other,"bahut ltae aaya, function nikal gaya",REFUNDED
RT002944,O010655,OI0012300,DH-KUR-00093,2025-07-12,APP,Size too small,,REFUNDED
RT002945,O010656,OI0012301,DH-KUR-00086,2025-09-08,APP,Other,colour alag hai aur quality bhi average,REFUNDED
RT002946,O010657,OI0012302,DH-PAL-00321,2026-06-05,APP,Size too large,,REFUNDED
RT002947,O010662,OI0012307,DH-KID-00430,2024-12-29,APP,Colour different from image,,REFUNDED
RT002948,O010663,OI0012308,DH-KUR-00136,2026-04-28,APP,Wrong item received,,REFUNDED
RT002949,O010676,OI0012321,DH-SCH-00488,2024-12-16,WHATSAPP,Other,bhaiya pehli dhulai me shrink ho gaya,INSPECTED
RT002950,O010689,OI0012335,DH-KUR-00157,2026-08-25,WHATSAPP,Other,mam mummy ko pasand nahi aaya,REFUNDED
RT002951,O010691,OI0012338,DH-DRE-00224,2025-10-05,APP,Size too small,,REFUNDED
RT002952,O010700,OI0012347,DH-KUR-00116,2026-09-02,APP,Other,bhaiya theek nahi hai,REFUNDED
RT002953,O010702,OI0012350,DH-KUR-00132,2025-06-26,WHATSAPP,Product damaged,,REFUNDED
RT002954,O010704,OI0012352,DH-KUR-00006,2026-03-15,APP,Other,अच्छा नहीं लगा PLS RETURN,REFUNDED
RT002955,O010706,OI0012354,DH-DRE-00185,2025-05-20,APP,Quality not as expected,,REFUNDED
RT002956,O010714,OI0012365,DH-DRE-00182,2025-09-28,WHATSAPP,Size too small,,PICKUP_SCHEDULED
RT002957,O010718,OI0012370,DH-KUR-00132,2026-03-31,WHATSAPP,Other,sir wrong item received very disappointed,PICKUP_SCHEDULED
RT002958,O010723,OI0012375,DH-PAL-00337,2025-10-25,APP,Size too large,,REFUNDED
RT002959,O010724,OI0012376,DH-TRA-00594,2026-08-20,APP,Size too small,,REFUNDED
RT002960,O010729,OI0012384,DH-KID-00448,2024-10-20,WHATSAPP,Size too small,,REFUNDED
RT002961,O010732,OI0012387,DH-KID-00454,2025-11-05,APP,Other,pls dont need it anymore,REFUNDED
RT002962,O010733,OI0012388,DH-DRE-00181,2025-12-23,APP,Other,bahut tight h shoulders pe 🙏,REFUNDED
RT002963,O010746,OI0012401,DH-MEN-00549,2025-09-19,APP,Other,hi bekar 🙏,REFUNDED
RT002964,O010752,OI0012408,DH-KID-00516,2025-10-31,APP,Other,mam rang bilkul alag hai very disappointed,PICKUP_SCHEDULED
RT002965,O010758,OI0012415,DH-DRE-00181,2024-12-09,APP,Other,"fabric achha nahi, fitting bhi tight",PICKUP_SCHEDULED
RT002966,O010763,OI0012422,DH-TOP-00302,2024-10-29,APP,Size too small,,REFUNDED
RT002967,O010772,OI0012432,DH-KID-00462,2024-11-10,APP,Size too large,,REFUNDED
RT002968,O010781,OI0012441,DH-KID-00443,2026-03-29,WHATSAPP,Quality not as expected,,REFUNDED
RT002969,O010785,OI0012446,DH-TOP-00281,2025-01-25,APP,Quality not as expected,,INSPECTED
RT002970,O010789,OI0012452,DH-FRO-00410,2026-08-21,APP,Other,"hello, rang halka hai bahut exchange nahi chahiye",REFUNDED
RT002971,O010790,OI0012453,DH-TRA-00597,2026-05-07,APP,Other,hi button toota hau tha refund chahiye,REFUNDED
RT002972,O010791,OI0012454,DH-PAL-00340,2026-02-19,WHATSAPP,Size too small,,REFUNDED
RT002973,O010800,OI0012463,DH-KUR-00137,2025-01-12,APP,Other,colour alag hai aur quality bhi average,REFUNDED
RT002974,O010801,OI0012464,DH-DRE-00205,2025-08-19,APP,Other,bhaiya ... jaldi pickup karo,REFUNDED
RT002975,O010808,OI0012474,DH-MEN-00546,2024-10-13,APP,Size too large,,INSPECTED
RT002976,O010809,OI0012475,DH-FRO-00382,2026-07-16,APP,Other,"hello, not as expected !!",REFUNDED
RT002977,O010813,OI0012479,DH-KID-00431,2025-10-13,WHATSAPP,Size too small,,INSPECTED
RT002978,O010815,OI0012481,DH-SCH-00490,2025-10-13,APP,Size too small,,REFUNDED
RT002979,O010820,OI0012486,DH-KUR-00137,2025-11-16,WHATSAPP,Other,bada hai and colour bhi photo jaisa nahi,REFUNDED
RT002980,O010821,OI0012487,DH-KID-00426,2026-05-28,WHATSAPP,Quality not as expected,,REFUNDED
RT002981,O010825,OI0012494,DH-KUR-00114,2025-06-27,APP,Colour different from image,,REFUNDED
RT002982,O010827,OI0012496,DH-CO--00354,2024-12-06,APP,Other,"pls photo me maroon dikha, aaya brown",REFUNDED
RT002983,O010829,OI0012498,DH-SCH-00479,2026-03-02,APP,Quality not as expected,,REFUNDED
RT002984,O010837,OI0012507,DH-DRE-00198,2024-11-06,WHATSAPP,Wrong item received,,INSPECTED
RT002985,O010838,OI0012508,DH-MEN-00542,2025-11-30,APP,Other, ,REFUNDED
RT002986,O010841,OI0012512,DH-KUR-00129,2025-03-10,APP,Size too small,,REFUNDED
RT002987,O010851,OI0012524,DH-MEN-00545,2025-06-09,APP,Other,sir bahut tight h shoulderss pe,REFUNDED
RT002988,O010852,OI0012525,DH-KUR-00093,2025-03-19,APP,Other,-,REFUNDED
RT002989,O010854,OI0012527,DH-DRE-00239,2025-03-20,WHATSAPP,Other,...,REFUNDED
RT002990,O010856,OI0012529,DH-KID-00533,2026-05-12,APP,Wrong item received,,REFUNDED
RT002991,O010864,OI0012537,DH-FRO-00415,2026-01-05,APP,Other,pls colour alag hai photo se pls return,INSPECTED
RT002992,O010868,OI0012541,DH-KUR-00113,2024-11-13,APP,Size too small,,REFUNDED
RT002993,O010872,OI0012546,DH-TOP-00311,2025-07-11,WHATSAPP,Other,"stitching kharab hai, dhaage nikal rahe",REFUNDED
RT002994,O010873,OI0012547,DH-TRA-00597,2024-10-27,APP,Other,hi pasand nahi aaya very disappointed,PICKUP_SCHEDULED
RT002995,O010876,OI0012551,DH-KUR-00034,2025-01-07,WHATSAPP,Other,hi hole hai sleeve pe pls return,REFUNDED
RT002996,O010881,OI0012556,DH-KUR-00070,2026-05-05,APP,Other,acha nahi laga,REFUNDED
RT002997,O010889,OI0012565,DH-KUR-00084,2026-05-07,APP,Wrong item received,,REFUNDED
RT002998,O010893,OI0012569,DH-SCH-00471,2025-02-02,WHATSAPP,Other,mind changeho gaya jaldi pickup karo,INSPECTED
RT002999,O010896,OI0012573,DH-KUR-00080,2026-04-19,APP,Size too small,,REFUNDED
RT003000,O010899,OI0012577,DH-KUR-00070,2026-03-11,APP,Size too small,,REFUNDED
RT003001,O010902,OI0012580,DH-KUR-00178,2026-06-06,APP,Wrong item received,,REFUNDED
RT003002,O010905,OI0012583,DH-FRO-00370,2025-10-03,WHATSAPP,Other,sir 😞 very disappointed,REFUNDED
RT003003,O010908,OI0012586,DH-KUR-00056,2025-10-13,WHATSAPP,Size too small,,INSPECTED
RT003004,O010914,OI0012592,DH-KUR-00002,2026-03-29,WHATSAPP,Size too small,,REFUNDED
RT003005,O010917,OI0012595,DH-FRO-00419,2025-02-17,WHATSAPP,Size too small,,REFUNDED
RT003006,O010924,OI0012603,DH-KUR-00126,2026-06-06,APP,Other,"chhota aa gaya, size chart galat hai exchange nahi chahiye",REFUNDED
RT003007,O010936,OI0012617,DH-KUR-00050,2025-02-08,APP,Other,"hello, length bhi kam hai aur tight bhi 🙏",REFUNDED
RT003008,O010955,OI0012640,DH-CO--00348,2025-12-07,WHATSAPP,Other,mind change ho gaya refund chahiye,REFUNDED
RT003009,O010956,OI0012641,DH-KID-00430,2026-03-05,APP,Other,orderb ahut der se mila 🙏,INSPECTED
RT003010,O010957,OI0012642,DH-FRO-00420,2025-12-20,APP,Other,"hello, too big, ekdum dheela",REFUNDED
RT003011,O010960,OI0012647,DH-SCH-00469,2025-08-10,APP,Size too small,,REFUNDED
RT003012,O010971,OI0012660,DH-FRO-00387,2024-12-14,APP,Other,bhaiya ab zarurat nahi hai 🙏,INSPECTED
RT003013,O010972,OI0012662,DH-KUR-00006,2025-06-03,WHATSAPP,Size too small,,REFUNDED
RT003014,O010975,OI0012666,DH-KUR-00042,2025-10-11,APP,Other,hi colour fade sa hai photo jaisa nahi exchange nahi chahiye,REFUNDED
RT003015,O010981,OI0012673,DH-DRE-00209,2024-11-26,WHATSAPP,Size too large,,REFUNDED
RT003016,O010986,OI0012680,DH-TOP-00254,2026-01-28,WHATSAPP,Other,"late delivery, mehndi ke baad aaya",REFUNDED
RT003017,O010988,OI0012682,DH-KUR-00098,2025-11-21,WHATSAPP,Other,bhaiya function cancel ho gaya 🙏,REFUNDED
RT003018,O010997,OI0012692,DH-KUR-00120,2026-09-27,APP,Quality not as expected,,PICKUP_SCHEDULED
RT003019,O011005,OI0012702,DH-DRE-00188,2026-07-19,APP,Other,pls size chota hai,REFUNDED
RT003020,O011007,OI0012704,DH-TOP-00265,2026-07-08,APP,Other,"late delivery, mehndi ke baad aya 🙏",REFUNDED
RT003021,O011013,OI0012710,DH-DRE-00196,2026-03-30,WHATSAPP,Other,"hello, same as before 🙏",REFUNDED
RT003022,O011017,OI0012714,DH-KUR-00116,2026-03-08,WHATSAPP,Quality not as expected,,REFUNDED
RT003023,O011026,OI0012723,DH-KUR-00129,2026-02-08,APP,Size too small,,REFUNDED
RT003024,O011029,OI0012726,DH-KUR-00137,2024-10-12,APP,Other,-,INSPECTED
RT003025,O011033,OI0012732,DH-TOP-00307,2026-01-13,APP,Colour different from image,,REFUNDED
RT003026,O011033,OI0012731,DH-DRE-00206,2026-01-13,APP,Product damaged,,INSPECTED
RT003027,O011035,OI0012734,DH-DRE-00184,2025-04-04,APP,Other,ok jaldi pickup karo,INSPECTED
RT003028,O011037,OI0012736,DH-FRO-00397,2025-10-10,APP,Other,bhaiya packet khula tha aur kapde pe daag hai !!,REFUNDED
RT003029,O011038,OI0012737,DH-KID-00526,2025-01-11,APP,Other,ok,PICKUP_SCHEDULED
RT003030,O011040,OI0012740,DH-MEN-00561,2024-11-09,APP,Quality not as expected,,REFUNDED
RT003031,O011044,OI0012744,DH-KID-00509,2026-03-22,APP,Other,bhaiya not as expected exchange nahi chahiye,REFUNDED
RT003032,O011045,OI0012747,DH-SCH-00471,2025-01-18,APP,Colour different from image,,REFUNDED
RT003033,O011050,OI0012753,DH-KID-00443,2025-11-26,APP,Other,bhaiya rang bilkul alag hai,REFUNDED
RT003034,O011051,OI0012755,DH-PAL-00326,2026-05-17,WHATSAPP,Size too large,,REFUNDED
RT003035,O011053,OI0012757,DH-SCH-00465,2025-01-20,APP,Colour different from image,,INSPECTED
RT003036,O011065,OI0012770,DH-TOP-00278,2025-05-02,APP,Size too small,,REFUNDED
RT003037,O011070,OI0012775,DH-KUR-00135,2025-11-24,APP,Colour different from image,,REFUNDED
RT003038,O011072,OI0012779,DH-KUR-00083,2025-10-28,APP,Size too large,,REFUNDED
RT003039,O011074,OI0012781,DH-KUR-00135,2025-04-05,APP,Other,sir mind chane ho gaya 🙏,REFUNDED
RT003040,O011076,OI0012784,DH-KUR-00021,2025-04-01,APP,Size too large,,INSPECTED
RT003041,O011082,OI0012791,DH-CO--00345,2025-04-24,WHATSAPP,Other,mam size chta hai 🙏,REFUNDED
RT003042,O011084,OI0012793,DH-TOP-00263,2026-01-10,APP,Other,"hello, sleves tight hai arms me 🙏",REFUNDED
RT003043,O011091,OI0012801,DH-KUR-00093,2026-01-23,WHATSAPP,Other,SIR COLOR IS DIFFERENT FROM IMAGE,REFUNDED
RT003044,O011095,OI0012806,DH-KUR-00082,2025-10-09,APP,Size too small,,REFUNDED
RT003045,O011107,OI0012820,DH-MEN-00551,2026-04-25,APP,Other,late aaya aur packet bhi phata hua,REFUNDED
RT003046,O011112,OI0012827,DH-FRO-00365,2026-08-01,APP,Colour different from image,,REFUNDED
RT003047,O011128,OI0012847,DH-SCH-00468,2025-01-11,APP,Other,"hello, function cancel ho gaya",REFUNDED
RT003048,O011132,OI0012852,DH-KUR-00049,2026-03-05,APP,Size too large,,REFUNDED
RT003049,O011133,OI0012853,DH-TOP-00299,2026-01-05,WHATSAPP,Other,hi button toota hua tah !!,REFUNDED
RT003050,O011135,OI0012855,DH-KID-00502,2025-12-06,WHATSAPP,Other,sir pasand nahi aaya,REFUNDED
RT003051,O011141,OI0012863,DH-KUR-00080,2026-02-06,APP,Other,bada hai and colour bhi photo jaisa nahi,REFUNDED
RT003052,O011148,OI0012870,DH-KID-00532,2026-05-17,APP,Other,BHAIYA BETI KE LIYE LIYYA THA CHHOTA PAD GAYA VERY DISAPPOINTED,REFUNDED
RT003053,O011150,OI0012873,DH-KID-00515,2026-02-06,WHATSAPP,Product damaged,,REFUNDED
RT003054,O011152,OI0012875,DH-KUR-00090,2025-06-14,APP,Other,dont need ita nymore,REFUNDED
RT003055,O011156,OI0012881,DH-KUR-00093,2025-04-19,APP,Other,pasand nahi aaya exchange nahi chahiye,REFUNDED
RT003056,O011157,OI0012882,DH-DRE-00199,2026-03-06,APP,Wrong item received,,REFUNDED
RT003057,O011159,OI0012884,DH-KID-00425,2026-09-07,APP,Size too small,,REFUNDED
RT003058,O011160,OI0012885,DH-DRE-00209,2024-12-20,WHATSAPP,Other,waist pe nahi aaya pls return,REFUNDED
RT003059,O011162,OI0012887,DH-KID-00521,2025-02-10,WHATSAPP,Other,"chhota aa gaya, siez chart galat hai 🙏",INSPECTED
RT003060,O011166,OI0012891,DH-SCH-00478,2026-09-15,APP,Size too small,,REFUNDED
RT003061,O011173,OI0012899,DH-FRO-00399,2025-04-22,APP,Other,acha nahi laag exchange nahi chahiye,REFUNDED
RT003062,O011181,OI0012907,DH-DRE-00217,2024-11-02,APP,Other,YE MERA ORDER  NAHI HAI EXCHANGE NAHI CHAHIYE,REFUNDED
RT003063,O011182,OI0012908,DH-KUR-00123,2025-11-10,APP,Size too small,,INSPECTED
RT003064,O011187,OI0012913,DH-KID-00525,2025-10-31,APP,Other,pls stain mila deliveyr pe very disappointed,REFUNDED
RT003065,O011189,OI0012915,DH-DRE-00198,2024-12-30,APP,Other,hi smaller than usual size jaldi pickup karo,REFUNDED
RT003066,O011200,OI0012927,DH-MEN-00553,2025-08-17,WHATSAPP,Other,ab zarurat nahi hai pls return,REFUNDED
RT003067,O011202,OI0012929,DH-DRE-00198,2025-02-01,APP,Other,"fabric achha nahi, fitting bhi tight",REFUNDED
RT003068,O011203,OI0012930,DH-KUR-00154,2025-05-12,APP,Wrong item received,,REFUNDED
RT003069,O011204,OI0012933,DH-SCH-00492,2026-01-19,WHATSAPP,Product damaged,,REFUNDED
RT003070,O011206,OI0012935,DH-SCH-00467,2025-04-27,WHATSAPP,Colour different from image,,REFUNDED
RT003071,O011207,OI0012936,DH-FRO-00370,2024-11-26,APP,Other,pls acicdentally order ho gaya,REFUNDED
RT003072,O011219,OI0012949,DH-KUR-00003,2025-09-30,APP,Product damaged,,REFUNDED
RT003073,O011222,OI0012955,DH-KUR-00129,2024-11-20,APP,Other,...,REFUNDED
RT003074,O011223,OI0012956,DH-KUR-00026,2024-10-30,WHATSAPP,Other,pls sleeves tight hai arms me exchange nahi chahiye,REFUNDED
RT003075,O011224,OI0012957,DH-KUR-00122,2025-05-22,APP,Product damaged,,REFUNDED
RT003076,O011233,OI0012966,DH-KUR-00027,2025-10-12,APP,Product damaged,,REFUNDED
RT003077,O011235,OI0012968,DH-KID-00430,2024-12-02,APP,Size too large,,INSPECTED
RT003078,O011237,OI0012970,DH-KUR-00149,2026-01-02,APP,Other,"hello, sleeves tight hai arms me !!",REFUNDED
RT003079,O011239,OI0012972,DH-TOP-00284,2025-09-26,APP,Colour different from image,,REFUNDED
RT003080,O011241,OI0012974,DH-KUR-00115,2026-09-09,WHATSAPP,Other,bhaiya pink mangaya tha peach aaya,REFUNDED
RT003081,O011243,OI0012977,DH-KUR-00165,2025-08-17,WHATSAPP,Size too large,,REFUNDED
RT003082,O011244,OI0012978,DH-CO--00349,2025-02-08,APP,Product damaged,,REFUNDED
RT003083,O011248,OI0012984,DH-KUR-00157,2025-07-31,APP,Size too small,,REFUNDED
RT003084,O011249,OI0012985,DH-MEN-00555,2025-07-03,WHATSAPP,Other,hi अच्छा नहीं लगा exchange nahi chahiye,INSPECTED
RT003085,O011253,OI0012990,DH-DRE-00244,2026-03-18,WHATSAPP,Size too large,,INSPECTED
RT003086,O011255,OI0012992,DH-FRO-00387,2025-10-03,WHATSAPP,Product damaged,,REFUNDED
RT003087,O011257,OI0012995,DH-DRE-00235,2025-09-09,APP,Colour different from image,,REFUNDED
RT003088,O011261,OI0013000,DH-KUR-00028,2026-04-09,WHATSAPP,Quality not as expected,,REFUNDED
RT003089,O011273,OI0013012,DH-FRO-00369,2026-07-31,APP,Other,function cancel ho gaya jaldi pickup karo,REFUNDED
RT003090,O011274,OI0013013,DH-DRE-00198,2024-10-18,APP,Other,sir length bahut zyda hai !!,REFUNDED
RT003091,O011281,OI0013021,DH-FRO-00374,2026-02-21,APP,Other,oversized lag raha haij abki regular fit likha tha exchange nahi chahiye,REFUNDED
RT003092,O011284,OI0013026,DH-KUR-00082,2026-09-08,APP,Size too large,,REFUNDED
RT003093,O011286,OI0013028,DH-TOP-00288,2026-05-30,APP,Product damaged,,REFUNDED
RT003094,O011289,OI0013031,DH-SCH-00490,2026-04-08,APP,Other,bhaiya sleeves tight hai arms  me,REFUNDED
RT003095,O011290,OI0013032,DH-KUR-00017,2025-03-12,APP,Size too small,,REFUNDED
RT003096,O011293,OI0013036,DH-CO--00360,2025-11-07,WHATSAPP,Size too small,,REFUNDED
RT003097,O011294,OI0013037,DH-KUR-00016,2024-11-10,APP,Quality not as expected,,REFUNDED
RT003098,O011303,OI0013049,DH-KID-00514,2026-05-13,WHATSAPP,Size too large,,REFUNDED
RT003099,O011305,OI0013053,DH-KID-00448,2025-03-01,WHATSAPP,Size too large,,REFUNDED
RT003100,O011310,OI0013059,DH-DRE-00231,2024-11-27,APP,Size too large,,REFUNDED
RT003101,O011314,OI0013064,DH-KID-00511,2025-07-18,APP,Other,"hello, pehli dhulai me shrink ho gaya !!",REFUNDED
RT003102,O011318,OI0013068,DH-KUR-00008,2025-04-08,APP,Size too small,,REFUNDED
RT003103,O011321,OI0013071,DH-KUR-00149,2025-07-09,WHATSAPP,Other,अच्छा नहीं गा jaldi pickup karo,REFUNDED
RT003104,O011324,OI0013074,DH-FRO-00416,2025-04-13,APP,Other,see through hai kapda pls return,REFUNDED
RT003105,O011328,OI0013079,DH-KID-00428,2026-03-16,APP,Product damaged,,REFUNDED
RT003106,O011339,OI0013091,DH-FRO-00414,2025-10-15,APP,Other,sir maine kurti mangayi thi top aaya pls return,REFUNDED
RT003107,O011340,OI0013092,DH-FRO-00401,2026-08-27,APP,Size too large,,REFUNDED
RT003108,O011348,OI0013101,DH-KID-00528,2026-01-27,WHATSAPP,Other,MAM SAME AS BEFORE EXCHANGE NAHI CHAHIYE,REFUNDED
RT003109,O011350,OI0013105,DH-KUR-00071,2026-03-17,APP,Size too small,,REFUNDED
RT003110,O011364,OI0013122,DH-KID-00514,2025-06-24,APP,Product damaged,,INSPECTED
RT003111,O011366,OI0013124,DH-SCH-00498,2026-09-08,APP,Size too large,,REFUNDED
RT003112,O011373,OI0013131,DH-FRO-00366,2025-11-19,APP,Other,ek wash me rang chala gaya,REFUNDED
RT003113,O011376,OI0013136,DH-KUR-00109,2025-11-20,WHATSAPP,Other,pls print utar raha hai,REFUNDED
RT003114,O011384,OI0013145,DH-KUR-00125,2026-07-15,WHATSAPP,Size too small,,INSPECTED
RT003115,O011389,OI0013151,DH-KUR-00171,2026-09-09,APP,Other,"HELLO, MIND CHANGE HO GAYA",REFUNDED
RT003116,O011394,OI0013157,DH-MEN-00584,2026-05-25,APP,Colour different from image,,REFUNDED
RT003117,O011403,OI0013167,DH-SCH-00469,2025-12-09,WHATSAPP,Size too small,,REFUNDED
RT003118,O011407,OI0013171,DH-KID-00540,2026-09-09,APP,Other,bhaiya silai khuli hui thi aate hi,REFUNDED
RT003119,O011416,OI0013180,DH-KUR-00020,2026-07-13,APP,Other,colour alag hai aur quality bhi average,REFUNDED
RT003120,O011421,OI0013189,DH-KID-00431,2024-10-29,APP,Other,mam too loose at waist exchange nahi chahiye,REFUNDED
RT003121,O011437,OI0013206,DH-TRA-00593,2025-03-02,WHATSAPP,Size too small,,REFUNDED
RT003122,O011439,OI0013208,DH-KID-00448,2025-09-28,WHATSAPP,Size too large,,REFUNDED
RT003123,O011439,OI0013209,DH-KUR-00034,2025-09-26,APP,Quality not as expected,,REFUNDED
RT003124,O011440,OI0013210,DH-SCH-00495,2026-06-21,APP,Other,"hello, material not as described, ye cotton nahi lagta !!",REFUNDED
RT003125,O011447,OI0013217,DH-KUR-00154,2025-02-04,WHATSAPP,Other,PLS MIND CHANGE HO GAYA VERY DISAPPOINTED,REFUNDED
RT003126,O011448,OI0013218,DH-DRE-00217,2025-11-17,APP,Wrong item received,,REFUNDED
RT003127,O011450,OI0013220,DH-DRE-00212,2026-04-01,APP,Other,"hello, mummy ko pasand nahi aaya jaldi pickup karo",REFUNDED
RT003128,O011456,OI0013227,DH-DRE-00184,2025-01-07,APP,Colour different from image,,INSPECTED
RT003129,O011470,OI0013242,DH-SCH-00463,2025-08-21,APP,Size too small,,REFUNDED
RT003130,O011472,OI0013244,DH-TOP-00253,2026-03-23,APP,Other,"fabric achha nahi, fitting bhi tight",REFUNDED
RT003131,O011476,OI0013248,DH-KUR-00131,2024-11-18,APP,Other,"bhaiya gift tha, unko pasand nahi aaya exchange nahi chahiye",REFUNDED
RT003132,O011483,OI0013257,DH-KUR-00021,2025-03-23,APP,Size too small,,REFUNDED
RT003133,O011484,OI0013259,DH-KUR-00015,2026-02-03,APP,Wrong item received,,REFUNDED
RT003134,O011485,OI0013260,DH-KID-00462,2024-11-12,APP,Size too small,,REFUNDED
RT003135,O011487,OI0013263,DH-DRE-00185,2026-09-15,APP,Other,"mam gift tha, unko pasand nahi aaya jaldi pickup karo",PICKUP_SCHEDULED
RT003136,O011489,OI0013265,DH-DRE-00192,2025-04-01,APP,Colour different from image,,REFUNDED
RT003137,O011493,OI0013269,DH-KUR-00097,2024-12-03,APP,Other,bada hai and colour bhi photo jaisa nahi,REFUNDED
RT003138,O011498,OI0013275,DH-KUR-00131,2025-04-05,APP,Other,YE WALA SHADE NAHI THA WEBSITE PE,REFUNDED
RT003139,O011499,OI0013276,DH-KUR-00129,2025-07-30,APP,Quality not as expected,,REFUNDED
RT003140,O011500,OI0013277,DH-SCH-00488,2025-11-02,APP,Size too small,,REFUNDED
RT003141,O011508,OI0013285,DH-KID-00433,2025-03-19,APP,Product damaged,,REFUNDED
RT003142,O011509,OI0013286,DH-DRE-00235,2025-09-12,APP,Product damaged,,PICKUP_SCHEDULED
RT003143,O011514,OI0013294,DH-TOP-00253,2025-11-01,APP,Other,hi function cancel ho gaya,REFUNDED
RT003144,O011516,OI0013297,DH-KUR-00116,2026-07-02,WHATSAPP,Size too small,,REFUNDED
RT003145,O011527,OI0013312,DH-DRE-00215,2026-01-19,WHATSAPP,Other,mummy ko pasand nahi aaya very disappointed,REFUNDED
RT003146,O011528,OI0013313,DH-FRO-00412,2026-09-09,APP,Product damaged,,REFUNDED
RT003147,O011529,OI0013314,DH-KUR-00132,2025-04-04,APP,Other,sir बहुत टाइट है very disappointed,REFUNDED
RT003148,O011533,OI0013319,DH-DRE-00213,2025-10-17,APP,Other,late aaya aur packet bhi phata hua,REFUNDED
RT003149,O011536,OI0013322,DH-DRE-00181,2024-11-23,APP,Other,not good !!,REFUNDED
RT003150,O011538,OI0013324,DH-FRO-00404,2026-09-19,WHATSAPP,Other,function cancel ho gaya,PICKUP_SCHEDULED
RT003151,O011540,OI0013326,DH-KUR-00146,2026-08-16,WHATSAPP,Quality not as expected,,REFUNDED
RT003152,O011543,OI0013329,DH-KUR-00071,2026-03-08,WHATSAPP,Quality not as expected,,REFUNDED
RT003153,O011550,OI0013338,DH-KUR-00180,2025-06-09,APP,Other,pls tight hai 🙏,REFUNDED
RT003154,O011558,OI0013347,DH-KID-00457,2026-08-30,WHATSAPP,Quality not as expected,,REFUNDED
RT003155,O011564,OI0013354,DH-FRO-00374,2026-03-27,APP,Quality not as expected,,INSPECTED
RT003156,O011567,OI0013358,DH-KUR-00139,2025-04-06,APP,Colour different from image,,REFUNDED
RT003157,O011571,OI0013363,DH-KUR-00149,2026-02-08,APP,Size too large,,REFUNDED
RT003158,O011572,OI0013364,DH-DRE-00203,2025-08-12,APP,Size too large,,REFUNDED
RT003159,O011577,OI0013369,DH-KUR-00021,2025-12-25,APP,Colour different from image,,REFUNDED
RT003160,O011580,OI0013373,DH-KUR-00035,2025-01-26,APP,Size too small,,REFUNDED
RT003161,O011581,OI0013374,DH-DRE-00244,2026-07-06,APP,Other,colour alag hai aur quality bhi average,REFUNDED
RT003162,O011587,OI0013380,DH-CO--00345,2025-01-14,APP,Size too small,,REFUNDED
RT003163,O011590,OI0013383,DH-KID-00537,2025-08-27,APP,Size too large,,INSPECTED
RT003164,O011591,OI0013384,DH-TOP-00291,2025-03-24,WHATSAPP,Other,mummy ko pasand nahi aaya,REFUNDED
RT003165,O011603,OI0013401,DH-SCH-00493,2026-01-23,APP,Product damaged,,REFUNDED
RT003166,O011607,OI0013405,DH-DRE-00246,2026-05-29,APP,Product damaged,,REFUNDED
RT003167,O011610,OI0013408,DH-KUR-00155,2025-01-28,APP,Size too large,,REFUNDED
RT003168,O011614,OI0013414,DH-KUR-00029,2025-06-16,APP,Other,AB ZAURAT NAHI HAI 🙏,PICKUP_SCHEDULED
RT003169,O011626,OI0013427,DH-TOP-00293,2025-12-02,APP,Other,bhaiya pink mangaya tha peach aaya refund chahiye,REFUNDED
RT003170,O011632,OI0013434,DH-TOP-00276,2025-05-24,APP,Other,mam mind change ho gaya 🙏,REFUNDED
RT003171,O011633,OI0013435,DH-FRO-00383,2025-10-18,WHATSAPP,Other,pls not as epxected,REFUNDED
RT003172,O011634,OI0013436,DH-SCH-00487,2026-08-06,WHATSAPP,Other,PLS SEE THROUGH HAI KAPDA 🙏,INSPECTED
RT003173,O011635,OI0013437,DH-KUR-00026,2026-04-07,APP,Size too small,,REFUNDED
RT003174,O011637,OI0013439,DH-KUR-00082,2026-03-03,APP,Other,mam nt good jaldi pickup karo,REFUNDED
RT003175,O011640,OI0013443,DH-KUR-00054,2026-07-21,WHATSAPP,Other,bhaiya length bhi kam hai aur tight bhi very disappointed,REFUNDED
RT003176,O011642,OI0013446,DH-FRO-00383,2025-12-16,APP,Product damaged,,REFUNDED
RT003177,O011649,OI0013454,DH-MEN-00582,2025-09-25,WHATSAPP,Other,"photo me maroon dikha, aaya brown exchange nahi chahiye",REFUNDED
RT003178,O011653,OI0013459,DH-DRE-00186,2025-12-26,APP,Other,hi very thin cloth jaldi pickup karo,REFUNDED
RT003179,O011655,OI0013461,DH-KUR-00153,2026-01-21,APP,Size too large,,REFUNDED
RT003180,O011658,OI0013466,DH-KID-00451,2026-07-24,WHATSAPP,Quality not as expected,,PICKUP_SCHEDULED
RT003181,O011660,OI0013468,DH-KID-00523,2025-11-13,WHATSAPP,Colour different from image,,REFUNDED
RT003182,O011661,OI0013470,DH-FRO-00390,2025-07-29,APP,Size too large,,REFUNDED
RT003183,O011661,OI0013469,DH-KID-00537,2025-07-29,APP,Size too large,,REFUNDED
RT003184,O011665,OI0013474,DH-KUR-00048,2026-08-12,APP,Colour different from image,,REFUNDED
RT003185,O011667,OI0013476,DH-TOP-00311,2025-02-21,APP,Quality not as expected,,REFUNDED
RT003186,O011669,OI0013478,DH-KUR-00114,2026-07-13,APP,Other,HI STAIN MILA DELIVERY PE,REFUNDED
RT003187,O011670,OI0013479,DH-KID-00507,2026-03-08,APP,Other,dont need it anymore,REFUNDED
RT003188,O011680,OI0013492,DH-KID-00529,2026-03-17,WHATSAPP,Other,TIGHT HAI 🙏,REFUNDED
RT003189,O011683,OI0013496,DH-KUR-00153,2026-07-01,APP,Other,hi silai khuli hui thi aate hi,REFUNDED
RT003190,O011683,OI0013497,DH-FRO-00389,2026-07-05,APP,Other,"loose fitting, mere size ka nahi lagta very disappointed",REFUNDED
RT003191,O011687,OI0013501,DH-FRO-00388,2025-11-04,APP,Other,"fabric achha nahi, fitting bhi tight",REFUNDED
RT003192,O011693,OI0013511,DH-TOP-00303,2026-04-23,APP,Other, ,REFUNDED
RT003193,O011697,OI0013515,DH-KID-00437,2026-05-31,APP,Other,bhaiya dusri jagah sasta mil gaya 🙏,REFUNDED
RT003194,O011701,OI0013521,DH-FRO-00383,2025-09-11,APP,Other,oversiized lag raha hai jabki regular fit likha tha !!,REFUNDED
RT003195,O011707,OI0013528,DH-KUR-00132,2025-10-18,APP,Size too large,,REFUNDED
RT003196,O011709,OI0013530,DH-KID-00529,2026-05-08,WHATSAPP,Size too large,,REFUNDED
RT003197,O011725,OI0013546,DH-MEN-00559,2026-06-15,APP,Other,colour alag hai aur quality bhi average,REFUNDED
RT003198,O011727,OI0013548,DH-KID-00445,2025-02-01,APP,Size too large,,REFUNDED
RT003199,O011729,OI0013551,DH-KUR-00085,2026-08-03,APP,Other,pls ab zarurat nahi hai,REFUNDED
RT003200,O011730,OI0013552,DH-FRO-00374,2025-08-06,APP,Other,mam ab zarurat nah hai,INSPECTED
RT003201,O011736,OI0013561,DH-DRE-00204,2024-12-02,APP,Other,mam shoulders gir rahe hain itna loose very disappointed,REFUNDED
RT003202,O011736,OI0013562,DH-KID-00430,2024-12-01,APP,Size too large,,REFUNDED
RT003203,O011744,OI0013571,DH-KUR-00050,2026-04-06,APP,Colour different from image,,REFUNDED
RT003204,O011749,OI0013577,DH-TOP-00304,2025-10-02,WHATSAPP,Other,no,REFUNDED
RT003205,O011758,OI0013586,DH-KUR-00017,2025-10-02,APP,Size too large,,INSPECTED
RT003206,O011759,OI0013587,DH-DRE-00192,2025-08-20,APP,Colour different from image,,INSPECTED
RT003207,O011764,OI0013592,DH-CO--00348,2024-11-30,WHATSAPP,Quality not as expected,,REFUNDED
RT003208,O011770,OI0013600,DH-DRE-00198,2024-11-26,WHATSAPP,Other,sir fitting bahtu tight hai yaar,REFUNDED
RT003209,O011775,OI0013605,DH-FRO-00387,2025-06-24,APP,Colour different from image,,REFUNDED
RT003210,O011777,OI0013607,DH-TOP-00279,2025-01-30,APP,Quality not as expected,,REFUNDED
RT003211,O011778,OI0013608,DH-KUR-00006,2026-07-07,WHATSAPP,Colour different from image,,REFUNDED
RT003212,O011783,OI0013614,DH-KUR-00086,2026-06-02,APP,Other,bhaiya accidentally order ho gaya jaldi pickup karo,REFUNDED
RT003213,O011785,OI0013616,DH-KUR-00035,2025-02-22,APP,Size too small,,REFUNDED
RT003214,O011790,OI0013621,DH-KUR-00008,2024-10-15,APP,Other,hi no pls return,REFUNDED
RT003215,O011803,OI0013637,DH-KID-00458,2025-10-17,APP,Quality not as expected,,REFUNDED
RT003216,O011809,OI0013643,DH-KID-00455,2024-11-15,WHATSAPP,Other,size chart se ada nikla,INSPECTED
RT003217,O011812,OI0013646,DH-TRA-00593,2026-02-18,APP,Other,not as expected,REFUNDED
RT003218,O011813,OI0013647,DH-DRE-00185,2025-09-15,APP,Colour different from image,,REFUNDED
RT003219,O011817,OI0013654,DH-KID-00425,2025-07-14,WHATSAPP,Other,hi time e nahi aaya to ab kya karu pls return,REFUNDED
RT003220,O011830,OI0013669,DH-KUR-00133,2026-07-27,APP,Size too large,,REFUNDED
RT003221,O011834,OI0013673,DH-SCH-00488,2025-06-13,APP,Other,sir bekar refund chahiye,REFUNDED
RT003222,O011837,OI0013677,DH-KID-00423,2026-08-11,WHATSAPP,Other,sir return !!,REFUNDED
RT003223,O011844,OI0013686,DH-DRE-00181,2026-02-10,APP,Other,bhaiya pls return 🙏,REFUNDED
RT003224,O011856,OI0013704,DH-KUR-00067,2026-07-10,APP,Other,hi packet khula tha aur kapde pe daag hai,REFUNDED
RT003225,O011856,OI0013705,DH-KUR-00139,2026-07-08,WHATSAPP,Other,dusri jagah sasta mil gaya !!,REFUNDED
RT003226,O011865,OI0013715,DH-KUR-00161,2026-07-05,APP,Quality not as expected,,REFUNDED
RT003227,O011871,OI0013721,DH-CO--00345,2025-03-01,APP,Wrong item received,,REFUNDED
RT003228,O011874,OI0013724,DH-KUR-00149,2025-05-08,APP,Other,bada hai and colour bhi photo jaisa nahi,REFUNDED
RT003229,O011876,OI0013726,DH-MEN-00549,2025-06-14,APP,Colour different from image,,REFUNDED
RT003230,O011877,OI0013727,DH-KID-00500,2025-02-10,APP,Other,"hello, hole hai sleeve pe !!",REFUNDED
RT003231,O011879,OI0013729,DH-DRE-00204,2024-12-07,APP,Other,"hello, ok !!",REFUNDED
RT003232,O011881,OI0013731,DH-KUR-00152,2026-01-01,WHATSAPP,Other,pls return 🙏,REFUNDED
RT003233,O011882,OI0013733,DH-KUR-00076,2026-05-02,WHATSAPP,Size too small,,REFUNDED
RT003234,O011883,OI0013734,DH-KID-00510,2026-02-12,APP,Wrong item received,,PICKUP_SCHEDULED
RT003235,O011886,OI0013738,DH-KUR-00099,2026-03-28,WHATSAPP,Other,bhaiya size chart pe 38 likha tha but 36 jaisa hai refund chahiye,REFUNDED
RT003236,O011887,OI0013739,DH-KUR-00026,2026-09-15,WHATSAPP,Size too small,,REFUNDED
RT003237,O011895,OI0013747,DH-DRE-00198,2024-12-08,APP,Size too small,,REFUNDED
RT003238,O011897,OI0013749,DH-TRA-00597,2025-04-06,APP,Size too small,,REFUNDED
RT003239,O011903,OI0013756,DH-KUR-00043,2026-02-13,APP,Size too small,,REFUNDED
RT003240,O011905,OI0013758,DH-CO--00358,2025-03-30,APP,Size too large,,REFUNDED
RT003241,O011906,OI0013759,DH-MEN-00555,2025-03-18,WHATSAPP,Quality not as expected,,REFUNDED
RT003242,O011908,OI0013761,DH-KID-00457,2025-06-26,APP,Colour different from image,,REFUNDED
RT003243,O011914,OI0013767,DH-SCH-00479,2026-03-07,APP,Size too small,,REFUNDED
RT003244,O011916,OI0013770,DH-FRO-00420,2025-12-04,APP,Size too small,,REFUNDED
RT003245,O011917,OI0013771,DH-TOP-00261,2026-07-14,WHATSAPP,Quality not as expected,,REFUNDED
RT003246,O011919,OI0013773,DH-KUR-00098,2025-11-29,WHATSAPP,Size too small,,INSPECTED
RT003247,O011922,OI0013777,DH-KID-00443,2025-03-27,APP,Size too small,,REFUNDED
RT003248,O011924,OI0013779,DH-DRE-00244,2025-11-04,APP,Other,hi pasand nahi aaya !!,REFUNDED
RT003249,O011927,OI0013785,DH-DRE-00202,2025-07-08,APP,Size too large,,REFUNDED
RT003250,O011928,OI0013786,DH-KID-00513,2025-02-12,APP,Other,"hi size m bahut tight hai, l lena padega",INSPECTED
RT003251,O011938,OI0013798,DH-KUR-00020,2026-06-29,WHATSAPP,Size too large,,REFUNDED
RT003252,O011947,OI0013807,DH-KID-00459,2026-07-28,WHATSAPP,Size too small,,INSPECTED
RT003253,O011951,OI0013811,DH-KUR-00171,2025-11-28,APP,Size too small,,REFUNDED
RT003254,O011952,OI0013812,DH-FRO-00412,2026-01-26,APP,Size too large,,REFUNDED
RT003255,O011956,OI0013816,DH-MEN-00581,2026-01-12,APP,Other,"hello, gift tha, unko pasand nahi aaya !!",REFUNDED
RT003256,O011961,OI0013824,DH-TOP-00276,2026-01-09,APP,Other,fitting bahut tight hai yaar !!,REFUNDED
RT003257,O011963,OI0013826,DH-KUR-00141,2025-10-19,APP,Other,size baad hai 🙏,REFUNDED
RT003258,O011966,OI0013829,DH-TOP-00253,2025-08-04,APP,Other,function cancel ho gaya jaldi pickup karo,REFUNDED
RT003259,O011967,OI0013830,DH-KID-00537,2025-11-29,APP,Colour different from image,,REFUNDED
RT003260,O011968,OI0013831,DH-KID-00429,2025-09-30,APP,Other,function cancel ho gaya !!,REFUNDED
RT003261,O011974,OI0013837,DH-TOP-00262,2025-11-02,APP,Other,"hello, ordered L but feels like S 🙏",INSPECTED
RT003262,O011975,OI0013838,DH-KUR-00114,2025-12-13,APP,Other,"gift tha, unko pasand nahi aaya !!",REFUNDED
RT003263,O011990,OI0013854,DH-KUR-00075,2026-03-20,APP,Other,xl bhi tight hai kya size h ye jaldi pickup karo,REFUNDED
RT003264,O011992,OI0013856,DH-KUR-00113,2026-04-08,WHATSAPP,Size too large,,REFUNDED
RT003265,O011993,OI0013857,DH-KID-00528,2024-11-27,APP,Other,hi time pe nahi aaya to ab kyakaru pls return,REFUNDED
RT003266,O011998,OI0013862,DH-FRO-00409,2024-11-18,APP,Other,"hello, mumm ko pasand nahi aaya",REFUNDED
RT003267,O011998,OI0013863,DH-KUR-00137,2024-11-22,WHATSAPP,Product damaged,,REFUNDED
RT003268,O012000,OI0013865,DH-FRO-00370,2026-07-20,APP,Other,HI TIGHT HAI REFUND CHAHIYE,INSPECTED
RT003269,O012001,OI0013867,DH-KID-00529,2026-08-23,APP,Other,bhaiya delivery me 12 din lag gaye 🙏,REFUNDED
RT003270,O012006,OI0013872,DH-KUR-00039,2025-11-30,APP,Size too small,,REFUNDED
RT003271,O012011,OI0013878,DH-DRE-00235,2025-09-09,APP,Colour different from image,,REFUNDED
RT003272,O012012,OI0013879,DH-PAL-00328,2025-07-24,WHATSAPP,Other,"bhaiya material not as described, ye cotton nahi lagta 🙏",REFUNDED
RT003273,O012014,OI0013881,DH-KUR-00122,2025-10-28,WHATSAPP,Other,colour alag hai aur quality bhi average,REFUNDED
RT003274,O012015,OI0013882,DH-DRE-00189,2026-02-25,APP,Other,"pls bahut late aaya, function nikal gaya",REFUNDED
RT003275,O012019,OI0013886,DH-KUR-00018,2025-10-30,APP,Quality not as expected,,REFUNDED
RT003276,O012020,OI0013887,DH-MEN-00578,2025-12-13,APP,Quality not as expected,,REFUNDED
RT003277,O012025,OI0013893,DH-KUR-00149,2026-09-01,APP,Other,accidentally order ho gaya jaldi pickup karo,REFUNDED
RT003278,O012027,OI0013896,DH-KUR-00111,2026-05-11,WHATSAPP,Size too small,,REFUNDED
RT003279,O012028,OI0013897,DH-SCH-00493,2026-02-13,WHATSAPP,Size too large,,INSPECTED
RT003280,O012038,OI0013908,DH-CO--00359,2026-01-05,WHATSAPP,Wrong item received,,REFUNDED
RT003281,O012042,OI0013913,DH-KID-00448,2026-03-19,APP,Other,pls ordered LL but feels like S jaldi pickup karo,REFUNDED
RT003282,O012049,OI0013920,DH-KUR-00133,2025-01-25,APP,Other,mummy ko pasand nahi aaya,REFUNDED
RT003283,O012059,OI0013932,DH-TOP-00293,2026-08-13,WHATSAPP,Other,hi length bhi kam hai aur tight bhi jaldi pickup karo,REFUNDED
RT003284,O012078,OI0013953,DH-KUR-00043,2026-04-20,APP,Product damaged,,REFUNDED
RT003285,O012082,OI0013957,DH-SCH-00474,2025-12-20,APP,Quality not as expected,,REFUNDED
RT003286,O012087,OI0013962,DH-KUR-00113,2024-10-13,APP,Size too small,,REFUNDED
RT003287,O012088,OI0013963,DH-TOP-00273,2025-10-01,APP,Size too small,,REFUNDED
RT003288,O012094,OI0013970,DH-KUR-00046,2026-01-11,APP,Size too small,,REFUNDED
RT003289,O012104,OI0013983,DH-KUR-00153,2025-08-22,APP,Other,damaged piece received,REFUNDED
RT003290,O012107,OI0013988,DH-KID-00537,2025-06-25,APP,Size too small,,REFUNDED
RT003291,O012108,OI0013990,DH-FRO-00412,2025-10-29,APP,Size too large,,INSPECTED
RT003292,O012108,OI0013989,DH-MEN-00578,2025-10-31,APP,Size too large,,REFUNDED
RT003293,O012109,OI0013991,DH-KUR-00136,2025-06-05,APP,Other,same as efore refund chahiye,REFUNDED
RT003294,O012110,OI0013992,DH-KID-00514,2025-04-22,WHATSAPP,Size too large,,REFUNDED
RT003295,O012114,OI0013996,DH-SCH-00486,2026-07-30,WHATSAPP,Other,size se chota h exchange nahi chahiye,REFUNDED
RT003296,O012118,OI0014001,DH-TOP-00265,2025-08-03,APP,Quality not as expected,,REFUNDED
RT003297,O012124,OI0014008,DH-TOP-00262,2025-04-16,APP,Wrong item received,,INSPECTED
RT003298,O012126,OI0014011,DH-MEN-00550,2026-07-08,WHATSAPP,Other,"hello, size M bahut tight hai,  Llena padega 🙏",REFUNDED
RT003299,O012129,OI0014014,DH-KUR-00105,2026-03-08,APP,Other,pls acha nahi laga very disappointed,REFUNDED
RT003300,O012135,OI0014021,DH-KUR-00147,2026-07-23,APP,Other,bhaiya dusri jagah sasta mil gaya 🙏,REFUNDED
RT003301,O012137,OI0014024,DH-PAL-00326,2024-10-12,APP,Size too small,,REFUNDED
RT003302,O012137,OI0014023,DH-MEN-00582,2024-10-08,WHATSAPP,Other,hi order bahut der se mila exchange nahi chahiye,INSPECTED
RT003303,O012141,OI0014029,DH-KUR-00063,2026-06-21,APP,Other,mam dusri jagah sasta mil gaya exchange nahi chahiye,REFUNDED
RT003304,O012143,OI0014031,DH-TOP-00261,2025-08-23,WHATSAPP,Size too small,,INSPECTED
RT003305,O012148,OI0014036,DH-TRA-00597,2024-11-09,APP,Other,pls ...,REFUNDED
RT003306,O012152,OI0014040,DH-KID-00523,2026-01-29,APP,Size too small,,REFUNDED
RT003307,O012155,OI0014044,DH-FRO-00394,2026-07-09,APP,Other,na,REFUNDED
RT003308,O012162,OI0014052,DH-MEN-00581,2024-11-12,WHATSAPP,Quality not as expected,,REFUNDED
RT003309,O012163,OI0014055,DH-MEN-00562,2026-05-20,APP,Size too small,,REFUNDED
RT003310,O012171,OI0014065,DH-TOP-00288,2025-07-11,APP,Other,pls oversized lag raha hai jabki regular fit likha tha jaldi pickup karo,REFUNDED
RT003311,O012175,OI0014071,DH-KID-00448,2024-11-09,WHATSAPP,Quality not as expected,,REFUNDED
RT003312,O012178,OI0014074,DH-KUR-00112,2025-10-13,WHATSAPP,Size too small,,REFUNDED
RT003313,O012179,OI0014076,DH-KUR-00133,2025-01-15,APP,Size too large,,REFUNDED
RT003314,O012180,OI0014077,DH-KUR-00177,2026-06-19,APP,Size too small,,REFUNDED
RT003315,O012182,OI0014079,DH-MEN-00576,2025-11-25,APP,Colour different from image,,REFUNDED
RT003316,O012184,OI0014081,DH-KUR-00083,2026-02-01,WHATSAPP,Other,accidentally order ho gaya,REFUNDED
RT003317,O012187,OI0014085,DH-DRE-00204,2025-12-24,APP,Size too small,,REFUNDED
RT003318,O012188,OI0014086,DH-MEN-00581,2025-04-21,APP,Other,bada hai and colour bhi photo jaisa nahi,REFUNDED
RT003319,O012189,OI0014087,DH-KID-00443,2026-05-28,WHATSAPP,Other,hi return pls return,REFUNDED
RT003320,O012191,OI0014089,DH-KUR-00063,2026-08-07,WHATSAPP,Other,HI RANG HALKA HAI BAHUT,REFUNDED
RT003321,O012196,OI0014095,DH-FRO-00395,2026-09-12,WHATSAPP,Colour different from image,,REFUNDED
RT003322,O012198,OI0014097,DH-DRE-00222,2026-07-05,APP,Product damaged,,REFUNDED
RT003323,O012206,OI0014110,DH-KID-00452,2025-05-17,WHATSAPP,Product damaged,,REFUNDED
RT003324,O012209,OI0014113,DH-KUR-00124,2025-06-13,APP,Size too small,,REFUNDED
RT003325,O012214,OI0014118,DH-KUR-00113,2025-07-08,APP,Other,BHAIYA SAME AS BEFORE REFUND CHAHIYE,REFUNDED
RT003326,O012224,OI0014129,DH-KUR-00100,2025-01-07,APP,Size too small,,REFUNDED
RT003327,O012226,OI0014131,DH-FRO-00397,2025-11-06,WHATSAPP,Size too large,,REFUNDED
RT003328,O012228,OI0014133,DH-PAL-00330,2024-11-28,APP,Other,bada hai and colour bhi photo jaisa nahi,INSPECTED
RT003329,O012237,OI0014143,DH-MEN-00554,2026-07-08,WHATSAPP,Other,PINK  MANGAYA THA PEACH AAYA REFUND CHAHIYE,REFUNDED
RT003330,O012243,OI0014150,DH-KID-00430,2025-01-22,APP,Size too small,,REFUNDED
RT003331,O012258,OI0014171,DH-PAL-00321,2025-10-12,APP,Other,colour alag hai aur quality bhi average,REFUNDED
RT003332,O012261,OI0014175,DH-KUR-00173,2026-01-23,APP,Colour different from image,,REFUNDED
RT003333,O012262,OI0014176,DH-FRO-00399,2025-09-23,APP,Colour different from image,,REFUNDED
RT003334,O012264,OI0014178,DH-KUR-00067,2026-07-09,APP,Other,pls shoulders gir rahe hain itna looe exchange nahi chahiye,REFUNDED
RT003335,O012265,OI0014179,DH-KUR-00029,2024-11-01,APP,Size too small,,REFUNDED
RT003336,O012267,OI0014181,DH-TOP-00308,2025-11-04,WHATSAPP,Size too small,,REFUNDED
RT003337,O012270,OI0014184,DH-KUR-00092,2026-05-05,APP,Product damaged,,REFUNDED
RT003338,O012295,OI0014214,DH-DRE-00239,2024-12-21,APP,Other,mam rang halka hai bbahut 🙏,REFUNDED
RT003339,O012297,OI0014216,DH-SCH-00473,2026-08-29,WHATSAPP,Size too large,,INSPECTED
RT003340,O012298,OI0014217,DH-SCH-00468,2026-03-25,APP,Other,SIR MUMMY KO PASNAD NAHI AAYA EXCHANGE NAHI CHAHIYE,REFUNDED
RT003341,O012304,OI0014224,DH-KUR-00003,2025-09-27,WHATSAPP,Other,maine kurti mangayi thi top aaya,REFUNDED
RT003342,O012306,OI0014227,DH-CO--00348,2025-12-10,APP,Other,bhaiya dont need it anymore 🙏,REFUNDED
RT003343,O012307,OI0014228,DH-KUR-00109,2025-11-18,APP,Colour different from image,,REFUNDED
RT003344,O012314,OI0014236,DH-KUR-00001,2026-09-10,APP,Wrong item received,,REFUNDED
RT003345,O012317,OI0014239,DH-KUR-00155,2025-08-05,APP,Product damaged,,REFUNDED
RT003346,O012319,OI0014241,DH-TOP-00304,2025-09-20,APP,Quality not as expected,,REFUNDED
RT003347,O012328,OI0014250,DH-MEN-00561,2025-10-13,WHATSAPP,Colour different from image,,REFUNDED
RT003348,O012337,OI0014262,DH-PAL-00338,2025-11-28,WHATSAPP,Other,hi sohulders gir rahe hain itna loose pls return,INSPECTED
RT003349,O012351,OI0014277,DH-DRE-00231,2025-07-30,APP,Other,"fabric achha nahi, fitting bhi tight",REFUNDED
RT003350,O012361,OI0014293,DH-KUR-00042,2025-12-28,APP,Quality not as expected,,REFUNDED
RT003351,O012362,OI0014294,DH-MEN-00561,2025-04-05,APP,Colour different from image,,REFUNDED
RT003352,O012364,OI0014296,DH-KID-00500,2025-11-29,APP,Other,sir pasand nhi aaya 🙏,PICKUP_SCHEDULED
RT003353,O012365,OI0014297,DH-SCH-00468,2025-01-06,WHATSAPP,Product damaged,,REFUNDED
RT003354,O012366,OI0014299,DH-FRO-00400,2024-12-06,APP,Size too small,,REFUNDED
RT003355,O012373,OI0014307,DH-TRA-00595,2025-09-26,APP,Quality not as expected,,REFUNDED
RT003356,O012382,OI0014316,DH-PAL-00313,2025-07-27,APP,Product damaged,,REFUNDED
RT003357,O012382,OI0014317,DH-KUR-00087,2025-07-27,APP,Other,"pls bahut late aaya, function nikal gaya pls return",REFUNDED
RT003358,O012387,OI0014322,DH-KUR-00175,2026-09-21,WHATSAPP,Other,MAM PASAND NAHI AAYA 🙏,PICKUP_SCHEDULED
RT003359,O012388,OI0014323,DH-PAL-00342,2025-08-23,APP,Size too large,,REFUNDED
RT003360,O012389,OI0014324,DH-FRO-00400,2024-11-03,APP,Size too small,,REFUNDED
RT003361,O012390,OI0014325,DH-TOP-00283,2026-05-24,APP,Colour different from image,,REFUNDED
RT003362,O012396,OI0014331,DH-KUR-00143,2025-10-23,APP,Quality not as expected,,REFUNDED
RT003363,O012398,OI0014333,DH-TOP-00274,2026-06-02,WHATSAPP,Quality not as expected,,INSPECTED
RT003364,O012400,OI0014335,DH-KID-00448,2025-07-14,APP,Other,bhaiya colour alag hai photo se very disappointed,REFUNDED
RT003365,O012403,OI0014338,DH-DRE-00217,2026-04-12,WHATSAPP,Other,hi acha nahi laga jaldi pickup karo,REFUNDED
RT003366,O012406,OI0014342,DH-SCH-00465,2025-05-28,WHATSAPP,Quality not as expected,,REFUNDED
RT003367,O012408,OI0014344,DH-KUR-00055,2026-07-08,APP,Other,"hello, fitting bahut tight hai yaar",REFUNDED
RT003368,O012409,OI0014346,DH-KUR-00057,2026-08-17,APP,Other,hi bahut tight h shoulders pe pls return,REFUNDED
RT003369,O012410,OI0014347,DH-KUR-00035,2025-05-15,WHATSAPP,Size too small,,REFUNDED
RT003370,O012411,OI0014348,DH-KUR-00139,2025-02-07,APP,Other,issue hai !!,REFUNDED
RT003371,O012413,OI0014350,DH-KUR-00129,2024-10-24,APP,Other,MAM AB ZARURAT NAHI HAI REFUND CHAHIYE,PICKUP_SCHEDULED
RT003372,O012414,OI0014352,DH-KUR-00173,2025-04-28,APP,Size too small,,INSPECTED
RT003373,O012415,OI0014353,DH-DRE-00213,2025-01-14,WHATSAPP,Other,late aaya aur packet bhi phata hua,REFUNDED
RT003374,O012417,OI0014356,DH-DRE-00195,2026-02-27,WHATSAPP,Colour different from image,,REFUNDED
RT003375,O012418,OI0014357,DH-KUR-00123,2025-10-29,WHATSAPP,Other,mam length bhi kam hai aur tihgt bhi,REFUNDED
RT003376,O012424,OI0014363,DH-DRE-00195,2025-10-04,WHATSAPP,Other,ab zarurat nahi hai !!,REFUNDED
RT003377,O012425,OI0014364,DH-PAL-00340,2026-03-25,WHATSAPP,Colour different from image,,REFUNDED
RT003378,O012426,OI0014365,DH-PAL-00323,2025-12-30,APP,Quality not as expected,,REFUNDED
RT003379,O012434,OI0014373,DH-PAL-00318,2026-03-12,APP,Product damaged,,REFUNDED
RT003380,O012439,OI0014380,DH-FRO-00396,2026-02-20,APP,Size too large,,REFUNDED
RT003381,O012442,OI0014383,DH-KID-00500,2024-12-07,APP,Size too large,,REFUNDED
RT003382,O012443,OI0014384,DH-KUR-00028,2026-01-26,WHATSAPP,Product damaged,,INSPECTED
RT003383,O012446,OI0014387,DH-KUR-00093,2024-12-02,APP,Size too small,,REFUNDED
RT003384,O012449,OI0014391,DH-KID-00452,2026-06-12,APP,Other,colour alag hai aur quality bhi average,REFUNDED
RT003385,O012451,OI0014393,DH-KUR-00002,2026-03-12,APP,Other,too loose at waist 🙏,REFUNDED
RT003386,O012455,OI0014398,DH-KID-00461,2026-08-11,APP,Other,"sir material not as described, ye cotton nahi lagta",REFUNDED
RT003387,O012458,OI0014401,DH-MEN-00583,2026-06-20,WHATSAPP,Other,late aaya aur packet bhi phata hua,REFUNDED
RT003388,O012460,OI0014403,DH-SCH-00497,2025-05-31,APP,Other,late aaya aur packet bhi phata hua,REFUNDED
RT003389,O012465,OI0014408,DH-KID-00528,2025-02-07,APP,Size too small,,REFUNDED
RT003390,O012467,OI0014411,DH-PAL-00321,2025-09-29,APP,Other,late aaya aur packet bhi phata hua,REFUNDED
RT003391,O012470,OI0014416,DH-FRO-00396,2026-02-21,APP,Wrong item received,,REFUNDED
RT003392,O012471,OI0014417,DH-MEN-00546,2025-07-25,APP,Size too large,,REFUNDED
RT003393,O012481,OI0014429,DH-MEN-00541,2026-03-09,APP,Size too large,,REFUNDED
RT003394,O012486,OI0014435,DH-FRO-00397,2025-10-29,APP,Other,pls no !!,REFUNDED
RT003395,O012487,OI0014436,DH-KID-00458,2025-02-27,WHATSAPP,Quality not as expected,,REFUNDED
RT003396,O012490,OI0014441,DH-KID-00525,2025-09-21,APP,Other,MAM PEHLI DHULAI ME SHRINK HO GAYA 🙏,INSPECTED
RT003397,O012491,OI0014442,DH-SCH-00465,2026-02-08,APP,Size too small,,INSPECTED
RT003398,O012493,OI0014444,DH-TOP-00259,2026-01-26,WHATSAPP,Other,mummy ko pasand nahi aaya refund chahiye,REFUNDED
RT003399,O012496,OI0014447,DH-TOP-00272,2024-12-07,APP,Other,return pls return,REFUNDED
RT003400,O012497,OI0014448,DH-KUR-00056,2026-06-04,WHATSAPP,Other,pls sleeves tight hai arms me 🙏,INSPECTED
RT003401,O012506,OI0014459,DH-KUR-00173,2025-06-18,APP,Size too small,,INSPECTED
RT003402,O012507,OI0014460,DH-KID-00500,2025-02-01,APP,Other,"gift tha, unko pasand nahi aaya",REFUNDED
RT003403,O012512,OI0014465,DH-KID-00462,2026-05-05,WHATSAPP,Wrong item received,,REFUNDED
RT003404,O012514,OI0014467,DH-FRO-00365,2025-08-30,APP,Wrong item received,,REFUNDED
RT003405,O012516,OI0014469,DH-MEN-00545,2025-09-28,WHATSAPP,Product damaged,,INSPECTED
RT003406,O012522,OI0014475,DH-KID-00506,2025-12-06,APP,Colour different from image,,REFUNDED
RT003407,O012526,OI0014480,DH-SCH-00465,2026-04-08,APP,Other,sir theek nahi hai 🙏,REFUNDED
RT003408,O012531,OI0014485,DH-KUR-00123,2026-07-17,WHATSAPP,Other,sir ek wash me rang chala gaya very disappointed,REFUNDED
RT003409,O012532,OI0014487,DH-KUR-00136,2026-08-16,APP,Other,"sir photo me maroon dikha, aaya brown 🙏",REFUNDED
RT003410,O012534,OI0014489,DH-KID-00517,2025-07-14,APP,Other,"hello, size baa hai jaldi pickup karo",REFUNDED
RT003411,O012537,OI0014493,DH-MEN-00586,2024-12-09,APP,Size too large,,INSPECTED
RT003412,O012542,OI0014498,DH-KUR-00012,2026-06-26,APP,Size too small,,REFUNDED
RT003413,O012550,OI0014506,DH-SCH-00481,2024-11-04,APP,Other,BHAIYA LEGTH BAHUT ZYADA HAI VERY DISAPPOINTED,REFUNDED
RT003414,O012550,OI0014507,DH-KUR-00088,2024-11-04,APP,Size too small,,REFUNDED
RT003415,O012553,OI0014510,DH-KID-00452,2025-12-01,APP,Colour different from image,,REFUNDED
RT003416,O012559,OI0014516,DH-KUR-00080,2026-04-21,WHATSAPP,Other,"SIZE M BAHUT TIGHT HAI, L LENA PADEGA VERY DISAPPOINTED",REFUNDED
RT003417,O012566,OI0014523,DH-CO--00360,2026-04-25,APP,Quality not as expected,,REFUNDED
RT003418,O012567,OI0014525,DH-KUR-00006,2026-03-22,APP,Colour different from image,,REFUNDED
RT003419,O012568,OI0014526,DH-KUR-00021,2025-01-09,APP,Other,mam same as before refund chahiye,REFUNDED
RT003420,O012569,OI0014527,DH-FRO-00409,2025-01-04,WHATSAPP,Wrong item received,,REFUNDED
RT003421,O012570,OI0014528,DH-TOP-00302,2024-12-18,APP,Size too large,,PICKUP_SCHEDULED
RT003422,O012575,OI0014534,DH-TOP-00271,2026-01-30,APP,Other,colour mismatch,REFUNDED
RT003423,O012578,OI0014537,DH-MEN-00576,2026-04-08,WHATSAPP,Size too small,,INSPECTED
RT003424,O012579,OI0014538,DH-KUR-00090,2026-02-06,APP,Other,"pls chhota aa gaya, size chart galat hai refund chahiye",REFUNDED
RT003425,O012583,OI0014542,DH-KUR-00121,2026-03-20,APP,Other,"hello, bekar 🙏",REFUNDED
RT003426,O012597,OI0014558,DH-KID-00520,2025-10-30,APP,Size too small,,REFUNDED
RT003427,O012598,OI0014559,DH-TOP-00285,2025-08-14,APP,Size too small,,REFUNDED
RT003428,O012599,OI0014560,DH-KID-00521,2025-09-23,APP,Other,bhaiya packet khula tha aur kapde pe daag hai !!,REFUNDED
RT003429,O012601,OI0014562,DH-KID-00535,2026-04-03,APP,Other,"sir bahut late aaya, function niikal gaya",REFUNDED
RT003430,O012603,OI0014565,DH-DRE-00231,2025-08-28,WHATSAPP,Size too large,,REFUNDED
RT003431,O012604,OI0014566,DH-KUR-00021,2026-04-23,APP,Other,ab zarurat nahi hi,REFUNDED
RT003432,O012609,OI0014572,DH-KID-00528,2024-11-21,WHATSAPP,Size too large,,REFUNDED
RT003433,O012617,OI0014581,DH-KUR-00034,2026-04-12,APP,Size too large,,INSPECTED
RT003434,O012619,OI0014583,DH-FRO-00395,2026-05-17,APP,Size too large,,REFUNDED
RT003435,O012630,OI0014595,DH-MEN-00557,2026-09-27,APP,Size too small,,PICKUP_SCHEDULED
RT003436,O012632,OI0014597,DH-KID-00512,2026-05-17,WHATSAPP,Other,"pls photo me maroon dikha, aaya brown",REFUNDED
RT003437,O012634,OI0014600,DH-KID-00436,2025-08-20,APP,Size too small,,REFUNDED
RT003438,O012643,OI0014611,DH-TOP-00261,2026-07-13,APP,Colour different from image,,REFUNDED
RT003439,O012649,OI0014618,DH-TOP-00276,2026-03-16,WHATSAPP,Size too large,,REFUNDED
RT003440,O012653,OI0014623,DH-KUR-00066,2025-11-26,WHATSAPP,Colour different from image,,REFUNDED
RT003441,O012653,OI0014622,DH-DRE-00206,2025-11-29,APP,Other,"bahut late aya, function nikal gaya pls return",REFUNDED
RT003442,O012658,OI0014628,DH-KUR-00008,2025-05-04,APP,Other,साइज़ छोटा है !!,REFUNDED
RT003443,O012663,OI0014633,DH-KID-00507,2025-05-29,APP,Size too large,,REFUNDED
RT003444,O012668,OI0014638,DH-KID-00517,2025-07-22,WHATSAPP,Other,साइज़ छोटा है exchange nahi chahiye,REFUNDED
RT003445,O012678,OI0014650,DH-FRO-00379,2025-12-04,APP,Size too large,,REFUNDED
RT003446,O012684,OI0014657,DH-PAL-00334,2025-10-12,APP,Size too small,,REFUNDED
RT003447,O012688,OI0014662,DH-KUR-00112,2024-11-25,APP,Size too small,,REFUNDED
RT003448,O012690,OI0014664,DH-KUR-00180,2026-07-17,APP,Other,.,REFUNDED
RT003449,O012691,OI0014665,DH-PAL-00334,2025-11-04,APP,Other,hi ... 🙏,REFUNDED
RT003450,O012693,OI0014668,DH-TOP-00281,2025-09-07,WHATSAPP,Colour different from image,,REFUNDED
RT003451,O012695,OI0014670,DH-DRE-00240,2025-11-20,APP,Other,"fabric achha nahi, fitting bhi tight",REFUNDED
RT003452,O012698,OI0014673,DH-KUR-00090,2025-12-11,WHATSAPP,Other,bhaiya length bhi kam hai aur tight bhi,REFUNDED
RT003453,O012701,OI0014677,DH-FRO-00379,2025-12-26,APP,Other,sir ek wash me rang chala gaya jaldi pickup karo,REFUNDED
RT003454,O012707,OI0014684,DH-KID-00425,2024-12-21,APP,Size too large,,REFUNDED
RT003455,O012709,OI0014686,DH-KID-00445,2024-12-07,APP,Size too large,,REFUNDED
RT003456,O012710,OI0014687,DH-FRO-00409,2024-12-05,APP,Colour different from image,,REFUNDED
RT003457,O012711,OI0014688,DH-PAL-00340,2026-07-05,WHATSAPP,Other,hi colour mismatch !!,REFUNDED
RT003458,O012714,OI0014691,DH-FRO-00381,2025-05-02,WHATSAPP,Product damaged,,INSPECTED
RT003459,O012715,OI0014692,DH-DRE-00204,2025-07-15,APP,Wrong item received,,REFUNDED
RT003460,O012721,OI0014698,DH-KUR-00082,2025-10-15,APP,Product damaged,,REFUNDED
RT003461,O012728,OI0014706,DH-FRO-00408,2026-01-15,APP,Wrong item received,,REFUNDED
RT003462,O012731,OI0014709,DH-TRA-00597,2025-11-02,APP,Quality not as expected,,REFUNDED
RT003463,O012732,OI0014710,DH-DRE-00205,2026-02-06,WHATSAPP,Other,colour alag hai aur quality bhi average,REFUNDED
RT003464,O012742,OI0014723,DH-PAL-00329,2025-05-22,WHATSAPP,Product damaged,,REFUNDED
RT003465,O012744,OI0014725,DH-KUR-00174,2025-12-18,APP,Other,late aaya aur packet bhi phata hua,REFUNDED
RT003466,O012745,OI0014726,DH-MEN-00546,2025-11-30,APP,Other,colour alag hai aur quality bhi average,REFUNDED
RT003467,O012752,OI0014735,DH-SCH-00479,2025-09-14,WHATSAPP,Other,रंग फोटो से अलग है !!,REFUNDED
RT003468,O012760,OI0014743,DH-KUR-00132,2025-09-20,APP,Colour different from image,,REFUNDED
RT003469,O012761,OI0014745,DH-KUR-00016,2024-12-05,WHATSAPP,Product damaged,,REFUNDED
RT003470,O012765,OI0014750,DH-MEN-00546,2025-10-12,APP,Other,"mam late delivery, mehndi ke baad aaya",REFUNDED
RT003471,O012769,OI0014754,DH-KUR-00129,2024-12-04,APP,Other,rang halka hai bahut very disappointed,REFUNDED
RT003472,O012775,OI0014761,DH-KUR-00141,2025-05-18,APP,Other,pls no refund chahiye,REFUNDED
RT003473,O012776,OI0014762,DH-SCH-00498,2026-05-23,APP,Wrong item received,,REFUNDED
RT003474,O012786,OI0014773,DH-SCH-00477,2026-07-06,APP,Quality not as expected,,REFUNDED
RT003475,O012789,OI0014776,DH-KID-00430,2025-02-22,APP,Size too small,,REFUNDED
RT003476,O012794,OI0014782,DH-PAL-00334,2025-10-21,APP,Size too large,,INSPECTED
RT003477,O012802,OI0014793,DH-SCH-00467,2025-07-13,APP,Quality not as expected,,REFUNDED
RT003478,O012803,OI0014794,DH-DRE-00210,2025-08-27,WHATSAPP,Quality not as expected,,INSPECTED
RT003479,O012804,OI0014795,DH-KID-00500,2024-11-29,APP,Other,"stitching kharab hai, dhaage nikal rahe very disappointed",REFUNDED
RT003480,O012805,OI0014796,DH-MEN-00545,2025-08-30,APP,Other,MAM FITTING BBAHUT TIGHT HAI YAAR !!,REFUNDED
RT003481,O012806,OI0014797,DH-SCH-00491,2026-09-13,APP,Wrong item received,,REFUNDED
RT003482,O012808,OI0014799,DH-KUR-00141,2025-03-08,APP,Size too small,,REFUNDED
RT003483,O012816,OI0014811,DH-DRE-00205,2025-05-07,WHATSAPP,Other,sir issue hai,REFUNDED
RT003484,O012821,OI0014817,DH-KID-00515,2025-10-23,APP,Size too large,,REFUNDED
RT003485,O012825,OI0014821,DH-FRO-00369,2026-07-25,APP,Other,"fabric achha nahi, fitting bhi tight",REFUNDED
RT003486,O012831,OI0014827,DH-KUR-00135,2025-02-28,APP,Other,"HELLO, BAHUTT IGHT H SHOULDERS PE",REFUNDED
RT003487,O012833,OI0014829,DH-KID-00525,2026-03-16,APP,Product damaged,,REFUNDED
RT003488,O012837,OI0014833,DH-MEN-00580,2026-08-04,APP,Other,bhaiya delivery me 12 din lag gaye jaldi pickup karo,INSPECTED
RT003489,O012846,OI0014843,DH-KUR-00149,2024-11-10,APP,Size too large,,REFUNDED
RT003490,O012848,OI0014845,DH-KID-00528,2026-04-24,WHATSAPP,Colour different from image,,REFUNDED
RT003491,O012852,OI0014849,DH-DRE-00250,2025-05-11,APP,Colour different from image,,REFUNDED
RT003492,O012855,OI0014855,DH-KUR-00149,2024-12-11,APP,Colour different from image,,REFUNDED
RT003493,O012856,OI0014856,DH-SCH-00480,2026-06-23,APP,Other,colour alag hai photo se pls return,PICKUP_SCHEDULED
RT003494,O012857,OI0014857,DH-PAL-00337,2025-10-03,WHATSAPP,Quality not as expected,,REFUNDED
RT003495,O012858,OI0014858,DH-DRE-00202,2025-04-20,APP,Other,waist pe nahi aaya,REFUNDED
RT003496,O012859,OI0014860,DH-KUR-00093,2024-12-06,APP,Other,ordered L but feels like S exchange nahi chahiye,PICKUP_SCHEDULED
RT003497,O012864,OI0014866,DH-PAL-00314,2025-11-03,APP,Other,"hello, too loose at waist exchange nahi chahiye",REFUNDED
RT003498,O012868,OI0014870,DH-KID-00451,2025-10-04,APP,Other,mam dusri jagah sasta mil gaya 🙏,REFUNDED
RT003499,O012869,OI0014871,DH-DRE-00181,2025-10-06,APP,Other,BHAIYA SAME AS BEFRE,REFUNDED
RT003500,O012870,OI0014872,DH-KUR-00028,2025-12-03,WHATSAPP,Other,bhaiya bekar pls return,REFUNDED
RT003501,O012877,OI0014879,DH-TOP-00269,2026-03-01,APP,Quality not as expected,,REFUNDED
RT003502,O012879,OI0014881,DH-FRO-00386,2026-07-19,APP,Size too small,,REFUNDED
RT003503,O012883,OI0014886,DH-MEN-00544,2025-05-31,APP,Size too large,,REFUNDED
RT003504,O012890,OI0014895,DH-FRO-00386,2025-04-07,APP,Other,acha nah laga,REFUNDED
RT003505,O012891,OI0014896,DH-SCH-00479,2025-12-04,WHATSAPP,Other,"fabric achha nahi, fitting bhi tight",REFUNDED
RT003506,O012893,OI0014898,DH-SCH-00479,2025-04-09,APP,Size too small,,REFUNDED
RT003507,O012896,OI0014902,DH-PAL-00319,2025-11-08,APP,Other,BAHUT TIGHT H SHOULDERS PE,REFUNDED
RT003508,O012897,OI0014903,DH-MEN-00547,2026-05-13,APP,Other,bahut loose hai very disappointed,REFUNDED
RT003509,O012899,OI0014905,DH-CO--00350,2026-08-31,APP,Size too small,,INSPECTED
RT003510,O012900,OI0014906,DH-DRE-00213,2025-10-14,APP,Quality not as expected,,REFUNDED
RT003511,O012904,OI0014913,DH-KUR-00084,2025-10-30,APP,Other,bada hai and colour bhi photo jaisa nahi,INSPECTED
RT003512,O012906,OI0014916,DH-TOP-00271,2024-11-14,APP,Quality not as expected,,REFUNDED
RT003513,O012910,OI0014920,DH-DRE-00248,2026-04-24,WHATSAPP,Size too small,,REFUNDED
RT003514,O012911,OI0014921,DH-MEN-00577,2025-10-11,WHATSAPP,Quality not as expected,,REFUNDED
RT003515,O012913,OI0014923,DH-KUR-00126,2025-12-05,WHATSAPP,Other,"bahut late aaya, function nikal gaya refund chahiye",PICKUP_SCHEDULED
RT003516,O012915,OI0014925,DH-KID-00540,2026-05-07,WHATSAPP,Colour different from image,,REFUNDED
RT003517,O012922,OI0014932,DH-KUR-00149,2024-11-28,APP,Size too small,,REFUNDED
RT003518,O012927,OI0014938,DH-TOP-00279,2025-02-27,APP,Product damaged,,REFUNDED
RT003519,O012934,OI0014948,DH-KUR-00135,2025-03-10,APP,Other,SIR NAHI CHAHIYE BAS 🙏,REFUNDED
RT003520,O012937,OI0014951,DH-KUR-00130,2026-09-22,APP,Other,delivery me 12 din lag gaye jaldi pickup karo,PICKUP_SCHEDULED
RT003521,O012939,OI0014953,DH-KUR-00109,2026-09-23,WHATSAPP,Colour different from image,,PICKUP_SCHEDULED
RT003522,O012942,OI0014957,DH-KUR-00152,2025-07-25,APP,Size too small,,REFUNDED
RT003523,O012952,OI0014969,DH-KID-00523,2026-08-13,APP,Quality not as expected,,REFUNDED
RT003524,O012955,OI0014972,DH-KUR-00054,2026-01-14,APP,Other,colour alag hai aur quality bhi average,REFUNDED
RT003525,O012957,OI0014974,DH-KID-00511,2025-05-24,APP,Other,size chota hai aur kapda bhi patla,INSPECTED
RT003526,O012957,OI0014975,DH-FRO-00400,2025-05-26,APP,Colour different from image,,INSPECTED
RT003527,O012967,OI0014987,DH-CO--00358,2026-03-16,APP,Quality not as expected,,REFUNDED
RT003528,O012968,OI0014989,DH-DRE-00198,2025-01-10,APP,Quality not as expected,,REFUNDED
RT003529,O012980,OI0015005,DH-KUR-00144,2026-04-06,WHATSAPP,Size too small,,REFUNDED
RT003530,O012988,OI0015016,DH-KUR-00156,2026-05-02,WHATSAPP,Other,pls कपड़ा बहुत पतला है jaldi pickup karo,REFUNDED
RT003531,O012990,OI0015018,DH-KUR-00157,2025-11-16,APP,Other,dont need it anymore,REFUNDED
RT003532,O012993,OI0015021,DH-TOP-00279,2025-02-18,APP,Other,silai khuli hui thi aate hi,REFUNDED
RT003533,O012994,OI0015022,DH-PAL-00329,2026-05-10,APP,Other,packet khula tha aur kapde pe daag hai jaldi pickup karo,REFUNDED
RT003534,O012997,OI0015025,DH-FRO-00406,2026-07-07,APP,Quality not as expected,,REFUNDED
RT003535,O013000,OI0015029,DH-SCH-00474,2024-11-16,APP,Other,bhaiya mustard bola tha ye to green yello whai exchange nahi chahiye,REFUNDED
RT003536,O013007,OI0015036,DH-KID-00421,2026-08-07,APP,Size too large,,REFUNDED
RT003537,O013008,OI0015037,DH-FRO-00375,2025-04-02,WHATSAPP,Other,hi अच्छा नहीं लगा very disappointed,REFUNDED
RT003538,O013013,OI0015042,DH-FRO-00404,2026-06-16,APP,Colour different from image,,REFUNDED
RT003539,O013019,OI0015048,DH-TOP-00310,2026-03-28,APP,Other,DOORSA COLOUR BHEJ DIYA EXCHANGE NAHI CHAHIYE,REFUNDED
RT003540,O013020,OI0015049,DH-SCH-00467,2026-07-01,APP,Other,sir see through hai akpda !!,REFUNDED
RT003541,O013025,OI0015055,DH-TOP-00263,2025-12-28,WHATSAPP,Other,"fabric achha nahi, fitting bhi tight",REFUNDED
RT003542,O013025,OI0015056,DH-DRE-00198,2025-12-27,APP,Product damaged,,REFUNDED
RT003543,O013026,OI0015057,DH-DRE-00208,2025-10-30,APP,Colour different from image,,REFUNDED
RT003544,O013028,OI0015059,DH-KID-00504,2026-03-25,APP,Quality not as expected,,REFUNDED
RT003545,O013031,OI0015062,DH-KID-00453,2025-10-27,WHATSAPP,Size too small,,REFUNDED
RT003546,O013032,OI0015063,DH-CO--00348,2025-11-24,APP,Other,hi baht loose hai pls return,REFUNDED
RT003547,O013035,OI0015067,DH-KID-00421,2026-08-31,APP,Other,hi very thin cloth !!,REFUNDED
RT003548,O013036,OI0015068,DH-MEN-00564,2026-02-11,APP,Other,"Size small ayaa, mera regular M h exchange nahi chahiye",REFUNDED
RT003549,O013041,OI0015073,DH-KID-00451,2025-05-20,WHATSAPP,Colour different from image,,PICKUP_SCHEDULED
RT003550,O013042,OI0015074,DH-KUR-00154,2024-12-22,APP,Other,"photo me maroon dikha, aaya brown",REFUNDED
RT003551,O013045,OI0015077,DH-KUR-00094,2025-04-30,APP,Size too large,,INSPECTED
RT003552,O013049,OI0015081,DH-FRO-00404,2026-02-06,WHATSAPP,Size too large,,REFUNDED
RT003553,O013050,OI0015082,DH-KUR-00111,2026-07-05,APP,Other,pls dont need it anymore !!,REFUNDED
RT003554,O013051,OI0015083,DH-MEN-00582,2025-10-25,APP,Size too large,,REFUNDED
RT003555,O013053,OI0015086,DH-CO--00349,2025-04-04,APP,Size too small,,REFUNDED
RT003556,O013053,OI0015085,DH-SCH-00476,2025-04-03,APP,Size too small,,REFUNDED
RT003557,O013054,OI0015087,DH-KID-00445,2025-07-17,WHATSAPP,Other,"gift tha, unko pasand nahi aaya",REFUNDED
RT003558,O013055,OI0015089,DH-KID-00507,2025-01-13,WHATSAPP,Colour different from image,,REFUNDED
RT003559,O013063,OI0015098,DH-FRO-00393,2024-11-30,APP,Other,SIR PRINT UTAR RAHA HAI !!,PICKUP_SCHEDULED
RT003560,O013064,OI0015099,DH-FRO-00400,2026-08-13,APP,Wrong item received,,REFUNDED
RT003561,O013073,OI0015111,DH-KID-00443,2025-10-11,APP,Quality not as expected,,REFUNDED
RT003562,O013078,OI0015116,DH-FRO-00409,2024-11-01,APP,Other,fabric  rough hai skin pe chubhta hai !!,REFUNDED
RT003563,O013080,OI0015118,DH-KID-00454,2025-04-13,APP,Other,DUSRI JAGAH SASTA MIL GAYA REFUND CHAHIYE,REFUNDED
RT003564,O013082,OI0015120,DH-KUR-00109,2025-10-22,WHATSAPP,Other,delivery me 12 din lag gaye exchange nahi chahiye,REFUNDED
RT003565,O013093,OI0015131,DH-TOP-00263,2025-10-26,APP,Other,bhaiya nahi chahiye bas refund chahiye,REFUNDED
RT003566,O013095,OI0015135,DH-KID-00434,2026-06-20,APP,Other,pls color is different from image jaldi pickup karo,REFUNDED
RT003567,O013097,OI0015137,DH-KUR-00016,2025-03-08,APP,Size too small,,REFUNDED
RT003568,O013099,OI0015139,DH-KID-00500,2025-03-12,APP,Product damaged,,PICKUP_SCHEDULED
RT003569,O013100,OI0015141,DH-KUR-00043,2025-07-18,APP,Quality not as expected,,REFUNDED
RT003570,O013105,OI0015146,DH-KUR-00033,2025-05-31,APP,Other,bhaiya XL bhi tight hai kya size h ye !!,REFUNDED
RT003571,O013106,OI0015147,DH-KUR-00084,2025-09-27,APP,Size too small,,REFUNDED
RT003572,O013107,OI0015148,DH-TOP-00268,2025-12-20,APP,Size too small,,REFUNDED
RT003573,O013108,OI0015149,DH-MEN-00546,2024-11-29,APP,Product damaged,,REFUNDED
RT003574,O013109,OI0015151,DH-KUR-00004,2025-09-26,APP,Quality not as expected,,PICKUP_SCHEDULED
RT003575,O013110,OI0015152,DH-CO--00348,2024-12-17,APP,Other,see through hai kapda 🙏,REFUNDED
RT003576,O013112,OI0015154,DH-KUR-00157,2025-07-21,APP,Size too small,,REFUNDED
RT003577,O013113,OI0015155,DH-KUR-00179,2025-07-29,WHATSAPP,Other,"HI LOOSE FITTING, MERE SIZE KA NAHI LAGTA 🙏",REFUNDED
RT003578,O013124,OI0015169,DH-MEN-00575,2026-06-28,WHATSAPP,Other,sir saller than usual size jaldi pickup karo,REFUNDED
RT003579,O013126,OI0015171,DH-DRE-00198,2025-02-20,APP,Size too large,,REFUNDED
RT003580,O013142,OI0015189,DH-SCH-00477,2025-07-10,WHATSAPP,Other,bada hai and colour bhi photo jaisa nahi,REFUNDED
RT003581,O013143,OI0015190,DH-DRE-00218,2025-11-20,APP,Quality not as expected,,REFUNDED
RT003582,O013154,OI0015202,DH-KID-00526,2024-10-28,APP,Wrong item received,,REFUNDED
RT003583,O013157,OI0015205,DH-FRO-00407,2026-06-05,WHATSAPP,Other,SIR MIND HANGE HO GAYA EXCHANGE NAHI CHAHIYE,REFUNDED
RT003584,O013159,OI0015207,DH-KUR-00137,2025-09-18,APP,Product damaged,,REFUNDED
RT003585,O013161,OI0015209,DH-MEN-00560,2026-07-06,WHATSAPP,Other,"late delivery, mehndi ke bad aaya 🙏",REFUNDED
RT003586,O013162,OI0015210,DH-FRO-00388,2024-11-13,APP,Other,mummy ko pasand nahi aaya very disappointed,REFUNDED
RT003587,O013168,OI0015216,DH-FRO-00365,2025-10-04,APP,Quality not as expected,,REFUNDED
RT003588,O013172,OI0015221,DH-MEN-00555,2026-03-13,APP,Other,size chart se bada nikla very disappointed,REFUNDED
RT003589,O013175,OI0015224,DH-KUR-00057,2026-08-31,APP,Quality not as expected,,INSPECTED
RT003590,O013181,OI0015231,DH-SCH-00471,2024-12-11,APP,Other,mam ab zarurat nahi hai !!,REFUNDED
RT003591,O013182,OI0015232,DH-KUR-00129,2024-11-25,APP,Other,hi ek wash me rang chala gaya very disappointed,REFUNDED
RT003592,O013183,OI0015233,DH-TRA-00599,2025-02-24,WHATSAPP,Quality not as expected,,REFUNDED
RT003593,O013188,OI0015239,DH-FRO-00370,2025-03-31,WHATSAPP,Other,function cancelho gaya 🙏,REFUNDED
RT003594,O013192,OI0015243,DH-FRO-00379,2025-11-07,APP,Size too large,,REFUNDED
RT003595,O013198,OI0015249,DH-PAL-00315,2026-04-22,WHATSAPP,Size too small,,PICKUP_SCHEDULED
RT003596,O013205,OI0015261,DH-FRO-00401,2026-09-14,APP,Quality not as expected,,REFUNDED
RT003597,O013209,OI0015266,DH-TOP-00306,2025-10-29,WHATSAPP,Other,mam no,REFUNDED
RT003598,O013211,OI0015269,DH-FRO-00377,2026-02-24,WHATSAPP,Quality not as expected,,PICKUP_SCHEDULED
RT003599,O013218,OI0015278,DH-KID-00499,2026-01-14,APP,Other,na,REFUNDED
RT003600,O013220,OI0015280,DH-KUR-00180,2025-02-06,WHATSAPP,Other,"late delivery, mehndi ke baad aaya refund chahiye",REFUNDED
RT003601,O013221,OI0015282,DH-KUR-00035,2025-05-20,WHATSAPP,Other,acha nahi laga,INSPECTED
RT003602,O013225,OI0015286,DH-TOP-00265,2026-08-06,APP,Size too small,,REFUNDED
RT003603,O013227,OI0015288,DH-KUR-00135,2026-03-13,APP,Size too small,,REFUNDED
RT003604,O013234,OI0015295,DH-MEN-00553,2025-11-17,WHATSAPP,Other,PLS RANG BILKUL ALAG HAI,REFUNDED
RT003605,O013234,OI0015296,DH-SCH-00479,2025-11-15,APP,Other,pls return very disappointed,REFUNDED
RT003606,O013235,OI0015297,DH-KID-00537,2026-09-16,APP,Size too small,,REFUNDED
RT003607,O013236,OI0015298,DH-FRO-00386,2024-10-31,WHATSAPP,Size too small,,REFUNDED
RT003608,O013240,OI0015304,DH-FRO-00393,2026-01-22,APP,Other,"hello, ab zarurat nahi hai refund chahiye",REFUNDED
RT003609,O013244,OI0015310,DH-KUR-00163,2025-04-04,WHATSAPP,Colour different from image,,INSPECTED
RT003610,O013246,OI0015312,DH-DRE-00203,2025-03-18,APP,Quality not as expected,,REFUNDED
RT003611,O013248,OI0015315,DH-DRE-00198,2025-03-17,WHATSAPP,Colour different from image,,REFUNDED
RT003612,O013251,OI0015319,DH-SCH-00491,2026-04-20,APP,Quality not as expected,,REFUNDED
RT003613,O013255,OI0015324,DH-KID-00507,2024-12-08,APP,Size too large,,PICKUP_SCHEDULED
RT003614,O013256,OI0015325,DH-FRO-00370,2025-06-23,WHATSAPP,Size too small,,INSPECTED
RT003615,O013260,OI0015329,DH-KID-00430,2025-03-18,APP,Quality not as expected,,REFUNDED
RT003616,O013264,OI0015333,DH-PAL-00331,2026-06-19,WHATSAPP,Other,pink mangaya tha peach aaya,REFUNDED
RT003617,O013271,OI0015342,DH-PAL-00332,2026-02-24,APP,Quality not as expected,,INSPECTED
RT003618,O013272,OI0015343,DH-KUR-00111,2026-07-21,APP,Colour different from image,,REFUNDED
RT003619,O013278,OI0015350,DH-DRE-00236,2026-06-19,APP,Size too large,,REFUNDED
RT003620,O013280,OI0015353,DH-KUR-00126,2026-03-09,WHATSAPP,Size too small,,REFUNDED
RT003621,O013284,OI0015357,DH-TOP-00273,2025-07-02,APP,Other,sir print utar raha hai,REFUNDED
RT003622,O013286,OI0015359,DH-KID-00445,2024-12-15,APP,Other,mustard bola tha ye to green yellow hai refund chahiye,REFUNDED
RT003623,O013288,OI0015361,DH-MEN-00544,2025-03-05,APP,Quality not as expected,,INSPECTED
RT003624,O013293,OI0015366,DH-MEN-00576,2025-09-24,APP,Size too small,,REFUNDED
RT003625,O013295,OI0015368,DH-SCH-00473,2026-06-07,WHATSAPP,Size too small,,REFUNDED
RT003626,O013299,OI0015372,DH-CO--00358,2025-10-26,WHATSAPP,Size too small,,INSPECTED
RT003627,O013300,OI0015373,DH-MEN-00582,2024-11-15,APP,Other,pls sme as before,REFUNDED
RT003628,O013303,OI0015376,DH-TOP-00272,2026-06-06,APP,Other,bahut tight h shoulders pe,INSPECTED
RT003629,O013310,OI0015385,DH-KID-00518,2025-09-14,APP,Quality not as expected,,REFUNDED
RT003630,O013311,OI0015386,DH-KUR-00171,2025-03-23,APP,Colour different from image,,PICKUP_SCHEDULED
RT003631,O013316,OI0015391,DH-KUR-00003,2025-12-13,APP,Size too large,,REFUNDED
RT003632,O013319,OI0015394,DH-TOP-00305,2026-05-23,APP,Size too large,,REFUNDED
RT003633,O013320,OI0015395,DH-DRE-00202,2024-10-29,APP,Size too small,,REFUNDED
RT003634,O013327,OI0015403,DH-MEN-00557,2025-11-03,WHATSAPP,Size too small,,REFUNDED
RT003635,O013333,OI0015410,DH-KID-00448,2024-11-30,APP,Colour different from image,,REFUNDED
RT003636,O013338,OI0015415,DH-KUR-00105,2024-11-13,APP,Colour different from image,,REFUNDED
RT003637,O013339,OI0015417,DH-KUR-00109,2026-06-23,APP,Other,rang bilkul alag hai pls return,INSPECTED
RT003638,O013341,OI0015420,DH-KID-00511,2026-09-02,APP,Size too large,,REFUNDED
RT003639,O013342,OI0015421,DH-KID-00540,2025-12-26,APP,Other,mam nahi chahiye bas 🙏,REFUNDED
RT003640,O013351,OI0015431,DH-FRO-00398,2025-11-11,WHATSAPP,Other,"mam material not as descrbied, ye cotton nahi lagta",REFUNDED
RT003641,O013356,OI0015436,DH-KUR-00114,2024-10-10,APP,Other,hi size chart pe 38 likha tha but 36 jaisa hai refund chahiye,REFUNDED
RT003642,O013359,OI0015439,DH-KUR-00103,2026-03-30,APP,Size too small,,REFUNDED
RT003643,O013371,OI0015453,DH-SCH-00494,2025-10-24,APP,Product damaged,,REFUNDED
RT003644,O013374,OI0015457,DH-FRO-00408,2026-09-21,WHATSAPP,Other,MAM MUMMY KO PASAND NAHI AAYA 🙏,PICKUP_SCHEDULED
RT003645,O013376,OI0015459,DH-DRE-00219,2025-11-01,WHATSAPP,Wrong item received,,REFUNDED
RT003646,O013382,OI0015467,DH-KUR-00108,2025-07-26,WHATSAPP,Size too small,,REFUNDED
RT003647,O013383,OI0015468,DH-KID-00523,2025-07-24,WHATSAPP,Other,print utar raha hai 🙏,REFUNDED
RT003648,O013385,OI0015470,DH-DRE-00243,2026-01-27,APP,Other,mam smaller than usual size exchange nahi chahiye,REFUNDED
RT003649,O013394,OI0015480,DH-KUR-00017,2025-02-10,APP,Other,pls rang bilkul aalg hai,REFUNDED
RT003650,O013395,OI0015481,DH-MEN-00560,2025-06-22,WHATSAPP,Wrong item received,,REFUNDED
RT003651,O013397,OI0015484,DH-KUR-00138,2026-08-13,APP,Size too small,,REFUNDED
RT003652,O013398,OI0015485,DH-CO--00343,2026-03-13,APP,Quality not as expected,,REFUNDED
RT003653,O013400,OI0015487,DH-SCH-00489,2025-10-07,APP,Size too large,,REFUNDED
RT003654,O013401,OI0015488,DH-KUR-00104,2026-07-06,APP,Size too small,,REFUNDED
RT003655,O013404,OI0015492,DH-DRE-00201,2026-07-13,APP,Size too small,,REFUNDED
RT003656,O013415,OI0015503,DH-KID-00439,2026-05-05,APP,Size too large,,REFUNDED
RT003657,O013419,OI0015507,DH-DRE-00213,2025-10-21,APP,Colour different from image,,REFUNDED
RT003658,O013423,OI0015511,DH-KUR-00040,2026-07-23,APP,Size too small,,REFUNDED
RT003659,O013425,OI0015513,DH-KUR-00153,2025-10-20,APP,Other,colour fade sa hai photo jaisa nahi,REFUNDED
RT003660,O013426,OI0015514,DH-DRE-00229,2025-12-18,WHATSAPP,Quality not as expected,,REFUNDED
RT003661,O013427,OI0015515,DH-CO--00348,2025-03-25,APP,Other,function cncel ho gaya,REFUNDED
RT003662,O013432,OI0015520,DH-TOP-00309,2026-08-11,WHATSAPP,Size too large,,REFUNDED
RT003663,O013435,OI0015523,DH-FRO-00395,2026-09-24,APP,Quality not as expected,,PICKUP_SCHEDULED
RT003664,O013440,OI0015529,DH-KUR-00120,2025-07-16,WHATSAPP,Other,bhaiya fabric rough hai skin pe chubhta hai,REFUNDED
RT003665,O013443,OI0015532,DH-DRE-00221,2026-02-14,WHATSAPP,Other,sir issue hai,REFUNDED
RT003666,O013444,OI0015533,DH-KUR-00021,2025-06-26,WHATSAPP,Quality not as expected,,INSPECTED
RT003667,O013448,OI0015537,DH-PAL-00316,2025-10-11,APP,Other,hi dusri jagah sasta mil gaya,REFUNDED
RT003668,O013452,OI0015541,DH-KUR-00034,2024-11-25,APP,Product damaged,,REFUNDED
RT003669,O013454,OI0015543,DH-TOP-00276,2026-03-04,WHATSAPP,Product damaged,,REFUNDED
RT003670,O013455,OI0015544,DH-KUR-00160,2026-05-10,APP,Quality not as expected,,REFUNDED
RT003671,O013459,OI0015548,DH-KUR-00171,2025-02-01,APP,Other,HI ISSUE HAI,REFUNDED
RT003672,O013461,OI0015550,DH-KUR-00137,2024-12-18,APP,Other,pls no jaldi pickup karo,REFUNDED
RT003673,O013466,OI0015556,DH-KID-00460,2025-11-06,WHATSAPP,Other,SILAI HKULI HUI THI AATE HI REFUND CHAHIYE,REFUNDED
RT003674,O013467,OI0015557,DH-KID-00423,2026-08-22,APP,Size too small,,REFUNDED
RT003675,O013470,OI0015560,DH-KUR-00097,2026-07-03,APP,Other,no !!,PICKUP_SCHEDULED
RT003676,O013485,OI0015576,DH-KUR-00118,2026-05-20,APP,Size too large,,REFUNDED
RT003677,O013486,OI0015577,DH-KUR-00114,2025-07-15,WHATSAPP,Colour different from image,,REFUNDED
RT003678,O013490,OI0015581,DH-KUR-00040,2026-03-19,APP,Quality not as expected,,REFUNDED
RT003679,O013491,OI0015582,DH-KID-00507,2025-02-22,WHATSAPP,Product damaged,,REFUNDED
RT003680,O013498,OI0015591,DH-KUR-00063,2025-12-25,APP,Other,bhaiya mind channge ho gaya jaldi pickup karo,REFUNDED
RT003681,O013501,OI0015594,DH-KID-00436,2025-08-23,APP,Other,,REFUNDED
RT003682,O013515,OI0015609,DH-KUR-00097,2025-06-28,APP,Colour different from image,,REFUNDED
RT003683,O013517,OI0015611,DH-SCH-00488,2024-10-26,WHATSAPP,Size too small,,REFUNDED
RT003684,O013519,OI0015614,DH-MEN-00547,2026-04-30,APP,Product damaged,,INSPECTED
RT003685,O013527,OI0015626,DH-FRO-00397,2025-08-27,APP,Quality not as expected,,REFUNDED
RT003686,O013530,OI0015630,DH-SCH-00484,2026-04-09,APP,Other,"pls kurti bahut fit hai, breathe nahi kar pa rahi 🙏",REFUNDED
RT003687,O013532,OI0015632,DH-KUR-00173,2026-07-22,APP,Other,bada hai and colour bhi photo jaisa nahi,REFUNDED
RT003688,O013533,OI0015633,DH-FRO-00418,2025-03-20,APP,Other,bhaiya dusri jagah sasta iml gaya pls return,REFUNDED
RT003689,O013535,OI0015636,DH-KID-00524,2026-01-03,APP,Size too large,,REFUNDED
RT003690,O013536,OI0015637,DH-TOP-00296,2026-08-14,APP,Size too small,,REFUNDED
RT003691,O013539,OI0015640,DH-TRA-00597,2025-07-17,WHATSAPP,Size too small,,REFUNDED
RT003692,O013545,OI0015647,DH-KUR-00131,2026-08-07,APP,Quality not as expected,,REFUNDED
RT003693,O013546,OI0015648,DH-PAL-00313,2025-11-04,APP,Other,"late delivery, mehndi ke baad aaya",REFUNDED
RT003694,O013547,OI0015649,DH-KID-00523,2026-06-07,APP,Quality not as expected,,REFUNDED
RT003695,O013548,OI0015650,DH-KUR-00039,2026-03-23,APP,Size too small,,REFUNDED
RT003696,O013552,OI0015655,DH-TOP-00263,2025-07-19,APP,Size too large,,REFUNDED
RT003697,O013552,OI0015654,DH-KID-00453,2025-07-23,WHATSAPP,Other,late aaya aur packet bhi phata hua,REFUNDED
RT003698,O013553,OI0015656,DH-FRO-00364,2026-04-16,APP,Quality not as expected,,REFUNDED
RT003699,O013557,OI0015661,DH-PAL-00336,2026-06-15,APP,Wrong item received,,REFUNDED
RT003700,O013560,OI0015664,DH-DRE-00231,2024-12-19,WHATSAPP,Quality not as expected,,REFUNDED
RT003701,O013571,OI0015676,DH-PAL-00332,2025-08-27,WHATSAPP,Colour different from image,,REFUNDED
RT003702,O013574,OI0015679,DH-KUR-00063,2025-07-21,APP,Other,pls image me bright tha real me dull hai jaldi pickup karo,REFUNDED
RT003703,O013580,OI0015686,DH-KUR-00008,2024-12-30,APP,Other,PASAND NAHI AAAY REFUND CHAHIYE,REFUNDED
RT003704,O013585,OI0015691,DH-DRE-00183,2026-04-06,APP,Other,BHAIYA ORDER BAHUT DER SE MILA,REFUNDED
RT003705,O013587,OI0015693,DH-KUR-00066,2025-09-01,APP,Other,function canccel ho gaya !!,REFUNDED
RT003706,O013588,OI0015694,DH-SCH-00479,2025-12-03,APP,Other,pls 😞,REFUNDED
RT003707,O013593,OI0015701,DH-TOP-00265,2026-04-10,APP,Colour different from image,,REFUNDED
RT003708,O013594,OI0015703,DH-KID-00532,2025-09-04,APP,Size too small,,REFUNDED
RT003709,O013613,OI0015725,DH-DRE-00207,2026-05-27,WHATSAPP,Product damaged,,REFUNDED
RT003710,O013614,OI0015726,DH-KUR-00157,2025-11-26,WHATSAPP,Other,"hello, बहुत टाइट है !!",PICKUP_SCHEDULED
RT003711,O013621,OI0015734,DH-KUR-00047,2024-11-07,APP,Other,size chota hai aur kapda bhi patla,REFUNDED
RT003712,O013622,OI0015735,DH-DRE-00193,2026-01-20,WHATSAPP,Other,mummy ko pasand nahi aaya exchange nahi chahiye,REFUNDED
RT003713,O013623,OI0015736,DH-CO--00360,2025-11-20,WHATSAPP,Other,xl bhi tight ahi kya size h ye,REFUNDED
RT003714,O013623,OI0015737,DH-SCH-00474,2025-11-18,WHATSAPP,Other,not as expected 🙏,REFUNDED
RT003715,O013624,OI0015738,DH-DRE-00205,2025-04-03,APP,Other,quality bilkul bekar very disappointed,REFUNDED
RT003716,O013626,OI0015740,DH-FRO-00401,2025-10-27,APP,Quality not as expected,,REFUNDED
RT003717,O013628,OI0015742,DH-KUR-00021,2026-05-21,APP,Other,sir functio ncancel ho gaya,REFUNDED
RT003718,O013629,OI0015743,DH-KUR-00100,2025-04-14,APP,Colour different from image,,REFUNDED
RT003719,O013634,OI0015749,DH-KUR-00112,2026-01-31,WHATSAPP,Other,bhaiya function cancel ho gaya 🙏,REFUNDED
RT003720,O013635,OI0015750,DH-KUR-00132,2025-05-27,WHATSAPP,Quality not as expected,,INSPECTED
RT003721,O013636,OI0015751,DH-CO--00360,2025-06-15,WHATSAPP,Quality not as expected,,REFUNDED
RT003722,O013638,OI0015753,DH-KUR-00100,2025-06-13,APP,Size too large,,REFUNDED
RT003723,O013642,OI0015757,DH-MEN-00580,2026-01-06,APP,Other,bhaiya size bada hai exchange nahi chahiye,REFUNDED
RT003724,O013650,OI0015766,DH-KUR-00132,2026-04-16,APP,Wrong item received,,INSPECTED
RT003725,O013657,OI0015775,DH-PAL-00319,2026-01-06,APP,Wrong item received,,PICKUP_SCHEDULED
RT003726,O013658,OI0015776,DH-CO--00358,2025-05-27,WHATSAPP,Other,hi nahi chahiye bas,INSPECTED
RT003727,O013661,OI0015780,DH-KUR-00110,2026-07-18,APP,Other,"fabric achha nahi, fitting bhi tight",REFUNDED
RT003728,O013665,OI0015784,DH-MEN-00549,2025-06-27,APP,Other,pehli dhulai me shrink ho gaya 🙏,PICKUP_SCHEDULED
RT003729,O013671,OI0015790,DH-SCH-00480,2025-08-21,APP,Quality not as expected,,REFUNDED
RT003730,O013673,OI0015792,DH-DRE-00233,2026-06-28,APP,Other,pls mind hcange ho gaya refund chahiye,REFUNDED
RT003731,O013674,OI0015793,DH-TOP-00301,2026-01-15,WHATSAPP,Other,DUSRI JAGAH SASTA MIL GAYA !!,REFUNDED
RT003732,O013679,OI0015798,DH-KUR-00112,2024-12-10,APP,Other,bhaiya nahi chahiye bas exchange nahi chahiye,REFUNDED
RT003733,O013683,OI0015802,DH-DRE-00193,2026-04-16,WHATSAPP,Size too small,,REFUNDED
RT003734,O013687,OI0015807,DH-KUR-00116,2026-02-27,WHATSAPP,Wrong item received,,REFUNDED
RT003735,O013692,OI0015812,DH-KUR-00097,2025-06-27,WHATSAPP,Other,mam waist pe nahi aaya very disappointed,REFUNDED
RT003736,O013693,OI0015813,DH-KUR-00030,2026-09-16,APP,Size too small,,INSPECTED
RT003737,O013697,OI0015818,DH-MEN-00541,2026-07-29,APP,Size too large,,REFUNDED
RT003738,O013698,OI0015819,DH-SCH-00488,2024-12-02,APP,Size too small,,REFUNDED
RT003739,O013699,OI0015821,DH-TOP-00295,2025-06-07,APP,Size too small,,REFUNDED
RT003740,O013700,OI0015822,DH-KID-00515,2026-07-02,WHATSAPP,Other,doosra colour bhej diya 🙏,REFUNDED
RT003741,O013701,OI0015823,DH-KUR-00163,2026-08-01,APP,Size too small,,REFUNDED
RT003742,O013704,OI0015826,DH-KUR-00059,2025-08-02,APP,Size too large,,REFUNDED
RT003743,O013705,OI0015827,DH-FRO-00417,2026-04-17,APP,Quality not as expected,,REFUNDED
RT003744,O013710,OI0015834,DH-TOP-00306,2026-01-31,APP,Other,hi pasand nahi aaya 🙏,REFUNDED
RT003745,O013713,OI0015839,DH-KUR-00163,2025-09-10,WHATSAPP,Size too small,,REFUNDED
RT003746,O013717,OI0015843,DH-TOP-00302,2024-10-29,APP,Other,mam size bada hai 🙏,REFUNDED
RT003747,O013717,OI0015844,DH-SCH-00471,2024-10-25,APP,Other,sir fitting bahut tight hai yaar exchange nahi chahiye,REFUNDED
RT003748,O013719,OI0015846,DH-PAL-00330,2025-01-08,APP,Size too small,,REFUNDED
RT003749,O013720,OI0015847,DH-TOP-00268,2026-01-08,APP,Colour different from image,,INSPECTED
RT003750,O013722,OI0015849,DH-DRE-00190,2025-04-13,WHATSAPP,Other,SIR DONT NEED IT ANYMORE 🙏,REFUNDED
RT003751,O013725,OI0015852,DH-KUR-00093,2026-02-27,WHATSAPP,Other,hi ab zarurat naih hai,REFUNDED
RT003752,O013729,OI0015857,DH-FRO-00387,2025-03-19,APP,Size too small,,REFUNDED
RT003753,O013730,OI0015858,DH-TOP-00271,2025-08-15,APP,Product damaged,,PICKUP_SCHEDULED
RT003754,O013731,OI0015859,DH-KID-00523,2025-10-13,APP,Size too small,,PICKUP_SCHEDULED
RT003755,O013744,OI0015875,DH-KUR-00021,2025-05-29,APP,Other,bhaiya ordere L but feels like S,REFUNDED
RT003756,O013745,OI0015876,DH-MEN-00544,2026-08-30,APP,Size too small,,REFUNDED
RT003757,O013746,OI0015877,DH-FRO-00410,2026-08-01,APP,Other,mam delivery me 12 din lag gaye,REFUNDED
RT003758,O013755,OI0015889,DH-KUR-00154,2024-12-04,APP,Size too small,,REFUNDED
RT003759,O013759,OI0015893,DH-DRE-00246,2025-06-10,APP,Size too large,,REFUNDED
RT003760,O013761,OI0015896,DH-KUR-00162,2025-10-13,APP,Size too small,,REFUNDED
RT003761,O013765,OI0015900,DH-MEN-00546,2025-02-01,WHATSAPP,Other,bhaiya fabric cheap lag raha hai,REFUNDED
RT003762,O013776,OI0015912,DH-SCH-00488,2026-07-08,WHATSAPP,Other,hi order bahut der se mila refund chahiye,REFUNDED
RT003763,O013777,OI0015913,DH-TRA-00595,2026-08-03,APP,Quality not as expected,,REFUNDED
RT003764,O013778,OI0015914,DH-SCH-00489,2024-10-31,APP,Size too large,,REFUNDED
RT003765,O013784,OI0015922,DH-CO--00348,2024-10-21,APP,Size too small,,REFUNDED
RT003766,O013785,OI0015923,DH-CO--00354,2024-11-08,APP,Size too small,,REFUNDED
RT003767,O013793,OI0015931,DH-KID-00445,2024-12-31,WHATSAPP,Other,"fabric achha nahi, fitting bhi tight",REFUNDED
RT003768,O013794,OI0015932,DH-TOP-00282,2025-03-06,APP,Product damaged,,INSPECTED
RT003769,O013796,OI0015934,DH-KID-00536,2026-02-07,APP,Size too large,,REFUNDED
RT003770,O013799,OI0015938,DH-KUR-00050,2024-10-24,APP,Other,"Size small aaya, mera regular M h",REFUNDED
RT003771,O013800,OI0015939,DH-TRA-00597,2025-10-17,APP,Size too small,,REFUNDED
RT003772,O013810,OI0015949,DH-KUR-00129,2025-12-28,APP,Other,"bhaiya stitching kharab hai, dhaage nikal rahe !!",REFUNDED
RT003773,O013813,OI0015952,DH-KUR-00008,2025-08-17,APP,Wrong item received,,REFUNDED
RT003774,O013819,OI0015960,DH-KID-00513,2025-02-28,APP,Product damaged,,REFUNDED
RT003775,O013827,OI0015968,DH-SCH-00494,2026-02-19,APP,Size too small,,REFUNDED
RT003776,O013828,OI0015969,DH-KID-00536,2026-02-06,WHATSAPP,Size too small,,REFUNDED
RT003777,O013828,OI0015970,DH-DRE-00214,2026-02-11,APP,Other,ok jaldi pickup karo,REFUNDED
RT003778,O013836,OI0015981,DH-TOP-00271,2024-11-08,APP,Size too large,,REFUNDED
RT003779,O013840,OI0015985,DH-FRO-00365,2026-06-20,APP,Wrong item received,,REFUNDED
RT003780,O013850,OI0015997,DH-KID-00503,2025-08-11,APP,Other,ek wash me rang chala gaya exchange nahi chahiye,REFUNDED
RT003781,O013851,OI0015998,DH-DRE-00209,2025-03-25,APP,Other,hi कपड़ा बहुत पतला है,INSPECTED
RT003782,O013855,OI0016003,DH-DRE-00219,2025-10-27,APP,Other,"mam gift tha, unko pasand nahi aya",INSPECTED
RT003783,O013856,OI0016004,DH-KID-00449,2026-01-21,WHATSAPP,Other,fabric rough hai skin pe chubhta hai !!,INSPECTED
RT003784,O013864,OI0016013,DH-SCH-00488,2024-10-19,APP,Size too small,,REFUNDED
RT003785,O013865,OI0016015,DH-MEN-00576,2025-11-01,APP,Size too small,,REFUNDED
RT003786,O013869,OI0016019,DH-KID-00430,2025-05-26,APP,Size too small,,REFUNDED
RT003787,O013870,OI0016020,DH-KUR-00033,2025-08-01,APP,Size too small,,REFUNDED
RT003788,O013871,OI0016021,DH-TOP-00268,2025-11-26,WHATSAPP,Other,"hello, smaller than usual size",REFUNDED
RT003789,O013872,OI0016022,DH-DRE-00215,2025-09-22,WHATSAPP,Size too large,,REFUNDED
RT003790,O013873,OI0016023,DH-DRE-00237,2026-06-21,APP,Other,same sa before very disappointed,INSPECTED
RT003791,O013875,OI0016026,DH-MEN-00554,2025-10-10,APP,Other,pls accidentally order ho gaya refund chahiye,REFUNDED
RT003792,O013877,OI0016028,DH-MEN-00570,2026-09-10,APP,Other,pink mangaya tha peach aaya !!,REFUNDED
RT003793,O013879,OI0016030,DH-KUR-00029,2025-10-26,APP,Size too small,,REFUNDED
RT003794,O013879,OI0016031,DH-KID-00458,2025-10-26,WHATSAPP,Size too small,,PICKUP_SCHEDULED
RT003795,O013881,OI0016033,DH-CO--00358,2025-06-13,APP,Other,size chota hai aur kapda bhi patla,REFUNDED
RT003796,O013885,OI0016039,DH-KUR-00012,2025-11-24,APP,Other,BHAIYA YE MERA ORDER NAHI HAI,REFUNDED
RT003797,O013899,OI0016053,DH-KUR-00114,2025-05-19,APP,Colour different from image,,INSPECTED
RT003798,O013900,OI0016054,DH-FRO-00399,2025-07-01,APP,Other,function cancel ho gaya refund chahiye,REFUNDED
RT003799,O013903,OI0016057,DH-CO--00354,2025-05-19,WHATSAPP,Other,pls galat product aaya jaldi pickup karo,REFUNDED
RT003800,O013904,OI0016058,DH-FRO-00401,2024-11-16,APP,Other,"bhaiya bahut late aaya, function nikal gaya",REFUNDED
RT003801,O013906,OI0016060,DH-KUR-00090,2026-03-07,WHATSAPP,Size too small,,REFUNDED
RT003802,O013917,OI0016074,DH-SCH-00497,2026-03-28,APP,Other,bhaiya dusri jagah sasta mil gaya very disappointed,REFUNDED
RT003803,O013919,OI0016076,DH-KID-00421,2026-03-18,APP,Other,bhaiya function cancel ho gaya !!,REFUNDED
RT003804,O013920,OI0016077,DH-KUR-00139,2025-06-06,WHATSAPP,Other,sir dusri jagah sasta mil gaya pls return,REFUNDED
RT003805,O013927,OI0016084,DH-TRA-00591,2025-12-17,APP,Colour different from image,,REFUNDED
RT003806,O013929,OI0016086,DH-DRE-00209,2025-09-23,APP,Other,mam mummy ko pasand nahi aaya !!,REFUNDED
RT003807,O013931,OI0016090,DH-KUR-00157,2025-06-25,APP,Colour different from image,,REFUNDED
RT003808,O013932,OI0016091,DH-TRA-00593,2025-07-18,WHATSAPP,Other,sir same as before jaldi pickup karo,REFUNDED
RT003809,O013933,OI0016092,DH-KUR-00026,2026-04-28,WHATSAPP,Size too small,,REFUNDED
RT003810,O013942,OI0016106,DH-FRO-00412,2026-09-26,APP,Other,theek nahi hai,PICKUP_SCHEDULED
RT003811,O013943,OI0016107,DH-KUR-00071,2026-05-16,APP,Other,pls issueh ai exchange nahi chahiye,REFUNDED
RT003812,O013945,OI0016110,DH-KUR-00044,2026-05-10,WHATSAPP,Size too small,,INSPECTED
RT003813,O013946,OI0016111,DH-KID-00448,2025-03-01,APP,Other,bhaiya samea s before,REFUNDED
RT003814,O013948,OI0016113,DH-KID-00438,2026-06-07,APP,Other,"pls too big, ekdum dheela !!",REFUNDED
RT003815,O013952,OI0016117,DH-KUR-00137,2025-01-06,APP,Colour different from image,,REFUNDED
RT003816,O013953,OI0016118,DH-MEN-00545,2026-07-01,APP,Size too small,,INSPECTED
RT003817,O013954,OI0016119,DH-CO--00358,2025-01-24,WHATSAPP,Other,"bahut late aaya, function nnikal gaya",REFUNDED
RT003818,O013958,OI0016124,DH-DRE-00213,2024-10-24,APP,Quality not as expected,,REFUNDED
RT003819,O013967,OI0016137,DH-DRE-00247,2025-12-30,APP,Size too large,,REFUNDED
RT003820,O013974,OI0016147,DH-KID-00449,2026-05-30,WHATSAPP,Other,acha nahi laga,REFUNDED
RT003821,O013975,OI0016148,DH-SCH-00472,2024-12-01,WHATSAPP,Other,na,INSPECTED
RT003822,O013977,OI0016150,DH-KUR-00122,2026-02-21,APP,Other,delivery me 12 din lag gaye,REFUNDED
RT003823,O013978,OI0016151,DH-MEN-00588,2026-09-12,APP,Size too large,,REFUNDED
RT003824,O013980,OI0016153,DH-TOP-00284,2025-10-10,APP,Other,pasand nahi aaya,REFUNDED
RT003825,O013981,OI0016154,DH-KUR-00017,2026-06-03,WHATSAPP,Other,bhaiya fabric cheap lag raha hai,REFUNDED
RT003826,O013985,OI0016158,DH-TOP-00259,2025-06-15,APP,Other,ok !!,REFUNDED
RT003827,O013986,OI0016159,DH-TOP-00312,2026-03-19,APP,Size too large,,REFUNDED
RT003828,O013993,OI0016168,DH-DRE-00184,2026-05-23,APP,Size too large,,INSPECTED
RT003829,O013994,OI0016170,DH-KID-00436,2025-12-27,APP,Size too large,,REFUNDED
RT003830,O013996,OI0016172,DH-DRE-00212,2026-04-15,APP,Other,BHAIYA COLOUR MISMATCH PLS RETURN,REFUNDED
RT003831,O013997,OI0016173,DH-CO--00353,2025-05-26,WHATSAPP,Colour different from image,,REFUNDED
RT003832,O014003,OI0016179,DH-KUR-00055,2026-01-03,APP,Size too small,,REFUNDED
RT003833,O014004,OI0016180,DH-KUR-00044,2025-05-31,WHATSAPP,Other,silai khuli hui thi aate hi,REFUNDED
RT003834,O014005,OI0016181,DH-KUR-00058,2025-11-24,WHATSAPP,Other,return,REFUNDED
RT003835,O014006,OI0016182,DH-TRA-00593,2024-12-03,APP,Other,pls dusri jagah sasta mil gaya 🙏,REFUNDED
RT003836,O014007,OI0016183,DH-KUR-00163,2026-06-01,APP,Other,"hello, chhota aa gaya, size chart galat hai pls return",REFUNDED
RT003837,O014008,OI0016184,DH-SCH-00468,2024-11-08,APP,Quality not as expected,,REFUNDED
RT003838,O014021,OI0016200,DH-DRE-00219,2026-05-24,APP,Other,pls bahut tight h shoulders pe 🙏,REFUNDED
RT003839,O014027,OI0016209,DH-TOP-00289,2025-07-10,APP,Quality not as expected,,REFUNDED
RT003840,O014028,OI0016210,DH-DRE-00235,2025-07-18,WHATSAPP,Other,pls mustard bola ha ye to green yellow hai,REFUNDED
RT003841,O014029,OI0016211,DH-KUR-00164,2025-09-21,WHATSAPP,Other,sir very thin cloth exchange nahi chahiye,REFUNDED
RT003842,O014030,OI0016212,DH-CO--00353,2026-02-25,APP,Size too small,,REFUNDED
RT003843,O014031,OI0016213,DH-KID-00505,2025-11-21,APP,Size too large,,REFUNDED
RT003844,O014034,OI0016216,DH-MEN-00567,2026-06-12,APP,Quality not as expected,,REFUNDED
RT003845,O014035,OI0016217,DH-KID-00500,2024-11-10,APP,Quality not as expected,,REFUNDED
RT003846,O014039,OI0016222,DH-DRE-00220,2026-03-25,APP,Other,bhaiya too loose atw aist pls return,REFUNDED
RT003847,O014042,OI0016227,DH-DRE-00216,2025-11-19,APP,Colour different from image,,REFUNDED
RT003848,O014045,OI0016230,DH-KID-00509,2025-12-15,WHATSAPP,Colour different from image,,REFUNDED
RT003849,O014046,OI0016231,DH-KUR-00088,2025-10-04,APP,Other,"bhaiya bahut late aaya, function nikal gaya refund chahiye",REFUNDED
RT003850,O014051,OI0016237,DH-KUR-00012,2025-09-18,APP,Other,colour alag hai aur quality bhi average,REFUNDED
RT003851,O014059,OI0016247,DH-KID-00434,2025-07-27,APP,Quality not as expected,,REFUNDED
RT003852,O014069,OI0016258,DH-KUR-00115,2026-01-21,APP,Other,sir a bzarurat nahi hai !!,REFUNDED
RT003853,O014071,OI0016260,DH-DRE-00209,2026-01-21,APP,Size too small,,REFUNDED
RT003854,O014073,OI0016262,DH-FRO-00409,2024-12-09,WHATSAPP,Size too large,,REFUNDED
RT003855,O014079,OI0016268,DH-TRA-00597,2025-05-16,APP,Size too small,,REFUNDED
RT003856,O014082,OI0016271,DH-PAL-00328,2025-08-26,APP,Other,hi ordered L but feels likke S jaldi pickup karo,REFUNDED
RT003857,O014093,OI0016284,DH-KID-00453,2025-06-10,APP,Other,"hello, too big, ekdum dheella refund chahiye",REFUNDED
RT003858,O014096,OI0016288,DH-FRO-00401,2025-11-25,APP,Quality not as expected,,PICKUP_SCHEDULED
RT003859,O014098,OI0016290,DH-KUR-00093,2025-06-15,APP,Other,TIGHT HAI,REFUNDED
RT003860,O014104,OI0016296,DH-TOP-00288,2025-12-20,WHATSAPP,Size too small,,REFUNDED
RT003861,O014105,OI0016297,DH-KUR-00008,2025-11-07,APP,Size too small,,REFUNDED
RT003862,O014110,OI0016302,DH-MEN-00546,2024-11-12,APP,Other,size chota hai aur kapda bhi patla,REFUNDED
RT003863,O014113,OI0016305,DH-KUR-00063,2025-08-31,APP,Other,issue hai,INSPECTED
RT003864,O014118,OI0016311,DH-KUR-00100,2025-12-11,APP,Colour different from image,,INSPECTED
RT003865,O014119,OI0016312,DH-TOP-00253,2026-05-15,WHATSAPP,Colour different from image,,REFUNDED
RT003866,O014123,OI0016317,DH-SCH-00470,2026-08-18,APP,Other,ORDERED L UBT FEELS LIKE S EXCHANGE NAHI CHAHIYE,REFUNDED
RT003867,O014125,OI0016319,DH-DRE-00181,2026-03-11,APP,Quality not as expected,,REFUNDED
RT003868,O014130,OI0016324,DH-DRE-00235,2025-04-04,APP,Other,"pls too small, chest pe fit nahi hua refund chahiye",REFUNDED
RT003869,O014132,OI0016326,DH-KID-00517,2025-01-19,WHATSAPP,Quality not as expected,,REFUNDED
RT003870,O014133,OI0016327,DH-MEN-00543,2026-02-19,APP,Other,"gift tha, unko pasand nahi aaya",REFUNDED
RT003871,O014134,OI0016328,DH-KUR-00017,2025-05-07,APP,Wrong item received,,REFUNDED
RT003872,O014147,OI0016343,DH-KUR-00122,2025-06-02,WHATSAPP,Other,pls delivery me 12 din lagg aye very disappointed,REFUNDED
RT003873,O014149,OI0016345,DH-DRE-00231,2026-08-02,APP,Wrong item received,,REFUNDED
RT003874,O014155,OI0016351,DH-KUR-00101,2026-07-03,APP,Other,"hello, 😞 🙏",PICKUP_SCHEDULED
RT003875,O014155,OI0016352,DH-DRE-00198,2026-07-05,APP,Size too small,,REFUNDED
RT003876,O014157,OI0016354,DH-DRE-00204,2025-04-20,WHATSAPP,Size too small,,REFUNDED
RT003877,O014158,OI0016355,DH-KID-00462,2024-12-01,APP,Size too small,,REFUNDED
RT003878,O014161,OI0016359,DH-KID-00451,2026-04-29,APP,Size too small,,REFUNDED
RT003879,O014164,OI0016362,DH-PAL-00336,2026-05-04,APP,Colour different from image,,REFUNDED
RT003880,O014172,OI0016372,DH-DRE-00192,2025-04-01,APP,Product damaged,,REFUNDED
RT003881,O014173,OI0016374,DH-KUR-00039,2025-01-24,APP,Product damaged,,REFUNDED
RT003882,O014177,OI0016378,DH-KUR-00090,2025-05-15,APP,Colour different from image,,INSPECTED
RT003883,O014181,OI0016382,DH-MEN-00561,2025-03-11,APP,Size too large,,INSPECTED
RT003884,O014183,OI0016384,DH-KUR-00129,2026-08-31,APP,Colour different from image,,INSPECTED
RT003885,O014200,OI0016402,DH-FRO-00401,2026-05-13,APP,Other,na,REFUNDED
RT003886,O014203,OI0016406,DH-TRA-00593,2025-10-15,APP,Other,order bahut de se mila 🙏,REFUNDED
RT003887,O014205,OI0016408,DH-KID-00529,2026-08-09,APP,Colour different from image,,REFUNDED
RT003888,O014210,OI0016413,DH-KID-00453,2025-05-02,APP,Size too large,,REFUNDED
RT003889,O014213,OI0016416,DH-CO--00348,2024-11-10,WHATSAPP,Size too small,,REFUNDED
RT003890,O014214,OI0016417,DH-KID-00434,2026-03-26,WHATSAPP,Colour different from image,,REFUNDED
RT003891,O014222,OI0016430,DH-KUR-00043,2025-06-19,APP,Size too small,,REFUNDED
RT003892,O014235,OI0016447,DH-TOP-00262,2026-09-25,APP,Colour different from image,,PICKUP_SCHEDULED
RT003893,O014236,OI0016448,DH-KUR-00143,2025-12-14,APP,Size too small,,REFUNDED
RT003894,O014238,OI0016451,DH-KUR-00088,2025-01-19,APP,Size too small,,REFUNDED
RT003895,O014243,OI0016457,DH-KUR-00032,2026-01-10,WHATSAPP,Size too small,,REFUNDED
RT003896,O014246,OI0016460,DH-KUR-00021,2026-05-07,APP,Size too large,,REFUNDED
RT003897,O014251,OI0016466,DH-TOP-00276,2025-09-03,APP,Other,"hello, mind chnage ho gaya",REFUNDED
RT003898,O014254,OI0016469,DH-KUR-00158,2025-12-05,APP,Size too large,,REFUNDED
RT003899,O014255,OI0016470,DH-KID-00537,2025-10-26,WHATSAPP,Colour different from image,,REFUNDED
RT003900,O014259,OI0016477,DH-FRO-00420,2026-07-11,APP,Size too small,,REFUNDED
RT003901,O014260,OI0016478,DH-MEN-00559,2025-10-12,APP,Quality not as expected,,REFUNDED
RT003902,O014264,OI0016482,DH-DRE-00210,2025-06-08,WHATSAPP,Size too small,,REFUNDED
RT003903,O014265,OI0016483,DH-MEN-00555,2025-10-18,APP,Other,late aaya aur packet bhi phata hua,REFUNDED
RT003904,O014268,OI0016488,DH-KUR-00163,2026-07-29,APP,Size too small,,INSPECTED
RT003905,O014271,OI0016491,DH-DRE-00213,2024-12-20,WHATSAPP,Other,packet geela tha kapda kharab refund chahiye,REFUNDED
RT003906,O014273,OI0016494,DH-KUR-00092,2026-04-13,WHATSAPP,Colour different from image,,REFUNDED
RT003907,O014276,OI0016497,DH-PAL-00334,2026-06-12,WHATSAPP,Size too small,,PICKUP_SCHEDULED
RT003908,O014280,OI0016501,DH-KUR-00133,2024-12-16,APP,Size too small,,REFUNDED
RT003909,O014281,OI0016504,DH-KID-00516,2026-06-23,APP,Other,"hello, too loose at waist pls return",REFUNDED
RT003910,O014285,OI0016508,DH-DRE-00181,2025-05-06,APP,Other,ok very disappointed,REFUNDED
RT003911,O014288,OI0016511,DH-CO--00351,2025-01-17,APP,Colour different from image,,REFUNDED
RT003912,O014294,OI0016519,DH-SCH-00489,2025-01-06,APP,Size too small,,REFUNDED
RT003913,O014299,OI0016524,DH-KID-00506,2026-04-04,APP,Other,pls M mangaya tha bada aaya pls return,REFUNDED
RT003914,O014301,OI0016526,DH-KUR-00137,2024-11-10,APP,Quality not as expected,,REFUNDED
RT003915,O014304,OI0016529,DH-MEN-00560,2026-01-06,APP,Other,pls accidentally order ho gaya,INSPECTED
RT003916,O014313,OI0016539,DH-FRO-00390,2025-11-19,APP,Other,packet khula tha aur kapde pe daag hai very disappointed,REFUNDED
RT003917,O014321,OI0016547,DH-KUR-00100,2026-01-21,APP,Other,sir mummy ko pasand nahi aaya refund chahiye,REFUNDED
RT003918,O014329,OI0016556,DH-KUR-00034,2024-11-21,APP,Product damaged,,REFUNDED
RT003919,O014330,OI0016557,DH-KID-00443,2026-02-17,WHATSAPP,Size too large,,REFUNDED
RT003920,O014334,OI0016562,DH-CO--00348,2026-06-02,APP,Quality not as expected,,REFUNDED
RT003921,O014341,OI0016572,DH-TRA-00600,2026-03-16,APP,Other,size chota hai aur kapda bhi patla,REFUNDED
RT003922,O014342,OI0016574,DH-TOP-00289,2026-07-27,WHATSAPP,Other,RANG HALKA HAI BAHUT 🙏,REFUNDED
RT003923,O014350,OI0016584,DH-MEN-00581,2025-04-15,APP,Size too small,,REFUNDED
RT003924,O014351,OI0016585,DH-KUR-00086,2025-12-21,APP,Size too large,,REFUNDED
RT003925,O014353,OI0016587,DH-TRA-00593,2026-06-09,APP,Quality not as expected,,REFUNDED
RT003926,O014357,OI0016591,DH-CO--00349,2026-07-06,APP,Other,phata hua aaya very disappointed,REFUNDED
RT003927,O014360,OI0016594,DH-PAL-00340,2025-05-17,APP,Other,pls ye wala shae nahi tha website pe exchange nahi chahiye,REFUNDED
RT003928,O014361,OI0016595,DH-KUR-00116,2026-01-29,APP,Quality not as expected,,REFUNDED
RT003929,O014365,OI0016601,DH-FRO-00404,2026-06-13,WHATSAPP,Quality not as expected,,REFUNDED
RT003930,O014369,OI0016606,DH-FRO-00409,2024-11-26,WHATSAPP,Other,"bahut late aaya, function nikal gaya",REFUNDED
RT003931,O014384,OI0016622,DH-DRE-00198,2025-08-26,APP,Size too small,,REFUNDED
RT003932,O014389,OI0016629,DH-KUR-00003,2026-02-04,APP,Other,mam dusri jagah sasta mil gaya refund chahiye,REFUNDED
RT003933,O014397,OI0016637,DH-MEN-00566,2025-10-08,WHATSAPP,Size too small,,REFUNDED
RT003934,O014405,OI0016646,DH-KUR-00008,2025-04-20,APP,Other,"hello, ab zarurat nahi hai exchange nahi chahiye",REFUNDED
RT003935,O014406,OI0016647,DH-FRO-00388,2026-09-03,APP,Quality not as expected,,REFUNDED
RT003936,O014410,OI0016651,DH-KUR-00029,2024-10-23,WHATSAPP,Size too large,,REFUNDED
RT003937,O014411,OI0016652,DH-PAL-00326,2025-02-18,APP,Size too small,,REFUNDED
RT003938,O014419,OI0016660,DH-TOP-00256,2025-08-20,APP,Colour different from image,,REFUNDED
RT003939,O014421,OI0016663,DH-DRE-00190,2025-09-02,APP,Other,MUMMY KO PASAND NAHI AAYA JALDI PICKUP KARO,REFUNDED
RT003940,O014425,OI0016667,DH-DRE-00244,2026-05-20,WHATSAPP,Colour different from image,,INSPECTED
RT003941,O014430,OI0016673,DH-KID-00433,2025-11-12,APP,Other,"hello, pasand nahi aaya",REFUNDED
RT003942,O014434,OI0016679,DH-KUR-00137,2025-09-04,APP,Other,oversiized lag raha hai jabki regular fit likha tha pls return,REFUNDED
RT003943,O014436,OI0016682,DH-KUR-00017,2026-03-06,APP,Quality not as expected,,REFUNDED
RT003944,O014443,OI0016690,DH-KID-00511,2025-03-18,APP,Size too small,,REFUNDED
RT003945,O014446,OI0016693,DH-KUR-00038,2025-05-26,APP,Quality not as expected,,REFUNDED
RT003946,O014447,OI0016694,DH-DRE-00227,2026-08-02,APP,Size too small,,REFUNDED
RT003947,O014454,OI0016702,DH-KUR-00033,2026-03-24,APP,Other,"fabric achha nahi, fitting bhi tight",REFUNDED
RT003948,O014460,OI0016708,DH-KID-00459,2026-07-28,WHATSAPP,Size too small,,REFUNDED
RT003949,O014464,OI0016713,DH-PAL-00340,2026-07-01,APP,Colour different from image,,REFUNDED
RT003950,O014465,OI0016715,DH-MEN-00545,2025-05-24,APP,Other,mam ok !!,REFUNDED
RT003951,O014466,OI0016717,DH-KID-00511,2026-06-29,WHATSAPP,Size too large,,REFUNDED
RT003952,O014468,OI0016719,DH-MEN-00582,2025-11-09,APP,Other,M mangaya tha bada aaya very disappointed,REFUNDED
RT003953,O014476,OI0016727,DH-FRO-00388,2026-01-23,APP,Quality not as expected,,INSPECTED
RT003954,O014483,OI0016734,DH-FRO-00369,2026-08-17,APP,Other,hi colouralag hai photo se,REFUNDED
RT003955,O014484,OI0016735,DH-TOP-00307,2026-01-20,WHATSAPP,Quality not as expected,,REFUNDED
RT003956,O014485,OI0016737,DH-DRE-00249,2026-04-21,APP,Colour different from image,,REFUNDED
RT003957,O014490,OI0016743,DH-SCH-00466,2026-01-06,WHATSAPP,Colour different from image,,REFUNDED
RT003958,O014498,OI0016751,DH-DRE-00212,2026-09-24,WHATSAPP,Other,mind change ho gaya very disappointed,PICKUP_SCHEDULED
RT003959,O014499,OI0016752,DH-KID-00513,2026-05-24,APP,Size too small,,REFUNDED
RT003960,O014509,OI0016764,DH-SCH-00494,2026-08-31,WHATSAPP,Other,"MAM WRONG SIZE BHEJA, M ORDER KIYA THA XL AAYA EXCHANGE NAHI CHAHIYE",REFUNDED
RT003961,O014510,OI0016765,DH-TOP-00304,2025-10-12,APP,Product damaged,,REFUNDED
RT003962,O014515,OI0016771,DH-KID-00445,2026-04-24,WHATSAPP,Size too small,,REFUNDED
RT003963,O014517,OI0016773,DH-DRE-00219,2025-09-06,APP,Other,bhaiya stain mila delivery pe jaldi pickup karo,REFUNDED
RT003964,O014518,OI0016774,DH-KUR-00055,2026-05-22,APP,Size too small,,REFUNDED
RT003965,O014524,OI0016781,DH-KUR-00082,2026-09-21,WHATSAPP,Other,damaged piec ereceived !!,PICKUP_SCHEDULED
RT003966,O014530,OI0016788,DH-KUR-00161,2026-07-13,APP,Other,"fabric achha nahi, fitting bhi tight",REFUNDED
RT003967,O014531,OI0016789,DH-FRO-00374,2025-06-27,APP,Size too small,,REFUNDED
RT003968,O014532,OI0016790,DH-KID-00536,2025-04-02,WHATSAPP,Size too large,,REFUNDED
RT003969,O014533,OI0016791,DH-KUR-00088,2024-12-19,APP,Size too large,,INSPECTED
RT003970,O014535,OI0016793,DH-KID-00526,2024-10-22,APP,Colour different from image,,REFUNDED
RT003971,O014538,OI0016796,DH-DRE-00188,2026-02-14,WHATSAPP,Other,bhaiya dusri jagah sastta mil gaya !!,REFUNDED
RT003972,O014541,OI0016800,DH-KID-00505,2025-11-26,APP,Quality not as expected,,REFUNDED
RT003973,O014543,OI0016802,DH-KUR-00111,2025-10-01,APP,Other,sir dusri jagah sasta mil gaya exchange nahi chahiye,REFUNDED
RT003974,O014546,OI0016805,DH-MEN-00575,2026-07-22,APP,Size too small,,REFUNDED
RT003975,O014547,OI0016806,DH-KUR-00004,2025-10-15,APP,Other,colour alag hai aur quality bhi average,REFUNDED
RT003976,O014554,OI0016814,DH-TOP-00288,2025-11-08,WHATSAPP,Product damaged,,INSPECTED
RT003977,O014558,OI0016820,DH-KUR-00038,2025-11-20,APP,Colour different from image,,REFUNDED
RT003978,O014560,OI0016822,DH-FRO-00387,2025-03-12,APP,Colour different from image,,REFUNDED
RT003979,O014561,OI0016823,DH-KUR-00042,2026-03-05,APP,Quality not as expected,,REFUNDED
RT003980,O014565,OI0016830,DH-DRE-00203,2025-11-23,APP,Other,colour alag hai aur quality bhi average,REFUNDED
RT003981,O014572,OI0016837,DH-DRE-00197,2026-05-27,APP,Size too large,,REFUNDED
RT003982,O014576,OI0016841,DH-DRE-00208,2025-08-29,WHATSAPP,Other,"hello, pasand nahi aaya !!",REFUNDED
RT003983,O014579,OI0016844,DH-KUR-00034,2026-04-04,WHATSAPP,Size too small,,REFUNDED
RT003984,O014580,OI0016845,DH-DRE-00216,2025-12-05,WHATSAPP,Other,"stitching kharab hai, dhaage nikal rahe exchange nahi chahiye",REFUNDED
RT003985,O014583,OI0016848,DH-TOP-00253,2026-02-03,WHATSAPP,Colour different from image,,REFUNDED
RT003986,O014585,OI0016850,DH-TOP-00281,2025-08-01,WHATSAPP,Other,sir dont need it anymore 🙏,REFUNDED
RT003987,O014596,OI0016862,DH-KID-00501,2026-01-05,APP,Size too large,,REFUNDED
RT003988,O014599,OI0016865,DH-DRE-00246,2025-10-26,WHATSAPP,Size too small,,REFUNDED
RT003989,O014606,OI0016872,DH-FRO-00388,2024-10-13,APP,Quality not as expected,,REFUNDED
RT003990,O014607,OI0016873,DH-TRA-00597,2024-11-06,APP,Other,hi pink mangaya tha peach aaya !!,REFUNDED
RT003991,O014610,OI0016876,DH-KUR-00026,2026-01-19,APP,Other,hi accha nahi laga,REFUNDED
RT003992,O014613,OI0016880,DH-FRO-00384,2026-05-18,APP,Other,"HELLO, FUNCTION CACEL HO GAYA",REFUNDED
RT003993,O014615,OI0016882,DH-KUR-00133,2024-10-26,APP,Other,pls delivery me 12 din lag gaye very disappointed,REFUNDED
RT003994,O014619,OI0016886,DH-KUR-00137,2025-11-02,APP,Size too large,,REFUNDED
RT003995,O014620,OI0016887,DH-DRE-00190,2025-09-22,APP,Other,MAM FUNCTION CANCEL HO GAYA,REFUNDED
RT003996,O014624,OI0016892,DH-TOP-00289,2026-09-07,APP,Other,"HI STITCHING KHARAB HAI, DHAAGE NIKAL RAHE",REFUNDED
RT003997,O014625,OI0016893,DH-DRE-00218,2026-03-26,APP,Product damaged,,REFUNDED
RT003998,O014627,OI0016895,DH-FRO-00388,2025-10-27,WHATSAPP,Other,issue hai 🙏,REFUNDED
RT003999,O014630,OI0016898,DH-KID-00503,2025-10-15,WHATSAPP,Other,"fabric achha nahi, fitting bhi tight",REFUNDED
RT004000,O014637,OI0016907,DH-DRE-00244,2026-07-05,WHATSAPP,Size too small,,INSPECTED
RT004001,O014641,OI0016911,DH-KUR-00174,2025-11-17,APP,Other,delivery me 12 din lag gaye 🙏,REFUNDED
RT004002,O014644,OI0016915,DH-FRO-00387,2025-02-07,APP,Product damaged,,REFUNDED
RT004003,O014645,OI0016916,DH-DRE-00217,2025-09-11,APP,Wrong item received,,REFUNDED
RT004004,O014657,OI0016928,DH-SCH-00475,2025-11-18,WHATSAPP,Other,.,INSPECTED
RT004005,O014661,OI0016933,DH-TOP-00297,2026-02-27,WHATSAPP,Other,pls ye mera order nahi hai,REFUNDED
RT004006,O014665,OI0016937,DH-KUR-00018,2025-12-26,WHATSAPP,Quality not as expected,,REFUNDED
RT004007,O014674,OI0016949,DH-KUR-00048,2026-08-14,APP,Quality not as expected,,REFUNDED
RT004008,O014678,OI0016954,DH-KUR-00160,2025-09-26,APP,Colour different from image,,INSPECTED
RT004009,O014678,OI0016955,DH-KID-00528,2025-09-30,APP,Other,"sir bahut late aaya, funtion nikal gaya very disappointed",INSPECTED
RT004010,O014678,OI0016953,DH-KID-00431,2025-09-24,APP,Other,TIME PE NAHI AAYA TO AB KYA KARU,REFUNDED
RT004011,O014679,OI0016956,DH-TOP-00291,2025-06-29,APP,Size too small,,REFUNDED
RT004012,O014683,OI0016960,DH-KUR-00098,2026-02-03,APP,Other,sir size chart se bada nikla pls return,REFUNDED
RT004013,O014685,OI0016962,DH-TOP-00273,2025-03-12,APP,Other,pls bahut tight h shoulders pe very disappointed,REFUNDED
RT004014,O014686,OI0016963,DH-KUR-00124,2025-04-15,APP,Other,sir theek nahi hai,REFUNDED
RT004015,O014687,OI0016964,DH-CO--00356,2025-10-11,APP,Size too small,,REFUNDED
RT004016,O014693,OI0016970,DH-MEN-00581,2024-10-21,APP,Other,sir order bahut der se mila very disappointed,REFUNDED
RT004017,O014697,OI0016976,DH-KUR-00039,2026-03-12,APP,Size too small,,REFUNDED
RT004018,O014700,OI0016980,DH-FRO-00383,2025-11-08,APP,Other,.,PICKUP_SCHEDULED
RT004019,O014704,OI0016986,DH-TOP-00273,2024-12-24,APP,Quality not as expected,,REFUNDED
RT004020,O014706,OI0016988,DH-MEN-00577,2026-05-16,APP,Other,"bhaiya material not as described, ye cotto nnahi lagta exchange nahi chahiye",REFUNDED
RT004021,O014716,OI0016998,DH-FRO-00409,2025-11-30,WHATSAPP,Other,not good very disappointed,REFUNDED
RT004022,O014719,OI0017001,DH-SCH-00467,2026-01-11,APP,Size too small,,REFUNDED
RT004023,O014731,OI0017016,DH-KUR-00024,2025-12-15,WHATSAPP,Colour different from image,,REFUNDED
RT004024,O014732,OI0017017,DH-KUR-00063,2026-05-21,APP,Colour different from image,,INSPECTED
RT004025,O014734,OI0017019,DH-PAL-00326,2025-11-10,WHATSAPP,Colour different from image,,REFUNDED
RT004026,O014744,OI0017031,DH-DRE-00250,2025-04-19,APP,Size too large,,REFUNDED
RT004027,O014757,OI0017048,DH-KUR-00083,2025-04-10,APP,Colour different from image,,INSPECTED
RT004028,O014771,OI0017064,DH-KUR-00043,2024-10-14,WHATSAPP,Colour different from image,,REFUNDED
RT004029,O014775,OI0017068,DH-MEN-00567,2025-12-02,APP,Other,sir accidentally order ho gaya exchange nahi chahiye,REFUNDED
RT004030,O014775,OI0017069,DH-KUR-00140,2025-12-02,APP,Other,mam mind change ho gaya 🙏,REFUNDED
RT004031,O014778,OI0017073,DH-KUR-00004,2025-11-09,APP,Product damaged,,REFUNDED
RT004032,O014779,OI0017074,DH-FRO-00400,2025-06-07,APP,Product damaged,,REFUNDED
RT004033,O014808,OI0017106,DH-KUR-00136,2025-10-15,APP,Other,"bhaiya Size small aaya, mera reguar M h",REFUNDED
RT004034,O014811,OI0017109,DH-MEN-00567,2025-11-16,WHATSAPP,Size too large,,REFUNDED
RT004035,O014811,OI0017110,DH-TRA-00599,2025-11-15,APP,Product damaged,,REFUNDED
RT004036,O014812,OI0017111,DH-SCH-00474,2025-03-09,WHATSAPP,Other,sir nahi chahiye bas,REFUNDED
RT004037,O014825,OI0017124,DH-KID-00529,2026-07-26,APP,Other,dusri jagah sast amil gaya jaldi pickup karo,INSPECTED
RT004038,O014835,OI0017135,DH-KUR-00088,2025-12-07,APP,Other,ek was me rang chala gaya 🙏,REFUNDED
RT004039,O014837,OI0017137,DH-TOP-00293,2025-12-24,WHATSAPP,Other,"HELLO, 😞 🙏",REFUNDED
RT004040,O014843,OI0017143,DH-DRE-00247,2026-09-18,APP,Other,sir ek wash me rang chala gaya,PICKUP_SCHEDULED
RT004041,O014845,OI0017145,DH-KUR-00114,2024-11-07,APP,Other,bhaiya size chart se bada nikla pls return,INSPECTED
RT004042,O014849,OI0017149,DH-KUR-00050,2024-12-21,APP,Other,size chota hai,REFUNDED
RT004043,O014850,OI0017150,DH-SCH-00474,2025-01-22,APP,Other,SIZE CHART PE 38 LIKHA THA BUT 36 JAISA HAI PLS RETURN,REFUNDED
RT004044,O014854,OI0017154,DH-KUR-00113,2024-11-16,APP,Size too small,,REFUNDED
RT004045,O014856,OI0017156,DH-KUR-00093,2025-08-25,APP,Other,SILAI KHULI HUI THI AATE HI,REFUNDED
RT004046,O014857,OI0017157,DH-DRE-00192,2025-01-23,APP,Other,WAIST PE NAHI AAYA,PICKUP_SCHEDULED
RT004047,O014862,OI0017162,DH-TOP-00262,2026-01-27,APP,Colour different from image,,REFUNDED
RT004048,O014864,OI0017165,DH-FRO-00401,2024-10-28,APP,Size too large,,REFUNDED
RT004049,O014876,OI0017178,DH-KUR-00115,2026-06-16,APP,Product damaged,,PICKUP_SCHEDULED
RT004050,O014884,OI0017187,DH-KUR-00038,2025-11-03,APP,Size too small,,REFUNDED
RT004051,O014886,OI0017189,DH-DRE-00181,2024-11-12,APP,Other,MAM THEEK NAHI HAI VERY DISAPPOINTED,REFUNDED
RT004052,O014889,OI0017192,DH-TRA-00593,2024-11-27,APP,Other,hi XL bhi tight hai kya size h ye,REFUNDED
RT004053,O014892,OI0017195,DH-KUR-00056,2025-10-19,WHATSAPP,Other,ACHA NAHI LAGA !!,REFUNDED
RT004054,O014894,OI0017197,DH-KUR-00124,2025-07-06,APP,Other,"loose fitting, mere size ka nahi lagta jaldi pickup karo",REFUNDED
RT004055,O014899,OI0017203,DH-MEN-00581,2024-11-28,APP,Wrong item received,,REFUNDED
RT004056,O014905,OI0017210,DH-SCH-00469,2025-07-02,WHATSAPP,Size too large,,REFUNDED
RT004057,O014908,OI0017213,DH-FRO-00400,2024-12-01,APP,Quality not as expected,,REFUNDED
RT004058,O014916,OI0017221,DH-KUR-00153,2025-06-20,APP,Other,bhaiya image me bright tha real me dull hai very disappointed,REFUNDED
RT004059,O014922,OI0017230,DH-KUR-00173,2026-04-29,WHATSAPP,Other,wrong item received 🙏,REFUNDED
RT004060,O014924,OI0017232,DH-KID-00443,2025-12-26,APP,Size too small,,REFUNDED
RT004061,O014928,OI0017237,DH-TRA-00593,2024-11-06,WHATSAPP,Other,sir accidentally order ho gaya 🙏,INSPECTED
RT004062,O014933,OI0017242,DH-KUR-00157,2025-04-12,WHATSAPP,Other,"MAM SIZE M BAHUT TIGHT HA, L LENA PADEGA PLS RETURN",INSPECTED
RT004063,O014940,OI0017250,DH-KID-00437,2026-04-02,APP,Other,hi image me bright tha real me dull hai,REFUNDED
RT004064,O014941,OI0017251,DH-DRE-00184,2026-09-09,WHATSAPP,Other,pls time pe nahi aaya to ab kya karu exchange nahi chahiye,INSPECTED
RT004065,O014946,OI0017256,DH-KID-00509,2025-10-05,APP,Product damaged,,REFUNDED
RT004066,O014954,OI0017264,DH-KUR-00136,2026-08-12,WHATSAPP,Other,bhaiya function cancel ho gaya very disappointed,REFUNDED
RT004067,O014956,OI0017266,DH-TOP-00259,2026-04-06,APP,Size too large,,REFUNDED
RT004068,O014963,OI0017273,DH-FRO-00384,2026-01-08,WHATSAPP,Other,"hello, chhota aa gaya, size chart galat hai jaldi pickup karo",INSPECTED
RT004069,O014964,OI0017274,DH-KUR-00118,2025-12-13,APP,Colour different from image,,INSPECTED
RT004070,O014968,OI0017278,DH-KUR-00017,2026-07-31,APP,Other,theek nahi hai refund chahiye,REFUNDED
RT004071,O014969,OI0017279,DH-SCH-00474,2026-08-01,WHATSAPP,Other,अच्छा नहीं लगा,INSPECTED
RT004072,O014971,OI0017282,DH-TOP-00269,2025-11-27,WHATSAPP,Product damaged,,PICKUP_SCHEDULED
RT004073,O014972,OI0017283,DH-FRO-00362,2026-05-30,APP,Other,pls nahi chahiye bas jaldi pickup karo,REFUNDED
RT004074,O014973,OI0017284,DH-KUR-00105,2025-03-06,APP,Size too small,,REFUNDED
RT004075,O014975,OI0017286,DH-KUR-00008,2024-10-16,APP,Other,late aaya aur packet bhi phata hua,REFUNDED
RT004076,O014976,OI0017287,DH-TRA-00595,2024-12-11,APP,Other,colour alag hai aur quality bhi average,INSPECTED
RT004077,O014982,OI0017293,DH-FRO-00412,2026-02-16,WHATSAPP,Quality not as expected,,REFUNDED
RT004078,O014984,OI0017296,DH-SCH-00479,2025-05-31,WHATSAPP,Quality not as expected,,PICKUP_SCHEDULED
RT004079,O014985,OI0017297,DH-KUR-00059,2026-03-25,APP,Other,"sir chhota aa gaya, size chart galat hai",REFUNDED
RT004080,O014985,OI0017298,DH-KUR-00178,2026-03-23,WHATSAPP,Size too small,,PICKUP_SCHEDULED
RT004081,O014986,OI0017299,DH-DRE-00235,2025-05-21,APP,Colour different from image,,REFUNDED
RT004082,O014989,OI0017303,DH-TOP-00284,2025-08-11,WHATSAPP,Size too small,,REFUNDED
RT004083,O014990,OI0017304,DH-MEN-00549,2026-06-04,WHATSAPP,Size too large,,REFUNDED
RT004084,O014996,OI0017312,DH-TOP-00263,2025-03-28,APP,Size too small,,REFUNDED
RT004085,O014997,OI0017315,DH-KUR-00173,2025-01-22,APP,Other,SIZE CHART SE BADA NIKLA JALDI PICKUP KARO,REFUNDED
RT004086,O015000,OI0017319,DH-DRE-00248,2026-08-18,WHATSAPP,Size too large,,REFUNDED
RT004087,O015009,OI0017330,DH-KID-00536,2025-05-05,APP,Other,"hello, ... pls return",REFUNDED
RT004088,O015012,OI0017335,DH-KUR-00090,2026-06-15,WHATSAPP,Other,pls length bhi kam hai aur tight bhi,REFUNDED
RT004089,O015016,OI0017341,DH-FRO-00376,2026-07-27,APP,Quality not as expected,,REFUNDED
RT004090,O015018,OI0017343,DH-TRA-00600,2025-05-03,APP,Other,"hi too big, edkum dheela 🙏",REFUNDED
RT004091,O015024,OI0017349,DH-KUR-00174,2025-06-03,APP,Quality not as expected,,REFUNDED
RT004092,O015028,OI0017353,DH-TOP-00253,2025-06-29,APP,Other,"HELLO, DOOSRA COLOUR BHEJ DIYA !!",REFUNDED
RT004093,O015031,OI0017357,DH-DRE-00246,2025-12-24,WHATSAPP,Other,mam return very disappointed,REFUNDED
RT004094,O015035,OI0017364,DH-KID-00500,2026-08-26,APP,Other,quality bilkul bekar 🙏,REFUNDED
RT004095,O015037,OI0017366,DH-FRO-00419,2024-11-29,WHATSAPP,Size too large,,REFUNDED
RT004096,O015039,OI0017368,DH-KUR-00131,2024-12-12,APP,Size too large,,REFUNDED
RT004097,O015040,OI0017369,DH-TRA-00595,2026-08-26,WHATSAPP,Size too small,,REFUNDED
RT004098,O015042,OI0017371,DH-DRE-00192,2026-01-29,APP,Other,PLS IMAGE ME BRIGHT THA REEAL ME DULL HAI 🙏,REFUNDED
RT004099,O015043,OI0017372,DH-TRA-00591,2025-12-18,WHATSAPP,Wrong item received,,INSPECTED
RT004100,O015045,OI0017376,DH-KUR-00121,2026-05-19,APP,Other,mam beti ke liye liya tha chhota pad gaya 🙏,REFUNDED
RT004101,O015048,OI0017379,DH-DRE-00181,2024-11-13,APP,Other,dusri jagah sasta mil gya exchange nahi chahiye,REFUNDED
RT004102,O015049,OI0017380,DH-TOP-00262,2025-01-20,WHATSAPP,Colour different from image,,REFUNDED
RT004103,O015055,OI0017386,DH-SCH-00497,2026-06-28,APP,Size too large,,REFUNDED
RT004104,O015061,OI0017395,DH-FRO-00401,2026-01-17,WHATSAPP,Quality not as expected,,REFUNDED
RT004105,O015064,OI0017400,DH-DRE-00202,2026-06-13,APP,Other,"hello, accidentally order ho gaya exchange nahi chahiye",REFUNDED
RT004106,O015068,OI0017404,DH-KUR-00155,2025-01-06,WHATSAPP,Other,hi order bahut dre se mila very disappointed,REFUNDED
RT004107,O015072,OI0017408,DH-SCH-00489,2024-12-03,APP,Size too small,,REFUNDED
RT004108,O015073,OI0017409,DH-KID-00421,2026-02-23,APP,Size too small,,PICKUP_SCHEDULED
RT004109,O015075,OI0017411,DH-DRE-00209,2024-10-23,APP,Other,ye mera ordre nahi hai very disappointed,PICKUP_SCHEDULED
RT004110,O015076,OI0017412,DH-SCH-00488,2024-11-22,APP,Size too small,,REFUNDED
RT004111,O015077,OI0017413,DH-KUR-00141,2025-02-26,APP,Size too small,,REFUNDED
RT004112,O015083,OI0017420,DH-MEN-00582,2024-12-12,APP,Other,"hello, dont ned it anymore",REFUNDED
RT004113,O015097,OI0017436,DH-TOP-00310,2025-09-10,APP,Colour different from image,,PICKUP_SCHEDULED
RT004114,O015100,OI0017439,DH-KID-00536,2025-06-25,WHATSAPP,Other,bhaiya bacche ke liye bahut bada hai 🙏,REFUNDED
RT004115,O015105,OI0017444,DH-MEN-00550,2026-07-03,APP,Size too small,,REFUNDED
RT004116,O015109,OI0017448,DH-KUR-00177,2026-06-20,APP,Size too small,,REFUNDED
RT004117,O015113,OI0017452,DH-KUR-00174,2025-04-19,APP,Product damaged,,REFUNDED
RT004118,O015122,OI0017461,DH-TOP-00302,2026-03-06,WHATSAPP,Other,hi bekar !!,REFUNDED
RT004119,O015123,OI0017462,DH-PAL-00320,2026-08-04,APP,Quality not as expected,,REFUNDED
RT004120,O015124,OI0017463,DH-KUR-00123,2026-02-08,APP,Other,"HELLO, ACCIDENTALLY ORDER HO GAYA",REFUNDED
RT004121,O015128,OI0017467,DH-TOP-00273,2026-08-23,APP,Quality not as expected,,REFUNDED
RT004122,O015129,OI0017468,DH-KID-00424,2026-08-04,WHATSAPP,Quality not as expected,,REFUNDED
RT004123,O015136,OI0017476,DH-DRE-00204,2026-08-07,APP,Size too small,,REFUNDED
RT004124,O015139,OI0017480,DH-DRE-00229,2026-09-13,APP,Product damaged,,REFUNDED
RT004125,O015142,OI0017484,DH-PAL-00319,2025-11-24,APP,Product damaged,,REFUNDED
RT004126,O015157,OI0017499,DH-FRO-00416,2025-03-23,APP,Other,hi mummy ko pasand nahi aaya pls return,INSPECTED
RT004127,O015164,OI0017506,DH-FRO-00389,2026-09-04,APP,Size too small,,PICKUP_SCHEDULED
RT004128,O015166,OI0017508,DH-SCH-00489,2024-11-16,APP,Product damaged,,INSPECTED
RT004129,O015167,OI0017509,DH-MEN-00557,2025-03-02,WHATSAPP,Other,mam fabric rough hai skin pe chubhta hai !!,REFUNDED
RT004130,O015173,OI0017515,DH-FRO-00371,2025-07-28,APP,Colour different from image,,REFUNDED
RT004131,O015175,OI0017517,DH-KUR-00038,2025-07-12,APP,Size too large,,REFUNDED
RT004132,O015176,OI0017518,DH-PAL-00338,2025-09-13,WHATSAPP,Other,size chota hai aur kapda bhi patla,REFUNDED
RT004133,O015178,OI0017520,DH-KUR-00043,2025-03-03,WHATSAPP,Quality not as expected,,REFUNDED
RT004134,O015186,OI0017529,DH-TRA-00590,2026-03-21,WHATSAPP,Other,बहुत टाइट है,INSPECTED
RT004135,O015188,OI0017531,DH-KUR-00083,2025-09-25,APP,Other,साइज़ छोटा है,REFUNDED
RT004136,O015189,OI0017532,DH-KUR-00029,2024-11-04,APP,Size too small,,INSPECTED
RT004137,O015191,OI0017534,DH-CO--00355,2025-05-11,APP,Product damaged,,REFUNDED
RT004138,O015200,OI0017544,DH-KID-00500,2024-12-02,APP,Other,size chota hai aur kapda bhi patla,INSPECTED
RT004139,O015204,OI0017548,DH-SCH-00467,2026-05-31,APP,Other,see through hai kapda very disappointed,REFUNDED
RT004140,O015207,OI0017551,DH-TOP-00273,2025-02-03,APP,Size too large,,REFUNDED
RT004141,O015212,OI0017557,DH-KID-00431,2024-10-23,APP,Other,hi size bada hai !!,REFUNDED
RT004142,O015219,OI0017566,DH-TRA-00600,2026-07-22,APP,Other,"HI BAHUT LATE AAYA, FUNCTION NIKAL GAYA",REFUNDED
RT004143,O015220,OI0017567,DH-TOP-00292,2026-03-19,APP,Other,bhaiya functon cancel ho gaya,REFUNDED
RT004144,O015222,OI0017569,DH-KUR-00087,2026-04-03,WHATSAPP,Size too large,,REFUNDED
RT004145,O015225,OI0017573,DH-SCH-00472,2024-11-07,APP,Colour different from image,,REFUNDED
RT004146,O015232,OI0017580,DH-KUR-00045,2026-07-13,APP,Other,bhaiya mind change ho gaya refund chahiye,REFUNDED
RT004147,O015233,OI0017581,DH-PAL-00317,2025-10-26,WHATSAPP,Size too small,,REFUNDED
RT004148,O015240,OI0017588,DH-KID-00503,2024-12-23,WHATSAPP,Size too large,,REFUNDED
RT004149,O015244,OI0017595,DH-DRE-00244,2025-11-23,APP,Other,mam बहुत टाइट है very disappointed,REFUNDED
RT004150,O015246,OI0017597,DH-DRE-00250,2025-12-11,WHATSAPP,Product damaged,,REFUNDED
RT004151,O015247,OI0017598,DH-FRO-00398,2025-08-25,APP,Product damaged,,REFUNDED
RT004152,O015250,OI0017601,DH-TOP-00267,2026-05-25,APP,Size too large,,REFUNDED
RT004153,O015259,OI0017615,DH-TOP-00278,2026-03-24,WHATSAPP,Size too small,,REFUNDED
RT004154,O015263,OI0017620,DH-KID-00526,2025-02-22,WHATSAPP,Size too small,,REFUNDED
RT004155,O015267,OI0017624,DH-SCH-00482,2026-04-10,APP,Size too small,,REFUNDED
RT004156,O015277,OI0017637,DH-TOP-00307,2025-06-14,APP,Other,bada hai and colour bhi photo jaisa nahi,REFUNDED
RT004157,O015288,OI0017648,DH-DRE-00216,2026-01-17,APP,Other,bhaiya cloor is different from image pls return,REFUNDED
RT004158,O015293,OI0017656,DH-KUR-00047,2025-06-20,WHATSAPP,Size too large,,PICKUP_SCHEDULED
RT004159,O015296,OI0017659,DH-KUR-00043,2026-02-14,APP,Other,size chota hai aur kapda bhi patla,REFUNDED
RT004160,O015297,OI0017660,DH-KID-00431,2024-11-05,APP,Other,sir order bahut der se mila exchange nahi chahiye,REFUNDED
RT004161,O015302,OI0017666,DH-FRO-00412,2025-08-19,APP,Other,late aaya aur packet bhi phata hua,REFUNDED
RT004162,O015304,OI0017668,DH-MEN-00586,2025-11-13,WHATSAPP,Other,bhaiya image me bright tha real me dull hia 🙏,REFUNDED
RT004163,O015317,OI0017684,DH-TOP-00284,2026-03-07,APP,Colour different from image,,REFUNDED
RT004164,O015324,OI0017691,DH-KUR-00054,2025-11-07,APP,Other,"bhaiya size M bahut tight hai, L lena padega !!",INSPECTED
RT004165,O015326,OI0017693,DH-PAL-00313,2026-04-08,APP,Other,beti ke liye liya tha chhota pad gaya exchange nahi chahiye,REFUNDED
RT004166,O015326,OI0017694,DH-KUR-00033,2026-04-11,APP,Other,size chota hai aur kapda bhi patla,REFUNDED
RT004167,O015328,OI0017697,DH-PAL-00342,2026-07-01,APP,Size too small,,REFUNDED
RT004168,O015328,OI0017696,DH-KUR-00165,2026-07-01,APP,Colour different from image,,REFUNDED
RT004169,O015328,OI0017698,DH-KUR-00061,2026-07-01,WHATSAPP,Other,"sir wrong size bheja, M order kiya tha XL aaya exchange nahi chahiye",REFUNDED
RT004170,O015331,OI0017702,DH-TOP-00280,2026-07-14,APP,Other,mam issue hi 🙏,REFUNDED
RT004171,O015339,OI0017714,DH-TOP-00278,2025-05-17,APP,Other,hi quality achhi nahi hai !!,REFUNDED
RT004172,O015340,OI0017715,DH-KID-00453,2025-11-16,WHATSAPP,Other,pls order bahut der se mila pls return,REFUNDED
RT004173,O015351,OI0017726,DH-FRO-00408,2026-09-09,WHATSAPP,Other,hi quality achhi nahi hai 🙏,REFUNDED
RT004174,O015352,OI0017727,DH-CO--00360,2025-07-10,WHATSAPP,Size too large,,REFUNDED
RT004175,O015354,OI0017730,DH-FRO-00368,2026-02-15,APP,Other,bhaiya kapda bahut patla hai jaldi pickup karo,REFUNDED
RT004176,O015356,OI0017732,DH-MEN-00551,2026-07-15,APP,Size too small,,REFUNDED
RT004177,O015357,OI0017733,DH-KUR-00100,2025-01-14,WHATSAPP,Other,issue hai exchange nahi chahiye,REFUNDED
RT004178,O015358,OI0017734,DH-SCH-00471,2025-08-06,APP,Colour different from image,,REFUNDED
RT004179,O015359,OI0017735,DH-TOP-00273,2025-02-02,WHATSAPP,Size too large,,REFUNDED
RT004180,O015360,OI0017736,DH-KUR-00131,2024-12-12,APP,Other,sir mummy ko pasand nahi aaya exchange nahi chahiye,REFUNDED
RT004181,O015362,OI0017738,DH-TOP-00285,2024-10-23,WHATSAPP,Colour different from image,,PICKUP_SCHEDULED
RT004182,O015363,OI0017739,DH-KUR-00077,2026-07-23,APP,Other,pls dusri jagah sasta mil gaya !!,REFUNDED
RT004183,O015366,OI0017742,DH-FRO-00394,2026-04-01,APP,Colour different from image,,REFUNDED
RT004184,O015367,OI0017743,DH-KID-00516,2026-03-26,APP,Other,mam fitting bahut tight hai yaar !!,REFUNDED
RT004185,O015373,OI0017749,DH-KID-00516,2026-01-10,WHATSAPP,Other,na,INSPECTED
RT004186,O015374,OI0017751,DH-FRO-00388,2025-02-08,APP,Colour different from image,,REFUNDED
RT004187,O015376,OI0017753,DH-MEN-00571,2026-05-01,APP,Size too small,,REFUNDED
RT004188,O015393,OI0017774,DH-MEN-00582,2026-05-08,WHATSAPP,Other,bhaiya ... very disappointed,REFUNDED
RT004189,O015394,OI0017776,DH-PAL-00334,2026-08-30,APP,Wrong item received,,REFUNDED
RT004190,O015394,OI0017775,DH-KID-00517,2026-09-02,APP,Quality not as expected,,REFUNDED
RT004191,O015396,OI0017779,DH-KUR-00112,2025-09-14,APP,Colour different from image,,REFUNDED
RT004192,O015402,OI0017785,DH-KUR-00106,2026-07-09,APP,Other,"material not as described, ye cotton nahi lagta",REFUNDED
RT004193,O015403,OI0017786,DH-DRE-00204,2024-11-15,APP,Colour different from image,,REFUNDED
RT004194,O015405,OI0017788,DH-KID-00532,2025-12-18,APP,Quality not as expected,,INSPECTED
RT004195,O015408,OI0017791,DH-SCH-00490,2026-05-11,WHATSAPP,Size too small,,REFUNDED
RT004196,O015410,OI0017793,DH-TOP-00259,2026-04-11,APP,Other,mam function cancel ho gaya pls return,REFUNDED
RT004197,O015412,OI0017796,DH-SCH-00475,2026-06-19,APP,Other,mam ab zarurat nahi hai very disappointed,REFUNDED
RT004198,O015418,OI0017802,DH-SCH-00481,2024-12-17,APP,Colour different from image,,REFUNDED
RT004199,O015420,OI0017804,DH-DRE-00202,2024-11-03,WHATSAPP,Size too large,,REFUNDED
RT004200,O015421,OI0017805,DH-KUR-00042,2025-08-28,APP,Other,... jaldi pickup karo,PICKUP_SCHEDULED
RT004201,O015422,OI0017806,DH-KUR-00082,2026-07-26,APP,Product damaged,,REFUNDED
RT004202,O015425,OI0017809,DH-KUR-00149,2026-05-30,APP,Size too large,,REFUNDED
RT004203,O015429,OI0017814,DH-DRE-00200,2026-03-19,WHATSAPP,Size too small,,PICKUP_SCHEDULED
RT004204,O015430,OI0017815,DH-KUR-00166,2025-12-11,APP,Size too large,,REFUNDED
RT004205,O015431,OI0017816,DH-SCH-00480,2025-08-18,APP,Colour different from image,,REFUNDED
RT004206,O015431,OI0017817,DH-PAL-00326,2025-08-22,APP,Size too small,,REFUNDED
RT004207,O015433,OI0017819,DH-SCH-00465,2025-09-17,APP,Other,quality achhi nahi hai jaldi pickup karo,REFUNDED
RT004208,O015443,OI0017831,DH-KID-00458,2025-02-27,APP,Size too small,,REFUNDED
RT004209,O015447,OI0017836,DH-SCH-00480,2025-10-23,APP,Other,"hello, quality bilkul bekar exchange nahi chahiye",REFUNDED
RT004210,O015451,OI0017840,DH-CO--00345,2025-07-01,WHATSAPP,Other,"hello, order bahut der se mila pls return",REFUNDED
RT004211,O015452,OI0017841,DH-KUR-00133,2026-04-15,APP,Colour different from image,,REFUNDED
RT004212,O015463,OI0017853,DH-DRE-00184,2025-05-27,APP,Other,bhaiya ... pls return,REFUNDED
RT004213,O015464,OI0017855,DH-DRE-00231,2025-05-26,APP,Other,functio cancel ho gaya,INSPECTED
RT004214,O015464,OI0017854,DH-CO--00351,2025-05-25,APP,Size too large,,REFUNDED
RT004215,O015465,OI0017857,DH-KUR-00043,2025-06-01,WHATSAPP,Size too small,,REFUNDED
RT004216,O015465,OI0017856,DH-FRO-00411,2025-06-02,APP,Other,bada hai and colour bhi photo jaisa nahi,REFUNDED
RT004217,O015468,OI0017860,DH-KUR-00105,2026-02-02,WHATSAPP,Quality not as expected,,REFUNDED
RT004218,O015470,OI0017862,DH-KUR-00137,2025-12-22,APP,Other,"hello, oversized lag raha hai jabki regular fit likha tha refund chahiye",REFUNDED
RT004219,O015472,OI0017864,DH-DRE-00183,2026-08-28,APP,Other,bada hai and colour bhi photo jaisa nahi,PICKUP_SCHEDULED
RT004220,O015473,OI0017865,DH-KUR-00093,2025-02-06,WHATSAPP,Other,"hello, xl bhi tight hai kya size h ye",REFUNDED
RT004221,O015476,OI0017871,DH-KUR-00067,2026-08-10,APP,Size too large,,REFUNDED
RT004222,O015480,OI0017875,DH-TOP-00304,2025-12-07,APP,Other,,REFUNDED
RT004223,O015482,OI0017878,DH-SCH-00474,2025-02-02,WHATSAPP,Size too large,,INSPECTED
RT004224,O015488,OI0017884,DH-KID-00513,2026-04-16,WHATSAPP,Size too small,,REFUNDED
RT004225,O015494,OI0017894,DH-KUR-00080,2025-12-15,APP,Size too large,,REFUNDED
RT004226,O015515,OI0017918,DH-MEN-00568,2025-10-02,APP,Other,"SIR GIFT THA, UNKO PASAND NAHI AAYA JALDI PICKUP KARO",REFUNDED
RT004227,O015522,OI0017928,DH-FRO-00386,2024-11-20,WHATSAPP,Other,smaller than usual size pls return,REFUNDED
RT004228,O015526,OI0017932,DH-TOP-00304,2026-02-11,WHATSAPP,Size too small,,INSPECTED
RT004229,O015527,OI0017934,DH-TOP-00295,2026-05-11,WHATSAPP,Quality not as expected,,PICKUP_SCHEDULED
RT004230,O015527,OI0017933,DH-TOP-00258,2026-05-09,WHATSAPP,Other,mam size bada hai jaldi pickup karo,REFUNDED
RT004231,O015536,OI0017945,DH-SCH-00497,2026-07-25,APP,Other,delivry me 12 din lag gaye,REFUNDED
RT004232,O015543,OI0017952,DH-FRO-00400,2025-03-22,APP,Colour different from image,,INSPECTED
RT004233,O015547,OI0017956,DH-DRE-00240,2026-03-18,APP,Other,size chota hai aur kapda bhi patla,REFUNDED
RT004234,O015549,OI0017958,DH-DRE-00247,2025-11-14,APP,Size too small,,REFUNDED
RT004235,O015566,OI0017976,DH-SCH-00475,2026-05-20,APP,Colour different from image,,REFUNDED
RT004236,O015571,OI0017983,DH-MEN-00581,2025-03-02,WHATSAPP,Other,"mam late deliery, mehndi ke baad aaya pls return",REFUNDED
RT004237,O015573,OI0017985,DH-DRE-00183,2026-06-10,APP,Other,late aaya aur packet bhi phata hua,REFUNDED
RT004238,O015574,OI0017986,DH-SCH-00476,2025-12-09,APP,Quality not as expected,,REFUNDED
RT004239,O015574,OI0017987,DH-FRO-00409,2025-12-10,APP,Other,late aaya aur packet bhi phata hua,INSPECTED
RT004240,O015580,OI0017993,DH-DRE-00217,2024-11-17,APP,Product damaged,,REFUNDED
RT004241,O015584,OI0017997,DH-KID-00528,2025-11-12,APP,Colour different from image,,REFUNDED
RT004242,O015586,OI0018002,DH-KID-00528,2024-11-25,WHATSAPP,Other,"fabric achha nahi, fitting bhi tight",REFUNDED
RT004243,O015589,OI0018007,DH-KUR-00179,2026-07-27,APP,Wrong item received,,INSPECTED
RT004244,O015592,OI0018010,DH-KUR-00030,2026-05-05,APP,Other,return pls return,PICKUP_SCHEDULED
RT004245,O015597,OI0018016,DH-KUR-00011,2026-07-22,APP,Other,"gift tha, unko pasand nahi aaya",REFUNDED
RT004246,O015598,OI0018017,DH-KUR-00026,2024-10-22,APP,Other,"sir photo me maroon dikha, aaya brown refund chahiye",INSPECTED
RT004247,O015600,OI0018020,DH-DRE-00202,2024-12-22,APP,Colour different from image,,REFUNDED
RT004248,O015601,OI0018023,DH-SCH-00488,2024-11-07,APP,Other,"hello, thek nahi hai pls return",REFUNDED
RT004249,O015603,OI0018025,DH-KID-00518,2025-08-20,APP,Other,pls pls reurn !!,REFUNDED
RT004250,O015607,OI0018030,DH-KUR-00018,2026-05-04,APP,Other,.,REFUNDED
RT004251,O015609,OI0018033,DH-KID-00528,2025-04-21,APP,Size too small,,REFUNDED
RT004252,O015612,OI0018037,DH-TOP-00260,2026-07-28,APP,Other,pls mind change ho gaya very disappointed,INSPECTED
RT004253,O015613,OI0018038,DH-CO--00348,2025-03-13,APP,Size too large,,REFUNDED
RT004254,O015614,OI0018039,DH-MEN-00561,2024-10-29,WHATSAPP,Size too small,,REFUNDED
RT004255,O015615,OI0018040,DH-KID-00443,2025-04-03,APP,Quality not as expected,,REFUNDED
RT004256,O015620,OI0018045,DH-SCH-00489,2026-01-15,APP,Other,hi mind change ho gaya,REFUNDED
RT004257,O015625,OI0018053,DH-KID-00528,2024-10-21,APP,Other,hi time pe nahi aaya to ab kya karu pls return,REFUNDED
RT004258,O015626,OI0018055,DH-KID-00431,2026-02-04,APP,Other,mam dusri jagah sasta mil gaya 🙏,REFUNDED
RT004259,O015631,OI0018060,DH-MEN-00555,2025-12-30,APP,Other,na,PICKUP_SCHEDULED
RT004260,O015632,OI0018061,DH-TRA-00594,2026-08-01,APP,Other,.,REFUNDED
RT004261,O015635,OI0018064,DH-FRO-00409,2025-01-01,WHATSAPP,Colour different from image,,REFUNDED
RT004262,O015642,OI0018071,DH-KUR-00174,2025-11-09,WHATSAPP,Size too small,,REFUNDED
RT004263,O015643,OI0018073,DH-FRO-00379,2025-12-24,APP,Quality not as expected,,REFUNDED
RT004264,O015645,OI0018075,DH-MEN-00576,2026-09-12,APP,Colour different from image,,REFUNDED
RT004265,O015648,OI0018078,DH-KUR-00031,2026-01-04,APP,Quality not as expected,,REFUNDED
RT004266,O015651,OI0018081,DH-KUR-00023,2026-03-09,WHATSAPP,Size too large,,REFUNDED
RT004267,O015652,OI0018082,DH-KID-00422,2026-03-22,APP,Other,bhaiya delivery me 12 din lag gaye 🙏,REFUNDED
RT004268,O015653,OI0018083,DH-DRE-00192,2026-03-22,APP,Size too large,,REFUNDED
RT004269,O015655,OI0018085,DH-KUR-00126,2026-04-20,WHATSAPP,Size too small,,REFUNDED
RT004270,O015656,OI0018086,DH-SCH-00488,2025-10-20,APP,Other,time pe nahi aya to ab kya karu,REFUNDED
RT004271,O015667,OI0018098,DH-KID-00435,2026-09-13,WHATSAPP,Other,"mam gift tha, unko pasand nahi aya exchange nahi chahiye",REFUNDED
RT004272,O015668,OI0018099,DH-KUR-00055,2026-04-10,WHATSAPP,Size too small,,REFUNDED
RT004273,O015674,OI0018105,DH-MEN-00545,2026-02-19,APP,Quality not as expected,,REFUNDED
RT004274,O015676,OI0018107,DH-KUR-00177,2026-06-07,APP,Other,sir ab zarurat nahi hai,INSPECTED
RT004275,O015678,OI0018110,DH-KID-00501,2025-11-25,WHATSAPP,Other,pls ab zaruratn ahi hai jaldi pickup karo,REFUNDED
RT004276,O015680,OI0018112,DH-KID-00429,2026-05-10,APP,Other,"hello, bahut late aaya, function nikal gaya !!",REFUNDED
RT004277,O015682,OI0018114,DH-PAL-00316,2025-10-04,APP,Quality not as expected,,PICKUP_SCHEDULED
RT004278,O015684,OI0018116,DH-DRE-00198,2024-12-14,APP,Size too small,,REFUNDED
RT004279,O015689,OI0018122,DH-KID-00524,2026-01-05,APP,Other,"hello, accidentall order ho gaya very disappointed",REFUNDED
RT004280,O015692,OI0018125,DH-FRO-00370,2024-11-09,APP,Other,HI साइज़छ ोटा है REFUND CHAHIYE,REFUNDED
RT004281,O015695,OI0018129,DH-KID-00428,2025-12-19,APP,Other,size chart pe 38 likha tha but 36 jaisa hai exchange nahi chahiye,REFUNDED
RT004282,O015696,OI0018130,DH-DRE-00230,2026-06-05,WHATSAPP,Other,HI FUNCTION CANCEL HO GAYA,REFUNDED
RT004283,O015705,OI0018139,DH-KID-00527,2026-03-09,APP,Product damaged,,REFUNDED
RT004284,O015709,OI0018145,DH-KID-00457,2025-11-14,WHATSAPP,Other,"bhaiya gift tha, unko pasand nahi aaya jaldi pickup karo",PICKUP_SCHEDULED
RT004285,O015712,OI0018149,DH-KID-00443,2025-03-24,APP,Other,sir oversized lag raha hai jabki regular fit likha tha jaldi pickup karo,REFUNDED
RT004286,O015716,OI0018155,DH-KUR-00140,2025-07-13,APP,Other,mam colour fade sa hai photo jaisa nahi !!,REFUNDED
RT004287,O015718,OI0018157,DH-KID-00448,2025-10-13,WHATSAPP,Size too large,,REFUNDED
RT004288,O015722,OI0018163,DH-KUR-00033,2025-06-10,APP,Size too small,,REFUNDED
RT004289,O015722,OI0018162,DH-FRO-00399,2025-06-06,WHATSAPP,Other,bhaiya packet khula tha aur kapde pe daag hai pls return,REFUNDED
RT004290,O015724,OI0018165,DH-FRO-00388,2025-12-01,APP,Other,bhaiya print utar  raha hai,REFUNDED
RT004291,O015725,OI0018166,DH-TOP-00267,2026-03-12,APP,Other,"hello, too small, chest p fit nahi hua 🙏",REFUNDED
RT004292,O015725,OI0018167,DH-DRE-00219,2026-03-17,APP,Quality not as expected,,REFUNDED
RT004293,O015729,OI0018172,DH-DRE-00214,2026-02-16,WHATSAPP,Other,bhaiya bekar refund chahiye,REFUNDED
RT004294,O015730,OI0018173,DH-SCH-00498,2026-07-26,APP,Other,rang bilkul alag hai,REFUNDED
RT004295,O015733,OI0018176,DH-TOP-00262,2025-03-02,WHATSAPP,Size too large,,REFUNDED
RT004296,O015740,OI0018183,DH-MEN-00546,2025-03-24,APP,Other,mam see through hai kapda exchange nahi chahiye,REFUNDED
RT004297,O015746,OI0018192,DH-SCH-00489,2026-06-28,APP,Size too large,,REFUNDED
RT004298,O015748,OI0018194,DH-TOP-00307,2026-08-06,WHATSAPP,Other,ordered L but feels like S exchange nahi chahiye,REFUNDED
RT004299,O015750,OI0018197,DH-KUR-00082,2026-01-27,WHATSAPP,Quality not as expected,,REFUNDED
RT004300,O015761,OI0018213,DH-CO--00348,2024-10-18,APP,Size too large,,REFUNDED
RT004301,O015762,OI0018214,DH-FRO-00384,2026-09-04,APP,Size too large,,REFUNDED
RT004302,O015767,OI0018219,DH-DRE-00229,2026-09-04,APP,Size too small,,REFUNDED
RT004303,O015768,OI0018220,DH-FRO-00387,2025-12-10,APP,Size too small,,REFUNDED
RT004304,O015771,OI0018223,DH-FRO-00410,2026-04-30,APP,Other,size chota hai aur kapda bhi patla,REFUNDED
RT004305,O015778,OI0018232,DH-DRE-00239,2025-07-06,APP,Other,late aaya aur packet bhi phata hua,REFUNDED
RT004306,O015782,OI0018237,DH-KUR-00137,2026-01-07,APP,Other,pls image me bright tha real me dull hai !!,REFUNDED
RT004307,O015784,OI0018240,DH-SCH-00474,2025-11-13,APP,Other,"HELLO, NAHI CHAHIYE BAS PLS RETURN",REFUNDED
RT004308,O015793,OI0018249,DH-KUR-00008,2025-01-04,APP,Size too small,,PICKUP_SCHEDULED
RT004309,O015796,OI0018252,DH-SCH-00467,2026-04-27,APP,Quality not as expected,,REFUNDED
RT004310,O015802,OI0018261,DH-TOP-00282,2026-06-12,APP,Product damaged,,REFUNDED
RT004311,O015803,OI0018263,DH-FRO-00366,2026-05-09,APP,Quality not as expected,,REFUNDED
RT004312,O015803,OI0018262,DH-SCH-00476,2026-05-06,APP,Size too small,,REFUNDED
RT004313,O015807,OI0018268,DH-KID-00436,2025-06-14,APP,Other,TIGHT AHI,REFUNDED
RT004314,O015808,OI0018269,DH-KUR-00180,2024-11-05,WHATSAPP,Wrong item received,,PICKUP_SCHEDULED
RT004315,O015809,OI0018270,DH-DRE-00188,2025-01-09,APP,Product damaged,,REFUNDED
RT004316,O015810,OI0018271,DH-KUR-00094,2025-03-10,APP,Other,late aaya aur packet bhi phata hua,INSPECTED
RT004317,O015811,OI0018272,DH-KUR-00169,2026-08-18,APP,Colour different from image,,INSPECTED
RT004318,O015816,OI0018278,DH-SCH-00497,2025-12-28,WHATSAPP,Product damaged,,REFUNDED
RT004319,O015818,OI0018280,DH-FRO-00384,2025-02-27,APP,Quality not as expected,,REFUNDED
RT004320,O015820,OI0018283,DH-KID-00431,2024-10-27,APP,Other,color is different from image pls return,REFUNDED
RT004321,O015821,OI0018285,DH-MEN-00577,2025-07-10,APP,Other,"hi late delivery, mehndi ke baad aaya",INSPECTED
RT004322,O015823,OI0018287,DH-KID-00536,2025-02-23,APP,Size too small,,REFUNDED
RT004323,O015832,OI0018296,DH-SCH-00488,2025-10-26,WHATSAPP,Size too large,,REFUNDED
RT004324,O015834,OI0018298,DH-FRO-00415,2025-11-07,WHATSAPP,Other,colour alag hai aur quality bhi average,REFUNDED
RT004325,O015835,OI0018299,DH-KUR-00116,2026-08-03,APP,Other,mam issue hai !!,REFUNDED
RT004326,O015837,OI0018301,DH-DRE-00184,2025-07-15,APP,Product damaged,,REFUNDED
RT004327,O015838,OI0018302,DH-MEN-00567,2026-01-31,APP,Size too small,,REFUNDED
RT004328,O015841,OI0018306,DH-FRO-00390,2025-09-10,APP,Other,"hello, teek nahi hai",REFUNDED
RT004329,O015845,OI0018310,DH-KUR-00033,2025-11-19,APP,Size too small,,REFUNDED
RT004330,O015849,OI0018314,DH-KUR-00094,2025-10-16,APP,Size too small,,INSPECTED
RT004331,O015854,OI0018319,DH-DRE-00189,2026-04-30,APP,Colour different from image,,REFUNDED
RT004332,O015856,OI0018322,DH-MEN-00552,2026-07-07,WHATSAPP,Quality not as expected,,REFUNDED
RT004333,O015857,OI0018323,DH-KUR-00129,2026-03-14,WHATSAPP,Other,late aaya aur packet bhi phata hua,REFUNDED
RT004334,O015857,OI0018324,DH-SCH-00467,2026-03-20,APP,Other,issue haai 🙏,REFUNDED
RT004335,O015857,OI0018325,DH-DRE-00218,2026-03-17,APP,Other,sir order bahut der se mila !!,REFUNDED
RT004336,O015858,OI0018326,DH-DRE-00184,2025-02-26,WHATSAPP,Other,colour alag hai aur quality bhi average,REFUNDED
RT004337,O015860,OI0018328,DH-CO--00353,2025-05-22,APP,Other,"sir bahut late aaya, function nikal gaya",INSPECTED
RT004338,O015862,OI0018331,DH-KID-00503,2025-01-31,APP,Quality not as expected,,REFUNDED
RT004339,O015871,OI0018342,DH-TOP-00272,2025-04-10,APP,Product damaged,,REFUNDED
RT004340,O015877,OI0018348,DH-FRO-00418,2025-07-22,WHATSAPP,Other,"hello, अच्छा नहीं लगा jaldi pickup karo",PICKUP_SCHEDULED
RT004341,O015883,OI0018355,DH-TOP-00296,2026-03-27,APP,Size too small,,REFUNDED
RT004342,O015887,OI0018360,DH-KID-00433,2025-11-17,APP,Other,"late delivery, mehndi k baad aaya very disappointed",REFUNDED
RT004343,O015900,OI0018376,DH-FRO-00414,2026-02-03,APP,Quality not as expected,,REFUNDED
RT004344,O015904,OI0018380,DH-KUR-00149,2025-01-13,WHATSAPP,Other,size chota hai aur kapda bhi patla,INSPECTED
RT004345,O015916,OI0018393,DH-KUR-00125,2024-11-08,WHATSAPP,Quality not as expected,,REFUNDED
RT004346,O015920,OI0018398,DH-KUR-00132,2026-07-01,APP,Size too small,,REFUNDED
RT004347,O015922,OI0018400,DH-KID-00528,2026-06-10,APP,Other,bhaiya size bada hai,REFUNDED
RT004348,O015923,OI0018401,DH-KID-00537,2025-03-16,APP,Size too large,,REFUNDED
RT004349,O015925,OI0018403,DH-TOP-00285,2024-12-01,APP,Other,"hi gift tha, unko pasand nahi aaya",REFUNDED
RT004350,O015930,OI0018410,DH-KUR-00027,2025-06-23,APP,Size too small,,REFUNDED
RT004351,O015939,OI0018420,DH-DRE-00205,2026-02-09,APP,Other,"photo me maroon dikha, aaya brown very disappointed",INSPECTED
RT004352,O015942,OI0018423,DH-KUR-00021,2025-02-19,APP,Other,"hello, pasand nahi aaya pls return",REFUNDED
RT004353,O015958,OI0018441,DH-KUR-00042,2026-06-23,APP,Other,sir theek nahi hai refund chahiye,PICKUP_SCHEDULED
RT004354,O015960,OI0018443,DH-CO--00353,2025-04-03,APP,Quality not as expected,,INSPECTED
RT004355,O015963,OI0018447,DH-PAL-00329,2025-12-19,APP,Other,"gift tha, unko pasand nahi aaya",REFUNDED
RT004356,O015969,OI0018454,DH-CO--00356,2025-11-30,APP,Size too small,,REFUNDED
RT004357,O015971,OI0018456,DH-KUR-00068,2025-12-11,APP,Other,BHAIYA DUSRI JAGAH SASTA MIL GAYA REFUND CHAHIYE,PICKUP_SCHEDULED
RT004358,O015973,OI0018458,DH-TOP-00281,2026-02-20,APP,Size too large,,REFUNDED
RT004359,O015975,OI0018461,DH-PAL-00313,2025-06-27,APP,Colour different from image,,REFUNDED
RT004360,O015979,OI0018466,DH-DRE-00239,2025-10-31,APP,Size too small,,REFUNDED
RT004361,O015983,OI0018470,DH-KID-00461,2026-06-28,APP,Other,hi different design aaya,REFUNDED
RT004362,O015984,OI0018472,DH-KUR-00027,2026-02-07,APP,Other,pls acha nahi laga,REFUNDED
RT004363,O015985,OI0018473,DH-TOP-00289,2025-11-29,APP,Other,-,REFUNDED
RT004364,O015992,OI0018480,DH-FRO-00393,2025-12-01,WHATSAPP,Other,colour alag hai aur quality bhi average,REFUNDED
RT004365,O015997,OI0018485,DH-KUR-00043,2026-06-03,WHATSAPP,Product damaged,,REFUNDED
RT004366,O016004,OI0018494,DH-KUR-00162,2025-09-23,APP,Size too small,,REFUNDED
RT004367,O016014,OI0018505,DH-KUR-00039,2025-12-08,APP,Size too large,,REFUNDED
RT004368,O016015,OI0018506,DH-SCH-00497,2025-08-09,APP,Size too small,,REFUNDED
RT004369,O016016,OI0018507,DH-TRA-00593,2026-04-08,APP,Colour different from image,,INSPECTED
RT004370,O016017,OI0018508,DH-CO--00358,2024-12-26,APP,Size too small,,REFUNDED
RT004371,O016019,OI0018510,DH-KUR-00067,2026-06-16,APP,Quality not as expected,,REFUNDED
RT004372,O016021,OI0018512,DH-KUR-00112,2025-04-29,WHATSAPP,Other,mam color is different  from image jaldi pickup karo,REFUNDED
RT004373,O016024,OI0018515,DH-KUR-00171,2024-12-03,APP,Quality not as expected,,REFUNDED
RT004374,O016025,OI0018518,DH-KUR-00157,2025-07-07,APP,Other,"hello, bahut late aaya, funtion nikal gaya exchange nahi chahiye",REFUNDED
RT004375,O016027,OI0018520,DH-FRO-00406,2025-10-04,APP,Size too large,,REFUNDED
RT004376,O016031,OI0018524,DH-KUR-00125,2026-04-14,APP,Other,hi colour alag hai photo se 🙏,REFUNDED
RT004377,O016032,OI0018525,DH-KUR-00171,2026-02-02,APP,Other,bada hai and colour bhi photo jaisa nahi,REFUNDED
RT004378,O016033,OI0018526,DH-MEN-00577,2025-04-28,APP,Colour different from image,,REFUNDED
RT004379,O016035,OI0018528,DH-TOP-00292,2026-06-02,APP,Other,not good refund chahiye,REFUNDED
RT004380,O016047,OI0018541,DH-DRE-00215,2026-01-05,APP,Size too small,,INSPECTED
RT004381,O016055,OI0018550,DH-KUR-00038,2026-07-17,APP,Other,"hello, time pe nahi aaya to ab kya karu !!",INSPECTED
RT004382,O016058,OI0018553,DH-KID-00515,2026-04-15,APP,Size too small,,REFUNDED
RT004383,O016059,OI0018554,DH-PAL-00334,2026-09-25,APP,Size too small,,PICKUP_SCHEDULED
RT004384,O016061,OI0018556,DH-KUR-00046,2026-01-10,APP,Colour different from image,,REFUNDED
RT004385,O016065,OI0018560,DH-KUR-00066,2026-03-23,WHATSAPP,Colour different from image,,REFUNDED
RT004386,O016073,OI0018569,DH-KID-00527,2026-08-02,WHATSAPP,Size too small,,REFUNDED
RT004387,O016074,OI0018570,DH-CO--00348,2025-10-04,APP,Other,bada hai and colour bhi photo jaisa nahi,REFUNDED
RT004388,O016086,OI0018587,DH-KID-00428,2024-12-13,APP,Other,"HELLO, BEKAR PLS RETURN",REFUNDED
RT004389,O016094,OI0018597,DH-DRE-00198,2024-12-24,WHATSAPP,Colour different from image,,REFUNDED
RT004390,O016101,OI0018604,DH-KID-00455,2025-10-29,WHATSAPP,Other,beti ke liye liya th achhota pad gaya 🙏,REFUNDED
RT004391,O016102,OI0018605,DH-KUR-00016,2025-03-15,APP,Size too small,,REFUNDED
RT004392,O016107,OI0018610,DH-MEN-00582,2024-10-24,APP,Other,bhaiya size chota hai !!,REFUNDED
RT004393,O016108,OI0018612,DH-KID-00527,2025-11-08,APP,Other,"hello, accidentally order ho agya exchange nahi chahiye",REFUNDED
RT004394,O016110,OI0018614,DH-KUR-00105,2024-12-19,APP,Size too large,,REFUNDED
RT004395,O016113,OI0018617,DH-CO--00348,2024-11-07,APP,Other,bhaiya order bahut der se mila,REFUNDED
RT004396,O016114,OI0018618,DH-KUR-00018,2026-07-17,APP,Other,pls quality bilkul ekar !!,INSPECTED
RT004397,O016117,OI0018622,DH-DRE-00209,2024-11-18,WHATSAPP,Other,ok,REFUNDED
RT004398,O016119,OI0018624,DH-CO--00343,2025-12-22,WHATSAPP,Size too small,,INSPECTED
RT004399,O016122,OI0018627,DH-KUR-00030,2026-06-28,WHATSAPP,Other,bhaiya function cancel ho gaya,REFUNDED
RT004400,O016124,OI0018629,DH-SCH-00488,2025-05-22,APP,Product damaged,,REFUNDED
RT004401,O016125,OI0018630,DH-KUR-00079,2025-10-29,APP,Size too large,,REFUNDED
RT004402,O016127,OI0018633,DH-DRE-00250,2025-12-26,APP,Product damaged,,REFUNDED
RT004403,O016133,OI0018639,DH-MEN-00572,2026-05-15,WHATSAPP,Other,bada hai and colour bhi photo jaisa nahi,REFUNDED
RT004404,O016144,OI0018653,DH-DRE-00203,2025-02-25,APP,Quality not as expected,,REFUNDED
RT004405,O016148,OI0018657,DH-DRE-00209,2025-07-15,APP,Size too small,,INSPECTED
RT004406,O016151,OI0018660,DH-DRE-00224,2025-10-24,WHATSAPP,Colour different from image,,PICKUP_SCHEDULED
RT004407,O016155,OI0018667,DH-TOP-00303,2026-09-13,WHATSAPP,Colour different from image,,REFUNDED
RT004408,O016161,OI0018675,DH-FRO-00383,2026-02-23,APP,Size too small,,REFUNDED
RT004409,O016163,OI0018678,DH-SCH-00474,2025-12-06,APP,Other,"sir gift tha, unko pasand nahi aaya !!",PICKUP_SCHEDULED
RT004410,O016163,OI0018677,DH-KID-00431,2025-12-05,APP,Other,bhaiya dusri jagah sasta mil gaya jaldi pickup karo,REFUNDED
RT004411,O016166,OI0018682,DH-CO--00354,2024-12-14,APP,Colour different from image,,REFUNDED
RT004412,O016169,OI0018685,DH-FRO-00370,2025-03-31,WHATSAPP,Other,mam bacche ke liye bahut bada hai exchange nahi chahiye,REFUNDED
RT004413,O016172,OI0018688,DH-KUR-00152,2025-11-24,WHATSAPP,Other,sir XL bhi tight hai kya size h ye !!,REFUNDED
RT004414,O016173,OI0018689,DH-KUR-00124,2025-06-09,APP,Product damaged,,REFUNDED
RT004415,O016174,OI0018690,DH-FRO-00419,2025-07-22,APP,Other,pls dusri jagah sasat mil gaya pls return,PICKUP_SCHEDULED
RT004416,O016175,OI0018691,DH-KUR-00123,2025-08-07,APP,Quality not as expected,,REFUNDED
RT004417,O016177,OI0018697,DH-KID-00425,2026-01-19,WHATSAPP,Size too small,,INSPECTED
RT004418,O016178,OI0018699,DH-DRE-00203,2025-12-13,APP,Wrong item received,,REFUNDED
RT004419,O016180,OI0018702,DH-DRE-00235,2025-01-11,APP,Other,bhaiya accidentally order ho gaya,REFUNDED
RT004420,O016182,OI0018704,DH-KUR-00006,2026-04-25,APP,Other,bhaiya acha nahi laga,REFUNDED
RT004421,O016184,OI0018706,DH-FRO-00401,2025-07-04,WHATSAPP,Other,"hello, fabric cheap lag raha hai very disappointed",REFUNDED
RT004422,O016186,OI0018709,DH-KUR-00042,2026-02-13,APP,Size too small,,REFUNDED
RT004423,O016191,OI0018715,DH-DRE-00237,2026-03-17,APP,Size too small,,INSPECTED
RT004424,O016194,OI0018718,DH-KID-00521,2025-11-01,APP,Other,bhaiya 😞,REFUNDED
RT004425,O016199,OI0018724,DH-KUR-00173,2025-01-19,APP,Product damaged,,REFUNDED
RT004426,O016203,OI0018728,DH-KUR-00092,2026-05-13,APP,Size too small,,REFUNDED
RT004427,O016210,OI0018737,DH-FRO-00401,2024-11-02,APP,Quality not as expected,,REFUNDED
RT004428,O016211,OI0018739,DH-TOP-00311,2026-01-20,APP,Other,MAM DAMAGED PIECE RECEIVED !!,REFUNDED
RT004429,O016212,OI0018740,DH-KUR-00043,2024-10-17,WHATSAPP,Other,sir fitting bahut tight hai yaar 🙏,INSPECTED
RT004430,O016215,OI0018743,DH-MEN-00557,2025-04-11,WHATSAPP,Other,"sir Size small aaya, mera regular M h pls return",REFUNDED
RT004431,O016218,OI0018746,DH-KUR-00043,2025-03-31,APP,Other,sleeves tight hai arms me,REFUNDED
RT004432,O016223,OI0018751,DH-MEN-00546,2025-06-30,APP,Size too small,,REFUNDED
RT004433,O016224,OI0018753,DH-KUR-00113,2025-11-28,APP,Size too small,,REFUNDED
RT004434,O016241,OI0018773,DH-DRE-00202,2025-05-03,APP,Size too small,,REFUNDED
RT004435,O016242,OI0018774,DH-KUR-00164,2025-04-29,APP,Other,pls colour fade sa hai photo jaisan ahi,REFUNDED
RT004436,O016255,OI0018791,DH-TOP-00282,2025-10-13,WHATSAPP,Size too small,,REFUNDED
RT004437,O016258,OI0018795,DH-FRO-00383,2025-03-14,WHATSAPP,Size too small,,REFUNDED
RT004438,O016264,OI0018801,DH-KUR-00149,2024-11-25,APP,Other,"pls photo me maroon dikha,a aya brown jaldi pickup karo",REFUNDED
RT004439,O016268,OI0018805,DH-SCH-00469,2025-07-31,APP,Other,sir image me bright tha real me dull hai,REFUNDED
RT004440,O016271,OI0018808,DH-FRO-00368,2025-11-02,APP,Size too small,,REFUNDED
RT004441,O016282,OI0018820,DH-KUR-00129,2026-07-27,APP,Colour different from image,,REFUNDED
RT004442,O016284,OI0018822,DH-TOP-00302,2024-11-27,APP,Other,size chart pe 38 likha tha but 36 jaisa hai refund chahiye,PICKUP_SCHEDULED
RT004443,O016289,OI0018828,DH-TRA-00593,2026-04-11,APP,Size too small,,REFUNDED
RT004444,O016289,OI0018829,DH-DRE-00188,2026-04-06,APP,Other,"stitching kharab hai, dhaage nikal rahe pls return",REFUNDED
RT004445,O016289,OI0018827,DH-KUR-00029,2026-04-10,APP,Size too large,,REFUNDED
RT004446,O016291,OI0018832,DH-KUR-00083,2026-02-14,APP,Other,bhaiya not good,REFUNDED
RT004447,O016293,OI0018834,DH-SCH-00484,2026-08-02,WHATSAPP,Size too small,,REFUNDED
RT004448,O016295,OI0018836,DH-MEN-00561,2024-11-27,APP,Size too large,,REFUNDED
RT004449,O016295,OI0018837,DH-DRE-00202,2024-11-27,APP,Other,hi stain mila deliveyr pe 🙏,REFUNDED
RT004450,O016300,OI0018843,DH-TOP-00271,2025-06-02,WHATSAPP,Other,"mam material not as described, ye cotton nahi lagta jaldi pickup karo",REFUNDED
RT004451,O016305,OI0018848,DH-DRE-00244,2026-06-23,APP,Colour different from image,,REFUNDED
RT004452,O016307,OI0018851,DH-KUR-00141,2026-05-20,APP,Other,"fabric achha nahi, fitting bhi tight",REFUNDED
RT004453,O016308,OI0018852,DH-FRO-00378,2026-03-20,WHATSAPP,Wrong item received,,REFUNDED
RT004454,O016311,OI0018855,DH-KID-00430,2026-03-31,APP,Size too small,,REFUNDED
RT004455,O016320,OI0018865,DH-SCH-00489,2025-09-03,WHATSAPP,Other,"hello, accidentally order ho gaya jaldi pickup karo",REFUNDED
RT004456,O016323,OI0018868,DH-KUR-00089,2024-10-22,APP,Product damaged,,REFUNDED
RT004457,O016327,OI0018872,DH-CO--00347,2026-05-02,APP,Product damaged,,INSPECTED
RT004458,O016340,OI0018888,DH-DRE-00245,2026-09-02,APP,Quality not as expected,,REFUNDED
RT004459,O016347,OI0018895,DH-MEN-00544,2026-02-26,WHATSAPP,Other,MUMMY KO PASAND NAHI AYAA,REFUNDED
RT004460,O016353,OI0018901,DH-DRE-00237,2026-09-18,APP,Other,SIR FABRIC ROUGH HAI SKIN PE CHUBHTA HAI EXCHANGE NAHI CHAHIYE,PICKUP_SCHEDULED
RT004461,O016354,OI0018902,DH-KID-00536,2025-06-21,APP,Other,dont need it anymore pls return,REFUNDED
RT004462,O016358,OI0018907,DH-TOP-00271,2024-11-27,WHATSAPP,Other,hi nahi chahiye bas pls return,REFUNDED
RT004463,O016359,OI0018908,DH-PAL-00334,2025-11-17,WHATSAPP,Other,return pls return,REFUNDED
RT004464,O016365,OI0018915,DH-FRO-00388,2026-03-11,APP,Size too large,,REFUNDED
RT004465,O016368,OI0018919,DH-DRE-00200,2026-03-11,APP,Other,"mam size M bahut tight hai, L lena padega pls return",INSPECTED
RT004466,O016370,OI0018921,DH-KUR-00043,2025-01-16,APP,Other,hi beti ke liye liya tha chhota pad gaya very disappointed,REFUNDED
RT004467,O016375,OI0018926,DH-DRE-00209,2024-10-26,WHATSAPP,Other,mam order bahut der se mila very disappointed,REFUNDED
RT004468,O016378,OI0018929,DH-SCH-00476,2025-08-30,APP,Size too small,,REFUNDED
RT004469,O016384,OI0018935,DH-KID-00448,2024-11-07,APP,Size too large,,PICKUP_SCHEDULED
RT004470,O016388,OI0018941,DH-KUR-00016,2026-05-09,APP,Size too small,,INSPECTED
RT004471,O016389,OI0018942,DH-KUR-00103,2026-04-20,APP,Size too small,,REFUNDED
RT004472,O016390,OI0018943,DH-KUR-00122,2025-07-18,WHATSAPP,Product damaged,,REFUNDED
RT004473,O016393,OI0018946,DH-KID-00511,2026-09-16,APP,Size too large,,INSPECTED
RT004474,O016399,OI0018952,DH-PAL-00314,2025-12-17,APP,Other,mam issue hai 🙏,REFUNDED
RT004475,O016401,OI0018956,DH-PAL-00326,2025-09-09,WHATSAPP,Other,BEKAR 🙏,REFUNDED
RT004476,O016403,OI0018958,DH-KUR-00149,2024-11-11,WHATSAPP,Colour different from image,,REFUNDED
RT004477,O016406,OI0018961,DH-TOP-00284,2025-12-23,APP,Size too small,,REFUNDED
RT004478,O016408,OI0018963,DH-TOP-00277,2025-09-16,APP,Wrong item received,,REFUNDED
RT004479,O016410,OI0018965,DH-CO--00348,2025-08-27,APP,Other,sir see through hai kapda very disappointed,INSPECTED
RT004480,O016411,OI0018966,DH-PAL-00326,2024-10-10,APP,Other,"fabric achha nahi, fitting bhi tight",REFUNDED
RT004481,O016413,OI0018969,DH-KID-00462,2024-11-05,APP,Other,"HI BAHUT LATE AAYA, FUNCTION NIKAL GAYA VERY DISAPPOINTED",INSPECTED
RT004482,O016417,OI0018974,DH-KID-00524,2026-08-25,WHATSAPP,Other,bhaiya ab zarurat nahi hai refund chahiye,REFUNDED
RT004483,O016422,OI0018980,DH-SCH-00481,2026-08-31,WHATSAPP,Wrong item received,,REFUNDED
RT004484,O016427,OI0018985,DH-KUR-00174,2026-02-27,WHATSAPP,Other,"SIZE SMALL AAYA, MERA REGULAR M H VERY DISAPPOINTED",REFUNDED
RT004485,O016435,OI0018993,DH-PAL-00333,2026-07-29,APP,Other,size chart pe 38 likha tha but 36 jaisa hai !!,PICKUP_SCHEDULED
RT004486,O016439,OI0018998,DH-FRO-00373,2026-07-06,APP,Size too large,,REFUNDED
RT004487,O016442,OI0019002,DH-KUR-00173,2026-02-23,APP,Wrong item received,,REFUNDED
RT004488,O016445,OI0019005,DH-MEN-00557,2026-09-19,APP,Product damaged,,PICKUP_SCHEDULED
RT004489,O016450,OI0019010,DH-KID-00514,2026-05-02,APP,Quality not as expected,,REFUNDED
RT004490,O016457,OI0019017,DH-KUR-00055,2026-07-03,APP,Size too small,,INSPECTED
RT004491,O016459,OI0019019,DH-TOP-00302,2024-10-21,APP,Size too small,,REFUNDED
RT004492,O016460,OI0019021,DH-SCH-00472,2025-12-30,APP,Other,"late delivery, mehndi ke baad aaya refund chahiye",PICKUP_SCHEDULED
RT004493,O016465,OI0019026,DH-MEN-00561,2026-07-08,WHATSAPP,Quality not as expected,,REFUNDED
RT004494,O016471,OI0019032,DH-KID-00425,2025-01-12,APP,Colour different from image,,REFUNDED
RT004495,O016478,OI0019039,DH-KUR-00048,2026-03-22,APP,Other,"hi bahut late aaya, function nikal gaya",INSPECTED
RT004496,O016480,OI0019042,DH-DRE-00246,2026-06-18,WHATSAPP,Other,"HELLO, FUNCTION CANCEL HO GAYYA 🙏",REFUNDED
RT004497,O016484,OI0019046,DH-KUR-00121,2026-05-31,WHATSAPP,Other,dont need it anymore refund chahiye,REFUNDED
RT004498,O016487,OI0019049,DH-SCH-00467,2025-05-01,APP,Product damaged,,REFUNDED
RT004499,O016490,OI0019052,DH-KUR-00151,2025-10-10,APP,Wrong item received,,INSPECTED
RT004500,O016495,OI0019057,DH-KID-00430,2024-11-17,APP,Colour different from image,,INSPECTED
RT004501,O016507,OI0019072,DH-KUR-00082,2025-11-04,APP,Size too small,,REFUNDED
RT004502,O016508,OI0019073,DH-DRE-00248,2025-11-27,APP,Other,DIFFERENT DESIGN AAYA 🙏,REFUNDED
RT004503,O016509,OI0019074,DH-KID-00537,2025-11-02,WHATSAPP,Size too small,,REFUNDED
RT004504,O016514,OI0019079,DH-MEN-00557,2024-11-07,APP,Quality not as expected,,REFUNDED
RT004505,O016517,OI0019082,DH-KUR-00092,2025-03-29,WHATSAPP,Product damaged,,REFUNDED
RT004506,O016520,OI0019088,DH-FRO-00388,2024-11-05,APP,Other,ZIP KAAM NAHI KAR RAHI PLS RETURN,REFUNDED
RT004507,O016525,OI0019093,DH-KUR-00088,2025-01-31,APP,Other,kapda bahut patla hai jaldi pickup karo,REFUNDED
RT004508,O016526,OI0019094,DH-DRE-00201,2026-06-28,APP,Colour different from image,,REFUNDED
RT004509,O016529,OI0019100,DH-DRE-00238,2026-02-22,APP,Other,hi not as expected 🙏,REFUNDED
RT004510,O016533,OI0019106,DH-MEN-00585,2026-01-04,APP,Quality not as expected,,REFUNDED
RT004511,O016534,OI0019107,DH-TOP-00273,2026-05-14,APP,Colour different from image,,REFUNDED
RT004512,O016538,OI0019111,DH-KUR-00114,2025-11-16,APP,Colour different from image,,REFUNDED
RT004513,O016539,OI0019112,DH-KUR-00090,2026-07-02,WHATSAPP,Size too small,,REFUNDED
RT004514,O016542,OI0019115,DH-KID-00428,2025-01-22,APP,Colour different from image,,REFUNDED
RT004515,O016545,OI0019120,DH-FRO-00361,2026-08-22,APP,Other,time pe naih aaya to ab kya karu pls return,PICKUP_SCHEDULED
RT004516,O016553,OI0019131,DH-KID-00503,2025-05-18,APP,Size too large,,REFUNDED
RT004517,O016555,OI0019133,DH-KID-00523,2026-07-20,WHATSAPP,Other,FUNCTION CANCEL HO GAYA,REFUNDED
RT004518,O016558,OI0019136,DH-TOP-00297,2025-06-07,APP,Other,"hello, size chart se bada nikla",REFUNDED
RT004519,O016561,OI0019140,DH-FRO-00410,2026-08-03,APP,Product damaged,,REFUNDED
RT004520,O016564,OI0019144,DH-KUR-00136,2025-04-08,APP,Other,bhaiya fabric rough hai skin pe chubhta hai very disappointed,PICKUP_SCHEDULED
RT004521,O016570,OI0019150,DH-TOP-00276,2025-08-29,APP,Quality not as expected,,REFUNDED
RT004522,O016571,OI0019151,DH-DRE-00217,2024-11-03,APP,Size too small,,REFUNDED
RT004523,O016572,OI0019152,DH-FRO-00396,2026-03-20,APP,Size too small,,REFUNDED
RT004524,O016574,OI0019154,DH-SCH-00467,2026-03-16,WHATSAPP,Size too small,,REFUNDED
RT004525,O016575,OI0019155,DH-MEN-00542,2025-11-06,WHATSAPP,Wrong item received,,REFUNDED
RT004526,O016579,OI0019159,DH-DRE-00235,2025-03-26,WHATSAPP,Other,bhaiya dont need it anymore,REFUNDED
RT004527,O016580,OI0019160,DH-TRA-00593,2024-12-01,APP,Other,SIR IMAGE ME BRIGTH THA REAL ME DULL HAI 🙏,INSPECTED
RT004528,O016582,OI0019162,DH-TOP-00261,2026-02-24,APP,Other,bada hai and colour bhi photo jaisa nahi,REFUNDED
RT004529,O016592,OI0019174,DH-KUR-00026,2024-12-31,APP,Other,bahut tight h shoulders pe 🙏,REFUNDED
RT004530,O016593,OI0019175,DH-KUR-00171,2025-10-11,APP,Wrong item received,,REFUNDED
RT004531,O016602,OI0019185,DH-KID-00462,2026-07-31,APP,Size too small,,REFUNDED
RT004532,O016603,OI0019186,DH-KUR-00113,2025-06-28,APP,Size too small,,REFUNDED
RT004533,O016604,OI0019188,DH-KID-00500,2025-08-13,APP,Quality not as expected,,REFUNDED
RT004534,O016609,OI0019193,DH-PAL-00321,2026-02-28,APP,Size too small,,REFUNDED
RT004535,O016615,OI0019203,DH-KID-00460,2026-06-19,WHATSAPP,Other,"fabric achha nahi, fitting bhi tight",REFUNDED
RT004536,O016617,OI0019205,DH-FRO-00364,2026-01-08,APP,Wrong item received,,PICKUP_SCHEDULED
RT004537,O016624,OI0019214,DH-KUR-00104,2026-05-17,APP,Size too small,,REFUNDED
RT004538,O016628,OI0019220,DH-TOP-00285,2025-06-03,APP,Other,bhaiya pls reutrn very disappointed,PICKUP_SCHEDULED
RT004539,O016637,OI0019231,DH-DRE-00217,2024-12-23,APP,Other,mind change ho gaya,REFUNDED
RT004540,O016641,OI0019235,DH-CO--00355,2025-10-18,APP,Other,function cancel ho gaya exchange nahi chahiye,REFUNDED
RT004541,O016647,OI0019244,DH-SCH-00480,2026-05-04,APP,Other,"fabric achha nahi, fitting bhi tight",REFUNDED
RT004542,O016649,OI0019246,DH-FRO-00387,2024-12-23,APP,Quality not as expected,,REFUNDED
RT004543,O016651,OI0019248,DH-MEN-00548,2026-07-17,APP,Size too small,,REFUNDED
RT004544,O016655,OI0019253,DH-KUR-00046,2026-06-28,WHATSAPP,Other,"hello, colour fade sa hai photo jaisa nahi very disappointed",INSPECTED
RT004545,O016656,OI0019254,DH-KUR-00105,2025-03-16,WHATSAPP,Size too small,,REFUNDED
RT004546,O016662,OI0019261,DH-KUR-00136,2026-03-20,APP,Wrong item received,,INSPECTED
RT004547,O016663,OI0019262,DH-DRE-00246,2026-06-12,WHATSAPP,Size too small,,REFUNDED
RT004548,O016668,OI0019269,DH-CO--00356,2026-08-14,WHATSAPP,Other,"hello, very thin cloth refund chahiye",REFUNDED
RT004549,O016671,OI0019272,DH-KID-00506,2024-11-21,APP,Other,delivery me 12 din lag gaye !!,REFUNDED
RT004550,O016673,OI0019274,DH-KUR-00036,2026-07-02,WHATSAPP,Colour different from image,,REFUNDED
RT004551,O016674,OI0019275,DH-TOP-00269,2025-09-01,APP,Other,"sir size M bahut tight hai, L lena padega",REFUNDED
RT004552,O016675,OI0019276,DH-DRE-00192,2024-12-23,APP,Other,hi pasand nahi aaya,PICKUP_SCHEDULED
RT004553,O016680,OI0019281,DH-KUR-00066,2025-09-21,WHATSAPP,Colour different from image,,REFUNDED
RT004554,O016688,OI0019289,DH-MEN-00550,2026-09-04,WHATSAPP,Size too small,,REFUNDED
RT004555,O016690,OI0019291,DH-KUR-00034,2024-10-20,APP,Other,size bada hai pls return,INSPECTED
RT004556,O016702,OI0019303,DH-KID-00454,2025-08-15,APP,Quality not as expected,,REFUNDED
RT004557,O016702,OI0019304,DH-DRE-00234,2025-08-16,APP,Other,bhaiya colour alag hai photo se pls return,REFUNDED
RT004558,O016704,OI0019306,DH-KUR-00029,2025-10-18,APP,Size too small,,REFUNDED
RT004559,O016706,OI0019308,DH-KUR-00088,2024-11-29,APP,Product damaged,,REFUNDED
RT004560,O016707,OI0019309,DH-KUR-00171,2025-12-06,APP,Quality not as expected,,REFUNDED
RT004561,O016709,OI0019311,DH-DRE-00188,2024-10-20,APP,Size too large,,REFUNDED
RT004562,O016713,OI0019315,DH-DRE-00245,2025-11-06,APP,Quality not as expected,,REFUNDED
RT004563,O016717,OI0019319,DH-KUR-00111,2026-05-31,APP,Size too small,,REFUNDED
RT004564,O016719,OI0019321,DH-MEN-00553,2025-03-11,WHATSAPP,Colour different from image,,REFUNDED
RT004565,O016720,OI0019322,DH-KUR-00155,2026-01-26,APP,Other,zip kaam nahi kar rai,REFUNDED
RT004566,O016721,OI0019324,DH-MEN-00545,2025-12-28,APP,Quality not as expected,,PICKUP_SCHEDULED
RT004567,O016721,OI0019323,DH-SCH-00471,2025-12-28,APP,Other,mam function canel ho gaya !!,REFUNDED
RT004568,O016723,OI0019326,DH-KUR-00020,2025-12-04,APP,Other,size chota hai aur kapda bhi patla,REFUNDED
RT004569,O016724,OI0019327,DH-KUR-00050,2026-07-18,APP,Other,ok 🙏,PICKUP_SCHEDULED
RT004570,O016731,OI0019334,DH-KID-00537,2025-11-02,APP,Other,hi mind changeh o gaya,REFUNDED
RT004571,O016739,OI0019342,DH-KUR-00035,2025-03-02,APP,Other,bhaiya acha nah ilaga very disappointed,REFUNDED
RT004572,O016740,OI0019343,DH-KUR-00034,2025-04-12,APP,Other,late aaya aur packet bhi phata hua,REFUNDED
RT004573,O016746,OI0019349,DH-TRA-00597,2026-07-02,APP,Wrong item received,,REFUNDED
RT004574,O016749,OI0019352,DH-KID-00433,2025-04-08,APP,Other,size chota hai aur kapda bhi patla,REFUNDED
RT004575,O016751,OI0019354,DH-TOP-00285,2025-01-19,APP,Other,अच्छा नहीं लगा refund chahiye,INSPECTED
RT004576,O016752,OI0019355,DH-CO--00359,2026-09-06,APP,Colour different from image,,REFUNDED
RT004577,O016758,OI0019362,DH-PAL-00316,2025-12-28,WHATSAPP,Other,hi dont need it anymore pls return,REFUNDED
RT004578,O016763,OI0019367,DH-CO--00345,2026-05-16,APP,Other,sir length bahut zyada hai,INSPECTED
RT004579,O016769,OI0019375,DH-SCH-00494,2026-05-19,APP,Other,bhaiya fitting bahut tight hai yaar,REFUNDED
RT004580,O016773,OI0019380,DH-MEN-00583,2026-01-28,WHATSAPP,Other,mam packet geela tha kapda kharab very disappointed,REFUNDED
RT004581,O016777,OI0019384,DH-TOP-00256,2025-11-02,APP,Other,late aaya aur packet bhi phata hua,REFUNDED
RT004582,O016779,OI0019386,DH-KUR-00086,2026-06-01,APP,Size too small,,REFUNDED
RT004583,O016781,OI0019388,DH-MEN-00550,2026-01-19,APP,Size too large,,REFUNDED
RT004584,O016789,OI0019396,DH-KID-00532,2026-08-28,WHATSAPP,Quality not as expected,,REFUNDED
RT004585,O016799,OI0019406,DH-DRE-00241,2026-06-21,WHATSAPP,Size too small,,REFUNDED
RT004586,O016800,OI0019407,DH-PAL-00330,2025-08-20,WHATSAPP,Quality not as expected,,REFUNDED
RT004587,O016801,OI0019408,DH-PAL-00334,2026-06-07,APP,Quality not as expected,,REFUNDED
RT004588,O016804,OI0019411,DH-TOP-00282,2025-12-29,APP,Other,"MAM LOOSE FITTING, MERE SIZE KA NAHI LAGTA",REFUNDED
RT004589,O016807,OI0019414,DH-KUR-00093,2025-01-15,WHATSAPP,Other,size chota hai aur kapda bhi patla,REFUNDED
RT004590,O016808,OI0019416,DH-DRE-00215,2025-10-01,APP,Wrong item received,,REFUNDED
RT004591,O016809,OI0019417,DH-FRO-00403,2025-09-27,APP,Size too small,,REFUNDED
RT004592,O016816,OI0019425,DH-DRE-00211,2026-06-25,APP,Size too large,,REFUNDED
RT004593,O016818,OI0019427,DH-KID-00448,2026-03-22,WHATSAPP,Other,sir colour alag hia photo se,PICKUP_SCHEDULED
RT004594,O016831,OI0019442,DH-PAL-00327,2026-03-06,APP,Other,ab zarurat nahi hai exchange nahi chahiye,REFUNDED
RT004595,O016832,OI0019443,DH-KID-00524,2026-07-08,WHATSAPP,Other,mam ab arurat nahi hai jaldi pickup karo,REFUNDED
RT004596,O016838,OI0019449,DH-SCH-00474,2026-06-20,APP,Other,"fabric achha nahi, fitting bhi tight",REFUNDED
RT004597,O016841,OI0019454,DH-KID-00462,2024-10-29,WHATSAPP,Quality not as expected,,PICKUP_SCHEDULED
RT004598,O016845,OI0019459,DH-KUR-00129,2024-11-14,APP,Colour different from image,,REFUNDED
RT004599,O016850,OI0019464,DH-KID-00514,2025-04-15,APP,Other,ab zarurat nahi hai exchange nahi chahiye,REFUNDED
RT004600,O016853,OI0019467,DH-SCH-00497,2025-09-29,APP,Other,sir stain mila delivery pe pls return,INSPECTED
RT004601,O016856,OI0019470,DH-SCH-00466,2026-05-20,APP,Size too large,,REFUNDED
RT004602,O016858,OI0019473,DH-KUR-00071,2026-03-18,APP,Size too large,,REFUNDED
RT004603,O016859,OI0019474,DH-FRO-00411,2025-11-09,APP,Quality not as expected,,REFUNDED
RT004604,O016862,OI0019477,DH-KID-00517,2025-02-13,APP,Other,"hello, bahut late aaya, function nikal gaya",REFUNDED
RT004605,O016864,OI0019480,DH-KUR-00029,2025-05-16,APP,Other,dusri jagah  sasta mil gaya jaldi pickup karo,PICKUP_SCHEDULED
RT004606,O016870,OI0019487,DH-TOP-00285,2025-02-14,APP,Size too large,,REFUNDED
RT004607,O016876,OI0019493,DH-DRE-00236,2026-01-20,APP,Quality not as expected,,INSPECTED
RT004608,O016877,OI0019494,DH-DRE-00224,2026-02-27,APP,Other,bhaiya bacche ke liye bahut bada hai !!,REFUNDED
RT004609,O016881,OI0019501,DH-KID-00513,2024-12-19,APP,Other,pls length bhi kam hai aur tight bhi 🙏,INSPECTED
RT004610,O016883,OI0019503,DH-DRE-00210,2025-04-26,APP,Other,mam mind change ho gaya very disappointed,REFUNDED
RT004611,O016885,OI0019505,DH-KUR-00141,2025-04-11,WHATSAPP,Size too small,,REFUNDED
RT004612,O016888,OI0019508,DH-KUR-00163,2026-02-02,WHATSAPP,Size too large,,REFUNDED
RT004613,O016889,OI0019510,DH-KUR-00100,2024-12-04,APP,Other,"fabric achha nahi, fitting bhi tight",PICKUP_SCHEDULED
RT004614,O016889,OI0019509,DH-TOP-00279,2024-11-29,WHATSAPP,Other,mam oredr bahut der se mila,REFUNDED
RT004615,O016890,OI0019511,DH-SCH-00467,2025-09-15,APP,Quality not as expected,,PICKUP_SCHEDULED
RT004616,O016901,OI0019523,DH-TOP-00273,2026-07-23,WHATSAPP,Colour different from image,,REFUNDED
RT004617,O016905,OI0019528,DH-TOP-00273,2025-01-27,APP,Other,pls sleeves tight hai arms me 🙏,REFUNDED
RT004618,O016906,OI0019529,DH-KUR-00102,2026-03-17,WHATSAPP,Other,"hello, अच्छा नहं लगा refund chahiye",REFUNDED
RT004619,O016914,OI0019540,DH-KUR-00033,2025-10-25,WHATSAPP,Other,size se chota h !!,REFUNDED
RT004620,O016925,OI0019554,DH-KUR-00024,2026-01-17,APP,Other, ,REFUNDED
RT004621,O016926,OI0019555,DH-KID-00528,2024-10-14,APP,Other,function cancel ho gaya pls return,REFUNDED
RT004622,O016927,OI0019556,DH-TOP-00277,2026-03-05,APP,Other,mam order bahut ders e mila very disappointed,REFUNDED
RT004623,O016929,OI0019559,DH-KUR-00180,2024-11-03,APP,Wrong item received,,REFUNDED
RT004624,O016931,OI0019561,DH-TOP-00296,2026-08-01,WHATSAPP,Other,"bahut late aaya, function nikal gaya 🙏",REFUNDED
RT004625,O016931,OI0019562,DH-KID-00530,2026-07-31,APP,Other,oversized lag raha hai jabki regular fit likha tha exchange nahi chahiye,REFUNDED
RT004626,O016933,OI0019564,DH-MEN-00581,2026-07-05,APP,Size too small,,REFUNDED
RT004627,O016936,OI0019567,DH-CO--00351,2025-04-21,WHATSAPP,Wrong item received,,REFUNDED
RT004628,O016938,OI0019569,DH-MEN-00564,2025-11-02,APP,Wrong item received,,REFUNDED
RT004629,O016943,OI0019575,DH-DRE-00224,2026-08-27,WHATSAPP,Other,accidentally order ho gaya !!,REFUNDED
RT004630,O016946,OI0019578,DH-FRO-00383,2025-08-14,APP,Size too small,,REFUNDED
RT004631,O016949,OI0019581,DH-KUR-00180,2024-10-19,APP,Quality not as expected,,REFUNDED
RT004632,O016955,OI0019588,DH-KUR-00057,2026-02-23,APP,Size too large,,INSPECTED
RT004633,O016958,OI0019591,DH-KID-00451,2025-01-28,APP,Other,na,REFUNDED
RT004634,O016959,OI0019592,DH-KUR-00024,2026-08-08,APP,Quality not as expected,,REFUNDED
RT004635,O016960,OI0019593,DH-KUR-00105,2026-02-19,APP,Other,"sir gift tha, unko pasand nahi aaya jaldi pickup karo",REFUNDED
RT004636,O016961,OI0019594,DH-DRE-00244,2025-04-10,WHATSAPP,Colour different from image,,REFUNDED
RT004637,O016967,OI0019605,DH-KUR-00105,2026-05-06,APP,Wrong item received,,REFUNDED
RT004638,O016971,OI0019610,DH-FRO-00420,2026-06-12,APP,Size too small,,REFUNDED
RT004639,O016979,OI0019618,DH-KUR-00022,2026-08-09,APP,Other,bhaiya silai khuli hui thi aate hi refund chahiye,REFUNDED
RT004640,O016983,OI0019626,DH-MEN-00556,2026-05-16,APP,Quality not as expected,,REFUNDED
RT004641,O016984,OI0019627,DH-FRO-00386,2025-12-29,APP,Other,"gift tha, unko pasand nahi aaya jaldi pickup karo",REFUNDED
RT004642,O016989,OI0019632,DH-KUR-00004,2025-11-24,APP,Quality not as expected,,REFUNDED
RT004643,O016993,OI0019636,DH-KUR-00100,2025-01-29,APP,Quality not as expected,,REFUNDED
RT004644,O016998,OI0019641,DH-PAL-00321,2026-08-26,APP,Quality not as expected,,REFUNDED
RT004645,O016999,OI0019642,DH-MEN-00568,2026-01-15,WHATSAPP,Colour different from image,,REFUNDED
RT004646,O017003,OI0019646,DH-KUR-00100,2024-12-16,WHATSAPP,Product damaged,,REFUNDED
RT004647,O017004,OI0019647,DH-SCH-00474,2025-01-19,WHATSAPP,Quality not as expected,,REFUNDED
RT004648,O017008,OI0019651,DH-KID-00462,2026-04-14,APP,Size too small,,REFUNDED
RT004649,O017009,OI0019652,DH-KID-00451,2026-08-04,APP,Other,PLS ACHA NAHI LAGA 🙏,REFUNDED
RT004650,O017014,OI0019659,DH-KUR-00114,2025-06-19,APP,Other,colour alag hai aur quality bhi average,REFUNDED
RT004651,O017015,OI0019660,DH-KUR-00012,2026-02-02,WHATSAPP,Size too small,,INSPECTED
RT004652,O017018,OI0019664,DH-FRO-00418,2026-03-21,APP,Other,pls beti ke liye liya tha chhota pad gaya 🙏,INSPECTED
RT004653,O017030,OI0019678,DH-KUR-00180,2025-10-23,APP,Other,"HELLO, RANG HALKA HAI BAHUT !!",REFUNDED
RT004654,O017036,OI0019686,DH-KID-00507,2025-02-13,WHATSAPP,Quality not as expected,,REFUNDED
RT004655,O017038,OI0019688,DH-TOP-00258,2026-07-31,WHATSAPP,Size too large,,REFUNDED
RT004656,O017039,OI0019689,DH-CO--00349,2025-08-02,WHATSAPP,Other,"mam gift th, unko pasand nahi aaya",REFUNDED
RT004657,O017040,OI0019690,DH-DRE-00214,2025-10-24,APP,Product damaged,,REFUNDED
RT004658,O017045,OI0019695,DH-SCH-00466,2025-12-10,APP,Other,mam bekar refund chahiye,REFUNDED
RT004659,O017049,OI0019702,DH-KUR-00039,2025-04-25,APP,Other,bada hai and colour bhi photo jaisa nahi,REFUNDED
RT004660,O017050,OI0019704,DH-KID-00540,2026-07-23,APP,Quality not as expected,,INSPECTED
RT004661,O017058,OI0019713,DH-TOP-00311,2026-01-08,APP,Other,pls not as exppected jaldi pickup karo,REFUNDED
RT004662,O017060,OI0019715,DH-KUR-00171,2026-03-20,APP,Other,colour alag hai aur quality bhi average,REFUNDED
RT004663,O017064,OI0019720,DH-KID-00518,2025-07-19,WHATSAPP,Other,hi bahut loose hai,REFUNDED
RT004664,O017064,OI0019719,DH-MEN-00566,2025-07-19,APP,Product damaged,,REFUNDED
RT004665,O017066,OI0019722,DH-TOP-00289,2025-12-21,APP,Quality not as expected,,REFUNDED
RT004666,O017070,OI0019726,DH-KUR-00139,2025-03-25,APP,Other,qualit bilkul bekar 🙏,REFUNDED
RT004667,O017080,OI0019738,DH-KID-00462,2026-05-11,APP,Size too large,,REFUNDED
RT004668,O017081,OI0019739,DH-MEN-00541,2025-04-11,APP,Other,M MANGAAY THA BADA AAYA,REFUNDED
RT004669,O017084,OI0019742,DH-KUR-00097,2025-07-23,WHATSAPP,Other,.,PICKUP_SCHEDULED
RT004670,O017088,OI0019749,DH-KID-00456,2025-11-25,APP,Quality not as expected,,REFUNDED
RT004671,O017102,OI0019763,DH-FRO-00418,2024-12-05,APP,Colour different from image,,REFUNDED
RT004672,O017105,OI0019766,DH-KUR-00058,2025-03-20,WHATSAPP,Size too large,,INSPECTED
RT004673,O017106,OI0019767,DH-TOP-00262,2025-02-22,APP,Quality not as expected,,REFUNDED
RT004674,O017113,OI0019775,DH-KUR-00021,2024-11-25,WHATSAPP,Other,hole hai sleeve pe jaldi pickup karo,REFUNDED
RT004675,O017114,OI0019776,DH-FRO-00371,2025-08-27,WHATSAPP,Quality not as expected,,PICKUP_SCHEDULED
RT004676,O017116,OI0019779,DH-SCH-00467,2026-02-16,APP,Other,na,REFUNDED
RT004677,O017119,OI0019782,DH-MEN-00547,2026-03-29,APP,Size too small,,REFUNDED
RT004678,O017123,OI0019788,DH-FRO-00370,2025-04-05,APP,Other,bhaiya bahut loose hai jaldi pickup karo,PICKUP_SCHEDULED
RT004679,O017124,OI0019789,DH-SCH-00474,2024-11-11,APP,Quality not as expected,,REFUNDED
RT004680,O017126,OI0019791,DH-TOP-00272,2024-12-31,WHATSAPP,Other,hi too loose at wait !!,REFUNDED
RT004681,O017128,OI0019793,DH-TRA-00597,2025-03-24,WHATSAPP,Other,NOT AS EXPECED PLS RETURN,PICKUP_SCHEDULED
RT004682,O017134,OI0019801,DH-DRE-00231,2024-11-23,WHATSAPP,Size too small,,REFUNDED
RT004683,O017140,OI0019808,DH-SCH-00472,2025-04-04,APP,Quality not as expected,,REFUNDED
RT004684,O017140,OI0019809,DH-SCH-00474,2025-03-31,APP,Other,"hello, function cancel ho gaya exchange nahi chahiye",PICKUP_SCHEDULED
RT004685,O017145,OI0019815,DH-KUR-00100,2025-01-03,APP,Other,"hello, oversized lag raha hai jabki regular fit likha tha",REFUNDED
RT004686,O017148,OI0019819,DH-DRE-00184,2025-07-29,APP,Wrong item received,,REFUNDED
RT004687,O017152,OI0019823,DH-KUR-00099,2026-04-17,APP,Other,pls silai khuli hui thi aate hi refund chahiye,REFUNDED
RT004688,O017156,OI0019828,DH-DRE-00198,2026-07-26,WHATSAPP,Other,"hello, fitting bahut tight hai yaar",REFUNDED
RT004689,O017160,OI0019833,DH-PAL-00314,2026-07-28,APP,Other,mind change ho aya,REFUNDED
RT004690,O017166,OI0019840,DH-KUR-00056,2026-05-27,WHATSAPP,Other,bhaiya quality achhi nahi hai,PICKUP_SCHEDULED
RT004691,O017167,OI0019841,DH-CO--00348,2026-01-22,WHATSAPP,Colour different from image,,INSPECTED
RT004692,O017171,OI0019845,DH-KID-00517,2024-11-21,APP,Other,not as expected refund chahiye,INSPECTED
RT004693,O017174,OI0019848,DH-KID-00525,2026-03-05,APP,Quality not as expected,,REFUNDED
RT004694,O017176,OI0019850,DH-KID-00433,2025-03-15,APP,Size too large,,REFUNDED
RT004695,O017177,OI0019853,DH-FRO-00416,2025-08-15,APP,Colour different from image,,INSPECTED
RT004696,O017178,OI0019854,DH-KID-00443,2026-06-16,WHATSAPP,Other,dusri jagah sasta mil gaya 🙏,REFUNDED
RT004697,O017180,OI0019856,DH-CO--00356,2026-05-23,APP,Colour different from image,,PICKUP_SCHEDULED
RT004698,O017186,OI0019864,DH-DRE-00250,2025-10-03,WHATSAPP,Other, ,REFUNDED
RT004699,O017189,OI0019867,DH-KID-00451,2025-07-21,WHATSAPP,Product damaged,,REFUNDED
RT004700,O017201,OI0019879,DH-CO--00355,2026-05-12,APP,Other,"bhaiya gift tha, unko pasand nahi aaya !!",REFUNDED
RT004701,O017203,OI0019881,DH-PAL-00323,2026-09-07,APP,Product damaged,,REFUNDED
RT004702,O017205,OI0019883,DH-KUR-00049,2026-07-31,APP,Quality not as expected,,INSPECTED
RT004703,O017207,OI0019885,DH-KUR-00137,2025-02-17,APP,Product damaged,,REFUNDED
RT004704,O017209,OI0019888,DH-KUR-00154,2025-07-04,WHATSAPP,Quality not as expected,,INSPECTED
RT004705,O017210,OI0019889,DH-KUR-00083,2026-06-23,APP,Other,pls stain ila delivery pe,INSPECTED
RT004706,O017220,OI0019900,DH-TRA-00590,2026-01-05,WHATSAPP,Other,"hello, return refund chahiye",REFUNDED
RT004707,O017223,OI0019903,DH-KUR-00180,2025-01-19,WHATSAPP,Other,function cancel ho gaya !!,REFUNDED
RT004708,O017226,OI0019908,DH-TOP-00259,2025-09-02,APP,Quality not as expected,,REFUNDED
RT004709,O017244,OI0019929,DH-KUR-00047,2025-06-19,WHATSAPP,Size too large,,REFUNDED
RT004710,O017245,OI0019930,DH-KUR-00071,2025-03-24,APP,Other,hi 😞 jaldi pickup karo,REFUNDED
RT004711,O017247,OI0019934,DH-DRE-00181,2025-02-23,APP,Colour different from image,,REFUNDED
RT004712,O017251,OI0019941,DH-KID-00438,2026-04-21,APP,Other,"hello, order bahut der se mila !!",REFUNDED
RT004713,O017253,OI0019943,DH-DRE-00218,2025-03-05,APP,Other, ,REFUNDED
RT004714,O017256,OI0019946,DH-KUR-00140,2025-09-12,APP,Quality not as expected,,REFUNDED
RT004715,O017258,OI0019949,DH-TOP-00271,2024-12-05,WHATSAPP,Other,"kruti bahut fit hai, breathe nahi kar pa rahi !!",REFUNDED
RT004716,O017259,OI0019950,DH-FRO-00366,2025-10-22,APP,Size too large,,REFUNDED
RT004717,O017260,OI0019951,DH-KUR-00086,2024-12-27,APP,Size too large,,REFUNDED
RT004718,O017261,OI0019952,DH-PAL-00318,2025-03-24,APP,Size too small,,INSPECTED
RT004719,O017268,OI0019960,DH-KUR-00144,2026-03-31,WHATSAPP,Other,bhaiya dsri jagah sasta mil gaya pls return,REFUNDED
RT004720,O017270,OI0019962,DH-KUR-00135,2026-01-27,WHATSAPP,Other,function cancel oh gaya refund chahiye,REFUNDED
RT004721,O017273,OI0019966,DH-TOP-00253,2026-07-27,WHATSAPP,Size too large,,REFUNDED
RT004722,O017274,OI0019967,DH-FRO-00414,2026-06-20,APP,Size too large,,REFUNDED
RT004723,O017275,OI0019968,DH-TOP-00278,2025-10-03,WHATSAPP,Quality not as expected,,REFUNDED
RT004724,O017277,OI0019970,DH-MEN-00585,2025-06-02,APP,Quality not as expected,,REFUNDED
RT004725,O017284,OI0019978,DH-KUR-00108,2025-07-01,APP,Product damaged,,REFUNDED
RT004726,O017289,OI0019984,DH-MEN-00561,2024-12-30,APP,Other,hi pink mangaya tha peach aaya,REFUNDED
RT004727,O017290,OI0019985,DH-TOP-00293,2025-10-04,APP,Size too large,,REFUNDED
RT004728,O017293,OI0019989,DH-TOP-00285,2024-11-01,APP,Other,"hello, delivery me 12 din lag gaye exchange nahi chahiye",REFUNDED
RT004729,O017301,OI0019998,DH-PAL-00330,2025-03-19,APP,Quality not as expected,,REFUNDED
RT004730,O017309,OI0020007,DH-SCH-00480,2026-03-30,APP,Other,sir not as expected,REFUNDED
RT004731,O017310,OI0020009,DH-DRE-00188,2024-12-08,APP,Size too large,,REFUNDED
RT004732,O017311,OI0020010,DH-KUR-00050,2025-01-11,APP,Other,"fabric achha nahi, fitting bhi tight",REFUNDED
RT004733,O017314,OI0020013,DH-DRE-00239,2025-12-28,APP,Size too small,,REFUNDED
RT004734,O017320,OI0020019,DH-DRE-00188,2025-05-07,WHATSAPP,Quality not as expected,,REFUNDED
RT004735,O017328,OI0020028,DH-KUR-00058,2025-10-04,APP,Colour different from image,,REFUNDED
RT004736,O017330,OI0020030,DH-TOP-00279,2026-02-10,APP,Other,bhaiya ab zarurat nahi hai,REFUNDED
RT004737,O017339,OI0020039,DH-KUR-00091,2026-07-03,WHATSAPP,Other,pls time pe nahi aaya o ab kya karu,REFUNDED
RT004738,O017343,OI0020043,DH-SCH-00479,2025-04-15,APP,Other,"hello, gift tha, unko pasand nahi aaya 🙏",INSPECTED
RT004739,O017352,OI0020053,DH-PAL-00319,2026-02-20,APP,Product damaged,,REFUNDED
RT004740,O017354,OI0020055,DH-KUR-00105,2026-09-16,APP,Product damaged,,REFUNDED
RT004741,O017356,OI0020057,DH-TOP-00253,2025-08-24,APP,Other,hi issue hai refund chahiye,REFUNDED
RT004742,O017364,OI0020065,DH-KUR-00089,2026-06-07,APP,Quality not as expected,,REFUNDED
RT004743,O017368,OI0020071,DH-MEN-00588,2026-09-24,APP,Size too small,,PICKUP_SCHEDULED
RT004744,O017373,OI0020076,DH-KUR-00016,2025-05-28,APP,Other,"WRONG SIZE BHEJA, M ORDER KIYA THA XL AAYA",PICKUP_SCHEDULED
RT004745,O017380,OI0020083,DH-FRO-00404,2026-03-09,APP,Other,"hi chhota aa gaya, size chart galat hai jaldi pickup karo",REFUNDED
RT004746,O017382,OI0020086,DH-KUR-00167,2025-08-26,APP,Other,bhaiya holeh ai sleeve pe 🙏,REFUNDED
RT004747,O017384,OI0020088,DH-MEN-00544,2026-09-27,APP,Quality not as expected,,PICKUP_SCHEDULED
RT004748,O017388,OI0020092,DH-KUR-00050,2025-06-10,APP,Other,.,REFUNDED
RT004749,O017397,OI0020103,DH-DRE-00206,2025-11-06,APP,Wrong item received,,REFUNDED
RT004750,O017401,OI0020108,DH-KID-00455,2026-03-18,APP,Quality not as expected,,INSPECTED
RT004751,O017404,OI0020111,DH-MEN-00586,2024-11-29,APP,Size too small,,INSPECTED
RT004752,O017427,OI0020138,DH-KUR-00155,2025-03-07,APP,Other,BACCHE KE LIYE BAHUT BADA HAI JALDI PICKUP KARO,REFUNDED
RT004753,O017428,OI0020139,DH-KID-00506,2026-04-05,WHATSAPP,Colour different from image,,REFUNDED
RT004754,O017430,OI0020141,DH-FRO-00368,2026-06-21,APP,Colour different from image,,REFUNDED
RT004755,O017431,OI0020142,DH-DRE-00213,2025-04-17,APP,Colour different from image,,REFUNDED
RT004756,O017435,OI0020147,DH-KUR-00149,2025-10-26,APP,Colour different from image,,REFUNDED
RT004757,O017438,OI0020151,DH-KID-00527,2026-08-22,APP,Product damaged,,REFUNDED
RT004758,O017443,OI0020156,DH-KUR-00124,2025-08-03,APP,Product damaged,,REFUNDED
RT004759,O017449,OI0020163,DH-KUR-00026,2025-01-04,APP,Other,beti ke liye liya tha chhota pad gaya,REFUNDED
RT004760,O017450,OI0020164,DH-SCH-00491,2026-09-27,APP,Product damaged,,PICKUP_SCHEDULED
RT004761,O017453,OI0020167,DH-KUR-00129,2025-06-04,APP,Other,nahi chahiye bas,REFUNDED
RT004762,O017458,OI0020172,DH-SCH-00472,2025-12-21,APP,Wrong item received,,REFUNDED
RT004763,O017467,OI0020186,DH-KUR-00137,2025-12-20,WHATSAPP,Other,mam quality bilklu bekar jaldi pickup karo,REFUNDED
RT004764,O017470,OI0020191,DH-TOP-00301,2025-04-28,WHATSAPP,Size too large,,REFUNDED
RT004765,O017477,OI0020199,DH-TOP-00308,2025-10-24,WHATSAPP,Other,lengtth bhi kam hai aur tight bhi,INSPECTED
RT004766,O017478,OI0020201,DH-KUR-00068,2025-05-29,WHATSAPP,Size too large,,REFUNDED
RT004767,O017484,OI0020208,DH-DRE-00204,2026-06-19,APP,Size too small,,REFUNDED
RT004768,O017493,OI0020217,DH-KUR-00050,2026-08-30,APP,Size too large,,REFUNDED
RT004769,O017500,OI0020225,DH-DRE-00190,2025-04-04,APP,Other,hi stain mila delivery pe !!,REFUNDED
RT004770,O017501,OI0020226,DH-SCH-00474,2025-11-13,WHATSAPP,Other,hi ok exchange nahi chahiye,REFUNDED
RT004771,O017504,OI0020229,DH-KUR-00105,2025-12-31,WHATSAPP,Other,colour alag hai aur quality bhi average,REFUNDED
RT004772,O017505,OI0020230,DH-PAL-00326,2024-11-16,WHATSAPP,Other,hi no pls return,REFUNDED
RT004773,O017508,OI0020233,DH-KUR-00067,2026-01-29,APP,Other,colour alag hai aur quality bhi average,REFUNDED
RT004774,O017509,OI0020234,DH-PAL-00333,2026-04-09,WHATSAPP,Other,साइज़ छोटा है !!,REFUNDED
RT004775,O017515,OI0020243,DH-FRO-00366,2025-08-03,APP,Size too small,,REFUNDED
RT004776,O017518,OI0020247,DH-KID-00528,2025-02-19,APP,Size too small,,REFUNDED
RT004777,O017527,OI0020256,DH-DRE-00198,2026-02-08,APP,Size too large,,REFUNDED
RT004778,O017540,OI0020270,DH-FRO-00392,2025-12-26,APP,Product damaged,,REFUNDED
RT004779,O017541,OI0020272,DH-KUR-00129,2026-07-13,WHATSAPP,Quality not as expected,,REFUNDED
RT004780,O017542,OI0020273,DH-KID-00445,2026-08-16,APP,Other,hole hai sleeve pe refund chahiye,REFUNDED
RT004781,O017544,OI0020275,DH-TOP-00277,2025-10-05,WHATSAPP,Colour different from image,,REFUNDED
RT004782,O017545,OI0020276,DH-SCH-00465,2025-03-06,APP,Other,pls ok very disappointed,REFUNDED
RT004783,O017546,OI0020277,DH-DRE-00234,2026-09-21,APP,Other,"HELLO, TIGHT HAI EXCHANGE NAHI CHAHIYE",PICKUP_SCHEDULED
RT004784,O017548,OI0020279,DH-KUR-00058,2025-07-29,WHATSAPP,Size too small,,REFUNDED
RT004785,O017552,OI0020284,DH-SCH-00468,2025-04-18,WHATSAPP,Size too large,,REFUNDED
RT004786,O017558,OI0020291,DH-KUR-00100,2024-12-16,APP,Size too large,,REFUNDED
RT004787,O017562,OI0020295,DH-MEN-00577,2025-11-06,APP,Size too small,,REFUNDED
RT004788,O017564,OI0020297,DH-KUR-00030,2026-09-26,APP,Quality not as expected,,PICKUP_SCHEDULED
RT004789,O017567,OI0020301,DH-PAL-00318,2026-02-25,APP,Wrong item received,,REFUNDED
RT004790,O017574,OI0020310,DH-TOP-00279,2024-12-06,APP,Size too small,,REFUNDED
RT004791,O017576,OI0020312,DH-DRE-00202,2026-01-12,WHATSAPP,Size too small,,REFUNDED
RT004792,O017582,OI0020319,DH-FRO-00419,2024-11-01,APP,Size too large,,REFUNDED
RT004793,O017587,OI0020325,DH-KUR-00129,2024-11-28,APP,Size too small,,REFUNDED
RT004794,O017589,OI0020327,DH-KUR-00180,2026-08-09,APP,Other,"hello, साइज़ छोटा है very disappointed",PICKUP_SCHEDULED
RT004795,O017592,OI0020332,DH-TOP-00301,2025-04-10,APP,Quality not as expected,,REFUNDED
RT004796,O017593,OI0020333,DH-FRO-00386,2024-11-09,WHATSAPP,Other,"hello, dusrii jagah sasta mil gaya !!",REFUNDED
RT004797,O017595,OI0020335,DH-FRO-00366,2026-01-22,APP,Other,pls bekar jaldi pickup karo,PICKUP_SCHEDULED
RT004798,O017602,OI0020344,DH-CO--00348,2025-12-07,APP,Other,"hello, thek nahi hai very disappointed",REFUNDED
RT004799,O017603,OI0020345,DH-KUR-00032,2025-12-08,APP,Other,"hi wrong size bheja, M order kiya tha XL aaya pls return",REFUNDED
RT004800,O017618,OI0020362,DH-MEN-00567,2026-04-24,WHATSAPP,Size too large,,REFUNDED
RT004801,O017626,OI0020370,DH-TRA-00595,2024-12-07,APP,Size too small,,REFUNDED
RT004802,O017628,OI0020372,DH-PAL-00335,2026-07-11,APP,Other,"late delivery, mehndi ke baad aaaya !!",REFUNDED
RT004803,O017629,OI0020373,DH-DRE-00247,2026-01-24,WHATSAPP,Size too small,,REFUNDED
RT004804,O017637,OI0020381,DH-TOP-00271,2026-07-21,APP,Quality not as expected,,REFUNDED
RT004805,O017638,OI0020382,DH-KUR-00136,2025-10-27,APP,Colour different from image,,REFUNDED
RT004806,O017639,OI0020383,DH-DRE-00246,2025-11-08,APP,Size too small,,REFUNDED
RT004807,O017645,OI0020389,DH-FRO-00375,2025-06-22,APP,Other,"KURTI BAHUT FIT HAI, BREATHE NHAI KAR PA RAHI !!",REFUNDED
RT004808,O017646,OI0020390,DH-KUR-00116,2026-01-18,WHATSAPP,Other,SIR DELIVERY ME 12 DIN LAG GAYE VERY DISAPPOINTED,REFUNDED
RT004809,O017649,OI0020394,DH-FRO-00383,2026-04-02,APP,Size too large,,REFUNDED
RT004810,O017650,OI0020395,DH-FRO-00386,2026-05-02,APP,Size too large,,REFUNDED
RT004811,O017651,OI0020396,DH-KUR-00125,2024-11-05,WHATSAPP,Size too small,,REFUNDED
RT004812,O017654,OI0020400,DH-FRO-00384,2026-04-22,APP,Product damaged,,PICKUP_SCHEDULED
RT004813,O017658,OI0020404,DH-KID-00516,2026-06-02,APP,Colour different from image,,REFUNDED
RT004814,O017665,OI0020412,DH-FRO-00397,2026-04-04,APP,Size too large,,REFUNDED
RT004815,O017673,OI0020422,DH-DRE-00249,2025-11-17,APP,Quality not as expected,,REFUNDED
RT004816,O017675,OI0020425,DH-DRE-00212,2026-09-04,WHATSAPP,Size too small,,REFUNDED
RT004817,O017676,OI0020426,DH-SCH-00489,2024-10-27,APP,Other,"hello, 😞",INSPECTED
RT004818,O017678,OI0020428,DH-FRO-00398,2026-02-06,WHATSAPP,Quality not as expected,,REFUNDED
RT004819,O017691,OI0020442,DH-KUR-00033,2025-12-12,APP,Other,sir कपड़ा बहुत पतला है,REFUNDED
RT004820,O017693,OI0020445,DH-TOP-00271,2025-06-05,WHATSAPP,Size too large,,REFUNDED
RT004821,O017695,OI0020447,DH-FRO-00414,2025-10-16,APP,Size too large,,REFUNDED
RT004822,O017696,OI0020448,DH-FRO-00379,2026-02-09,APP,Wrong item received,,REFUNDED
RT004823,O017700,OI0020452,DH-KUR-00016,2025-02-21,APP,Size too large,,REFUNDED
RT004824,O017712,OI0020465,DH-DRE-00243,2025-12-09,APP,Product damaged,,INSPECTED
RT004825,O017715,OI0020468,DH-KUR-00093,2025-01-13,APP,Size too small,,REFUNDED
RT004826,O017717,OI0020470,DH-KID-00532,2026-01-31,WHATSAPP,Quality not as expected,,REFUNDED
RT004827,O017718,OI0020471,DH-KUR-00095,2026-07-24,APP,Size too small,,REFUNDED
RT004828,O017719,OI0020473,DH-TOP-00262,2025-01-01,WHATSAPP,Other,sir acha nahi laga 🙏,REFUNDED
RT004829,O017723,OI0020477,DH-KUR-00013,2026-08-23,APP,Size too small,,REFUNDED
RT004830,O017727,OI0020483,DH-KID-00431,2026-01-15,APP,Other,"hello, order bahut de se mila",REFUNDED
RT004831,O017735,OI0020491,DH-KUR-00090,2026-06-25,APP,Other,sir कपड़ा बहुत पतला है 🙏,REFUNDED
RT004832,O017743,OI0020501,DH-KUR-00149,2024-10-26,APP,Other,size chota hai aur kapda bhi patla,REFUNDED
RT004833,O017750,OI0020509,DH-KID-00503,2024-11-19,WHATSAPP,Size too small,,REFUNDED
RT004834,O017754,OI0020513,DH-FRO-00367,2026-07-24,WHATSAPP,Other,hi function cancel ho gaya,REFUNDED
RT004835,O017756,OI0020515,DH-MEN-00544,2025-10-09,WHATSAPP,Quality not as expected,,REFUNDED
RT004836,O017757,OI0020516,DH-DRE-00243,2026-07-13,APP,Product damaged,,REFUNDED
RT004837,O017764,OI0020525,DH-SCH-00474,2024-11-28,WHATSAPP,Other,"hello, hole hai seeve pe !!",REFUNDED
RT004838,O017764,OI0020523,DH-DRE-00181,2024-12-01,APP,Colour different from image,,REFUNDED
RT004839,O017764,OI0020524,DH-KUR-00021,2024-11-28,WHATSAPP,Quality not as expected,,PICKUP_SCHEDULED
RT004840,O017780,OI0020543,DH-DRE-00181,2025-05-14,WHATSAPP,Size too small,,PICKUP_SCHEDULED
RT004841,O017781,OI0020544,DH-MEN-00546,2025-11-03,WHATSAPP,Size too small,,REFUNDED
RT004842,O017786,OI0020549,DH-KID-00511,2026-04-01,APP,Size too small,,REFUNDED
RT004843,O017789,OI0020552,DH-FRO-00401,2026-03-12,APP,Quality not as expected,,REFUNDED
RT004844,O017790,OI0020553,DH-DRE-00184,2026-07-29,APP,Other,pls sleeves tight hai arms me,REFUNDED
RT004845,O017791,OI0020554,DH-MEN-00582,2026-07-13,APP,Other,hi ...,REFUNDED
RT004846,O017793,OI0020557,DH-MEN-00545,2025-07-01,WHATSAPP,Other,"hello, अच्छा नहीं लगा",REFUNDED
RT004847,O017800,OI0020568,DH-KUR-00024,2026-04-27,APP,Wrong item received,,PICKUP_SCHEDULED
RT004848,O017803,OI0020571,DH-KUR-00112,2024-11-30,APP,Other,size chota hai aur kapda bhi patla,REFUNDED
RT004849,O017804,OI0020572,DH-KUR-00033,2026-03-29,WHATSAPP,Size too small,,INSPECTED
RT004850,O017805,OI0020575,DH-KUR-00165,2026-07-02,APP,Other,bhaiya accidentally order ho gaya exchange nahi chahiye,INSPECTED
RT004851,O017810,OI0020580,DH-KID-00513,2026-09-18,APP,Size too small,,PICKUP_SCHEDULED
RT004852,O017813,OI0020584,DH-CO--00348,2025-03-31,WHATSAPP,Size too small,,PICKUP_SCHEDULED
RT004853,O017818,OI0020589,DH-KID-00501,2026-07-07,APP,Size too small,,REFUNDED
RT004854,O017822,OI0020595,DH-FRO-00400,2024-12-21,APP,Other,"hello, mummy ko pasand nahi aaya pls return",REFUNDED
RT004855,O017825,OI0020599,DH-DRE-00213,2026-09-25,APP,Other,hi paasand nahi aaya,PICKUP_SCHEDULED
RT004856,O017830,OI0020604,DH-KID-00462,2025-05-08,APP,Other,colour alag hai aur quality bhi average,REFUNDED
RT004857,O017833,OI0020607,DH-KID-00462,2025-06-04,WHATSAPP,Size too large,,REFUNDED
RT004858,O017834,OI0020609,DH-MEN-00547,2026-07-14,APP,Size too large,,REFUNDED
RT004859,O017835,OI0020610,DH-TOP-00311,2025-01-25,APP,Product damaged,,INSPECTED
RT004860,O017836,OI0020611,DH-FRO-00400,2026-01-31,WHATSAPP,Other,late aaya aur packet bhi phata hua,REFUNDED
RT004861,O017838,OI0020615,DH-DRE-00188,2025-01-10,APP,Size too large,,REFUNDED
RT004862,O017838,OI0020614,DH-TOP-00272,2025-01-14,APP,Quality not as expected,,REFUNDED
RT004863,O017843,OI0020620,DH-TOP-00272,2024-12-11,APP,Other,SIR TIME PE NAHI AAYA TO AB KYA KARU PLS RETURN,REFUNDED
RT004864,O017847,OI0020625,DH-KID-00539,2026-09-19,APP,Other,pls function cancel ho gaya,PICKUP_SCHEDULED
RT004865,O017850,OI0020629,DH-KUR-00003,2026-07-07,APP,Other, ,REFUNDED
RT004866,O017861,OI0020643,DH-MEN-00565,2026-05-01,APP,Quality not as expected,,REFUNDED
RT004867,O017866,OI0020648,DH-KUR-00018,2026-04-05,WHATSAPP,Quality not as expected,,REFUNDED
RT004868,O017870,OI0020652,DH-FRO-00383,2026-08-25,APP,Other,"HELLO, ORDERED L BUT FEELS LIKE S PLS RETURN",REFUNDED
RT004869,O017876,OI0020660,DH-KUR-00129,2025-03-10,WHATSAPP,Size too large,,REFUNDED
RT004870,O017877,OI0020661,DH-SCH-00489,2024-10-19,APP,Size too large,,PICKUP_SCHEDULED
RT004871,O017878,OI0020662,DH-KUR-00180,2025-11-13,APP,Other,"fabric achha nahi, fitting bhi tight",REFUNDED
RT004872,O017880,OI0020664,DH-KUR-00112,2024-10-14,APP,Size too small,,REFUNDED
RT004873,O017892,OI0020679,DH-MEN-00544,2025-06-10,WHATSAPP,Colour different from image,,INSPECTED
RT004874,O017894,OI0020681,DH-FRO-00366,2025-10-09,APP,Size too small,,REFUNDED
RT004875,O017901,OI0020689,DH-KID-00507,2025-05-26,APP,Other,"HI BAHUT LATE AAYA, FUNCTION NIKAL GAYA",REFUNDED
RT004876,O017902,OI0020690,DH-DRE-00250,2026-01-31,APP,Size too large,,REFUNDED
RT004877,O017905,OI0020693,DH-TOP-00268,2026-09-01,APP,Other,AB ZARURAT NAHI HAI,REFUNDED
RT004878,O017907,OI0020695,DH-DRE-00235,2025-05-17,WHATSAPP,Other,"late dellivery, mehndi ke baad aaya !!",REFUNDED
RT004879,O017914,OI0020702,DH-TOP-00273,2026-03-24,APP,Size too large,,REFUNDED
RT004880,O017921,OI0020709,DH-SCH-00486,2026-09-08,APP,Quality not as expected,,REFUNDED
RT004881,O017925,OI0020714,DH-KID-00500,2025-04-18,APP,Other,"HI BAHUT LATEA AYA, FUNCTION NIKAL GAYA 🙏",REFUNDED
RT004882,O017929,OI0020718,DH-MEN-00578,2026-07-30,WHATSAPP,Other,order bahut der se mlia,REFUNDED
RT004883,O017930,OI0020719,DH-CO--00353,2025-05-11,APP,Other,"bhaiya stitching kharab hai, dhaage nikal rahe exchange nahi chahiye",REFUNDED
RT004884,O017941,OI0020731,DH-TOP-00268,2026-02-01,WHATSAPP,Quality not as expected,,PICKUP_SCHEDULED
RT004885,O017945,OI0020737,DH-TOP-00262,2026-05-21,APP,Size too large,,REFUNDED
RT004886,O017947,OI0020739,DH-SCH-00490,2025-07-06,APP,Other,"hi bahut late aaya, function nikal gaya",REFUNDED
RT004887,O017951,OI0020745,DH-KID-00509,2026-01-10,WHATSAPP,Product damaged,,REFUNDED
RT004888,O017955,OI0020750,DH-DRE-00239,2025-04-08,APP,Other,colour alag hai aur quality bhi average,REFUNDED
RT004889,O017964,OI0020759,DH-KUR-00086,2025-01-11,WHATSAPP,Size too small,,REFUNDED
RT004890,O017967,OI0020763,DH-KUR-00102,2026-01-27,APP,Other,"hello, smaller than usual size 🙏",REFUNDED
RT004891,O017974,OI0020774,DH-MEN-00547,2026-05-08,APP,Product damaged,,REFUNDED
RT004892,O017977,OI0020777,DH-SCH-00467,2025-08-09,WHATSAPP,Quality not as expected,,REFUNDED
RT004893,O018000,OI0020805,DH-MEN-00577,2025-10-31,APP,Colour different from image,,REFUNDED
RT004894,O018001,OI0020806,DH-KUR-00043,2025-10-31,APP,Size too small,,INSPECTED
RT004895,O018004,OI0020809,DH-DRE-00236,2026-02-04,WHATSAPP,Quality not as expected,,REFUNDED
RT004896,O018018,OI0020824,DH-PAL-00317,2026-01-10,APP,Colour different from image,,REFUNDED
RT004897,O018020,OI0020826,DH-KID-00428,2024-12-10,APP,Colour different from image,,REFUNDED
RT004898,O018025,OI0020834,DH-TOP-00278,2025-07-02,APP,Other,same as before 🙏,REFUNDED
RT004899,O018028,OI0020837,DH-KUR-00175,2026-03-02,WHATSAPP,Other,colour alag hai aur quality bhi average,REFUNDED
RT004900,O018028,OI0020838,DH-PAL-00313,2026-03-01,APP,Other,ye wala hade nahi tha website pe refund chahiye,REFUNDED
RT004901,O018029,OI0020839,DH-SCH-00477,2026-05-08,APP,Quality not as expected,,REFUNDED
RT004902,O018031,OI0020842,DH-KUR-00079,2025-10-17,APP,Quality not as expected,,REFUNDED
RT004903,O018032,OI0020843,DH-FRO-00404,2025-05-25,WHATSAPP,Quality not as expected,,REFUNDED
RT004904,O018040,OI0020853,DH-CO--00348,2026-05-19,WHATSAPP,Size too small,,REFUNDED
RT004905,O018041,OI0020855,DH-KID-00507,2026-04-11,WHATSAPP,Wrong item received,,REFUNDED
RT004906,O018046,OI0020860,DH-KUR-00149,2024-10-24,APP,Size too small,,REFUNDED
RT004907,O018047,OI0020861,DH-TOP-00282,2026-01-14,APP,Size too small,,INSPECTED
RT004908,O018052,OI0020868,DH-FRO-00415,2025-08-28,APP,Product damaged,,REFUNDED
RT004909,O018054,OI0020871,DH-KUR-00020,2025-08-16,WHATSAPP,Other,na,REFUNDED
RT004910,O018056,OI0020874,DH-KID-00433,2025-04-06,APP,Other,mam pink mangaya tha peachaaya jaldi pickup karo,REFUNDED
RT004911,O018058,OI0020876,DH-TRA-00595,2025-04-27,APP,Size too large,,REFUNDED
RT004912,O018062,OI0020880,DH-KUR-00088,2024-12-03,APP,Product damaged,,REFUNDED
RT004913,O018063,OI0020881,DH-KUR-00125,2025-01-08,APP,Size too large,,REFUNDED
RT004914,O018064,OI0020882,DH-KID-00527,2025-08-18,APP,Size too large,,REFUNDED
RT004915,O018065,OI0020884,DH-MEN-00544,2025-03-14,WHATSAPP,Product damaged,,REFUNDED
RT004916,O018066,OI0020885,DH-KUR-00008,2025-11-07,WHATSAPP,Other,bhaiya dont need it anymore refund chahiye,REFUNDED
RT004917,O018074,OI0020894,DH-KID-00430,2024-12-22,APP,Other,bhaiya ok pls return,PICKUP_SCHEDULED
RT004918,O018076,OI0020896,DH-KUR-00100,2024-11-22,APP,Size too small,,REFUNDED
RT004919,O018087,OI0020909,DH-FRO-00405,2026-09-16,APP,Other,not as expected jaldi pickup karo,INSPECTED
RT004920,O018088,OI0020910,DH-SCH-00470,2026-04-18,APP,Other,bhaiya not as expected exchange nahi chahiye,REFUNDED
RT004921,O018089,OI0020911,DH-KUR-00104,2026-08-16,APP,Wrong item received,,REFUNDED
RT004922,O018092,OI0020915,DH-KUR-00075,2026-09-10,WHATSAPP,Other,pls ek wash me rang chala gaya !!,REFUNDED
RT004923,O018094,OI0020917,DH-KID-00537,2025-05-31,WHATSAPP,Other,size chota hai aur kapda bhi patla,REFUNDED
RT004924,O018095,OI0020918,DH-PAL-00326,2025-12-10,WHATSAPP,Size too large,,REFUNDED
RT004925,O018103,OI0020930,DH-TOP-00276,2025-11-07,APP,Other,mam oder bahut der se mila,REFUNDED
RT004926,O018104,OI0020931,DH-SCH-00474,2024-10-12,APP,Quality not as expected,,REFUNDED
RT004927,O018113,OI0020940,DH-TOP-00253,2025-05-05,APP,Size too small,,REFUNDED
RT004928,O018114,OI0020941,DH-KUR-00033,2026-03-20,APP,Size too small,,REFUNDED
RT004929,O018118,OI0020946,DH-KID-00518,2025-04-07,WHATSAPP,Other,WAIST PE NAHI AAYA,REFUNDED
RT004930,O018120,OI0020948,DH-DRE-00250,2025-11-16,APP,Other,hi pasand nahi aaya refund chahiye,INSPECTED
RT004931,O018126,OI0020954,DH-TOP-00302,2024-10-14,WHATSAPP,Other,ab zarurat nahi hai,REFUNDED
RT004932,O018129,OI0020957,DH-KID-00451,2025-02-24,APP,Other,hi mustard bola tha ye to green yellow hai,REFUNDED
RT004933,O018130,OI0020958,DH-PAL-00315,2026-05-26,APP,Size too large,,REFUNDED
RT004934,O018134,OI0020963,DH-DRE-00202,2025-10-14,APP,Other,pls smaller than uusal size exchange nahi chahiye,INSPECTED
RT004935,O018138,OI0020967,DH-KUR-00133,2024-10-10,APP,Quality not as expected,,REFUNDED
RT004936,O018146,OI0020978,DH-PAL-00342,2026-09-04,APP,Other,ok,REFUNDED
RT004937,O018152,OI0020985,DH-PAL-00323,2026-07-21,APP,Other,pls M mangaya tha bada aaya,PICKUP_SCHEDULED
RT004938,O018153,OI0020987,DH-SCH-00471,2024-10-30,APP,Other,dont need it anymore very disappointed,REFUNDED
RT004939,O018154,OI0020988,DH-KID-00511,2026-05-01,APP,Other,HI BAHUT LOOSE HAI,REFUNDED
RT004940,O018156,OI0020990,DH-TOP-00285,2025-09-04,APP,Size too large,,REFUNDED
RT004941,O018159,OI0020993,DH-KUR-00122,2025-08-11,APP,Other,"pls too big, ekdum dheela refund chahiye",REFUNDED
RT004942,O018160,OI0020994,DH-DRE-00239,2026-06-30,APP,Size too small,,REFUNDED
RT004943,O018164,OI0020999,DH-DRE-00199,2026-02-24,WHATSAPP,Other,"Size small aaya, mera regular M h 🙏",REFUNDED
RT004944,O018170,OI0021006,DH-KUR-00042,2025-11-24,APP,Size too small,,PICKUP_SCHEDULED
RT004945,O018171,OI0021007,DH-KUR-00109,2025-11-11,APP,Colour different from image,,INSPECTED
RT004946,O018174,OI0021010,DH-FRO-00383,2026-08-27,WHATSAPP,Size too small,,REFUNDED
RT004947,O018176,OI0021012,DH-PAL-00330,2024-12-25,WHATSAPP,Other,mam acha nahi laga !!,REFUNDED
RT004948,O018177,OI0021013,DH-MEN-00561,2025-01-29,APP,Size too small,,REFUNDED
RT004949,O018180,OI0021018,DH-DRE-00198,2024-10-18,APP,Other,colour alag hai aur quality bhi average,REFUNDED
RT004950,O018185,OI0021023,DH-TRA-00597,2025-10-28,APP,Size too large,,REFUNDED
RT004951,O018187,OI0021025,DH-KUR-00131,2024-11-30,WHATSAPP,Quality not as expected,,REFUNDED
RT004952,O018189,OI0021027,DH-TOP-00304,2026-08-15,APP,Wrong item received,,REFUNDED
RT004953,O018197,OI0021036,DH-DRE-00231,2024-10-23,APP,Wrong item received,,REFUNDED
RT004954,O018197,OI0021037,DH-DRE-00181,2024-10-22,APP,Other,...,REFUNDED
RT004955,O018199,OI0021039,DH-MEN-00585,2025-11-13,APP,Other,hi delivery me 12 din lag gaye jaldi pickup karo,REFUNDED
RT004956,O018202,OI0021043,DH-KUR-00092,2025-03-24,APP,Size too small,,REFUNDED
RT004957,O018206,OI0021048,DH-DRE-00249,2026-05-05,APP,Other,bada hai and colour bhi photo jaisa nahi,REFUNDED
RT004958,O018209,OI0021053,DH-DRE-00182,2025-09-19,APP,Other,"hello, pls return !!",REFUNDED
RT004959,O018210,OI0021054,DH-KUR-00088,2025-03-06,WHATSAPP,Other,mam nahi chahiye bas,REFUNDED
RT004960,O018212,OI0021056,DH-MEN-00545,2025-12-22,WHATSAPP,Other,"bhaiya kurti bahut fit hai, breathe nahi kar pa rahi",INSPECTED
RT004961,O018216,OI0021060,DH-KID-00456,2026-06-10,APP,Other,pls bahut loose hai !!,REFUNDED
RT004962,O018217,OI0021061,DH-KID-00444,2026-03-28,APP,Product damaged,,REFUNDED
RT004963,O018219,OI0021064,DH-PAL-00335,2026-05-02,APP,Other,dusri jagah sasta mil gaya,REFUNDED
RT004964,O018222,OI0021068,DH-DRE-00198,2024-12-01,WHATSAPP,Size too small,,REFUNDED
RT004965,O018223,OI0021069,DH-KUR-00142,2026-03-23,APP,Colour different from image,,REFUNDED
RT004966,O018232,OI0021078,DH-KID-00505,2025-03-11,WHATSAPP,Size too large,,REFUNDED
RT004967,O018233,OI0021079,DH-KUR-00105,2025-06-29,WHATSAPP,Size too small,,REFUNDED
RT004968,O018235,OI0021081,DH-MEN-00566,2026-07-31,APP,Colour different from image,,PICKUP_SCHEDULED
RT004969,O018240,OI0021088,DH-FRO-00393,2024-12-17,WHATSAPP,Product damaged,,REFUNDED
RT004970,O018252,OI0021102,DH-DRE-00213,2025-01-13,APP,Colour different from image,,REFUNDED
RT004971,O018255,OI0021105,DH-KUR-00118,2026-04-26,WHATSAPP,Wrong item received,,REFUNDED
RT004972,O018260,OI0021113,DH-FRO-00370,2026-02-07,APP,Product damaged,,REFUNDED
RT004973,O018261,OI0021114,DH-FRO-00402,2026-06-02,WHATSAPP,Other,order bahut der se mila very disappointed,REFUNDED
RT004974,O018262,OI0021115,DH-FRO-00397,2025-12-18,WHATSAPP,Other,"bhaiya chhota aa gaya, size char tgalat hai",REFUNDED
RT004975,O018263,OI0021116,DH-KUR-00047,2025-07-19,APP,Size too small,,REFUNDED
RT004976,O018267,OI0021121,DH-SCH-00473,2025-09-03,WHATSAPP,Size too small,,REFUNDED
RT004977,O018268,OI0021122,DH-KID-00451,2025-02-02,APP,Size too large,,REFUNDED
RT004978,O018270,OI0021124,DH-KID-00513,2026-06-09,APP,Size too small,,REFUNDED
RT004979,O018272,OI0021126,DH-MEN-00568,2025-08-08,APP,Quality not as expected,,REFUNDED
RT004980,O018276,OI0021132,DH-TOP-00308,2025-11-22,WHATSAPP,Quality not as expected,,REFUNDED
RT004981,O018279,OI0021135,DH-KUR-00161,2026-07-20,APP,Size too large,,REFUNDED
RT004982,O018285,OI0021141,DH-KID-00526,2025-08-30,APP,Size too small,,REFUNDED
RT004983,O018289,OI0021146,DH-DRE-00213,2026-04-19,APP,Colour different from image,,REFUNDED
RT004984,O018296,OI0021153,DH-TRA-00590,2026-05-20,APP,Other,damaged piece received exchange nahi chahiye,PICKUP_SCHEDULED
RT004985,O018297,OI0021154,DH-DRE-00213,2024-12-06,WHATSAPP,Other,bhaiya delivery me 12 din lag gaye very disappointed,INSPECTED
RT004986,O018300,OI0021158,DH-KID-00431,2024-10-16,APP,Product damaged,,REFUNDED
RT004987,O018301,OI0021159,DH-KUR-00056,2025-12-09,APP,Colour different from image,,REFUNDED
RT004988,O018305,OI0021164,DH-MEN-00566,2025-03-19,WHATSAPP,Wrong item received,,REFUNDED
RT004989,O018310,OI0021169,DH-FRO-00387,2024-10-28,APP,Other,"hello, ... jaldi pickup karo",INSPECTED
RT004990,O018311,OI0021170,DH-KID-00431,2025-06-21,APP,Product damaged,,INSPECTED
RT004991,O018313,OI0021173,DH-KUR-00018,2026-08-23,WHATSAPP,Size too small,,REFUNDED
RT004992,O018317,OI0021177,DH-KUR-00114,2024-10-13,APP,Other,colour alag hai photo se exchange nahi chahiye,REFUNDED
RT004993,O018332,OI0021195,DH-KUR-00157,2025-04-22,APP,Other,order bahut der se mila !!,REFUNDED
RT004994,O018334,OI0021197,DH-KUR-00083,2026-05-11,APP,Size too small,,REFUNDED
RT004995,O018336,OI0021201,DH-KUR-00038,2026-06-22,WHATSAPP,Other,pls pehli dhulai me shrink ho gaya !!,REFUNDED
RT004996,O018337,OI0021202,DH-KUR-00125,2026-07-03,APP,Size too large,,REFUNDED
RT004997,O018347,OI0021212,DH-FRO-00412,2026-07-22,APP,Size too small,,REFUNDED
RT004998,O018351,OI0021218,DH-KID-00528,2024-11-30,WHATSAPP,Other,size chota hai aur kapda bhi patla,INSPECTED
RT004999,O018352,OI0021219,DH-KUR-00108,2026-05-16,APP,Other,"HELLO, COLOUR FADE SA HAI PHOTO JAISA NAHI PLS RETURN",REFUNDED
RT005000,O018354,OI0021221,DH-DRE-00235,2026-06-22,APP,Size too small,,INSPECTED
RT005001,O018360,OI0021228,DH-TOP-00306,2025-11-15,WHATSAPP,Colour different from image,,REFUNDED
RT005002,O018361,OI0021229,DH-PAL-00329,2026-09-19,WHATSAPP,Other,WAIST PE NAHI AAYA PLS RETURN,PICKUP_SCHEDULED
RT005003,O018362,OI0021231,DH-KUR-00112,2025-01-27,APP,Colour different from image,,REFUNDED
RT005004,O018364,OI0021234,DH-KUR-00055,2026-04-29,APP,Other, ,REFUNDED
RT005005,O018368,OI0021240,DH-MEN-00560,2026-01-23,WHATSAPP,Wrong item received,,REFUNDED
RT005006,O018373,OI0021247,DH-KID-00434,2026-07-20,APP,Colour different from image,,REFUNDED
RT005007,O018376,OI0021251,DH-KUR-00153,2024-11-20,APP,Size too small,,INSPECTED
RT005008,O018377,OI0021252,DH-MEN-00559,2025-05-07,APP,Colour different from image,,PICKUP_SCHEDULED
RT005009,O018378,OI0021253,DH-KUR-00047,2026-03-11,APP,Size too large,,REFUNDED
RT005010,O018382,OI0021257,DH-KID-00513,2025-01-13,APP,Other,bhaiya pasad nahi aaya jaldi pickup karo,REFUNDED
RT005011,O018383,OI0021259,DH-TOP-00256,2025-11-07,APP,Other,"hello, no",REFUNDED
RT005012,O018384,OI0021261,DH-KUR-00052,2026-07-07,WHATSAPP,Size too small,,REFUNDED
RT005013,O018385,OI0021262,DH-MEN-00541,2026-08-07,APP,Product damaged,,REFUNDED
RT005014,O018391,OI0021268,DH-KID-00523,2025-11-14,WHATSAPP,Size too small,,REFUNDED
RT005015,O018395,OI0021272,DH-CO--00346,2026-03-31,APP,Colour different from image,,REFUNDED
RT005016,O018396,OI0021274,DH-PAL-00334,2026-02-11,APP,Other,,REFUNDED
RT005017,O018398,OI0021276,DH-DRE-00204,2026-02-06,WHATSAPP,Size too small,,REFUNDED
RT005018,O018399,OI0021277,DH-FRO-00400,2025-11-25,WHATSAPP,Other,dusri jagah sasta mil gaya pls return,REFUNDED
RT005019,O018409,OI0021291,DH-CO--00347,2026-09-16,WHATSAPP,Size too small,,REFUNDED
RT005020,O018417,OI0021300,DH-KUR-00073,2026-01-05,APP,Size too small,,PICKUP_SCHEDULED
RT005021,O018419,OI0021303,DH-TOP-00266,2025-11-08,APP,Size too small,,REFUNDED
RT005022,O018426,OI0021312,DH-MEN-00557,2025-01-17,WHATSAPP,Other,not as expected,REFUNDED
RT005023,O018427,OI0021313,DH-PAL-00341,2026-03-26,WHATSAPP,Other,not a expected,REFUNDED
RT005024,O018434,OI0021320,DH-PAL-00340,2025-11-07,APP,Other,image me bright tha real me dull hai jaldi pickup karo,INSPECTED
RT005025,O018438,OI0021324,DH-KUR-00013,2026-06-14,APP,Other,bada hai and colour bhi photo jaisa nahi,REFUNDED
RT005026,O018444,OI0021330,DH-KID-00437,2025-11-06,WHATSAPP,Colour different from image,,REFUNDED
RT005027,O018450,OI0021336,DH-KUR-00131,2025-02-16,APP,Colour different from image,,INSPECTED
RT005028,O018457,OI0021346,DH-KUR-00173,2026-05-17,APP,Other,pls same as before pls return,REFUNDED
RT005029,O018460,OI0021350,DH-MEN-00582,2026-08-16,WHATSAPP,Quality not as expected,,REFUNDED
RT005030,O018461,OI0021351,DH-KUR-00071,2025-04-26,APP,Other,hi accidentally order ho gaya very disappointed,REFUNDED
RT005031,O018462,OI0021352,DH-DRE-00185,2025-09-02,WHATSAPP,Other,"hello, rang biklul alag hai 🙏",REFUNDED
RT005032,O018463,OI0021353,DH-KUR-00113,2024-11-20,APP,Other,length bhi kam hai aur tight bhi,REFUNDED
RT005033,O018464,OI0021354,DH-KUR-00044,2025-10-16,APP,Product damaged,,REFUNDED
RT005034,O018468,OI0021359,DH-TOP-00272,2025-05-20,WHATSAPP,Size too large,,REFUNDED
RT005035,O018469,OI0021360,DH-CO--00348,2024-11-22,APP,Colour different from image,,PICKUP_SCHEDULED
RT005036,O018471,OI0021362,DH-KUR-00125,2025-02-15,APP,Quality not as expected,,PICKUP_SCHEDULED
RT005037,O018473,OI0021364,DH-KID-00435,2026-01-13,WHATSAPP,Other,dont need it anymore pls return,PICKUP_SCHEDULED
RT005038,O018476,OI0021367,DH-DRE-00228,2026-04-08,APP,Size too small,,REFUNDED
RT005039,O018477,OI0021368,DH-MEN-00566,2025-02-22,APP,Other,size chota hai aur kapda bhi patla,REFUNDED
RT005040,O018478,OI0021369,DH-KID-00421,2025-11-26,APP,Other,bhaiya function cancel ho gaya pls return,REFUNDED
RT005041,O018479,OI0021370,DH-KUR-00158,2026-06-30,APP,Other,hi packet geela tha kapda kharab refund chahiye,REFUNDED
RT005042,O018487,OI0021378,DH-FRO-00366,2026-07-18,APP,Colour different from image,,REFUNDED
RT005043,O018489,OI0021380,DH-DRE-00250,2026-06-02,APP,Size too small,,REFUNDED
RT005044,O018490,OI0021382,DH-SCH-00465,2024-11-29,APP,Size too large,,REFUNDED
RT005045,O018490,OI0021381,DH-CO--00354,2024-12-03,WHATSAPP,Size too small,,REFUNDED
RT005046,O018490,OI0021383,DH-TRA-00597,2024-11-30,APP,Size too large,,REFUNDED
RT005047,O018494,OI0021388,DH-MEN-00541,2026-06-27,APP,Other,"fabric achha nahi, fitting bhi tight",REFUNDED
RT005048,O018497,OI0021391,DH-KUR-00167,2026-03-12,APP,Other,-,REFUNDED
RT005049,O018498,OI0021392,DH-KID-00526,2025-11-26,WHATSAPP,Size too large,,REFUNDED
RT005050,O018501,OI0021395,DH-KID-00462,2025-06-01,APP,Other,hi pasand nahi aaya,REFUNDED
RT005051,O018504,OI0021398,DH-PAL-00328,2026-08-17,APP,Product damaged,,PICKUP_SCHEDULED
RT005052,O018507,OI0021401,DH-KID-00452,2025-05-17,APP,Colour different from image,,REFUNDED
RT005053,O018509,OI0021404,DH-KID-00462,2025-07-11,APP,Other,mam galat product aaya,REFUNDED
RT005054,O018511,OI0021406,DH-KID-00439,2026-04-19,APP,Product damaged,,REFUNDED
RT005055,O018516,OI0021411,DH-MEN-00563,2026-07-31,APP,Other,"hi bahut late aaay, function nikal gaya",REFUNDED
RT005056,O018517,OI0021412,DH-KID-00430,2026-05-09,APP,Other,sir theek nahi hai,REFUNDED
RT005057,O018523,OI0021421,DH-PAL-00342,2026-01-07,APP,Size too large,,PICKUP_SCHEDULED
RT005058,O018525,OI0021423,DH-KID-00462,2026-03-21,APP,Product damaged,,REFUNDED
RT005059,O018526,OI0021424,DH-KUR-00033,2025-06-24,APP,Size too small,,REFUNDED
RT005060,O018527,OI0021425,DH-KUR-00126,2026-04-22,APP,Other,ek wash e rang chala gaya 🙏,REFUNDED
RT005061,O018531,OI0021431,DH-TOP-00281,2025-11-21,APP,Colour different from image,,REFUNDED
RT005062,O018540,OI0021440,DH-SCH-00481,2024-11-03,APP,Colour different from image,,REFUNDED
RT005063,O018544,OI0021445,DH-KUR-00008,2026-08-02,APP,Size too small,,INSPECTED
RT005064,O018549,OI0021453,DH-CO--00356,2026-04-19,WHATSAPP,Other,tigt hai pls return,REFUNDED
RT005065,O018558,OI0021464,DH-TOP-00268,2025-06-10,APP,Quality not as expected,,REFUNDED
RT005066,O018560,OI0021466,DH-KID-00425,2025-07-11,APP,Other,pasand nahi aaya,REFUNDED
RT005067,O018565,OI0021471,DH-KID-00434,2025-12-25,WHATSAPP,Colour different from image,,REFUNDED
RT005068,O018566,OI0021472,DH-KUR-00124,2024-12-23,APP,Other,pls nahi chahiye bas 🙏,REFUNDED
RT005069,O018567,OI0021473,DH-KID-00502,2025-08-13,APP,Size too small,,REFUNDED
RT005070,O018572,OI0021478,DH-KID-00528,2025-01-17,APP,Quality not as expected,,REFUNDED
RT005071,O018573,OI0021479,DH-KUR-00171,2025-03-07,WHATSAPP,Size too small,,INSPECTED
RT005072,O018576,OI0021482,DH-KID-00523,2025-05-30,APP,Other,😞 exchange nahi chahiye,REFUNDED
RT005073,O018578,OI0021484,DH-FRO-00411,2025-06-03,APP,Other,hi 😞,REFUNDED
RT005074,O018580,OI0021486,DH-KUR-00027,2025-10-11,APP,Other,sir mummy ko pasand nahi aaya very disappointed,REFUNDED
RT005075,O018586,OI0021493,DH-TOP-00259,2025-07-25,APP,Other,ab zaruratn ahi hai jaldi pickup karo,REFUNDED
RT005076,O018587,OI0021494,DH-KUR-00083,2025-10-10,APP,Size too small,,REFUNDED
RT005077,O018588,OI0021495,DH-KID-00429,2025-08-26,APP,Other,"hello, gift tha, unko pasand nahi aaya",INSPECTED
RT005078,O018590,OI0021497,DH-FRO-00386,2025-04-13,APP,Size too small,,INSPECTED
RT005079,O018592,OI0021499,DH-FRO-00401,2025-07-03,WHATSAPP,Size too large,,REFUNDED
RT005080,O018593,OI0021500,DH-TOP-00265,2026-08-09,APP,Quality not as expected,,REFUNDED
RT005081,O018596,OI0021504,DH-TOP-00271,2024-11-01,APP,Other,order bahut der se mila refund chahiye,REFUNDED
RT005082,O018597,OI0021505,DH-KUR-00139,2024-12-15,APP,Size too small,,REFUNDED
RT005083,O018601,OI0021510,DH-KUR-00171,2025-10-07,APP,Other,साइज़ छछोटा है exchange nahi chahiye,REFUNDED
RT005084,O018602,OI0021511,DH-KUR-00100,2024-11-06,APP,Other,"fabric achha nahi, fitting bhi tight",REFUNDED
RT005085,O018603,OI0021512,DH-SCH-00468,2024-12-13,WHATSAPP,Other,ab zarurat nahi hai very disappointed,REFUNDED
RT005086,O018604,OI0021513,DH-TRA-00589,2026-04-11,WHATSAPP,Other,"hello, Size small aaya, mera regular M h !!",INSPECTED
RT005087,O018607,OI0021516,DH-MEN-00575,2026-02-14,APP,Other,RANG HALKA HAI BAHUT JALDI PICKUP KARO,REFUNDED
RT005088,O018614,OI0021525,DH-DRE-00230,2025-12-27,WHATSAPP,Other,"mam size M bahut tight hai, L lena padega jaldi pickup karo",REFUNDED
RT005089,O018615,OI0021526,DH-KID-00514,2026-07-13,WHATSAPP,Colour different from image,,REFUNDED
RT005090,O018616,OI0021527,DH-KUR-00100,2025-05-01,APP,Colour different from image,,PICKUP_SCHEDULED
RT005091,O018623,OI0021534,DH-MEN-00546,2024-11-23,WHATSAPP,Size too large,,REFUNDED
RT005092,O018630,OI0021544,DH-KID-00525,2026-06-09,WHATSAPP,Size too small,,REFUNDED
RT005093,O018634,OI0021548,DH-KID-00535,2026-08-25,WHATSAPP,Size too large,,INSPECTED
RT005094,O018638,OI0021553,DH-DRE-00219,2025-11-24,WHATSAPP,Other,रंग फोटो से अलग है very disappointed,REFUNDED
RT005095,O018639,OI0021554,DH-KUR-00047,2024-11-16,WHATSAPP,Size too large,,REFUNDED
RT005096,O018643,OI0021558,DH-TOP-00277,2025-10-11,WHATSAPP,Size too small,,REFUNDED
RT005097,O018644,OI0021559,DH-PAL-00326,2024-11-26,WHATSAPP,Size too small,,REFUNDED
RT005098,O018655,OI0021570,DH-CO--00358,2025-08-06,APP,Size too small,,REFUNDED
RT005099,O018658,OI0021574,DH-TOP-00300,2025-10-26,WHATSAPP,Wrong item received,,PICKUP_SCHEDULED
RT005100,O018661,OI0021577,DH-CO--00354,2026-02-19,APP,Other,pls mummy ko pasandn ahi aaya,REFUNDED
RT005101,O018665,OI0021581,DH-FRO-00370,2025-06-09,APP,Other,ye wala shade nahi tha wbsite pe,REFUNDED
RT005102,O018666,OI0021582,DH-KID-00430,2026-01-06,APP,Quality not as expected,,REFUNDED
RT005103,O018669,OI0021585,DH-KUR-00105,2025-08-31,WHATSAPP,Other,"mam gift tha, unko pasand nahi aaya",PICKUP_SCHEDULED
RT005104,O018671,OI0021587,DH-FRO-00376,2026-06-12,APP,Other,-,PICKUP_SCHEDULED
RT005105,O018678,OI0021596,DH-KUR-00173,2026-04-15,APP,Size too large,,REFUNDED
RT005106,O018686,OI0021606,DH-KUR-00090,2025-10-25,APP,Other,"kurti bahut fit hai, breathe nahi kar pa rahi refund chahiye",REFUNDED
RT005107,O018691,OI0021612,DH-PAL-00330,2025-11-28,WHATSAPP,Size too small,,REFUNDED
RT005108,O018703,OI0021626,DH-DRE-00196,2026-03-22,APP,Size too small,,REFUNDED
RT005109,O018708,OI0021631,DH-CO--00352,2026-08-15,APP,Quality not as expected,,REFUNDED
RT005110,O018712,OI0021636,DH-TOP-00302,2025-03-08,WHATSAPP,Colour different from image,,REFUNDED
RT005111,O018718,OI0021643,DH-KUR-00017,2024-12-31,WHATSAPP,Other,pls ek wash me rang chala gaya pls return,REFUNDED
RT005112,O018723,OI0021649,DH-FRO-00395,2026-07-15,WHATSAPP,Quality not as expected,,REFUNDED
RT005113,O018724,OI0021651,DH-PAL-00342,2026-05-02,APP,Other,sir size bada hai very disappointed,REFUNDED
RT005114,O018725,OI0021653,DH-KUR-00171,2025-08-03,APP,Other,bhaiya ok 🙏,INSPECTED
RT005115,O018731,OI0021661,DH-KID-00537,2026-03-16,APP,Colour different from image,,REFUNDED
RT005116,O018737,OI0021668,DH-FRO-00372,2026-08-21,WHATSAPP,Size too small,,REFUNDED
RT005117,O018745,OI0021676,DH-KUR-00102,2026-06-02,APP,Size too small,,INSPECTED
RT005118,O018747,OI0021678,DH-KUR-00063,2025-07-16,APP,Size too small,,REFUNDED
RT005119,O018748,OI0021679,DH-TRA-00596,2026-06-16,APP,Size too large,,REFUNDED
RT005120,O018751,OI0021682,DH-KUR-00135,2025-06-13,APP,Size too small,,REFUNDED
RT005121,O018752,OI0021683,DH-FRO-00409,2024-12-26,APP,Colour different from image,,REFUNDED
RT005122,O018753,OI0021684,DH-SCH-00468,2024-11-14,WHATSAPP,Colour different from image,,REFUNDED
RT005123,O018754,OI0021686,DH-KUR-00112,2024-12-06,APP,Other,pls pasand nahi aaya refund chahiye,REFUNDED
RT005124,O018755,OI0021688,DH-TOP-00279,2025-03-01,WHATSAPP,Other,hi accidentallyorder ho gaya very disappointed,REFUNDED
RT005125,O018756,OI0021689,DH-DRE-00203,2026-02-02,APP,Other,order bahut der se mila very disappointed,INSPECTED
RT005126,O018758,OI0021691,DH-DRE-00208,2026-04-16,APP,Other,shoulders  gir rahe hain itna loose jaldi pickup karo,REFUNDED
RT005127,O018766,OI0021702,DH-TOP-00311,2026-07-07,APP,Size too small,,REFUNDED
RT005128,O018767,OI0021704,DH-KUR-00100,2026-06-17,WHATSAPP,Quality not as expected,,REFUNDED
RT005129,O018768,OI0021705,DH-KID-00444,2025-04-25,APP,Other,colour alag hai aur quality bhi average,INSPECTED
RT005130,O018769,OI0021707,DH-FRO-00416,2025-09-28,APP,Size too small,,REFUNDED
RT005131,O018769,OI0021706,DH-SCH-00473,2025-09-24,APP,Other,"material not as described, ye cotton nahi lagta 🙏",REFUNDED
RT005132,O018771,OI0021709,DH-KUR-00125,2025-07-11,APP,Other,no very disappointed,REFUNDED
RT005133,O018772,OI0021710,DH-MEN-00582,2024-11-21,WHATSAPP,Other,"too big, ekdum dheela jaldi pickup karo",REFUNDED
RT005134,O018773,OI0021711,DH-KUR-00113,2025-11-30,APP,Other,sir delivery me 12 din lag gaye very disappointed,REFUNDED
RT005135,O018775,OI0021713,DH-TOP-00259,2026-01-30,APP,Other,LENGT BAHUT ZYADA HAI EXCHANGE NAHI CHAHIYE,REFUNDED
RT005136,O018781,OI0021720,DH-DRE-00202,2025-04-22,WHATSAPP,Other,pls mind change ho gaya pls return,REFUNDED
RT005137,O018782,OI0021721,DH-KUR-00153,2024-12-14,APP,Size too small,,PICKUP_SCHEDULED
RT005138,O018784,OI0021723,DH-KUR-00100,2024-11-30,APP,Size too small,,REFUNDED
RT005139,O018788,OI0021727,DH-KUR-00173,2025-08-16,WHATSAPP,Size too large,,REFUNDED
RT005140,O018793,OI0021733,DH-KID-00428,2025-10-14,APP,Other,late aaya aur packet bhi phata hua,REFUNDED
RT005141,O018796,OI0021736,DH-TOP-00264,2026-05-09,APP,Other,mam बहुत टाइट है 🙏,REFUNDED
RT005142,O018797,OI0021737,DH-CO--00352,2026-07-26,APP,Size too small,,REFUNDED
RT005143,O018801,OI0021741,DH-TOP-00305,2025-09-27,WHATSAPP,Size too small,,INSPECTED
RT005144,O018803,OI0021745,DH-KUR-00124,2025-12-24,APP,Product damaged,,REFUNDED
RT005145,O018804,OI0021747,DH-KUR-00125,2025-03-29,APP,Colour different from image,,REFUNDED
RT005146,O018805,OI0021748,DH-KUR-00094,2025-03-21,APP,Product damaged,,REFUNDED
RT005147,O018808,OI0021752,DH-KUR-00150,2026-08-12,APP,Quality not as expected,,REFUNDED
RT005148,O018810,OI0021754,DH-SCH-00476,2025-03-14,WHATSAPP,Size too small,,PICKUP_SCHEDULED
RT005149,O018814,OI0021758,DH-KUR-00044,2025-10-28,APP,Other,"hello, mind change ho gaya",REFUNDED
RT005150,O018818,OI0021763,DH-DRE-00192,2025-01-29,APP,Other,sleeves tight hai arms me jaldi pickup karo,REFUNDED
RT005151,O018823,OI0021771,DH-FRO-00404,2026-09-12,APP,Other,na,REFUNDED
RT005152,O018824,OI0021772,DH-TOP-00293,2026-02-01,WHATSAPP,Wrong item received,,PICKUP_SCHEDULED
RT005153,O018828,OI0021778,DH-SCH-00467,2025-01-18,WHATSAPP,Quality not as expected,,REFUNDED
RT005154,O018830,OI0021780,DH-PAL-00315,2026-04-18,APP,Product damaged,,INSPECTED
RT005155,O018837,OI0021787,DH-DRE-00183,2026-03-30,WHATSAPP,Size too small,,REFUNDED
RT005156,O018838,OI0021788,DH-DRE-00203,2025-12-19,WHATSAPP,Other,hi maine kurti mangayi thi top aaya jaldi pickup karo,REFUNDED
RT005157,O018842,OI0021792,DH-KID-00523,2026-02-15,WHATSAPP,Product damaged,,REFUNDED
RT005158,O018847,OI0021797,DH-DRE-00213,2025-12-31,APP,Other,hi mind change ho gaya exchange nahi chahiye,REFUNDED
RT005159,O018848,OI0021799,DH-DRE-00189,2025-12-24,APP,Size too small,,PICKUP_SCHEDULED
RT005160,O018853,OI0021804,DH-DRE-00235,2026-08-20,APP,Other,"HELLO, BACCHE KE LYE BAHUT BADA HAI",INSPECTED
RT005161,O018857,OI0021808,DH-FRO-00366,2026-03-04,WHATSAPP,Other,mam dont need it anymore very disappointed,REFUNDED
RT005162,O018863,OI0021815,DH-KUR-00043,2025-04-08,APP,Other,"bhaiya wrong size bheja, M order kiya tha XL aaya",REFUNDED
RT005163,O018870,OI0021824,DH-KID-00449,2026-08-02,APP,Size too small,,PICKUP_SCHEDULED
RT005164,O018873,OI0021828,DH-DRE-00220,2025-07-15,APP,Size too large,,REFUNDED
RT005165,O018875,OI0021830,DH-TOP-00297,2025-07-26,APP,Size too small,,REFUNDED
RT005166,O018887,OI0021843,DH-KID-00503,2025-06-26,APP,Other,issue hai exchange nahi chahiye,REFUNDED
RT005167,O018888,OI0021844,DH-KID-00505,2025-03-09,APP,Size too small,,REFUNDED
RT005168,O018890,OI0021846,DH-CO--00356,2026-01-06,APP,Product damaged,,REFUNDED
RT005169,O018895,OI0021852,DH-DRE-00218,2025-05-28,APP,Size too large,,REFUNDED
RT005170,O018897,OI0021854,DH-KUR-00049,2026-04-17,APP,Size too small,,REFUNDED
RT005171,O018904,OI0021862,DH-SCH-00488,2026-07-27,APP,Other,theek nahi hai,REFUNDED
RT005172,O018907,OI0021866,DH-KUR-00152,2025-05-10,APP,Other,"photo me maroon dikha, aaya brown refund chahiye",REFUNDED
RT005173,O018907,OI0021865,DH-CO--00349,2025-05-09,APP,Size too small,,INSPECTED
RT005174,O018910,OI0021869,DH-TOP-00282,2026-01-14,APP,Size too large,,REFUNDED
RT005175,O018914,OI0021873,DH-TOP-00304,2026-08-26,WHATSAPP,Size too large,,REFUNDED
RT005176,O018917,OI0021876,DH-MEN-00588,2026-09-19,APP,Other,pls pasand nahi aaya very disappointed,PICKUP_SCHEDULED
RT005177,O018921,OI0021880,DH-KUR-00090,2026-01-08,APP,Other,size chart pe 38 likha tha but 36 jaisa hai refund chahiye,REFUNDED
RT005178,O018924,OI0021883,DH-KUR-00044,2026-02-09,WHATSAPP,Other,mam function cancel ho gaya,REFUNDED
RT005179,O018932,OI0021893,DH-TOP-00293,2025-11-01,WHATSAPP,Wrong item received,,REFUNDED
RT005180,O018933,OI0021894,DH-KID-00500,2025-01-16,APP,Other,pasand nahi aaya refund chahiye,REFUNDED
RT005181,O018936,OI0021899,DH-TOP-00278,2025-04-11,APP,Size too small,,REFUNDED
RT005182,O018938,OI0021901,DH-PAL-00329,2025-09-30,APP,Other,colou mismatch jaldi pickup karo,REFUNDED
RT005183,O018939,OI0021902,DH-KID-00503,2024-11-26,APP,Other,"mam gift tha, unko pasand nahi aaya",REFUNDED
RT005184,O018942,OI0021905,DH-KUR-00114,2026-08-18,APP,Size too large,,INSPECTED
RT005185,O018946,OI0021909,DH-FRO-00416,2026-07-23,APP,Other,bhaiya beti ke liye liya tha chhota pad gaya,REFUNDED
RT005186,O018951,OI0021914,DH-DRE-00209,2025-04-02,APP,Other,"gift tha, unko pasand nahi aaya exchange nahi chahiye",REFUNDED
RT005187,O018953,OI0021916,DH-SCH-00465,2025-10-10,APP,Size too small,,REFUNDED
RT005188,O018957,OI0021921,DH-FRO-00398,2026-06-13,APP,Other,SIR SIZE CHOTA HAI PLS RETURN,REFUNDED
RT005189,O018963,OI0021927,DH-KUR-00136,2025-04-14,WHATSAPP,Product damaged,,PICKUP_SCHEDULED
RT005190,O018966,OI0021930,DH-SCH-00471,2024-10-12,APP,Wrong item received,,REFUNDED
RT005191,O018971,OI0021935,DH-TOP-00262,2026-05-04,WHATSAPP,Other,rang halka hai bahut !!,REFUNDED
RT005192,O018974,OI0021938,DH-KUR-00121,2025-04-22,APP,Size too small,,PICKUP_SCHEDULED
RT005193,O018984,OI0021949,DH-FRO-00388,2024-10-22,APP,Other,size se chota h,REFUNDED
RT005194,O018987,OI0021952,DH-DRE-00211,2026-09-08,APP,Size too small,,REFUNDED
RT005195,O018999,OI0021965,DH-DRE-00230,2026-08-26,WHATSAPP,Other,rang halka hai bahut exchange nahi chahiye,REFUNDED
RT005196,O019000,OI0021966,DH-MEN-00588,2026-05-22,WHATSAPP,Other,"hello, Size small aaya, mera regular M h jaldi pickup karo",INSPECTED
RT005197,O019005,OI0021971,DH-MEN-00564,2026-07-16,APP,Other,"hello, gift tha, unko pasand nahi aaya !!",REFUNDED
RT005198,O019008,OI0021974,DH-KID-00504,2026-07-24,APP,Other,ordered L but feels like S exchange nahi chahiye,REFUNDED
RT005199,O019021,OI0021990,DH-PAL-00326,2024-11-15,WHATSAPP,Quality not as expected,,REFUNDED
RT005200,O019023,OI0021993,DH-SCH-00473,2025-08-14,WHATSAPP,Size too small,,REFUNDED
RT005201,O019026,OI0021996,DH-KUR-00160,2026-09-21,APP,Other,PLS कपड़ा बहुत पतला है PLS RETURN,PICKUP_SCHEDULED
RT005202,O019032,OI0022004,DH-MEN-00547,2026-09-27,APP,Size too small,,PICKUP_SCHEDULED
RT005203,O019035,OI0022008,DH-KUR-00141,2025-04-01,APP,Quality not as expected,,REFUNDED
RT005204,O019040,OI0022014,DH-DRE-00231,2026-01-27,APP,Other,bhaiya zip kaam nahi kar rahi exchange nahi chahiye,REFUNDED
RT005205,O019043,OI0022018,DH-MEN-00579,2026-09-08,APP,Quality not as expected,,REFUNDED
RT005206,O019044,OI0022019,DH-SCH-00468,2024-12-19,APP,Other,"hi gift tha, unko pasand nah aaya !!",REFUNDED
RT005207,O019048,OI0022023,DH-CO--00349,2025-06-27,APP,Size too large,,REFUNDED
RT005208,O019059,OI0022036,DH-TOP-00275,2026-05-20,WHATSAPP,Quality not as expected,,INSPECTED
RT005209,O019060,OI0022038,DH-KUR-00133,2026-04-21,WHATSAPP,Size too large,,REFUNDED
RT005210,O019062,OI0022041,DH-MEN-00550,2025-11-23,WHATSAPP,Other,"pls Size small aaya, mera regular M h !!",REFUNDED
RT005211,O019065,OI0022044,DH-TOP-00279,2025-04-22,APP,Quality not as expected,,REFUNDED
RT005212,O019067,OI0022046,DH-KUR-00112,2024-11-13,APP,Other,pls packet khula tha aur kapde pe daag hai !!,REFUNDED
RT005213,O019074,OI0022056,DH-KUR-00035,2025-04-14,WHATSAPP,Other,"hello, chhota aa gaya, size chart galat hai exchange nahi chahiye",INSPECTED
RT005214,O019076,OI0022059,DH-TOP-00285,2025-10-05,APP,Other,bhaiya pasand nahi aaya jaldi pickup karo,REFUNDED
RT005215,O019078,OI0022061,DH-DRE-00231,2024-12-08,APP,Size too large,,REFUNDED
RT005216,O019080,OI0022063,DH-KID-00462,2025-04-25,WHATSAPP,Other,,REFUNDED
RT005217,O019085,OI0022070,DH-KUR-00085,2026-06-14,APP,Other,"bahut late aaya, function nikal gaya",REFUNDED
RT005218,O019089,OI0022074,DH-SCH-00469,2025-04-14,WHATSAPP,Size too small,,REFUNDED
RT005219,O019090,OI0022075,DH-PAL-00318,2025-12-29,WHATSAPP,Other,"fabric achha nahi, fitting bhi tight",PICKUP_SCHEDULED
RT005220,O019092,OI0022078,DH-CO--00348,2025-04-24,APP,Other,hi quality bilkul bekar 🙏,REFUNDED
RT005221,O019095,OI0022082,DH-KUR-00035,2025-01-14,APP,Size too small,,REFUNDED
RT005222,O019099,OI0022086,DH-KID-00539,2026-06-03,WHATSAPP,Size too large,,REFUNDED
RT005223,O019100,OI0022087,DH-FRO-00380,2026-09-19,APP,Quality not as expected,,PICKUP_SCHEDULED
RT005224,O019102,OI0022089,DH-PAL-00331,2026-07-05,WHATSAPP,Size too large,,REFUNDED
RT005225,O019105,OI0022094,DH-DRE-00181,2025-02-20,APP,Colour different from image,,REFUNDED
RT005226,O019106,OI0022095,DH-KUR-00124,2025-03-07,APP,Size too small,,REFUNDED
RT005227,O019108,OI0022097,DH-KUR-00163,2025-05-08,APP,Other,bhaiya ab zarurat nahi hai 🙏,REFUNDED
RT005228,O019113,OI0022105,DH-KUR-00139,2025-07-29,APP,Colour different from image,,REFUNDED
RT005229,O019114,OI0022107,DH-MEN-00575,2025-04-30,APP,Size too large,,REFUNDED
RT005230,O019116,OI0022109,DH-PAL-00318,2026-06-12,WHATSAPP,Colour different from image,,PICKUP_SCHEDULED
RT005231,O019118,OI0022111,DH-DRE-00204,2024-12-24,APP,Colour different from image,,REFUNDED
RT005232,O019122,OI0022115,DH-FRO-00419,2025-02-25,WHATSAPP,Other,kapda bahut patla hai jaldi pickup karo,REFUNDED
RT005233,O019125,OI0022118,DH-MEN-00561,2026-01-17,APP,Quality not as expected,,REFUNDED
RT005234,O019127,OI0022121,DH-KID-00435,2026-01-08,APP,Quality not as expected,,REFUNDED
RT005235,O019128,OI0022122,DH-KID-00525,2026-03-26,APP,Other,hi mind change ho gaya,INSPECTED
RT005236,O019129,OI0022123,DH-KUR-00163,2026-06-21,APP,Product damaged,,REFUNDED
RT005237,O019131,OI0022125,DH-PAL-00339,2026-03-19,APP,Other,sir pasand nahi aaya exchange nahi chahiye,REFUNDED
RT005238,O019133,OI0022128,DH-KUR-00086,2025-01-21,APP,Other,button toota hua tha,REFUNDED
RT005239,O019135,OI0022130,DH-KUR-00171,2025-11-17,APP,Colour different from image,,REFUNDED
RT005240,O019136,OI0022132,DH-FRO-00399,2026-09-27,WHATSAPP,Colour different from image,,PICKUP_SCHEDULED
RT005241,O019136,OI0022131,DH-DRE-00193,2026-09-26,APP,Product damaged,,PICKUP_SCHEDULED
RT005242,O019139,OI0022135,DH-FRO-00394,2026-07-04,APP,Other,,REFUNDED
RT005243,O019141,OI0022137,DH-DRE-00202,2025-03-23,WHATSAPP,Quality not as expected,,REFUNDED
RT005244,O019146,OI0022144,DH-DRE-00203,2026-02-08,WHATSAPP,Other,"hello, chhota aagaya, size chart galat hai",REFUNDED
RT005245,O019147,OI0022145,DH-TOP-00253,2025-08-23,APP,Other,pls same sa before refund chahiye,REFUNDED
RT005246,O019148,OI0022146,DH-KUR-00173,2025-10-11,WHATSAPP,Other,"sir bahut late aaya, function nikal gaya 🙏",REFUNDED
RT005247,O019149,OI0022148,DH-FRO-00375,2026-05-20,WHATSAPP,Size too large,,REFUNDED
RT005248,O019152,OI0022151,DH-DRE-00218,2025-08-27,APP,Size too large,,PICKUP_SCHEDULED
RT005249,O019153,OI0022152,DH-PAL-00318,2025-07-04,WHATSAPP,Size too small,,REFUNDED
RT005250,O019156,OI0022156,DH-SCH-00489,2026-06-03,APP,Quality not as expected,,INSPECTED
RT005251,O019157,OI0022157,DH-KID-00499,2026-06-05,WHATSAPP,Size too small,,REFUNDED
RT005252,O019160,OI0022161,DH-KID-00447,2026-06-16,APP,Other,sir bahut loose hai 🙏,PICKUP_SCHEDULED
RT005253,O019164,OI0022165,DH-PAL-00342,2025-07-09,WHATSAPP,Quality not as expected,,REFUNDED
RT005254,O019166,OI0022168,DH-FRO-00370,2025-08-22,WHATSAPP,Other,MAM ORDER BAHUT DER SE MILA VERY DISAPPOINTED,REFUNDED
RT005255,O019167,OI0022169,DH-KUR-00094,2025-11-01,WHATSAPP,Size too small,,REFUNDED
RT005256,O019170,OI0022172,DH-PAL-00334,2026-09-07,WHATSAPP,Other,MUMMY KO PASAND NAHI AAA !!,REFUNDED
RT005257,O019173,OI0022176,DH-KUR-00099,2026-02-27,APP,Colour different from image,,REFUNDED
RT005258,O019175,OI0022178,DH-DRE-00224,2026-04-06,APP,Quality not as expected,,REFUNDED
RT005259,O019179,OI0022182,DH-KUR-00114,2024-11-22,WHATSAPP,Other,bhaiya theek nahi hai pls return,REFUNDED
RT005260,O019185,OI0022189,DH-KUR-00059,2026-05-28,APP,Colour different from image,,REFUNDED
RT005261,O019189,OI0022194,DH-KUR-00043,2024-11-11,APP,Quality not as expected,,REFUNDED
RT005262,O019190,OI0022196,DH-DRE-00250,2025-05-13,APP,Other,pls issue hai,REFUNDED
RT005263,O019191,OI0022197,DH-CO--00349,2025-12-29,WHATSAPP,Quality not as expected,,REFUNDED
RT005264,O019196,OI0022203,DH-KUR-00045,2026-06-08,WHATSAPP,Other,mam doosra colour bhej diya refund chahiye,REFUNDED
RT005265,O019197,OI0022205,DH-KUR-00110,2026-05-09,APP,Other,bada hai and colour bhi photo jaisa nahi,REFUNDED
RT005266,O019199,OI0022207,DH-DRE-00202,2024-12-03,APP,Other,bada hai and colour bhi photo jaisa nahi,REFUNDED
RT005267,O019200,OI0022208,DH-KUR-00108,2026-05-30,APP,Size too small,,REFUNDED
RT005268,O019203,OI0022211,DH-MEN-00578,2026-08-29,APP,Size too small,,REFUNDED
RT005269,O019204,OI0022212,DH-SCH-00465,2024-12-16,APP,Other,sir return jaldi pickup karo,REFUNDED
RT005270,O019206,OI0022214,DH-KUR-00141,2025-12-12,APP,Other,mummy ko pasand nahi aaya very disappointed,REFUNDED
RT005271,O019207,OI0022215,DH-KUR-00093,2026-06-02,APP,Other,pls ordered L but feels like S very disappointed,REFUNDED
RT005272,O019208,OI0022217,DH-KUR-00026,2025-09-07,APP,Other,"sir size m bahut tighth ai, l lena padega jaldi pickup karo",REFUNDED
RT005273,O019215,OI0022224,DH-KID-00458,2025-09-23,WHATSAPP,Other,sir quality bilkul bekar,REFUNDED
RT005274,O019218,OI0022228,DH-SCH-00494,2026-01-12,APP,Other,hi paasnd nahi aaya pls return,REFUNDED
RT005275,O019223,OI0022233,DH-KID-00509,2025-10-11,APP,Size too small,,REFUNDED
RT005276,O019236,OI0022251,DH-SCH-00467,2025-04-27,WHATSAPP,Other,dusri jagah sasta mil gaya !!,REFUNDED
RT005277,O019237,OI0022252,DH-FRO-00384,2026-06-15,APP,Wrong item received,,REFUNDED
RT005278,O019238,OI0022253,DH-KID-00507,2025-01-25,APP,Size too large,,REFUNDED
RT005279,O019240,OI0022256,DH-FRO-00364,2025-08-25,APP,Size too small,,REFUNDED
RT005280,O019247,OI0022263,DH-DRE-00239,2025-03-17,APP,Size too small,,INSPECTED
RT005281,O019250,OI0022266,DH-FRO-00401,2025-02-15,WHATSAPP,Colour different from image,,INSPECTED
RT005282,O019253,OI0022269,DH-FRO-00401,2026-05-18,APP,Quality not as expected,,REFUNDED
RT005283,O019260,OI0022279,DH-SCH-00497,2025-09-13,WHATSAPP,Size too small,,PICKUP_SCHEDULED
RT005284,O019261,OI0022280,DH-KID-00533,2026-07-28,WHATSAPP,Other,pasandn ahi aaya !!,REFUNDED
RT005285,O019267,OI0022288,DH-FRO-00419,2025-11-13,WHATSAPP,Size too small,,REFUNDED
RT005286,O019271,OI0022293,DH-TOP-00259,2026-07-02,APP,Colour different from image,,REFUNDED
RT005287,O019282,OI0022309,DH-SCH-00476,2025-07-09,APP,Other,hi theek nahii hai exchange nahi chahiye,REFUNDED
RT005288,O019286,OI0022315,DH-TRA-00600,2026-05-27,APP,Other,ye wala shade nahi tha website pe,REFUNDED
RT005289,O019289,OI0022318,DH-DRE-00181,2026-02-02,APP,Size too small,,PICKUP_SCHEDULED
RT005290,O019297,OI0022328,DH-KUR-00171,2025-07-30,APP,Other,mam not good,REFUNDED
RT005291,O019301,OI0022332,DH-KUR-00014,2026-08-19,APP,Other,bhaiya accidentally order ho gaya 🙏,REFUNDED
RT005292,O019303,OI0022334,DH-DRE-00234,2026-03-01,WHATSAPP,Wrong item received,,REFUNDED
RT005293,O019306,OI0022339,DH-MEN-00577,2025-10-09,WHATSAPP,Other,hi delivery me 12 din lag gaye very disappointed,REFUNDED
RT005294,O019307,OI0022340,DH-KUR-00135,2026-05-18,WHATSAPP,Quality not as expected,,REFUNDED
RT005295,O019309,OI0022343,DH-SCH-00480,2025-10-06,WHATSAPP,Product damaged,,REFUNDED
RT005296,O019315,OI0022349,DH-SCH-00479,2026-03-03,APP,Size too large,,REFUNDED
RT005297,O019316,OI0022350,DH-FRO-00409,2024-12-07,APP,Size too small,,REFUNDED
RT005298,O019318,OI0022352,DH-TRA-00589,2025-10-11,APP,Product damaged,,REFUNDED
RT005299,O019319,OI0022353,DH-MEN-00553,2025-04-27,APP,Size too large,,REFUNDED
RT005300,O019320,OI0022354,DH-KUR-00105,2026-01-16,APP,Quality not as expected,,REFUNDED
RT005301,O019321,OI0022355,DH-CO--00351,2026-01-01,APP,Other,MAM AB ZARURAT NAHI HAI VERY DISAPPOINTED,REFUNDED
RT005302,O019322,OI0022356,DH-FRO-00387,2024-11-13,APP,Other,pls acha nahi laga refund chahiye,REFUNDED
RT005303,O019328,OI0022364,DH-FRO-00370,2026-04-06,WHATSAPP,Quality not as expected,,REFUNDED
RT005304,O019331,OI0022367,DH-KUR-00077,2026-07-25,APP,Wrong item received,,REFUNDED
RT005305,O019333,OI0022372,DH-KUR-00149,2026-08-03,APP,Size too large,,REFUNDED
RT005306,O019341,OI0022381,DH-MEN-00560,2025-10-15,APP,Other,"hello, color is different from image",PICKUP_SCHEDULED
RT005307,O019342,OI0022382,DH-KUR-00148,2026-06-01,WHATSAPP,Wrong item received,,REFUNDED
RT005308,O019347,OI0022388,DH-KUR-00095,2026-08-28,APP,Size too small,,REFUNDED
RT005309,O019355,OI0022396,DH-MEN-00557,2025-02-17,WHATSAPP,Other,pls color is different from image !!,REFUNDED
RT005310,O019365,OI0022408,DH-KID-00518,2025-05-10,APP,Size too small,,INSPECTED
RT005311,O019368,OI0022411,DH-KUR-00024,2026-01-24,APP,Other,size chota hai aur kapda bhi patla,REFUNDED
RT005312,O019368,OI0022412,DH-TOP-00270,2026-01-22,APP,Other,"bahut late aaya, fuunction nikal gaya refund chahiye",REFUNDED
RT005313,O019374,OI0022418,DH-SCH-00481,2025-03-09,APP,Other,sir phata hua aaya !!,INSPECTED
RT005314,O019376,OI0022420,DH-KID-00441,2025-12-24,APP,Size too large,,REFUNDED
RT005315,O019381,OI0022425,DH-DRE-00192,2025-03-29,APP,Other,ab zarurat nahi hai,REFUNDED
RT005316,O019385,OI0022429,DH-DRE-00203,2025-07-17,APP,Size too small,,REFUNDED
RT005317,O019390,OI0022434,DH-KID-00505,2026-03-30,APP,Size too large,,PICKUP_SCHEDULED
RT005318,O019395,OI0022442,DH-DRE-00182,2025-11-14,WHATSAPP,Size too small,,REFUNDED
RT005319,O019400,OI0022447,DH-KID-00452,2025-10-26,WHATSAPP,Colour different from image,,INSPECTED
RT005320,O019403,OI0022450,DH-KUR-00049,2026-09-19,APP,Other,mam ok pls return,PICKUP_SCHEDULED
RT005321,O019406,OI0022453,DH-DRE-00238,2026-03-23,WHATSAPP,Product damaged,,REFUNDED
RT005322,O019407,OI0022454,DH-FRO-00392,2026-09-26,APP,Other,rang halka hai bahut jaldi pickup karo,PICKUP_SCHEDULED
RT005323,O019409,OI0022456,DH-KUR-00112,2026-01-14,APP,Colour different from image,,REFUNDED
RT005324,O019411,OI0022458,DH-SCH-00466,2026-09-05,WHATSAPP,Size too small,,REFUNDED
RT005325,O019417,OI0022464,DH-KUR-00139,2025-11-27,APP,Other,"hello, rang bilkull alag hai",REFUNDED
RT005326,O019434,OI0022489,DH-KUR-00050,2025-11-10,APP,Wrong item received,,REFUNDED
RT005327,O019436,OI0022491,DH-FRO-00401,2025-10-28,APP,Quality not as expected,,REFUNDED
RT005328,O019441,OI0022498,DH-KUR-00041,2026-06-21,APP,Size too small,,REFUNDED
RT005329,O019449,OI0022507,DH-SCH-00489,2025-02-13,WHATSAPP,Size too large,,REFUNDED
RT005330,O019457,OI0022517,DH-KUR-00097,2025-01-25,APP,Product damaged,,REFUNDED
RT005331,O019460,OI0022521,DH-KUR-00016,2025-09-21,WHATSAPP,Other,"late delivery, mehndi ke baad aaya 🙏",REFUNDED
RT005332,O019465,OI0022526,DH-DRE-00183,2026-06-02,APP,Size too small,,REFUNDED
RT005333,O019470,OI0022532,DH-TOP-00273,2025-12-03,APP,Colour different from image,,REFUNDED
RT005334,O019473,OI0022535,DH-DRE-00195,2026-06-26,APP,Other,hi waist pe nahi aaya,REFUNDED
RT005335,O019476,OI0022539,DH-SCH-00491,2025-12-03,APP,Size too small,,REFUNDED
RT005336,O019477,OI0022541,DH-TOP-00279,2024-10-28,APP,Size too large,,REFUNDED
RT005337,O019477,OI0022540,DH-TOP-00302,2024-10-26,APP,Other,colour alag hai photo se exchange nahi chahiye,REFUNDED
RT005338,O019478,OI0022542,DH-CO--00354,2026-05-17,APP,Other,mam time pe nahi aaya to ab kya karu,INSPECTED
RT005339,O019479,OI0022544,DH-KUR-00180,2024-12-02,APP,Other,pls tight hai very disappointed,REFUNDED
RT005340,O019480,OI0022547,DH-KUR-00020,2026-08-28,APP,Other,dusri jagah sasta mil gaya,REFUNDED
RT005341,O019480,OI0022545,DH-KUR-00139,2026-09-03,WHATSAPP,Size too small,,REFUNDED
RT005342,O019480,OI0022546,DH-KUR-00034,2026-08-29,WHATSAPP,Quality not as expected,,REFUNDED
RT005343,O019481,OI0022548,DH-TOP-00266,2025-11-05,APP,Size too small,,REFUNDED
RT005344,O019482,OI0022549,DH-KUR-00101,2026-06-18,APP,Quality not as expected,,REFUNDED
RT005345,O019487,OI0022556,DH-KID-00526,2025-03-01,APP,Other,pls बहुत टाइट है pls return,REFUNDED
RT005346,O019493,OI0022562,DH-DRE-00235,2025-07-14,APP,Other,mam ... refund chahiye,REFUNDED
RT005347,O019497,OI0022567,DH-KID-00429,2025-07-05,WHATSAPP,Other,bada hai and colour bhi photo jaisa nahi,REFUNDED
RT005348,O019499,OI0022569,DH-PAL-00337,2026-09-16,APP,Other,"sir late delivery, mehndi ke baad aaya 🙏",REFUNDED
RT005349,O019500,OI0022570,DH-KID-00534,2026-03-15,WHATSAPP,Size too large,,REFUNDED
RT005350,O019501,OI0022571,DH-FRO-00368,2026-08-28,WHATSAPP,Size too large,,PICKUP_SCHEDULED
RT005351,O019502,OI0022572,DH-KID-00524,2026-09-01,APP,Size too small,,REFUNDED
RT005352,O019508,OI0022579,DH-FRO-00406,2026-07-14,APP,Wrong item received,,REFUNDED
RT005353,O019509,OI0022580,DH-KUR-00180,2025-11-28,APP,Other,hi quality bilkul ekar very disappointed,REFUNDED
RT005354,O019520,OI0022591,DH-MEN-00565,2026-04-27,APP,Size too large,,REFUNDED
RT005355,O019521,OI0022592,DH-KUR-00099,2026-01-24,APP,Other,late aaya aur packet bhi phata hua,REFUNDED
RT005356,O019535,OI0022606,DH-SCH-00481,2025-06-14,APP,Other,"too big, ekdum dheela refund chahiye",REFUNDED
RT005357,O019542,OI0022614,DH-FRO-00401,2025-06-20,APP,Colour different from image,,REFUNDED
RT005358,O019543,OI0022615,DH-KID-00445,2024-11-23,WHATSAPP,Other,"mam wrong size bheja, M order kiya tha XL aaya",REFUNDED
RT005359,O019544,OI0022616,DH-KUR-00029,2024-10-27,APP,Other,bekar pls return,REFUNDED
RT005360,O019545,OI0022618,DH-KID-00429,2025-12-28,APP,Wrong item received,,REFUNDED
RT005361,O019552,OI0022628,DH-KUR-00165,2025-11-24,APP,Quality not as expected,,REFUNDED
RT005362,O019556,OI0022633,DH-MEN-00580,2025-12-24,APP,Other,bhaiya ye wala shade nahi tha website pe very disappointed,REFUNDED
RT005363,O019561,OI0022638,DH-MEN-00545,2026-06-10,APP,Quality not as expected,,REFUNDED
RT005364,O019572,OI0022652,DH-KID-00456,2025-10-11,APP,Other,size chota hai aur kapda bhi patla,REFUNDED
RT005365,O019575,OI0022655,DH-KUR-00162,2025-10-26,WHATSAPP,Other,bhaiya same as before very disappointed,INSPECTED
RT005366,O019578,OI0022659,DH-MEN-00542,2025-09-30,WHATSAPP,Other,mam fabric rough hai skin pe chubhta hia jaldi pickup karo,REFUNDED
RT005367,O019584,OI0022665,DH-KID-00433,2026-05-14,APP,Other,sir ... 🙏,REFUNDED
RT005368,O019590,OI0022672,DH-TRA-00589,2026-07-30,APP,Size too small,,REFUNDED
RT005369,O019592,OI0022675,DH-KID-00452,2025-06-14,WHATSAPP,Other,HI TIME PE NAHI AAYA TO AB KYA KARU REFUND CHAHIYE,REFUNDED
RT005370,O019595,OI0022681,DH-KID-00429,2025-06-26,APP,Quality not as expected,,REFUNDED
RT005371,O019599,OI0022686,DH-KUR-00034,2025-09-16,APP,Size too small,,REFUNDED
RT005372,O019604,OI0022693,DH-KID-00528,2024-12-11,APP,Other,mam function cancel ho gaya 🙏,INSPECTED
RT005373,O019605,OI0022694,DH-DRE-00226,2025-12-26,APP,Colour different from image,,REFUNDED
RT005374,O019606,OI0022696,DH-SCH-00464,2026-05-12,WHATSAPP,Size too large,,REFUNDED
RT005375,O019607,OI0022697,DH-SCH-00476,2025-01-28,APP,Size too large,,INSPECTED
RT005376,O019608,OI0022698,DH-SCH-00481,2024-12-15,APP,Quality not as expected,,REFUNDED
RT005377,O019611,OI0022701,DH-MEN-00559,2026-05-14,APP,Colour different from image,,REFUNDED
RT005378,O019613,OI0022703,DH-TOP-00269,2026-08-15,WHATSAPP,Quality not as expected,,REFUNDED
RT005379,O019615,OI0022705,DH-KUR-00028,2026-05-21,WHATSAPP,Size too small,,REFUNDED
RT005380,O019619,OI0022709,DH-CO--00353,2026-03-11,APP,Other,hi order bahut der se mila pls return,REFUNDED
RT005381,O019620,OI0022710,DH-FRO-00410,2026-08-29,APP,Other,ab zaurat nahi hai jaldi pickup karo,PICKUP_SCHEDULED
RT005382,O019621,OI0022711,DH-KUR-00100,2025-10-13,WHATSAPP,Other,sir mummy ko pasand nahi aaya very disappointed,REFUNDED
RT005383,O019632,OI0022722,DH-SCH-00471,2025-09-07,APP,Size too small,,REFUNDED
RT005384,O019632,OI0022723,DH-KUR-00155,2025-09-07,APP,Product damaged,,REFUNDED
RT005385,O019636,OI0022727,DH-DRE-00231,2026-06-11,APP,Other,function cancel ho gaya,REFUNDED
RT005386,O019642,OI0022734,DH-SCH-00489,2024-12-23,APP,Size too large,,REFUNDED
RT005387,O019649,OI0022742,DH-FRO-00393,2024-11-09,APP,Size too small,,REFUNDED
RT005388,O019650,OI0022743,DH-KUR-00129,2024-11-03,APP,Colour different from image,,REFUNDED
RT005389,O019653,OI0022748,DH-MEN-00543,2026-03-03,APP,Size too small,,REFUNDED
RT005390,O019658,OI0022753,DH-KUR-00114,2025-10-09,APP,Other,"hello, ab zarurat nahi hai",REFUNDED
RT005391,O019667,OI0022764,DH-DRE-00209,2026-05-29,APP,Other,mam ye wala shade nahi tha website pe 🙏,REFUNDED
RT005392,O019671,OI0022768,DH-DRE-00208,2025-09-13,WHATSAPP,Size too large,,REFUNDED
RT005393,O019673,OI0022770,DH-FRO-00387,2025-05-22,WHATSAPP,Size too large,,REFUNDED
RT005394,O019674,OI0022771,DH-KUR-00050,2024-12-02,APP,Size too small,,PICKUP_SCHEDULED
RT005395,O019675,OI0022772,DH-KUR-00029,2024-11-28,APP,Size too small,,REFUNDED
RT005396,O019689,OI0022794,DH-FRO-00384,2026-04-04,WHATSAPP,Quality not as expected,,INSPECTED
RT005397,O019693,OI0022800,DH-KUR-00135,2025-07-06,APP,Quality not as expected,,REFUNDED
RT005398,O019694,OI0022801,DH-TOP-00262,2025-05-14,WHATSAPP,Other,sir colour fade sa ai photo jaisa nahi jaldi pickup karo,INSPECTED
RT005399,O019699,OI0022808,DH-KUR-00171,2025-09-14,WHATSAPP,Size too large,,REFUNDED
RT005400,O019699,OI0022807,DH-TOP-00297,2025-09-13,APP,Other,size chota hai aur kapda bhi patla,REFUNDED
RT005401,O019702,OI0022812,DH-TOP-00300,2026-05-24,WHATSAPP,Colour different from image,,REFUNDED
RT005402,O019703,OI0022813,DH-KID-00527,2025-10-14,WHATSAPP,Other,"pls gift tha, unko pasand nahi aaya very disappointed",REFUNDED
RT005403,O019705,OI0022815,DH-KUR-00043,2024-11-23,APP,Size too small,,REFUNDED
RT005404,O019706,OI0022816,DH-KID-00445,2025-03-27,APP,Size too small,,REFUNDED
RT005405,O019711,OI0022822,DH-TRA-00599,2025-03-09,WHATSAPP,Other,image me bright tha real me dull hai very disappointed,REFUNDED
RT005406,O019714,OI0022826,DH-FRO-00382,2025-11-24,APP,Other,रंग फोटो से अअलग है !!,REFUNDED
RT005407,O019716,OI0022829,DH-FRO-00393,2025-11-27,WHATSAPP,Other,sir ab zarurat nahi hai,PICKUP_SCHEDULED
RT005408,O019721,OI0022836,DH-FRO-00399,2025-08-26,WHATSAPP,Product damaged,,REFUNDED
RT005409,O019722,OI0022838,DH-MEN-00561,2025-04-11,WHATSAPP,Size too small,,REFUNDED
RT005410,O019725,OI0022842,DH-FRO-00406,2026-09-17,WHATSAPP,Product damaged,,PICKUP_SCHEDULED
RT005411,O019731,OI0022848,DH-TOP-00279,2026-01-09,APP,Product damaged,,REFUNDED
RT005412,O019732,OI0022849,DH-KUR-00132,2026-07-02,APP,Other,bhaiya waist pe nahi ayaa !!,REFUNDED
RT005413,O019744,OI0022862,DH-KUR-00097,2025-06-25,APP,Size too small,,REFUNDED
RT005414,O019746,OI0022864,DH-SCH-00464,2026-08-21,APP,Product damaged,,REFUNDED
RT005415,O019748,OI0022866,DH-FRO-00409,2025-10-21,WHATSAPP,Size too small,,REFUNDED
RT005416,O019749,OI0022867,DH-SCH-00469,2025-05-24,WHATSAPP,Quality not as expected,,REFUNDED
RT005417,O019754,OI0022873,DH-KID-00434,2025-04-05,APP,Other,bhaiya pink mangaya tha peach aaya,REFUNDED
RT005418,O019761,OI0022880,DH-KUR-00034,2025-02-10,APP,Other,hi oversized lag raha hai jabki regular fit likha tha refund chahiye,REFUNDED
RT005419,O019762,OI0022881,DH-FRO-00401,2024-11-01,WHATSAPP,Size too small,,REFUNDED
RT005420,O019768,OI0022888,DH-KUR-00171,2026-09-08,WHATSAPP,Size too small,,REFUNDED
RT005421,O019770,OI0022890,DH-KUR-00029,2026-04-25,WHATSAPP,Size too small,,INSPECTED
RT005422,O019775,OI0022896,DH-SCH-00495,2026-05-18,APP,Size too large,,REFUNDED
RT005423,O019779,OI0022901,DH-FRO-00386,2026-03-19,APP,Size too small,,REFUNDED
RT005424,O019782,OI0022904,DH-KID-00500,2025-12-30,WHATSAPP,Quality not as expected,,REFUNDED
RT005425,O019786,OI0022909,DH-DRE-00239,2025-03-31,WHATSAPP,Size too large,,REFUNDED
RT005426,O019794,OI0022917,DH-KUR-00092,2025-04-30,APP,Quality not as expected,,PICKUP_SCHEDULED
RT005427,O019796,OI0022919,DH-KUR-00114,2024-10-16,APP,Other,bhaiya tigth hai jaldi pickup karo,REFUNDED
RT005428,O019800,OI0022925,DH-FRO-00393,2025-02-10,APP,Size too small,,REFUNDED
RT005429,O019804,OI0022930,DH-KID-00457,2026-04-29,WHATSAPP,Other,sir size chart se baa nikla,REFUNDED
RT005430,O019806,OI0022932,DH-DRE-00228,2025-09-30,APP,Other,bhaiya phat hua aaya,REFUNDED
RT005431,O019813,OI0022941,DH-KUR-00033,2025-06-19,APP,Other,mam length bahut zyyada hai !!,REFUNDED
RT005432,O019815,OI0022944,DH-KUR-00137,2025-07-24,WHATSAPP,Size too small,,REFUNDED
RT005433,O019817,OI0022946,DH-KID-00540,2026-03-21,APP,Colour different from image,,PICKUP_SCHEDULED
RT005434,O019821,OI0022950,DH-KID-00431,2025-07-24,WHATSAPP,Other,nahi chahiye bas 🙏,REFUNDED
RT005435,O019824,OI0022953,DH-KID-00514,2025-09-10,APP,Other,NOT AS EXPECTED JALDI PICKUP KARO,REFUNDED
RT005436,O019831,OI0022961,DH-KUR-00054,2025-09-11,APP,Size too large,,REFUNDED
RT005437,O019836,OI0022968,DH-PAL-00337,2025-10-16,WHATSAPP,Colour different from image,,INSPECTED
RT005438,O019840,OI0022973,DH-KID-00462,2025-11-08,WHATSAPP,Other,"hello, size small aaya, mera regular m h refund chahiye",REFUNDED
RT005439,O019842,OI0022975,DH-DRE-00237,2026-08-19,APP,Wrong item received,,REFUNDED
RT005440,O019846,OI0022979,DH-MEN-00557,2024-12-05,WHATSAPP,Size too small,,REFUNDED
RT005441,O019848,OI0022981,DH-KID-00526,2026-02-17,APP,Size too small,,REFUNDED
RT005442,O019854,OI0022990,DH-KID-00537,2026-07-14,WHATSAPP,Size too small,,REFUNDED
RT005443,O019860,OI0022997,DH-KUR-00153,2024-12-03,APP,Colour different from image,,INSPECTED
RT005444,O019861,OI0022998,DH-FRO-00377,2026-01-27,WHATSAPP,Other,pls delivery me 12 din lag gaye very disappointed,REFUNDED
RT005445,O019864,OI0023002,DH-PAL-00340,2025-07-27,WHATSAPP,Other,"wrong size bheja,  order kiya tha xl aaya 🙏",REFUNDED
RT005446,O019866,OI0023004,DH-FRO-00419,2025-11-14,APP,Other,size chota hai aur kapda bhi patla,REFUNDED
RT005447,O019868,OI0023006,DH-CO--00356,2025-12-08,APP,Quality not as expected,,PICKUP_SCHEDULED
RT005448,O019877,OI0023017,DH-KID-00540,2026-08-29,APP,Quality not as expected,,REFUNDED
RT005449,O019878,OI0023018,DH-KUR-00087,2025-05-31,WHATSAPP,Other,BHAIYA RANG HALKA HAI BAHUT !!,REFUNDED
RT005450,O019882,OI0023023,DH-TOP-00288,2025-08-26,WHATSAPP,Size too small,,INSPECTED
RT005451,O019883,OI0023024,DH-KUR-00088,2026-08-15,APP,Other,hi beti ke liye liya ta chhota pad gaya,REFUNDED
RT005452,O019888,OI0023030,DH-KUR-00137,2026-09-14,APP,Colour different from image,,REFUNDED
RT005453,O019889,OI0023031,DH-FRO-00370,2025-10-03,APP,Size too large,,REFUNDED
RT005454,O019902,OI0023048,DH-DRE-00188,2024-11-12,WHATSAPP,Other,bhaiya colour alag hai photo se,REFUNDED
RT005455,O019909,OI0023058,DH-DRE-00206,2026-05-11,APP,Size too large,,REFUNDED
RT005456,O019912,OI0023061,DH-SCH-00479,2025-10-14,APP,Other,bhaiya see through hai kapda jaldi pickup karo,REFUNDED
RT005457,O019913,OI0023062,DH-DRE-00239,2025-08-22,WHATSAPP,Size too small,,INSPECTED
RT005458,O019914,OI0023063,DH-KUR-00060,2026-03-30,WHATSAPP,Other,"late delivery, mehndi ke baad aaya jaldi pickup karo",REFUNDED
RT005459,O019914,OI0023064,DH-PAL-00323,2026-03-29,APP,Other,"hello, oversized lag raha haai jabki regular fit likha tha !!",REFUNDED
RT005460,O019916,OI0023066,DH-SCH-00470,2026-04-12,APP,Other,"hello, अच्छा नहीं लगा very disappointed",REFUNDED
RT005461,O019924,OI0023076,DH-TRA-00595,2024-10-16,WHATSAPP,Other,color is different from image very disappointed,REFUNDED
RT005462,O019925,OI0023077,DH-KUR-00149,2024-10-08,APP,Colour different from image,,REFUNDED
RT005463,O019930,OI0023082,DH-CO--00349,2025-03-21,APP,Size too large,,INSPECTED
RT005464,O019931,OI0023083,DH-TOP-00265,2026-06-14,WHATSAPP,Other,hi function cancel ho gaya refund chahiye,REFUNDED
RT005465,O019932,OI0023085,DH-KID-00448,2026-05-20,WHATSAPP,Other,issue hai very disappointed,REFUNDED
RT005466,O019933,OI0023087,DH-TOP-00289,2025-05-11,APP,Other,"hello, material not as described, ye cotton nahi lagta exchange nahi chahiye",PICKUP_SCHEDULED
RT005467,O019935,OI0023089,DH-DRE-00206,2025-08-07,APP,Other,pasand nahi aaya !!,REFUNDED
RT005468,O019944,OI0023100,DH-FRO-00374,2025-04-08,APP,Quality not as expected,,REFUNDED
RT005469,O019955,OI0023113,DH-TOP-00288,2026-06-04,APP,Size too small,,INSPECTED
RT005470,O019958,OI0023116,DH-KUR-00132,2025-02-02,WHATSAPP,Other,size se chota h exchange nahi chahiye,REFUNDED
RT005471,O019974,OI0023138,DH-TOP-00276,2026-02-19,WHATSAPP,Other,issue hai,REFUNDED
RT005472,O019976,OI0023141,DH-KID-00509,2025-07-20,APP,Size too small,,REFUNDED
RT005473,O019978,OI0023143,DH-SCH-00476,2025-09-04,APP,Size too large,,REFUNDED
RT005474,O019980,OI0023146,DH-PAL-00340,2026-05-21,APP,Colour different from image,,REFUNDED
RT005475,O019981,OI0023147,DH-DRE-00200,2026-08-03,APP,Size too small,,REFUNDED
RT005476,O019983,OI0023149,DH-KID-00509,2025-07-21,APP,Other,"hello, late delivery, mehndi ke baad aaya 🙏",REFUNDED
RT005477,O019988,OI0023154,DH-TOP-00296,2025-07-05,WHATSAPP,Other,bhaiya delivery me 12 din lag gaye 🙏,REFUNDED
RT005478,O019990,OI0023156,DH-TOP-00272,2024-12-05,APP,Quality not as expected,,REFUNDED
RT005479,O019993,OI0023160,DH-KID-00445,2025-03-24,APP,Other,sir delivery me 12 din lag gaye !!,REFUNDED
RT005480,O019999,OI0023166,DH-FRO-00369,2026-06-20,APP,Other,dusri jagah sasta mil gaya refund chahiye,REFUNDED
RT005481,O020003,OI0023170,DH-SCH-00486,2026-09-19,APP,Colour different from image,,PICKUP_SCHEDULED
RT005482,O020005,OI0023172,DH-SCH-00472,2026-06-27,APP,Quality not as expected,,PICKUP_SCHEDULED
RT005483,O020007,OI0023174,DH-KUR-00038,2025-05-22,APP,Quality not as expected,,REFUNDED
RT005484,O020008,OI0023176,DH-KUR-00180,2026-08-04,APP,Other,mam ok exchange nahi chahiye,PICKUP_SCHEDULED
RT005485,O020012,OI0023180,DH-FRO-00375,2024-12-25,WHATSAPP,Other,"gift tha, unko pasand nahi aaya jaldi pickup karo",REFUNDED
RT005486,O020018,OI0023187,DH-SCH-00488,2025-05-16,APP,Other,"fabric achha nahi, fitting bhi tight",REFUNDED
RT005487,O020022,OI0023191,DH-TOP-00268,2025-08-17,APP,Quality not as expected,,REFUNDED
RT005488,O020024,OI0023193,DH-KUR-00058,2026-03-27,APP,Other,"mam kurti bahut fit hai, breathenahi kar pa rahi exchange nahi chahiye",INSPECTED
RT005489,O020033,OI0023202,DH-TOP-00310,2026-03-23,APP,Size too small,,REFUNDED
RT005490,O020034,OI0023203,DH-PAL-00316,2025-08-21,APP,Other,"sir Size small aaya, mera regular M h",INSPECTED
RT005491,O020038,OI0023207,DH-KUR-00125,2025-01-21,APP,Other,pls dont need it anymore very disappointed,REFUNDED
RT005492,O020039,OI0023208,DH-KUR-00080,2026-08-06,WHATSAPP,Colour different from image,,INSPECTED
RT005493,O020040,OI0023209,DH-FRO-00410,2026-08-16,WHATSAPP,Quality not as expected,,REFUNDED
RT005494,O020041,OI0023211,DH-KUR-00040,2026-02-10,APP,Other,quality achhi nahi hai,REFUNDED
RT005495,O020042,OI0023212,DH-TOP-00300,2025-11-24,APP,Other,not  good very disappointed,PICKUP_SCHEDULED
RT005496,O020049,OI0023220,DH-KID-00540,2026-03-21,APP,Other,dont need it anymore very disappointed,REFUNDED
RT005497,O020053,OI0023225,DH-KUR-00035,2026-09-13,APP,Other,size chota hai aur kapda bhi patla,REFUNDED
RT005498,O020054,OI0023226,DH-KUR-00040,2026-01-11,APP,Other,pls very thin cloth exchange nahi chahiye,REFUNDED
RT005499,O020060,OI0023234,DH-KUR-00125,2024-12-11,APP,Size too small,,REFUNDED
RT005500,O020067,OI0023241,DH-KUR-00092,2025-07-31,APP,Product damaged,,REFUNDED
RT005501,O020072,OI0023247,DH-DRE-00230,2026-05-29,APP,Other,pls issue hai,INSPECTED
RT005502,O020074,OI0023250,DH-MEN-00576,2026-03-25,WHATSAPP,Other,function cancel o gaya !!,REFUNDED
RT005503,O020077,OI0023253,DH-KUR-00083,2025-07-19,APP,Colour different from image,,REFUNDED
RT005504,O020078,OI0023254,DH-MEN-00546,2025-03-01,WHATSAPP,Other,hi size cchart se bada nikla exchange nahi chahiye,PICKUP_SCHEDULED
RT005505,O020081,OI0023257,DH-FRO-00402,2026-05-31,APP,Quality not as expected,,REFUNDED
RT005506,O020082,OI0023259,DH-KID-00445,2024-12-20,APP,Size too large,,REFUNDED
RT005507,O020084,OI0023262,DH-KUR-00043,2024-10-22,APP,Size too large,,REFUNDED
RT005508,O020089,OI0023267,DH-KUR-00117,2026-06-05,APP,Other,mummy ko pasand nahi aaya !!,REFUNDED
RT005509,O020091,OI0023270,DH-MEN-00553,2025-10-07,APP,Size too small,,REFUNDED
RT005510,O020096,OI0023275,DH-KUR-00094,2026-03-15,WHATSAPP,Wrong item received,,REFUNDED
RT005511,O020098,OI0023278,DH-PAL-00330,2026-03-28,WHATSAPP,Size too small,,REFUNDED
RT005512,O020108,OI0023291,DH-SCH-00481,2024-10-30,WHATSAPP,Wrong item received,,REFUNDED
RT005513,O020117,OI0023302,DH-FRO-00390,2025-11-16,WHATSAPP,Other,"hello, maine kurti mangayi thi top aaya !!",REFUNDED
RT005514,O020124,OI0023309,DH-KID-00438,2026-06-23,APP,Size too small,,PICKUP_SCHEDULED
RT005515,O020128,OI0023315,DH-DRE-00202,2025-06-30,WHATSAPP,Size too large,,REFUNDED
RT005516,O020135,OI0023322,DH-DRE-00231,2024-11-21,WHATSAPP,Other,"HELLO, ORDER BAHUT DER SE MILA !!",REFUNDED
RT005517,O020136,OI0023323,DH-KUR-00121,2025-03-30,WHATSAPP,Size too small,,REFUNDED
RT005518,O020137,OI0023324,DH-KUR-00154,2024-12-29,APP,Other,bhaiya M mangaya tha bada aaya jaldi pickup karo,REFUNDED
RT005519,O020138,OI0023325,DH-DRE-00202,2025-01-31,APP,Quality not as expected,,REFUNDED
RT005520,O020139,OI0023326,DH-DRE-00203,2025-12-11,APP,Quality not as expected,,REFUNDED
RT005521,O020141,OI0023328,DH-DRE-00231,2025-05-04,WHATSAPP,Other,"hello, function cancel ho gaya exchange nahi chahiye",PICKUP_SCHEDULED
RT005522,O020141,OI0023330,DH-KUR-00003,2025-05-06,APP,Other,"hello, order bahut der se mila",REFUNDED
RT005523,O020141,OI0023329,DH-FRO-00409,2025-05-05,WHATSAPP,Other,print utar raha hai exchange nahi chahiye,PICKUP_SCHEDULED
RT005524,O020145,OI0023334,DH-SCH-00494,2025-10-20,APP,Other,sir accidentally order ho gaya,REFUNDED
RT005525,O020147,OI0023336,DH-MEN-00564,2026-03-03,APP,Other,sir not as expected pls return,REFUNDED
RT005526,O020148,OI0023337,DH-TRA-00593,2024-11-24,WHATSAPP,Size too small,,INSPECTED
RT005527,O020156,OI0023347,DH-KUR-00050,2026-03-03,APP,Other,"mam gift tha, unko pasand nahi aaya jaldi pickup karo",REFUNDED
RT005528,O020158,OI0023350,DH-KUR-00132,2025-02-09,APP,Product damaged,,REFUNDED
RT005529,O020159,OI0023351,DH-PAL-00334,2026-09-25,APP,Other,bada hai and colour bhi photo jaisa nahi,PICKUP_SCHEDULED
RT005530,O020160,OI0023352,DH-KID-00518,2025-05-21,APP,Quality not as expected,,REFUNDED
RT005531,O020164,OI0023356,DH-KUR-00086,2025-11-06,APP,Size too small,,REFUNDED
RT005532,O020168,OI0023360,DH-KID-00508,2026-04-17,APP,Colour different from image,,REFUNDED
RT005533,O020169,OI0023362,DH-KUR-00044,2025-06-14,WHATSAPP,Other,ye mera order nahi hai refund chahiye,REFUNDED
RT005534,O020171,OI0023364,DH-KUR-00055,2025-08-18,APP,Other,bahu ttight h shoulders pe,REFUNDED
RT005535,O020172,OI0023365,DH-KID-00457,2025-08-24,WHATSAPP,Colour different from image,,REFUNDED
RT005536,O020175,OI0023368,DH-PAL-00314,2026-01-27,WHATSAPP,Product damaged,,REFUNDED
RT005537,O020177,OI0023370,DH-KUR-00030,2026-01-10,APP,Wrong item received,,REFUNDED
RT005538,O020180,OI0023374,DH-SCH-00488,2025-02-24,APP,Size too small,,REFUNDED
RT005539,O020181,OI0023375,DH-KUR-00160,2026-04-08,APP,Size too large,,REFUNDED
RT005540,O020193,OI0023389,DH-KID-00526,2026-06-23,APP,Colour different from image,,REFUNDED
RT005541,O020201,OI0023400,DH-TOP-00299,2026-02-20,APP,Other,"hello, अच्छा नहीं लगा exchange nahi chahiye",REFUNDED
RT005542,O020203,OI0023402,DH-KUR-00105,2025-10-10,WHATSAPP,Quality not as expected,,REFUNDED
RT005543,O020204,OI0023403,DH-MEN-00557,2026-07-18,WHATSAPP,Product damaged,,REFUNDED
RT005544,O020205,OI0023404,DH-TOP-00302,2025-11-21,APP,Other,bada hai and colour bhi photo jaisa nahi,INSPECTED
RT005545,O020207,OI0023407,DH-SCH-00476,2025-10-19,APP,Other,"HI GIFT THA, UNKO PASAND NAHI AAYA REFUND CHAHIYE",REFUNDED
RT005546,O020209,OI0023409,DH-KID-00437,2025-12-17,APP,Other,"fabric achha nahi, fitting bhi tight",REFUNDED
RT005547,O020209,OI0023410,DH-DRE-00231,2025-12-16,WHATSAPP,Size too small,,REFUNDED
RT005548,O020210,OI0023411,DH-KUR-00032,2025-11-12,WHATSAPP,Quality not as expected,,REFUNDED
RT005549,O020212,OI0023413,DH-KUR-00025,2025-12-22,WHATSAPP,Size too small,,REFUNDED
RT005550,O020214,OI0023417,DH-DRE-00192,2025-05-05,WHATSAPP,Other,pls colour mismatch,REFUNDED
RT005551,O020215,OI0023419,DH-KUR-00081,2026-08-20,APP,Other,MAM NOT AS EXPECTED,INSPECTED
RT005552,O020215,OI0023418,DH-DRE-00238,2026-08-19,APP,Size too small,,REFUNDED
RT005553,O020218,OI0023422,DH-KUR-00135,2025-02-25,APP,Size too small,,REFUNDED
RT005554,O020219,OI0023423,DH-KUR-00153,2026-06-03,WHATSAPP,Other,mam ordered L but feels like S very disappointed,REFUNDED
RT005555,O020220,OI0023424,DH-PAL-00323,2025-12-25,WHATSAPP,Size too small,,REFUNDED
RT005556,O020221,OI0023426,DH-KUR-00024,2025-04-13,WHATSAPP,Size too small,,REFUNDED
RT005557,O020221,OI0023425,DH-MEN-00575,2025-04-15,APP,Size too small,,REFUNDED
RT005558,O020224,OI0023431,DH-MEN-00546,2024-10-21,APP,Colour different from image,,REFUNDED
RT005559,O020225,OI0023433,DH-KUR-00043,2025-02-01,WHATSAPP,Colour different from image,,REFUNDED
RT005560,O020226,OI0023434,DH-FRO-00390,2025-10-21,WHATSAPP,Size too large,,REFUNDED
RT005561,O020233,OI0023442,DH-KUR-00078,2025-11-08,APP,Other,mam colour alag hai photo se jaldi pickup karo,REFUNDED
RT005562,O020235,OI0023445,DH-DRE-00206,2026-04-12,APP,Size too small,,REFUNDED
RT005563,O020236,OI0023446,DH-SCH-00495,2026-03-31,APP,Size too small,,REFUNDED
RT005564,O020238,OI0023448,DH-KUR-00016,2025-01-09,APP,Size too small,,REFUNDED
RT005565,O020239,OI0023450,DH-PAL-00340,2025-12-28,WHATSAPP,Other,colour mismatch,REFUNDED
RT005566,O020240,OI0023451,DH-KID-00421,2026-02-12,APP,Other,BHAIYA BACCHE KE LIYE BAHUT BADA HAI 🙏,REFUNDED
RT005567,O020242,OI0023453,DH-MEN-00541,2026-04-09,APP,Quality not as expected,,REFUNDED
RT005568,O020249,OI0023461,DH-MEN-00582,2024-12-08,APP,Other,hi function cancel ho gaya,REFUNDED
RT005569,O020256,OI0023469,DH-DRE-00203,2025-09-04,APP,Other,bahut tight h shoulders pe pls return,REFUNDED
RT005570,O020257,OI0023470,DH-TOP-00307,2026-04-25,WHATSAPP,Product damaged,,REFUNDED
RT005571,O020259,OI0023472,DH-TRA-00595,2024-10-26,WHATSAPP,Quality not as expected,,REFUNDED
RT005572,O020263,OI0023476,DH-KUR-00105,2024-12-02,APP,Colour different from image,,REFUNDED
RT005573,O020265,OI0023478,DH-KUR-00136,2026-02-14,WHATSAPP,Size too large,,REFUNDED
RT005574,O020269,OI0023483,DH-KUR-00043,2025-11-05,WHATSAPP,Size too small,,REFUNDED
RT005575,O020271,OI0023485,DH-MEN-00582,2025-03-25,APP,Colour different from image,,INSPECTED
RT005576,O020272,OI0023486,DH-DRE-00198,2025-01-30,APP,Other,"size small aaya, mera regularm  h refund chahiye",REFUNDED
RT005577,O020276,OI0023490,DH-KUR-00097,2025-02-18,WHATSAPP,Other,bhaiya length bahut zyada hai,REFUNDED
RT005578,O020277,OI0023491,DH-FRO-00395,2026-06-24,WHATSAPP,Colour different from image,,REFUNDED
RT005579,O020279,OI0023493,DH-KID-00520,2025-11-16,APP,Colour different from image,,REFUNDED
RT005580,O020281,OI0023495,DH-FRO-00396,2026-08-19,APP,Product damaged,,REFUNDED
RT005581,O020287,OI0023502,DH-KUR-00180,2025-06-09,APP,Wrong item received,,REFUNDED
RT005582,O020291,OI0023506,DH-KID-00431,2025-02-15,APP,Size too small,,REFUNDED
RT005583,O020293,OI0023508,DH-PAL-00333,2026-04-29,APP,Colour different from image,,REFUNDED
RT005584,O020294,OI0023509,DH-TOP-00266,2025-09-25,WHATSAPP,Other,accidentally order ho gaya refund chahiye,PICKUP_SCHEDULED
RT005585,O020306,OI0023523,DH-KUR-00143,2025-08-28,APP,Colour different from image,,REFUNDED
RT005586,O020309,OI0023526,DH-TRA-00591,2026-01-10,APP,Other,"hello, chhota aa gaya, size chart alat hai",REFUNDED
RT005587,O020311,OI0023528,DH-CO--00359,2026-09-22,APP,Size too large,,PICKUP_SCHEDULED
RT005588,O020323,OI0023543,DH-PAL-00330,2025-03-16,APP,Size too large,,PICKUP_SCHEDULED
RT005589,O020325,OI0023545,DH-SCH-00489,2024-12-08,WHATSAPP,Colour different from image,,REFUNDED
RT005590,O020328,OI0023548,DH-KUR-00055,2026-04-26,WHATSAPP,Size too small,,REFUNDED
RT005591,O020339,OI0023559,DH-TOP-00294,2026-07-31,WHATSAPP,Other,"photo me maroon dikha, aaya brown",REFUNDED
RT005592,O020342,OI0023564,DH-MEN-00567,2026-04-08,APP,Wrong item received,,REFUNDED
RT005593,O020343,OI0023565,DH-KUR-00003,2026-05-12,APP,Other,sir not ase xpected very disappointed,REFUNDED
RT005594,O020347,OI0023571,DH-DRE-00248,2025-10-21,APP,Other,"gift tha, unko pasand nahi aaya refund chahiye",REFUNDED
RT005595,O020351,OI0023575,DH-PAL-00335,2026-05-15,WHATSAPP,Other,size chota hai aur kapda bhi patla,REFUNDED
RT005596,O020355,OI0023579,DH-KUR-00081,2026-07-07,APP,Other,waist pe nahii aaya,REFUNDED
RT005597,O020357,OI0023581,DH-FRO-00418,2026-03-11,WHATSAPP,Other,bhaiya same as before very disappointed,REFUNDED
RT005598,O020364,OI0023588,DH-CO--00351,2025-04-14,APP,Other,sir sleeves tigth hai arms me very disappointed,REFUNDED
RT005599,O020369,OI0023596,DH-KUR-00027,2025-09-13,APP,Other,"hello, mind change ho gaya exchange nahi chahiye",INSPECTED
RT005600,O020369,OI0023595,DH-PAL-00337,2025-09-09,WHATSAPP,Other,mam बहुत टाइट है very disappointed,REFUNDED
RT005601,O020372,OI0023601,DH-PAL-00330,2025-02-04,APP,Quality not as expected,,REFUNDED
RT005602,O020373,OI0023602,DH-TRA-00600,2026-06-21,APP,Other,sir ab zarurat nahi hai !!,REFUNDED
RT005603,O020378,OI0023608,DH-TOP-00301,2025-04-01,WHATSAPP,Other,mam fabric rough hai skin pe chubhta hai,REFUNDED
RT005604,O020379,OI0023609,DH-KID-00437,2025-10-25,APP,Other,MAM GALAT PRODUUCT AAYA !!,REFUNDED
RT005605,O020388,OI0023621,DH-MEN-00544,2025-02-19,APP,Size too large,,REFUNDED
RT005606,O020394,OI0023627,DH-SCH-00489,2025-05-12,WHATSAPP,Other,bhaiya dont need it anymore pls return,REFUNDED
RT005607,O020406,OI0023640,DH-MEN-00564,2026-05-02,APP,Size too small,,REFUNDED
RT005608,O020411,OI0023647,DH-KUR-00043,2024-12-25,APP,Size too small,,REFUNDED
RT005609,O020416,OI0023654,DH-KID-00515,2026-03-04,WHATSAPP,Other,mam pasand nahi aaya exchange nahi chahiye,REFUNDED
RT005610,O020417,OI0023655,DH-KUR-00133,2024-11-02,APP,Other,"gift tha, unko pasand nahi aaya",REFUNDED
RT005611,O020418,OI0023656,DH-KID-00445,2024-10-15,APP,Other,bhaiya time pe nahi aaya to ab kya karu 🙏,PICKUP_SCHEDULED
RT005612,O020428,OI0023667,DH-KID-00503,2026-03-07,WHATSAPP,Other,sir function cancel oh gaya pls return,REFUNDED
RT005613,O020429,OI0023668,DH-DRE-00203,2025-10-28,APP,Other,bhaiya theek nahi hai exchange nahi chahiye,REFUNDED
RT005614,O020431,OI0023670,DH-KUR-00088,2025-07-21,WHATSAPP,Product damaged,,REFUNDED
RT005615,O020431,OI0023671,DH-DRE-00220,2025-07-22,APP,Other,,REFUNDED
RT005616,O020431,OI0023672,DH-MEN-00542,2025-07-23,WHATSAPP,Other,function cancel ho gaya very disappointed,REFUNDED
RT005617,O020433,OI0023675,DH-PAL-00318,2025-06-01,APP,Size too small,,PICKUP_SCHEDULED
RT005618,O020438,OI0023682,DH-FRO-00387,2025-08-07,APP,Colour different from image,,INSPECTED
RT005619,O020443,OI0023688,DH-KUR-00155,2025-10-13,APP,Size too large,,REFUNDED
RT005620,O020448,OI0023695,DH-KUR-00035,2024-12-08,APP,Product damaged,,REFUNDED
RT005621,O020452,OI0023700,DH-TRA-00600,2025-04-01,WHATSAPP,Other,bada hai and colour bhi photo jaisa nahi,REFUNDED
RT005622,O020456,OI0023707,DH-FRO-00386,2024-12-08,WHATSAPP,Quality not as expected,,REFUNDED
RT005623,O020463,OI0023714,DH-PAL-00328,2025-10-11,APP,Other,"hello, accidentally order ho gaya very disappointed",REFUNDED
RT005624,O020471,OI0023722,DH-MEN-00576,2026-09-27,APP,Other,sir siize se chota h 🙏,PICKUP_SCHEDULED
RT005625,O020472,OI0023723,DH-FRO-00367,2026-05-17,APP,Other,late aaya aur packet bhi phata hua,REFUNDED
RT005626,O020475,OI0023726,DH-KUR-00050,2024-11-10,APP,Other,.,INSPECTED
RT005627,O020477,OI0023728,DH-KUR-00088,2025-02-22,APP,Product damaged,,INSPECTED
RT005628,O020484,OI0023735,DH-DRE-00192,2026-06-19,APP,Size too small,,REFUNDED
RT005629,O020486,OI0023737,DH-KUR-00020,2026-09-23,WHATSAPP,Other,size chota hai aur kapda bhi patla,PICKUP_SCHEDULED
RT005630,O020488,OI0023739,DH-KUR-00113,2025-09-24,WHATSAPP,Colour different from image,,REFUNDED
RT005631,O020490,OI0023741,DH-DRE-00196,2026-01-03,WHATSAPP,Other,bhaiya not as expected 🙏,REFUNDED
RT005632,O020491,OI0023742,DH-DRE-00244,2026-08-09,APP,Other, ,REFUNDED
RT005633,O020498,OI0023749,DH-FRO-00411,2025-09-22,APP,Product damaged,,REFUNDED
RT005634,O020499,OI0023750,DH-FRO-00411,2026-02-07,APP,Other,quality achhi nahi hai refund chahiye,REFUNDED
RT005635,O020501,OI0023752,DH-KUR-00090,2025-06-19,APP,Other,PLS FUNCTION CANCEL HO GAYA PLS RETURN,REFUNDED
RT005636,O020507,OI0023758,DH-DRE-00192,2025-08-05,APP,Other,bhaiya dusri jagah sasta mil gaya pls return,REFUNDED
RT005637,O020517,OI0023770,DH-KUR-00003,2025-12-26,APP,Wrong item received,,REFUNDED
RT005638,O020525,OI0023781,DH-KUR-00131,2025-02-02,APP,Other,sir size chart pe 38 likha tha but 36 jaisa hai,REFUNDED
RT005639,O020535,OI0023792,DH-KUR-00034,2024-10-26,APP,Other,delivery me 12 din lag gaye,REFUNDED
RT005640,O020538,OI0023795,DH-KID-00458,2025-06-01,APP,Other,pls not as expected very disappointed,REFUNDED
RT005641,O020543,OI0023801,DH-KUR-00083,2025-12-05,WHATSAPP,Other,mam accdentally order ho gaya very disappointed,REFUNDED
RT005642,O020547,OI0023806,DH-KUR-00024,2025-12-30,APP,Other,"fabric achha nahi, fitting bhi tight",REFUNDED
RT005643,O020552,OI0023811,DH-MEN-00575,2026-07-31,APP,Colour different from image,,INSPECTED
RT005644,O020556,OI0023815,DH-TOP-00305,2026-03-13,APP,Size too small,,REFUNDED
RT005645,O020558,OI0023817,DH-DRE-00237,2025-12-24,APP,Size too small,,INSPECTED
RT005646,O020561,OI0023820,DH-KUR-00038,2026-06-06,APP,Quality not as expected,,REFUNDED
RT005647,O020563,OI0023822,DH-MEN-00548,2026-07-22,APP,Other,length bhi kam hai aur tight bhi,REFUNDED
RT005648,O020567,OI0023826,DH-SCH-00472,2026-02-21,WHATSAPP,Other,mam pasand nahi aaya,REFUNDED
RT005649,O020581,OI0023841,DH-KUR-00034,2024-11-03,APP,Quality not as expected,,REFUNDED
RT005650,O020584,OI0023844,DH-PAL-00313,2026-01-19,WHATSAPP,Size too small,,REFUNDED
RT005651,O020586,OI0023846,DH-DRE-00201,2026-07-21,APP,Other,pls theek nahi haai pls return,REFUNDED
RT005652,O020588,OI0023848,DH-CO--00351,2025-07-17,APP,Other,hi galatproduct aaya very disappointed,REFUNDED
RT005653,O020589,OI0023849,DH-MEN-00582,2024-11-18,WHATSAPP,Size too small,,REFUNDED
RT005654,O020593,OI0023853,DH-MEN-00586,2024-12-04,APP,Size too small,,INSPECTED
RT005655,O020601,OI0023862,DH-FRO-00396,2026-08-19,APP,Size too small,,REFUNDED
RT005656,O020603,OI0023864,DH-MEN-00559,2025-07-19,APP,Size too small,,REFUNDED
RT005657,O020604,OI0023865,DH-SCH-00465,2026-02-19,APP,Other,na,REFUNDED
RT005658,O020605,OI0023866,DH-TRA-00595,2024-11-20,WHATSAPP,Colour different from image,,REFUNDED
RT005659,O020611,OI0023874,DH-DRE-00234,2026-09-19,APP,Quality not as expected,,PICKUP_SCHEDULED
RT005660,O020614,OI0023879,DH-KUR-00059,2025-11-17,APP,Other,bhut tight h shoulders pe jaldi pickup karo,REFUNDED
RT005661,O020617,OI0023882,DH-KUR-00059,2025-12-15,WHATSAPP,Other,😞 !!,REFUNDED
RT005662,O020619,OI0023886,DH-TOP-00299,2025-11-15,WHATSAPP,Other,"late delivery, mehndi ke baad aaya refund chahiye",REFUNDED
RT005663,O020630,OI0023897,DH-KID-00428,2025-04-24,WHATSAPP,Size too small,,REFUNDED
RT005664,O020631,OI0023898,DH-CO--00348,2024-11-28,WHATSAPP,Other,"fabric achha nahi, fitting bhi tight",REFUNDED
RT005665,O020632,OI0023899,DH-CO--00354,2025-03-03,APP,Size too large,,REFUNDED
RT005666,O020635,OI0023902,DH-MEN-00586,2026-03-05,WHATSAPP,Other,BHAIYA PHATA HUA AAYA,REFUNDED
RT005667,O020637,OI0023906,DH-CO--00346,2026-04-03,APP,Other,sir fitting bahut tight hai yaar 🙏,REFUNDED
RT005668,O020641,OI0023911,DH-FRO-00409,2024-11-29,APP,Other,sir mummy ko pasand nahi aaya,REFUNDED
RT005669,O020641,OI0023912,DH-PAL-00326,2024-11-28,APP,Colour different from image,,REFUNDED
RT005670,O020646,OI0023917,DH-DRE-00237,2025-12-25,APP,Quality not as expected,,PICKUP_SCHEDULED
RT005671,O020648,OI0023920,DH-KUR-00179,2025-07-06,APP,Size too large,,REFUNDED
RT005672,O020651,OI0023923,DH-SCH-00496,2025-10-31,APP,Colour different from image,,REFUNDED
RT005673,O020654,OI0023927,DH-KID-00510,2026-03-10,WHATSAPP,Size too small,,REFUNDED
RT005674,O020660,OI0023935,DH-SCH-00476,2025-11-30,APP,Wrong item received,,REFUNDED
RT005675,O020662,OI0023937,DH-DRE-00218,2025-05-05,WHATSAPP,Other,"hello, size chota ahi !!",REFUNDED
RT005676,O020671,OI0023948,DH-FRO-00367,2026-03-20,WHATSAPP,Other,"pls bahut late aaya, function nikal gaya very disappointed",INSPECTED
RT005677,O020673,OI0023951,DH-FRO-00419,2024-10-13,APP,Wrong item received,,INSPECTED
RT005678,O020674,OI0023953,DH-SCH-00488,2026-06-08,APP,Other,mam colourmismatch pls return,REFUNDED
RT005679,O020675,OI0023954,DH-CO--00349,2025-11-12,APP,Product damaged,,REFUNDED
RT005680,O020676,OI0023955,DH-MEN-00581,2024-10-24,APP,Size too small,,INSPECTED
RT005681,O020678,OI0023957,DH-DRE-00192,2026-03-01,APP,Colour different from image,,REFUNDED
RT005682,O020681,OI0023960,DH-TOP-00268,2026-02-02,APP,Other,"MAM SIZE SMALL AAYA, MERAREGULAR M H VERY DISAPPOINTED",REFUNDED
RT005683,O020690,OI0023970,DH-KUR-00105,2024-12-26,WHATSAPP,Other,"pls bahut late aaya, function nikal gaya",REFUNDED
RT005684,O020691,OI0023971,DH-MEN-00546,2025-05-22,WHATSAPP,Quality not as expected,,REFUNDED
RT005685,O020694,OI0023974,DH-FRO-00399,2025-05-01,WHATSAPP,Size too large,,REFUNDED
RT005686,O020702,OI0023985,DH-KID-00431,2024-12-01,APP,Wrong item received,,REFUNDED
RT005687,O020709,OI0023994,DH-KUR-00047,2025-02-17,APP,Quality not as expected,,REFUNDED
RT005688,O020717,OI0024004,DH-SCH-00495,2026-08-13,APP,Size too small,,PICKUP_SCHEDULED
RT005689,O020718,OI0024005,DH-DRE-00205,2025-11-25,APP,Other,"hello, time pe nahi aaya to ab kya karu 🙏",REFUNDED
RT005690,O020720,OI0024007,DH-SCH-00489,2024-10-12,APP,Colour different from image,,REFUNDED
RT005691,O020721,OI0024008,DH-KUR-00146,2026-02-09,APP,Other,"bhaiya chhota aa gaya, size chart galat hai pls return",REFUNDED
RT005692,O020722,OI0024010,DH-MEN-00555,2025-04-05,APP,Colour different from image,,REFUNDED
RT005693,O020722,OI0024009,DH-KID-00526,2025-04-03,WHATSAPP,Other,size chota hai aur kapda bhi patla,REFUNDED
RT005694,O020736,OI0024026,DH-TOP-00302,2025-12-30,APP,Size too small,,REFUNDED
RT005695,O020740,OI0024030,DH-FRO-00419,2026-08-07,APP,Size too large,,REFUNDED
RT005696,O020741,OI0024031,DH-KUR-00052,2025-06-22,APP,Other,"hi late delivery,mehndi ke baad aaya",REFUNDED
RT005697,O020745,OI0024035,DH-KUR-00143,2025-07-01,APP,Quality not as expected,,REFUNDED
RT005698,O020748,OI0024038,DH-PAL-00342,2026-09-02,WHATSAPP,Other,bhaiya no tgood exchange nahi chahiye,REFUNDED
RT005699,O020749,OI0024039,DH-FRO-00392,2026-07-19,WHATSAPP,Size too large,,REFUNDED
RT005700,O020752,OI0024042,DH-TRA-00597,2025-07-21,APP,Size too small,,REFUNDED
RT005701,O020752,OI0024043,DH-MEN-00557,2025-07-18,APP,Other,"fabric achha nahi, fitting bhi tight",INSPECTED
RT005702,O020753,OI0024044,DH-SCH-00488,2024-12-05,APP,Other,ye wala shade nahi tha website pe jaldi pickup karo,REFUNDED
RT005703,O020755,OI0024046,DH-TOP-00281,2025-02-16,APP,Other,bhaiya very thin cloth 🙏,REFUNDED
RT005704,O020757,OI0024049,DH-KID-00443,2025-03-16,APP,Product damaged,,REFUNDED
RT005705,O020761,OI0024053,DH-SCH-00472,2024-12-21,APP,Other,sir dont need it anymore pls return,REFUNDED
RT005706,O020766,OI0024058,DH-KUR-00030,2026-05-12,APP,Product damaged,,INSPECTED
RT005707,O020774,OI0024066,DH-KUR-00109,2025-03-28,WHATSAPP,Other,"photo mme maroon dikha, aaya brown",REFUNDED
RT005708,O020777,OI0024070,DH-KUR-00096,2026-08-11,APP,Other,"hello, kapda bahut patla hai",REFUNDED
RT005709,O020780,OI0024075,DH-SCH-00481,2025-09-21,WHATSAPP,Size too small,,REFUNDED
RT005710,O020785,OI0024082,DH-KUR-00063,2025-09-10,WHATSAPP,Other,sir pasand nahi aaya,REFUNDED
RT005711,O020786,OI0024083,DH-TOP-00282,2025-06-30,APP,Size too small,,REFUNDED
RT005712,O020793,OI0024091,DH-KUR-00113,2025-01-24,APP,Size too small,,INSPECTED
RT005713,O020796,OI0024094,DH-KID-00431,2024-11-05,WHATSAPP,Other,sir wrong item received refund chahiye,PICKUP_SCHEDULED
RT005714,O020801,OI0024099,DH-KUR-00142,2025-11-03,WHATSAPP,Other,mam बहुत टाइट ै refund chahiye,REFUNDED
RT005715,O020810,OI0024108,DH-MEN-00577,2026-09-08,APP,Other,अच्छा नहीं लगा !!,REFUNDED
RT005716,O020812,OI0024110,DH-PAL-00326,2024-10-31,APP,Other,M mangaya tha bada aaya pls return,REFUNDED
RT005717,O020815,OI0024114,DH-KUR-00114,2026-04-30,APP,Colour different from image,,REFUNDED
RT005718,O020818,OI0024117,DH-TOP-00258,2026-07-09,WHATSAPP,Other,mam pasand nahi aaya refund chahiye,INSPECTED
RT005719,O020820,OI0024119,DH-KUR-00092,2026-03-30,APP,Other,"material not as described, ye coton nahi lagta",REFUNDED
RT005720,O020822,OI0024122,DH-FRO-00401,2025-06-29,APP,Colour different from image,,REFUNDED
RT005721,O020824,OI0024124,DH-SCH-00490,2025-04-04,APP,Size too small,,INSPECTED
RT005722,O020826,OI0024126,DH-KID-00508,2026-09-15,WHATSAPP,Size too small,,INSPECTED
RT005723,O020838,OI0024142,DH-KUR-00163,2025-06-17,APP,Other,"gift tha, unko pasad nahi aaya pls return",REFUNDED
RT005724,O020845,OI0024150,DH-KUR-00062,2026-09-04,APP,Quality not as expected,,REFUNDED
RT005725,O020846,OI0024151,DH-PAL-00330,2025-08-08,APP,Other,"bhaiya gift tha, unko pasand nahi aaya exchange nahi chahiye",PICKUP_SCHEDULED
RT005726,O020847,OI0024152,DH-KUR-00100,2025-03-11,APP,Other,"hello, mummy ko pasand nahi aaya",REFUNDED
RT005727,O020850,OI0024155,DH-MEN-00555,2025-04-28,WHATSAPP,Other,"hello, gift tha, unko pasand nahi aaya refund chahiye",REFUNDED
RT005728,O020851,OI0024156,DH-SCH-00476,2025-01-04,WHATSAPP,Size too large,,REFUNDED
RT005729,O020860,OI0024167,DH-KID-00445,2025-04-15,APP,Other,"hello, tight hai",INSPECTED
RT005730,O020863,OI0024172,DH-KUR-00052,2026-03-08,APP,Size too small,,REFUNDED
RT005731,O020876,OI0024187,DH-CO--00354,2024-10-12,APP,Size too large,,REFUNDED
RT005732,O020881,OI0024192,DH-KUR-00129,2024-11-27,APP,Other,accidetnally order ho gaya exchange nahi chahiye,REFUNDED
RT005733,O020885,OI0024197,DH-KUR-00172,2026-07-18,APP,Size too small,,REFUNDED
RT005734,O020888,OI0024201,DH-KID-00462,2025-02-21,APP,Other,sir return,REFUNDED
RT005735,O020894,OI0024208,DH-KUR-00137,2025-05-05,WHATSAPP,Other,hi bacchek e liye bahut bada hai very disappointed,REFUNDED
RT005736,O020895,OI0024209,DH-KUR-00100,2025-07-17,APP,Other,mam accidentally order ho gaya,REFUNDED
RT005737,O020896,OI0024210,DH-DRE-00247,2026-03-02,APP,Size too small,,REFUNDED
RT005738,O020897,OI0024211,DH-FRO-00395,2025-11-06,APP,Quality not as expected,,REFUNDED
RT005739,O020899,OI0024213,DH-PAL-00313,2026-02-15,WHATSAPP,Size too large,,INSPECTED
RT005740,O020903,OI0024218,DH-TOP-00268,2025-11-11,APP,Other,rang halka hai bahut jaldi pickup karo,REFUNDED
RT005741,O020906,OI0024221,DH-FRO-00364,2025-09-15,APP,Quality not as expected,,REFUNDED
RT005742,O020908,OI0024223,DH-TOP-00285,2025-06-17,WHATSAPP,Other,mam see through hai kapda jaldi pickup karo,REFUNDED
RT005743,O020910,OI0024225,DH-KID-00430,2024-11-30,WHATSAPP,Other,mam hole hai sleeve pe very disappointed,REFUNDED
RT005744,O020921,OI0024237,DH-KID-00462,2026-07-22,APP,Product damaged,,REFUNDED
RT005745,O020926,OI0024242,DH-KUR-00078,2025-09-18,APP,Other,mam no !!,REFUNDED
RT005746,O020927,OI0024243,DH-MEN-00546,2025-09-16,APP,Colour different from image,,REFUNDED
RT005747,O020945,OI0024264,DH-TOP-00271,2024-11-21,APP,Other,DELIVERY ME 12 DIN LAG GAYE REFUND CHAHIYE,REFUNDED
RT005748,O020948,OI0024267,DH-MEN-00579,2026-04-14,APP,Product damaged,,REFUNDED
RT005749,O020952,OI0024271,DH-DRE-00225,2026-09-14,APP,Size too small,,REFUNDED
RT005750,O020955,OI0024274,DH-KUR-00136,2025-04-06,APP,Size too small,,REFUNDED
RT005751,O020958,OI0024278,DH-TOP-00278,2025-06-12,APP,Other,ab zarurat nahih ai,REFUNDED
RT005752,O020962,OI0024283,DH-SCH-00489,2025-11-12,WHATSAPP,Other,order bahut der se mila exchange nahi chahiye,REFUNDED
RT005753,O020964,OI0024285,DH-FRO-00411,2026-03-20,APP,Size too large,,REFUNDED
RT005754,O020973,OI0024294,DH-KUR-00035,2025-10-13,APP,Size too small,,REFUNDED
RT005755,O020974,OI0024295,DH-KID-00449,2026-05-21,WHATSAPP,Size too large,,REFUNDED
RT005756,O020978,OI0024299,DH-FRO-00368,2026-06-06,WHATSAPP,Other,.,REFUNDED
RT005757,O020982,OI0024303,DH-PAL-00338,2025-08-25,APP,Size too large,,REFUNDED
RT005758,O020989,OI0024312,DH-KID-00421,2026-09-17,APP,Other,mind change ho gaya,PICKUP_SCHEDULED
RT005759,O020994,OI0024317,DH-SCH-00471,2024-11-20,APP,Other,sir accidentally order ho gaya !!,REFUNDED
RT005760,O020998,OI0024321,DH-KID-00424,2025-09-01,WHATSAPP,Quality not as expected,,REFUNDED
RT005761,O021011,OI0024338,DH-TOP-00284,2026-01-29,APP,Other,"hi chhota aa gaya, size chart galat hai exchange nahi chahiye",REFUNDED
RT005762,O021018,OI0024345,DH-KUR-00112,2026-02-25,APP,Wrong item received,,INSPECTED
RT005763,O021020,OI0024347,DH-KUR-00123,2026-03-28,WHATSAPP,Other, ,REFUNDED
RT005764,O021023,OI0024351,DH-DRE-00190,2025-02-02,APP,Colour different from image,,REFUNDED
RT005765,O021025,OI0024353,DH-MEN-00542,2025-10-01,APP,Size too small,,REFUNDED
RT005766,O021031,OI0024360,DH-FRO-00384,2025-11-17,APP,Other,"sir kurti bahut fit hai, breathe nahi kar pa rahi very disappointed",INSPECTED
RT005767,O021033,OI0024362,DH-MEN-00580,2025-08-04,APP,Other,"hello, size M bahut tight hai, L lena padega",REFUNDED
RT005768,O021041,OI0024372,DH-KUR-00160,2026-09-23,WHATSAPP,Size too small,,PICKUP_SCHEDULED
RT005769,O021044,OI0024376,DH-KUR-00034,2024-11-07,WHATSAPP,Size too large,,REFUNDED
RT005770,O021046,OI0024378,DH-TOP-00304,2025-12-28,APP,Other,"bahut late aaya, function nikal gaya 🙏",REFUNDED
RT005771,O021050,OI0024383,DH-KUR-00099,2026-09-11,APP,Colour different from image,,REFUNDED
RT005772,O021051,OI0024386,DH-KID-00502,2025-12-04,APP,Size too large,,REFUNDED
RT005773,O021055,OI0024390,DH-DRE-00206,2025-08-03,APP,Size too large,,REFUNDED
RT005774,O021057,OI0024393,DH-DRE-00188,2024-11-04,APP,Size too small,,REFUNDED
RT005775,O021058,OI0024394,DH-KID-00453,2025-08-19,APP,Product damaged,,REFUNDED
RT005776,O021064,OI0024400,DH-FRO-00376,2026-07-29,APP,Other,not good,REFUNDED
RT005777,O021065,OI0024401,DH-DRE-00204,2025-10-25,APP,Other,late aaya aur packet bhi phata hua,REFUNDED
RT005778,O021071,OI0024407,DH-CO--00358,2025-07-26,APP,Size too large,,INSPECTED
RT005779,O021072,OI0024408,DH-KID-00517,2024-12-20,APP,Size too large,,REFUNDED
RT005780,O021078,OI0024414,DH-TOP-00285,2025-08-23,WHATSAPP,Size too small,,REFUNDED
RT005781,O021085,OI0024421,DH-FRO-00405,2026-03-02,APP,Other,pls ... exchange nahi chahiye,REFUNDED
RT005782,O021085,OI0024422,DH-KUR-00177,2026-03-01,WHATSAPP,Colour different from image,,INSPECTED
RT005783,O021085,OI0024423,DH-DRE-00247,2026-03-04,WHATSAPP,Other,colour alag hai aur quality bhi average,REFUNDED
RT005784,O021088,OI0024426,DH-KID-00428,2025-01-29,WHATSAPP,Other,nahi chahiye abs refund chahiye,REFUNDED
RT005785,O021094,OI0024434,DH-KUR-00171,2024-12-17,APP,Other,"HELLO, AB ZARURAT NAHI HAI",PICKUP_SCHEDULED
RT005786,O021097,OI0024437,DH-MEN-00568,2026-08-22,APP,Other,"bhaiya too small ,chest pe fit nahi hua jaldi pickup karo",REFUNDED
RT005787,O021101,OI0024441,DH-MEN-00543,2026-08-29,APP,Size too small,,INSPECTED
RT005788,O021106,OI0024447,DH-FRO-00371,2025-07-05,APP,Size too small,,REFUNDED
RT005789,O021108,OI0024449,DH-TOP-00273,2025-04-15,WHATSAPP,Other,😞 very disappointed,REFUNDED
RT005790,O021110,OI0024451,DH-TOP-00267,2026-09-17,WHATSAPP,Other,"hello, silai khulih ui thi aate hi jaldi pickup karo",PICKUP_SCHEDULED
RT005791,O021115,OI0024457,DH-SCH-00488,2024-11-04,APP,Size too large,,REFUNDED
RT005792,O021119,OI0024461,DH-TOP-00261,2025-07-31,APP,Other,sir bekar pls return,REFUNDED
RT005793,O021120,OI0024462,DH-KID-00445,2025-06-04,WHATSAPP,Other,bhaiya packet geela tha kapda kharab pls return,REFUNDED
RT005794,O021122,OI0024465,DH-TOP-00296,2025-03-10,WHATSAPP,Size too large,,REFUNDED
RT005795,O021123,OI0024466,DH-KUR-00035,2025-05-30,APP,Wrong item received,,REFUNDED
RT005796,O021124,OI0024467,DH-TOP-00271,2025-02-21,WHATSAPP,Other,"hello, ... 🙏",REFUNDED
RT005797,O021128,OI0024471,DH-KUR-00043,2025-11-23,APP,Size too small,,REFUNDED
RT005798,O021135,OI0024479,DH-CO--00345,2025-01-05,APP,Other,size chota hai aur kapda bhi patla,REFUNDED
RT005799,O021138,OI0024484,DH-FRO-00406,2025-09-19,WHATSAPP,Colour different from image,,REFUNDED
RT005800,O021142,OI0024488,DH-SCH-00472,2025-09-03,APP,Size too small,,REFUNDED
RT005801,O021143,OI0024489,DH-KUR-00104,2026-09-04,WHATSAPP,Other,bhaiya delivery me 12 din lag gaye,REFUNDED
RT005802,O021145,OI0024491,DH-KUR-00154,2024-12-07,APP,Size too large,,REFUNDED
RT005803,O021151,OI0024497,DH-MEN-00546,2025-05-04,APP,Other,hi pls return,REFUNDED
RT005804,O021158,OI0024504,DH-KID-00453,2025-08-22,APP,Size too large,,REFUNDED
RT005805,O021164,OI0024510,DH-DRE-00244,2026-02-02,APP,Colour different from image,,PICKUP_SCHEDULED
RT005806,O021166,OI0024512,DH-DRE-00199,2026-07-07,APP,Other,late aaya aur packet bhi phata hua,REFUNDED
RT005807,O021168,OI0024515,DH-KID-00537,2025-01-13,APP,Size too small,,INSPECTED
RT005808,O021176,OI0024524,DH-PAL-00337,2025-09-13,APP,Quality not as expected,,REFUNDED
RT005809,O021178,OI0024527,DH-FRO-00391,2026-09-14,APP,Size too large,,REFUNDED
RT005810,O021179,OI0024528,DH-KUR-00050,2024-12-01,APP,Other,...,REFUNDED
RT005811,O021188,OI0024538,DH-FRO-00370,2024-11-30,APP,Colour different from image,,REFUNDED
RT005812,O021189,OI0024540,DH-MEN-00556,2026-03-31,APP,Size too small,,REFUNDED
RT005813,O021197,OI0024550,DH-KUR-00006,2025-08-02,APP,Other,"mam gift tha, unko pasand nahi aaya 🙏",REFUNDED
RT005814,O021200,OI0024555,DH-KID-00422,2025-11-20,APP,Colour different from image,,INSPECTED
RT005815,O021206,OI0024562,DH-KUR-00066,2026-06-15,APP,Colour different from image,,REFUNDED
RT005816,O021207,OI0024563,DH-KUR-00026,2026-02-14,WHATSAPP,Other,pls print utar raha hai,INSPECTED
RT005817,O021216,OI0024574,DH-DRE-00181,2025-06-26,APP,Other,hi delivery me 12 din lag gaye very disappointed,REFUNDED
RT005818,O021221,OI0024579,DH-KID-00458,2025-06-03,APP,Other,mam order bahut der se mila,REFUNDED
RT005819,O021223,OI0024581,DH-TOP-00282,2025-07-01,WHATSAPP,Other,dont need it anymore 🙏,INSPECTED
RT005820,O021223,OI0024582,DH-TOP-00288,2025-06-30,WHATSAPP,Size too small,,REFUNDED
RT005821,O021224,OI0024583,DH-SCH-00471,2024-12-18,APP,Other,"fabric achha nahi, fitting bhi tight",REFUNDED
RT005822,O021232,OI0024591,DH-DRE-00203,2025-10-05,APP,Quality not as expected,,REFUNDED
RT005823,O021234,OI0024593,DH-DRE-00198,2024-11-19,WHATSAPP,Size too large,,REFUNDED
RT005824,O021235,OI0024594,DH-KUR-00035,2026-03-21,WHATSAPP,Other,colour alag hai aur quality bhi average,REFUNDED
RT005825,O021236,OI0024595,DH-DRE-00208,2025-12-24,APP,Colour different from image,,REFUNDED
RT005826,O021238,OI0024597,DH-KUR-00008,2025-01-14,APP,Size too small,,INSPECTED
RT005827,O021240,OI0024599,DH-KUR-00109,2026-08-07,WHATSAPP,Other,bada hai and colour bhi photo jaisa nahi,REFUNDED
RT005828,O021241,OI0024600,DH-KID-00526,2025-06-03,APP,Other,na,REFUNDED
RT005829,O021243,OI0024602,DH-MEN-00545,2025-04-24,WHATSAPP,Colour different from image,,REFUNDED
RT005830,O021247,OI0024606,DH-KID-00454,2025-03-18,APP,Size too small,,REFUNDED
RT005831,O021249,OI0024608,DH-KUR-00092,2025-05-04,WHATSAPP,Other,mind change ho gaya,REFUNDED
RT005832,O021253,OI0024613,DH-DRE-00206,2025-03-22,WHATSAPP,Quality not as expected,,REFUNDED
RT005833,O021255,OI0024615,DH-KID-00509,2025-11-14,WHATSAPP,Other,"hi loose fitting, mere size ka nahi lagta 🙏",REFUNDED
RT005834,O021259,OI0024619,DH-FRO-00388,2024-11-19,WHATSAPP,Wrong item received,,REFUNDED
RT005835,O021265,OI0024626,DH-DRE-00184,2025-01-20,APP,Other,bhaiya rang halka hai bahut jaldi pickup karo,REFUNDED
RT005836,O021271,OI0024635,DH-KUR-00165,2026-05-16,APP,Colour different from image,,REFUNDED
RT005837,O021272,OI0024636,DH-TOP-00285,2024-11-21,WHATSAPP,Size too small,,REFUNDED
RT005838,O021276,OI0024640,DH-FRO-00382,2026-05-08,APP,Other,size chota hai aur kapda bhi patla,REFUNDED
RT005839,O021282,OI0024646,DH-KID-00513,2025-02-22,APP,Other,bada hai and colour bhi photo jaisa nahi,REFUNDED
RT005840,O021283,OI0024647,DH-DRE-00202,2026-04-23,APP,Other,PLS BAHUT LOSE HAI REFUND CHAHIYE,REFUNDED
RT005841,O021287,OI0024651,DH-KUR-00078,2025-06-03,APP,Other,,INSPECTED
RT005842,O021290,OI0024654,DH-MEN-00546,2025-06-04,APP,Quality not as expected,,INSPECTED
RT005843,O021293,OI0024657,DH-FRO-00392,2026-02-20,APP,Other,pls M mangaya tha bada aaya exchange nahi chahiye,REFUNDED
RT005844,O021300,OI0024664,DH-DRE-00246,2026-08-26,APP,Size too large,,REFUNDED
RT005845,O021303,OI0024667,DH-KID-00448,2024-12-04,WHATSAPP,Size too small,,REFUNDED
RT005846,O021306,OI0024671,DH-KUR-00141,2026-08-30,APP,Product damaged,,PICKUP_SCHEDULED
RT005847,O021309,OI0024675,DH-KUR-00097,2025-10-10,APP,Other,sir size se chota h,PICKUP_SCHEDULED
RT005848,O021312,OI0024679,DH-KUR-00088,2024-11-05,APP,Other,issue hai !!,REFUNDED
RT005849,O021320,OI0024688,DH-KID-00521,2025-11-04,WHATSAPP,Quality not as expected,,REFUNDED
RT005850,O021321,OI0024690,DH-KID-00423,2026-08-12,APP,Other,अच्छा नहीं लगा refund chahiye,REFUNDED
RT005851,O021325,OI0024694,DH-KUR-00026,2025-11-20,WHATSAPP,Size too small,,REFUNDED
RT005852,O021326,OI0024695,DH-PAL-00321,2026-07-24,APP,Size too large,,REFUNDED
RT005853,O021332,OI0024702,DH-KUR-00026,2024-10-15,APP,Other,sir dusri jagah sasta mil gaya,REFUNDED
RT005854,O021337,OI0024708,DH-DRE-00204,2026-05-03,WHATSAPP,Other,HI DELIVERY ME 12 DIN LAG GAYE REFUND CHAHIYE,REFUNDED
RT005855,O021338,OI0024709,DH-KUR-00077,2026-05-20,APP,Other,sir colour mismatch,REFUNDED
RT005856,O021345,OI0024716,DH-MEN-00564,2025-12-04,APP,Product damaged,,REFUNDED
RT005857,O021354,OI0024726,DH-DRE-00202,2024-10-13,APP,Other,"hi size M bahut tight hai, L lena padega pls return",PICKUP_SCHEDULED
RT005858,O021362,OI0024734,DH-MEN-00544,2025-06-19,APP,Size too small,,REFUNDED
RT005859,O021367,OI0024740,DH-TOP-00292,2026-08-25,WHATSAPP,Size too small,,REFUNDED
RT005860,O021369,OI0024743,DH-KUR-00039,2025-02-15,WHATSAPP,Wrong item received,,REFUNDED
RT005861,O021370,OI0024744,DH-SCH-00471,2025-02-17,WHATSAPP,Quality not as expected,,REFUNDED
RT005862,O021373,OI0024747,DH-KID-00504,2026-02-12,APP,Other,time pen ahi aaya to ab kya karu,REFUNDED
RT005863,O021377,OI0024753,DH-KID-00532,2026-05-23,WHATSAPP,Quality not as expected,,REFUNDED
RT005864,O021378,OI0024754,DH-MEN-00543,2026-03-06,APP,Other,bhaiya ... pls return,REFUNDED
RT005865,O021380,OI0024756,DH-KUR-00055,2026-03-26,APP,Size too small,,REFUNDED
RT005866,O021381,OI0024758,DH-KUR-00052,2026-02-11,WHATSAPP,Size too small,,REFUNDED
RT005867,O021381,OI0024759,DH-KID-00435,2026-02-06,WHATSAPP,Colour different from image,,REFUNDED
RT005868,O021382,OI0024760,DH-TOP-00278,2025-08-30,WHATSAPP,Other,"hello, अच्छा नहीं लगा exchange nahi chahiye",REFUNDED
RT005869,O021385,OI0024763,DH-SCH-00465,2025-02-20,APP,Size too large,,REFUNDED
RT005870,O021387,OI0024766,DH-KID-00430,2025-10-29,APP,Size too small,,INSPECTED
RT005871,O021392,OI0024771,DH-KUR-00125,2026-01-29,WHATSAPP,Other,hi bahut tight h shoulders pe jaldi pickup karo,REFUNDED
RT005872,O021395,OI0024774,DH-MEN-00545,2026-08-17,WHATSAPP,Size too small,,REFUNDED
RT005873,O021396,OI0024776,DH-KUR-00011,2026-06-15,APP,Colour different from image,,REFUNDED
RT005874,O021397,OI0024777,DH-KID-00533,2026-04-27,WHATSAPP,Colour different from image,,REFUNDED
RT005875,O021398,OI0024778,DH-KUR-00029,2024-11-11,APP,Other,"sir chhota aa gaya, size chart galat hai",REFUNDED
RT005876,O021400,OI0024780,DH-DRE-00209,2025-06-15,APP,Other,"too big, ekdum dheela",REFUNDED
RT005877,O021401,OI0024781,DH-KUR-00157,2025-08-30,APP,Other,mind cange ho gaya,REFUNDED
RT005878,O021401,OI0024783,DH-FRO-00371,2025-08-29,WHATSAPP,Other,hi dusri jagah sasta mli gaya 🙏,REFUNDED
RT005879,O021401,OI0024782,DH-MEN-00553,2025-08-27,APP,Size too small,,REFUNDED
RT005880,O021402,OI0024784,DH-KUR-00142,2026-05-14,WHATSAPP,Other,"fabric achha nahi, fitting bhi tight",REFUNDED
RT005881,O021402,OI0024785,DH-TOP-00282,2026-05-08,WHATSAPP,Other,"hello, length bahut zyada hai",PICKUP_SCHEDULED
RT005882,O021403,OI0024786,DH-KUR-00008,2024-11-15,APP,Wrong item received,,REFUNDED
RT005883,O021404,OI0024787,DH-TRA-00599,2025-06-22,APP,Other,pls ...,REFUNDED
RT005884,O021411,OI0024796,DH-DRE-00221,2025-12-03,APP,Other,dusri jagah sasta mil gaya jaldi pickup karo,REFUNDED
RT005885,O021412,OI0024799,DH-KUR-00079,2026-08-31,WHATSAPP,Other,sir xl bhi tight hai kya size h ye,PICKUP_SCHEDULED
RT005886,O021415,OI0024802,DH-DRE-00192,2025-03-12,APP,Size too small,,INSPECTED
RT005887,O021416,OI0024803,DH-DRE-00218,2026-03-12,WHATSAPP,Other,"hello, ... !!",REFUNDED
RT005888,O021419,OI0024806,DH-TOP-00301,2026-06-03,WHATSAPP,Product damaged,,REFUNDED
RT005889,O021420,OI0024807,DH-TOP-00282,2026-04-29,APP,Other,😞,REFUNDED
RT005890,O021424,OI0024812,DH-KUR-00050,2024-10-18,WHATSAPP,Wrong item received,,REFUNDED
RT005891,O021431,OI0024820,DH-DRE-00209,2024-10-14,APP,Colour different from image,,REFUNDED
RT005892,O021433,OI0024823,DH-TRA-00600,2025-05-08,WHATSAPP,Other,pls pehli dhulai me shrink ho gaya 🙏,REFUNDED
RT005893,O021438,OI0024828,DH-TRA-00599,2026-01-21,APP,Size too small,,REFUNDED
RT005894,O021440,OI0024830,DH-SCH-00490,2025-04-27,APP,Other,nahi chahiye bas very disappointed,REFUNDED
RT005895,O021444,OI0024834,DH-TOP-00295,2025-10-26,APP,Other,mam not good exchange nahi chahiye,REFUNDED
RT005896,O021447,OI0024837,DH-KID-00433,2026-01-25,WHATSAPP,Other,nahi chaiye bas very disappointed,REFUNDED
RT005897,O021451,OI0024841,DH-KUR-00047,2025-05-21,APP,Product damaged,,REFUNDED
RT005898,O021461,OI0024853,DH-KID-00459,2026-08-05,APP,Product damaged,,REFUNDED
RT005899,O021462,OI0024855,DH-DRE-00237,2026-09-01,APP,Size too small,,REFUNDED
RT005900,O021463,OI0024856,DH-FRO-00387,2025-01-29,APP,Quality not as expected,,REFUNDED
RT005901,O021471,OI0024866,DH-TOP-00279,2025-09-13,APP,Size too small,,REFUNDED
RT005902,O021476,OI0024873,DH-KUR-00123,2025-11-26,APP,Other,bhaiya dusri jagah sasta mil gaya 🙏,REFUNDED
RT005903,O021479,OI0024876,DH-KUR-00008,2024-11-20,APP,Other,sir function cancel ho gaya pls return,REFUNDED
RT005904,O021480,OI0024877,DH-CO--00358,2026-02-12,APP,Other,sir packet khula thaa ur kapde pe daag hai,REFUNDED
RT005905,O021482,OI0024880,DH-TOP-00277,2026-09-14,APP,Other,ab zarurat nahi hai !!,REFUNDED
RT005906,O021486,OI0024885,DH-TOP-00271,2025-02-04,APP,Size too large,,REFUNDED
RT005907,O021488,OI0024887,DH-FRO-00370,2026-06-14,APP,Quality not as expected,,REFUNDED
RT005908,O021490,OI0024889,DH-KUR-00105,2024-11-16,APP,Size too large,,REFUNDED
RT005909,O021490,OI0024890,DH-KUR-00131,2024-11-16,WHATSAPP,Other,"pls chhota aa gaya, size chart galat hai",REFUNDED
RT005910,O021492,OI0024892,DH-TRA-00597,2024-11-20,APP,Product damaged,,REFUNDED
RT005911,O021494,OI0024894,DH-KUR-00016,2025-03-26,APP,Product damaged,,REFUNDED
RT005912,O021496,OI0024896,DH-KID-00462,2024-11-22,APP,Size too large,,REFUNDED
RT005913,O021499,OI0024899,DH-KID-00436,2025-11-01,APP,Other,galat product aaya pls return,REFUNDED
RT005914,O021505,OI0024905,DH-TRA-00589,2025-07-31,APP,Other,bhaiya quality bilkul  bekar very disappointed,REFUNDED
RT005915,O021507,OI0024908,DH-TOP-00283,2026-07-12,APP,Size too small,,REFUNDED
RT005916,O021507,OI0024907,DH-SCH-00483,2026-07-16,APP,Other,pls quality bilkul bekar jaldi pickup karo,REFUNDED
RT005917,O021507,OI0024909,DH-KID-00503,2026-07-11,APP,Other,"fabric achha nahi, fitting bhi tight",PICKUP_SCHEDULED
RT005918,O021508,OI0024910,DH-KID-00511,2025-11-25,APP,Other,pls no pls return,PICKUP_SCHEDULED
RT005919,O021514,OI0024917,DH-KUR-00129,2025-07-23,WHATSAPP,Size too small,,REFUNDED
RT005920,O021521,OI0024925,DH-KUR-00177,2026-01-09,WHATSAPP,Other,colour alag hai aur quality bhi average,REFUNDED
RT005921,O021525,OI0024931,DH-KUR-00149,2026-03-02,APP,Other,"sir gift tha, unko pasand nahi aaya",REFUNDED
RT005922,O021527,OI0024933,DH-KUR-00123,2026-02-09,APP,Other,pls time pe nahi aaya to ab kya krau,REFUNDED
RT005923,O021531,OI0024938,DH-MEN-00583,2026-02-19,APP,Other,"sir late delivery, mehndi ke baad aaya 🙏",REFUNDED
RT005924,O021533,OI0024940,DH-DRE-00206,2025-04-21,APP,Other,"hi gift tha, unko pasand nahi aaya exchange nahi chahiye",REFUNDED
RT005925,O021542,OI0024950,DH-FRO-00417,2026-05-28,APP,Other,BHAIYA MUMMY KO PASAND NAHI AAYA EXCHANGE NAHI CHAHIYE,REFUNDED
RT005926,O021551,OI0024959,DH-MEN-00572,2026-03-31,WHATSAPP,Size too small,,REFUNDED
RT005927,O021553,OI0024961,DH-FRO-00393,2025-10-18,APP,Colour different from image,,REFUNDED
RT005928,O021563,OI0024971,DH-KUR-00113,2025-06-21,WHATSAPP,Other,bhaiya return jaldi pickup karo,REFUNDED
RT005929,O021565,OI0024973,DH-FRO-00415,2026-08-27,APP,Quality not as expected,,REFUNDED
RT005930,O021568,OI0024976,DH-MEN-00549,2025-10-20,APP,Other,mam delivery me 12 din lag gaye refund chahiye,REFUNDED
RT005931,O021573,OI0024982,DH-KUR-00152,2025-07-20,WHATSAPP,Other,time pe nahi aaya to ab kya karu pls return,REFUNDED
RT005932,O021574,OI0024983,DH-MEN-00581,2025-04-07,APP,Size too small,,REFUNDED
RT005933,O021576,OI0024986,DH-MEN-00582,2024-11-12,APP,Quality not as expected,,REFUNDED
RT005934,O021582,OI0024992,DH-FRO-00419,2025-08-01,APP,Wrong item received,,PICKUP_SCHEDULED
RT005935,O021591,OI0025002,DH-FRO-00373,2026-05-04,APP,Colour different from image,,REFUNDED
RT005936,O021592,OI0025004,DH-KUR-00083,2026-06-04,WHATSAPP,Quality not as expected,,REFUNDED
RT005937,O021599,OI0025011,DH-FRO-00370,2025-10-22,APP,Product damaged,,REFUNDED
RT005938,O021599,OI0025012,DH-KUR-00118,2025-10-21,APP,Colour different from image,,PICKUP_SCHEDULED
RT005939,O021603,OI0025016,DH-KID-00445,2026-08-16,APP,Other,bhaiya accidentally order ho gaya very disappointed,REFUNDED
RT005940,O021604,OI0025017,DH-KUR-00171,2026-01-27,WHATSAPP,Other,ab zaruratnahi hai very disappointed,REFUNDED
RT005941,O021609,OI0025022,DH-FRO-00401,2026-03-11,APP,Wrong item received,,REFUNDED
RT005942,O021612,OI0025025,DH-KID-00510,2025-10-23,WHATSAPP,Size too small,,REFUNDED
RT005943,O021614,OI0025028,DH-KUR-00001,2026-04-24,WHATSAPP,Colour different from image,,REFUNDED
RT005944,O021620,OI0025034,DH-KID-00425,2026-02-14,APP,Other,bhaiya बहुत टाइट है jaldi pickup karo,REFUNDED
RT005945,O021624,OI0025040,DH-TOP-00271,2024-11-22,APP,Product damaged,,REFUNDED
RT005946,O021625,OI0025041,DH-FRO-00400,2026-07-11,APP,Size too small,,REFUNDED
RT005947,O021630,OI0025047,DH-KUR-00133,2025-06-20,APP,Colour different from image,,REFUNDED
RT005948,O021633,OI0025052,DH-KID-00453,2025-09-18,WHATSAPP,Quality not as expected,,REFUNDED
RT005949,O021634,OI0025053,DH-KUR-00008,2025-04-05,APP,Other,hi mind change o gaya refund chahiye,REFUNDED
RT005950,O021635,OI0025054,DH-KUR-00100,2025-05-04,APP,Quality not as expected,,INSPECTED
RT005951,O021645,OI0025066,DH-KID-00539,2026-07-12,APP,Other,size chota hai aur kapda bhi patla,REFUNDED
RT005952,O021648,OI0025069,DH-DRE-00244,2025-11-05,APP,Size too small,,PICKUP_SCHEDULED
RT005953,O021649,OI0025070,DH-KUR-00025,2026-09-21,APP,Product damaged,,PICKUP_SCHEDULED
RT005954,O021653,OI0025075,DH-KID-00535,2026-03-18,APP,Other,ab zarurat nahi hai 🙏,REFUNDED
RT005955,O021660,OI0025084,DH-SCH-00465,2025-12-26,WHATSAPP,Colour different from image,,REFUNDED
RT005956,O021663,OI0025088,DH-KUR-00163,2026-03-06,APP,Other,sir theek nahi hai jaldi pickup karo,REFUNDED
RT005957,O021671,OI0025098,DH-FRO-00409,2025-06-25,APP,Size too large,,INSPECTED
RT005958,O021680,OI0025107,DH-TOP-00272,2026-06-13,APP,Other,bacche ke liye bahut bada hai refund chahiye,INSPECTED
RT005959,O021681,OI0025108,DH-TOP-00285,2024-12-16,APP,Other,pls waiist pe nahi aaya,REFUNDED
RT005960,O021684,OI0025113,DH-DRE-00188,2025-05-08,WHATSAPP,Size too small,,REFUNDED
RT005961,O021688,OI0025117,DH-KID-00500,2026-05-15,APP,Other,galat product aaya refund chahiye,INSPECTED
RT005962,O021693,OI0025122,DH-CO--00358,2025-03-25,APP,Other,"bhaiya Size small aaya, mera regula rM h very disappointed",REFUNDED
RT005963,O021694,OI0025124,DH-SCH-00476,2025-01-05,APP,Size too small,,REFUNDED
RT005964,O021696,OI0025126,DH-KUR-00166,2025-06-20,APP,Other,pasand nahi aaya !!,REFUNDED
RT005965,O021704,OI0025135,DH-KUR-00048,2026-07-31,WHATSAPP,Colour different from image,,REFUNDED
RT005966,O021707,OI0025139,DH-TOP-00271,2026-09-04,APP,Other,zip kaam nahi kar rahi 🙏,REFUNDED
RT005967,O021710,OI0025142,DH-KUR-00164,2025-06-15,APP,Other,hi issue hai pls return,REFUNDED
RT005968,O021714,OI0025148,DH-KID-00528,2025-06-15,APP,Other,LENGTH BHI KAM HAI AUR TIGHT BHI REFUND CHAHIYE,INSPECTED
RT005969,O021718,OI0025153,DH-DRE-00239,2025-02-12,APP,Size too small,,REFUNDED
RT005970,O021729,OI0025166,DH-FRO-00392,2025-10-09,APP,Quality not as expected,,REFUNDED
RT005971,O021730,OI0025167,DH-TOP-00260,2026-04-09,APP,Other,bhaiya dusri jagah sasta mil gaya,REFUNDED
RT005972,O021733,OI0025170,DH-TOP-00262,2025-01-30,WHATSAPP,Other,hole hai sleeve pe refund chahiye,INSPECTED
RT005973,O021738,OI0025179,DH-FRO-00381,2025-04-07,APP,Other,time pe nahi aaya t ab kya karu !!,REFUNDED
RT005974,O021740,OI0025181,DH-PAL-00317,2025-10-02,APP,Other,pls pls return !!,REFUNDED
RT005975,O021741,OI0025182,DH-KUR-00097,2025-02-21,APP,Other,"mam Size small aaya, mera regular M h jaldi pickup karo",REFUNDED
RT005976,O021758,OI0025204,DH-FRO-00386,2024-10-28,APP,Size too small,,REFUNDED
RT005977,O021759,OI0025206,DH-DRE-00222,2025-12-14,WHATSAPP,Quality not as expected,,INSPECTED
RT005978,O021766,OI0025214,DH-PAL-00339,2026-04-24,WHATSAPP,Colour different from image,,REFUNDED
RT005979,O021777,OI0025227,DH-KUR-00146,2026-06-19,APP,Size too large,,REFUNDED
RT005980,O021779,OI0025230,DH-KUR-00180,2025-06-25,APP,Other,late aaya aur packet bhi phata hua,REFUNDED
RT005981,O021781,OI0025232,DH-DRE-00240,2026-03-18,APP,Quality not as expected,,REFUNDED
RT005982,O021785,OI0025237,DH-KUR-00027,2025-05-05,APP,Other,smaller than usual size jaldi pickup karo,PICKUP_SCHEDULED
RT005983,O021786,OI0025239,DH-KUR-00164,2025-10-26,WHATSAPP,Colour different from image,,INSPECTED
RT005984,O021790,OI0025245,DH-SCH-00495,2026-06-03,WHATSAPP,Other,"photo me maroon dikha, aaya brown pls return",PICKUP_SCHEDULED
RT005985,O021790,OI0025243,DH-KID-00436,2026-06-04,APP,Size too large,,REFUNDED
RT005986,O021790,OI0025244,DH-TOP-00295,2026-06-02,WHATSAPP,Size too large,,REFUNDED
RT005987,O021799,OI0025257,DH-CO--00360,2025-05-08,WHATSAPP,Quality not as expected,,REFUNDED
RT005988,O021806,OI0025264,DH-KUR-00016,2025-08-17,APP,Quality not as expected,,REFUNDED
RT005989,O021807,OI0025265,DH-KUR-00171,2025-11-21,APP,Size too small,,REFUNDED
RT005990,O021810,OI0025268,DH-KUR-00129,2025-03-04,APP,Other,sir mustard bola tha ye to grene yellow hai exchange nahi chahiye,REFUNDED
RT005991,O021816,OI0025274,DH-KID-00526,2025-07-10,APP,Other,"HELLO, DELIVERY ME 12 DIN LAG GAYE",REFUNDED
RT005992,O021817,OI0025275,DH-FRO-00383,2025-02-23,APP,Other,hi no very disappointed,INSPECTED
RT005993,O021819,OI0025277,DH-MEN-00586,2024-12-03,WHATSAPP,Other,dont needi t anymore 🙏,REFUNDED
RT005994,O021820,OI0025278,DH-FRO-00388,2024-10-16,APP,Colour different from image,,REFUNDED
RT005995,O021823,OI0025282,DH-DRE-00244,2026-02-02,APP,Size too small,,REFUNDED
RT005996,O021823,OI0025283,DH-FRO-00370,2026-02-06,APP,Quality not as expected,,REFUNDED
RT005997,O021825,OI0025286,DH-KID-00431,2026-04-03,WHATSAPP,Other,"HELLO, QUALITY BILKUL BKEAR",REFUNDED
RT005998,O021826,OI0025287,DH-DRE-00215,2025-11-30,APP,Quality not as expected,,REFUNDED
RT005999,O021828,OI0025289,DH-MEN-00576,2026-02-07,WHATSAPP,Other,sir same as before,REFUNDED
RT006000,O021830,OI0025291,DH-DRE-00209,2026-02-03,APP,Product damaged,,REFUNDED
RT006001,O021835,OI0025297,DH-CO--00355,2025-06-18,APP,Product damaged,,REFUNDED
RT006002,O021839,OI0025303,DH-TOP-00265,2025-07-09,WHATSAPP,Size too small,,REFUNDED
RT006003,O021840,OI0025304,DH-KID-00447,2026-08-24,APP,Other,tgiht hai very disappointed,REFUNDED
RT006004,O021846,OI0025312,DH-KUR-00026,2025-07-24,WHATSAPP,Size too small,,REFUNDED
RT006005,O021848,OI0025314,DH-PAL-00318,2026-03-19,APP,Size too small,,REFUNDED
RT006006,O021849,OI0025315,DH-TRA-00597,2026-01-24,APP,Quality not as expected,,REFUNDED
RT006007,O021853,OI0025320,DH-FRO-00372,2026-06-14,APP,Other,"wrong size bheja, M order kiya tha XL aaya jaldi pickup karo",INSPECTED
RT006008,O021861,OI0025328,DH-KUR-00131,2025-10-21,APP,Size too large,,PICKUP_SCHEDULED
RT006009,O021862,OI0025329,DH-KID-00500,2025-04-09,APP,Product damaged,,REFUNDED
RT006010,O021864,OI0025332,DH-KID-00516,2026-07-11,WHATSAPP,Size too small,,REFUNDED
RT006011,O021869,OI0025337,DH-CO--00354,2024-11-10,APP,Other,hi size M bahut tight hai L lena padega refund chahiye,REFUNDED
RT006012,O021870,OI0025338,DH-TOP-00264,2026-03-31,APP,Size too small,,REFUNDED
RT006013,O021879,OI0025352,DH-KUR-00030,2026-01-24,WHATSAPP,Other,size chota hai aur kapda bhi patla,REFUNDED
RT006014,O021883,OI0025356,DH-KUR-00032,2026-08-23,APP,Other,bhaiya length bhi kam hai aur tight bhi jaldi pickup karo,REFUNDED
RT006015,O021884,OI0025357,DH-MEN-00588,2026-06-13,APP,Other,"mam wrong size bheja, M order kiya tha XL aaya !!",REFUNDED
RT006016,O021885,OI0025358,DH-KUR-00132,2025-07-09,APP,Size too large,,PICKUP_SCHEDULED
RT006017,O021894,OI0025369,DH-DRE-00242,2026-03-31,APP,Size too small,,REFUNDED
RT006018,O021896,OI0025374,DH-KID-00506,2026-03-04,APP,Other,pls acha nahi laga jaldi pickup karo,REFUNDED
RT006019,O021899,OI0025380,DH-KUR-00120,2025-07-29,APP,Other,size chota hai aur kapda bhi patla,REFUNDED
RT006020,O021899,OI0025381,DH-KUR-00100,2025-07-29,APP,Other,ab zarurat nahi hai 🙏,REFUNDED
RT006021,O021902,OI0025384,DH-TOP-00269,2025-10-23,APP,Size too small,,REFUNDED
RT006022,O021903,OI0025385,DH-KUR-00154,2024-11-29,APP,Size too small,,REFUNDED
RT006023,O021905,OI0025387,DH-KUR-00107,2026-03-18,APP,Colour different from image,,REFUNDED
RT006024,O021906,OI0025390,DH-DRE-00231,2024-11-11,APP,Other,na,INSPECTED
RT006025,O021910,OI0025394,DH-FRO-00393,2025-06-23,APP,Quality not as expected,,INSPECTED
RT006026,O021919,OI0025406,DH-KUR-00131,2025-01-03,APP,Size too small,,REFUNDED
RT006027,O021924,OI0025411,DH-FRO-00397,2025-10-31,APP,Other,MAM DELIVERY ME 12 DIN LAG GAYE VERY DISAPPOINTED,REFUNDED
RT006028,O021925,OI0025412,DH-SCH-00479,2026-09-18,WHATSAPP,Size too small,,PICKUP_SCHEDULED
RT006029,O021929,OI0025417,DH-KUR-00126,2025-12-13,APP,Quality not as expected,,REFUNDED
RT006030,O021931,OI0025419,DH-TRA-00593,2024-10-30,APP,Quality not as expected,,REFUNDED
RT006031,O021932,OI0025420,DH-KID-00509,2025-06-08,WHATSAPP,Size too large,,REFUNDED
RT006032,O021937,OI0025426,DH-FRO-00409,2025-09-04,APP,Other,... pls return,REFUNDED
RT006033,O021945,OI0025438,DH-DRE-00202,2024-10-29,APP,Other,mam size chart se bada nikla jaldi pickup karo,REFUNDED
RT006034,O021949,OI0025443,DH-TRA-00593,2026-03-09,APP,Other,MAM OVERSIZED LAG RAHA HAI JABKI REGULAR FIT LIKHA THA !!,PICKUP_SCHEDULED
RT006035,O021958,OI0025454,DH-KUR-00149,2024-12-17,APP,Size too small,,REFUNDED
RT006036,O021961,OI0025457,DH-PAL-00335,2025-06-24,APP,Other,size chota hai aur kapda bhi patla,INSPECTED
RT006037,O021965,OI0025461,DH-SCH-00467,2026-05-12,APP,Other,"fabric achha nahi, fitting bhi tight",REFUNDED
RT006038,O021967,OI0025463,DH-FRO-00364,2026-03-04,APP,Size too small,,REFUNDED
RT006039,O021972,OI0025468,DH-DRE-00190,2025-04-23,APP,Size too small,,INSPECTED
RT006040,O021983,OI0025480,DH-DRE-00213,2025-10-19,WHATSAPP,Size too small,,PICKUP_SCHEDULED
RT006041,O021985,OI0025482,DH-KUR-00122,2026-01-24,WHATSAPP,Other,"pls chhota aa gaya, size chart galat hai exchange nahi chahiye",REFUNDED
RT006042,O021987,OI0025486,DH-PAL-00313,2025-10-27,WHATSAPP,Other,not as expected !!,REFUNDED
RT006043,O021987,OI0025484,DH-KID-00516,2025-10-25,APP,Other,sir sleeves tight hai arms me pls return,REFUNDED
RT006044,O021987,OI0025485,DH-MEN-00545,2025-10-23,APP,Colour different from image,,INSPECTED
RT006045,O021988,OI0025487,DH-SCH-00495,2026-09-23,APP,Colour different from image,,PICKUP_SCHEDULED
RT006046,O021989,OI0025488,DH-PAL-00313,2026-01-10,APP,Colour different from image,,REFUNDED
RT006047,O021990,OI0025489,DH-KUR-00125,2025-09-13,WHATSAPP,Other,SIR AB ZARURAT NAHI HAI JALDI PICKUP KARO,REFUNDED
RT006048,O021995,OI0025495,DH-KID-00422,2026-04-28,APP,Wrong item received,,REFUNDED
RT006049,O021996,OI0025496,DH-CO--00349,2025-03-07,APP,Size too small,,REFUNDED
RT006050,O022004,OI0025504,DH-KUR-00033,2025-11-07,WHATSAPP,Other,"sir size M bahut tight hai, L lena padega exchange nahi chahiye",REFUNDED
RT006051,O022009,OI0025509,DH-KUR-00139,2025-04-03,APP,Other,late aaya aur packet bhi phata hua,REFUNDED
RT006052,O022012,OI0025513,DH-KUR-00109,2026-03-02,APP,Colour different from image,,PICKUP_SCHEDULED
RT006053,O022018,OI0025520,DH-TOP-00285,2024-11-18,APP,Other,DELIVERY ME 12 DIN LAG GAYE,REFUNDED
RT006054,O022035,OI0025541,DH-KID-00502,2025-10-21,APP,Other,sir 😞 very disappointed,REFUNDED
RT006055,O022039,OI0025545,DH-PAL-00326,2026-08-12,APP,Other,"bahut late aaya, function nikal gaya",REFUNDED
RT006056,O022055,OI0025565,DH-KUR-00132,2026-05-21,APP,Other,mind change ho gaya !!,REFUNDED
RT006057,O022057,OI0025567,DH-KID-00518,2025-07-05,APP,Colour different from image,,REFUNDED
RT006058,O022059,OI0025569,DH-DRE-00209,2024-10-11,WHATSAPP,Other,sir theek nahi hai,REFUNDED
RT006059,O022061,OI0025571,DH-KUR-00046,2026-01-23,APP,Other,colour alag hai aur quality bhi average,PICKUP_SCHEDULED
RT006060,O022063,OI0025573,DH-KID-00456,2025-06-12,APP,Other,late aaya aur packet bhi phata hua,REFUNDED
RT006061,O022064,OI0025574,DH-TOP-00312,2025-07-10,APP,Product damaged,,REFUNDED
RT006062,O022067,OI0025577,DH-FRO-00400,2025-10-06,APP,Size too small,,REFUNDED
RT006063,O022067,OI0025578,DH-DRE-00202,2025-10-05,WHATSAPP,Size too large,,PICKUP_SCHEDULED
RT006064,O022068,OI0025579,DH-TOP-00273,2026-01-25,APP,Other,hi time pe nahi aaya to ab kya aru jaldi pickup karo,REFUNDED
RT006065,O022078,OI0025589,DH-MEN-00541,2026-08-26,APP,Product damaged,,REFUNDED
RT006066,O022092,OI0025606,DH-KUR-00090,2025-10-15,APP,Quality not as expected,,REFUNDED
RT006067,O022093,OI0025607,DH-MEN-00544,2026-07-06,APP,Size too large,,INSPECTED
RT006068,O022104,OI0025619,DH-MEN-00582,2025-05-28,APP,Other,"hello, galat product aaya jaldi pickup karo",REFUNDED
RT006069,O022105,OI0025620,DH-KUR-00083,2025-05-27,APP,Other,bada hai and colour bhi photo jaisa nahi,REFUNDED
RT006070,O022112,OI0025627,DH-KUR-00047,2025-02-10,WHATSAPP,Other,"hello, no !!",REFUNDED
RT006071,O022114,OI0025629,DH-FRO-00418,2025-01-09,APP,Quality not as expected,,REFUNDED
RT006072,O022115,OI0025631,DH-DRE-00204,2025-03-14,APP,Colour different from image,,REFUNDED
RT006073,O022116,OI0025632,DH-TOP-00311,2025-10-25,APP,Other,order bahut er se mila,REFUNDED
RT006074,O022118,OI0025634,DH-TOP-00302,2024-12-13,APP,Other,size se chota h exchange nahi chahiye,REFUNDED
RT006075,O022120,OI0025637,DH-KUR-00029,2025-03-25,WHATSAPP,Other,😞,REFUNDED
RT006076,O022126,OI0025644,DH-KUR-00086,2025-03-27,WHATSAPP,Other,SIR ORDER BAHUT DER SE MILA 🙏,PICKUP_SCHEDULED
RT006077,O022132,OI0025650,DH-KUR-00066,2025-11-11,APP,Size too large,,REFUNDED
RT006078,O022141,OI0025660,DH-KUR-00008,2025-09-16,APP,Other,image me bright tha rela me dull hai,INSPECTED
RT006079,O022142,OI0025661,DH-MEN-00559,2025-12-21,APP,Colour different from image,,REFUNDED
RT006080,O022143,OI0025662,DH-KUR-00050,2024-11-30,APP,Size too small,,REFUNDED
RT006081,O022145,OI0025664,DH-KUR-00001,2026-09-06,APP,Other,bhaiya functon cancel ho gaya very disappointed,REFUNDED
RT006082,O022148,OI0025667,DH-KID-00540,2026-07-22,APP,Size too large,,REFUNDED
RT006083,O022153,OI0025674,DH-KUR-00133,2025-02-07,APP,Size too small,,REFUNDED
RT006084,O022157,OI0025680,DH-KUR-00021,2025-01-17,APP,Other,pls bekar,INSPECTED
RT006085,O022160,OI0025683,DH-KUR-00154,2024-10-16,APP,Other,mam silai khuli hui thi aate hi,PICKUP_SCHEDULED
RT006086,O022175,OI0025700,DH-MEN-00571,2026-07-05,APP,Other,bhaiya accidentally order ho gaya !!,REFUNDED
RT006087,O022188,OI0025718,DH-TOP-00257,2026-04-20,WHATSAPP,Other,hi overssized lag raha hai jabki regular fit likha tha,INSPECTED
RT006088,O022190,OI0025720,DH-TOP-00275,2026-08-06,WHATSAPP,Size too small,,REFUNDED
RT006089,O022192,OI0025722,DH-TOP-00275,2026-06-25,WHATSAPP,Size too small,,REFUNDED
RT006090,O022193,OI0025723,DH-SCH-00474,2024-11-15,WHATSAPP,Size too small,,REFUNDED
RT006091,O022202,OI0025735,DH-TOP-00306,2026-04-18,WHATSAPP,Size too small,,REFUNDED
RT006092,O022204,OI0025738,DH-MEN-00580,2025-08-25,APP,Other,sir mindd change ho gaya,REFUNDED
RT006093,O022210,OI0025747,DH-TRA-00589,2025-10-31,WHATSAPP,Size too large,,REFUNDED
RT006094,O022215,OI0025753,DH-KUR-00029,2024-11-16,APP,Size too small,,REFUNDED
RT006095,O022216,OI0025754,DH-FRO-00387,2025-02-16,WHATSAPP,Colour different from image,,INSPECTED
RT006096,O022223,OI0025761,DH-DRE-00204,2026-04-03,APP,Other,"bahut late aaya, function nikal gyaa jaldi pickup karo",PICKUP_SCHEDULED
RT006097,O022225,OI0025764,DH-TOP-00311,2026-08-27,WHATSAPP,Quality not as expected,,REFUNDED
RT006098,O022233,OI0025773,DH-TOP-00294,2026-08-05,APP,Size too large,,REFUNDED
RT006099,O022243,OI0025786,DH-KUR-00100,2024-12-19,APP,Wrong item received,,REFUNDED
RT006100,O022245,OI0025788,DH-KUR-00035,2024-11-03,APP,Size too small,,REFUNDED
RT006101,O022247,OI0025791,DH-FRO-00383,2025-11-14,WHATSAPP,Other,mam nahi chahiye bas exchange nahi chahiye,REFUNDED
RT006102,O022248,OI0025792,DH-SCH-00477,2026-06-16,WHATSAPP,Size too small,,PICKUP_SCHEDULED
RT006103,O022251,OI0025796,DH-TOP-00268,2026-05-21,APP,Quality not as expected,,INSPECTED
RT006104,O022254,OI0025799,DH-TRA-00593,2025-10-21,APP,Other,hi size chota hai !!,REFUNDED
RT006105,O022257,OI0025802,DH-MEN-00586,2024-10-19,WHATSAPP,Other,kapda bahut patla hai very disappointed,REFUNDED
RT006106,O022259,OI0025804,DH-TOP-00310,2025-12-24,APP,Size too small,,REFUNDED
RT006107,O022264,OI0025809,DH-KUR-00050,2024-10-24,APP,Other,pls beti ke liye liya tha chhota pad gaya,REFUNDED
RT006108,O022265,OI0025810,DH-KUR-00016,2025-01-23,APP,Size too small,,REFUNDED
RT006109,O022269,OI0025815,DH-KID-00448,2024-12-07,WHATSAPP,Size too small,,REFUNDED
RT006110,O022275,OI0025822,DH-KUR-00039,2025-11-11,APP,Other,mam colour mismatch,REFUNDED
RT006111,O022278,OI0025828,DH-DRE-00228,2026-02-27,APP,Other,mam return,INSPECTED
RT006112,O022279,OI0025829,DH-TOP-00273,2026-08-15,APP,Size too small,,REFUNDED
RT006113,O022292,OI0025843,DH-DRE-00210,2026-07-26,APP,Other,mummy ko pasand nahi aaya,REFUNDED
RT006114,O022298,OI0025851,DH-MEN-00573,2026-05-26,APP,Size too small,,REFUNDED
RT006115,O022300,OI0025853,DH-KUR-00168,2026-08-11,APP,Size too small,,REFUNDED
RT006116,O022301,OI0025854,DH-DRE-00215,2026-08-24,APP,Other,"HELLO, CHHOTA AA GAYA, SIZE CHART GALAT HAI",REFUNDED
RT006117,O022308,OI0025862,DH-KUR-00132,2026-01-26,APP,Size too large,,REFUNDED
RT006118,O022310,OI0025864,DH-TOP-00296,2026-05-18,WHATSAPP,Other,bhaiya phata hua aaya,REFUNDED
RT006119,O022312,OI0025867,DH-PAL-00317,2026-07-06,APP,Size too small,,INSPECTED
RT006120,O022313,OI0025868,DH-KUR-00097,2025-04-23,APP,Other,zip kaam nahi kar rahi,REFUNDED
RT006121,O022323,OI0025880,DH-SCH-00479,2026-05-08,WHATSAPP,Other,oversiezd lag raha hai jabki regular fit likha tha,REFUNDED
RT006122,O022328,OI0025887,DH-KUR-00054,2024-10-22,APP,Other,bada hai and colour bhi photo jaisa nahi,REFUNDED
RT006123,O022337,OI0025897,DH-DRE-00227,2025-12-11,APP,Size too small,,REFUNDED
RT006124,O022342,OI0025902,DH-SCH-00467,2025-03-16,APP,Other,"hello, size se chota h exchange nahi chahiye",REFUNDED
RT006125,O022346,OI0025907,DH-KUR-00083,2026-07-21,APP,Other,colour alag hai aur quality bhi average,REFUNDED
RT006126,O022347,OI0025908,DH-DRE-00213,2025-12-12,APP,Other,mam delivery me 12 din lag gaye pls return,REFUNDED
RT006127,O022350,OI0025911,DH-KUR-00104,2026-03-09,APP,Other,bhaiya ab zarurat nahi hai,REFUNDED
RT006128,O022352,OI0025914,DH-TOP-00282,2025-05-28,APP,Other,bahut loose hai 🙏,INSPECTED
RT006129,O022352,OI0025913,DH-KID-00503,2025-05-27,WHATSAPP,Quality not as expected,,REFUNDED
RT006130,O022356,OI0025919,DH-KUR-00131,2026-03-02,APP,Other,theek nahi hai,REFUNDED
RT006131,O022371,OI0025937,DH-DRE-00188,2024-10-16,WHATSAPP,Other,ye wala shade nahi tha website pe exchange nahi chahiye,REFUNDED
RT006132,O022380,OI0025947,DH-KID-00518,2025-11-22,APP,Other,SIR THEEK NAHI HAI REFUND CHAHIYE,INSPECTED
RT006133,O022382,OI0025950,DH-KUR-00034,2025-06-21,APP,Other,late aaya aur packet bhi phata hua,REFUNDED
RT006134,O022385,OI0025953,DH-MEN-00569,2026-06-16,APP,Quality not as expected,,REFUNDED
RT006135,O022392,OI0025962,DH-DRE-00219,2025-09-10,APP,Other,dusri jagah sasta mil gaya,INSPECTED
RT006136,O022393,OI0025963,DH-DRE-00211,2026-01-13,APP,Size too small,,PICKUP_SCHEDULED
RT006137,O022396,OI0025966,DH-KUR-00100,2025-01-22,APP,Size too small,,REFUNDED
RT006138,O022400,OI0025971,DH-SCH-00489,2025-09-26,APP,Size too small,,REFUNDED
RT006139,O022401,OI0025972,DH-KUR-00088,2024-12-02,APP,Other,TIME PE NAHI AAYA TO AB KYA KARU JALDI PICKUP KARO,REFUNDED
RT006140,O022404,OI0025976,DH-FRO-00397,2025-08-26,APP,Wrong item received,,REFUNDED
RT006141,O022407,OI0025979,DH-KID-00430,2024-12-05,WHATSAPP,Size too large,,REFUNDED
RT006142,O022409,OI0025982,DH-KID-00428,2025-07-11,WHATSAPP,Colour different from image,,REFUNDED
RT006143,O022412,OI0025985,DH-KUR-00086,2025-08-25,WHATSAPP,Size too small,,REFUNDED
RT006144,O022414,OI0025988,DH-TRA-00593,2024-10-28,WHATSAPP,Other,sir function cancel ho gaya exchange nahi chahiye,REFUNDED
RT006145,O022420,OI0025996,DH-MEN-00555,2025-06-16,APP,Size too small,,REFUNDED
RT006146,O022421,OI0025997,DH-KID-00525,2026-08-16,WHATSAPP,Colour different from image,,REFUNDED
RT006147,O022427,OI0026003,DH-FRO-00388,2025-08-06,APP,Other,bhaiya not good,REFUNDED
RT006148,O022429,OI0026005,DH-MEN-00577,2025-12-24,APP,Size too large,,REFUNDED
RT006149,O022430,OI0026006,DH-TOP-00302,2025-08-09,WHATSAPP,Product damaged,,REFUNDED
RT006150,O022434,OI0026011,DH-KID-00442,2026-05-18,APP,Other,mind change ho gaya jaldi pickup karo,REFUNDED
RT006151,O022436,OI0026013,DH-TRA-00600,2026-08-16,WHATSAPP,Quality not as expected,,REFUNDED
RT006152,O022438,OI0026016,DH-CO--00352,2026-08-03,APP,Size too small,,REFUNDED
RT006153,O022441,OI0026020,DH-SCH-00465,2024-12-09,WHATSAPP,Size too small,,REFUNDED
RT006154,O022442,OI0026021,DH-KUR-00016,2025-01-03,APP,Size too small,,REFUNDED
RT006155,O022444,OI0026023,DH-KID-00528,2025-05-18,APP,Other,"pls gift tha, unko pasand nahi aaya pls return",REFUNDED
RT006156,O022446,OI0026025,DH-KUR-00154,2025-08-17,APP,Other,bhaiya order bahut der se mila 🙏,REFUNDED
RT006157,O022449,OI0026028,DH-KUR-00167,2025-11-18,APP,Product damaged,,REFUNDED
RT006158,O022450,OI0026029,DH-KUR-00034,2024-11-29,WHATSAPP,Other,hi time pe nahi aaya to ab kyakaru !!,REFUNDED
RT006159,O022452,OI0026031,DH-SCH-00469,2025-08-15,WHATSAPP,Colour different from image,,REFUNDED
RT006160,O022454,OI0026033,DH-KID-00451,2024-12-31,APP,Size too large,,REFUNDED
RT006161,O022457,OI0026036,DH-KUR-00154,2025-02-23,APP,Other,sir fuction cancel ho gaya refund chahiye,REFUNDED
RT006162,O022459,OI0026038,DH-KID-00527,2025-09-20,APP,Size too small,,REFUNDED
RT006163,O022461,OI0026040,DH-SCH-00497,2025-03-29,WHATSAPP,Other,pink mangaya ta peach aaya refund chahiye,REFUNDED
RT006164,O022465,OI0026045,DH-KUR-00124,2026-06-29,APP,Other,pasand nahi aaya exchange nahi chahiye,INSPECTED
RT006165,O022466,OI0026046,DH-DRE-00198,2024-10-27,WHATSAPP,Size too small,,REFUNDED
RT006166,O022468,OI0026048,DH-FRO-00389,2026-03-29,APP,Other,late aaya aur packet bhi phata hua,REFUNDED
RT006167,O022470,OI0026050,DH-KUR-00034,2024-11-05,WHATSAPP,Other,pls no,REFUNDED
RT006168,O022471,OI0026051,DH-KID-00507,2025-01-16,APP,Other,pls theek nahi hai refund chahiye,REFUNDED
RT006169,O022473,OI0026053,DH-SCH-00481,2026-05-27,APP,Colour different from image,,PICKUP_SCHEDULED
RT006170,O022474,OI0026054,DH-KUR-00029,2025-02-06,WHATSAPP,Size too small,,REFUNDED
RT006171,O022479,OI0026060,DH-KUR-00078,2025-09-13,APP,Other,mam theek nahi hai !!,REFUNDED
RT006172,O022489,OI0026075,DH-DRE-00217,2024-11-03,WHATSAPP,Other,mustard bola tha ye to green yellow hai,INSPECTED
RT006173,O022490,OI0026076,DH-TOP-00288,2025-05-20,APP,Quality not as expected,,REFUNDED
RT006174,O022493,OI0026080,DH-TOP-00279,2025-02-24,WHATSAPP,Colour different from image,,REFUNDED
RT006175,O022497,OI0026084,DH-TOP-00281,2025-10-27,APP,Product damaged,,REFUNDED
RT006176,O022505,OI0026092,DH-KUR-00064,2024-10-19,APP,Size too large,,PICKUP_SCHEDULED
RT006177,O022507,OI0026094,DH-PAL-00330,2025-09-11,WHATSAPP,Size too small,,REFUNDED
RT006178,O022514,OI0026102,DH-KUR-00125,2025-03-01,APP,Colour different from image,,REFUNDED
RT006179,O022519,OI0026108,DH-KUR-00112,2025-02-13,APP,Colour different from image,,REFUNDED
RT006180,O022527,OI0026118,DH-KUR-00080,2025-07-14,APP,Other,"hello, rang halka hia bahut exchange nahi chahiye",REFUNDED
RT006181,O022531,OI0026122,DH-TOP-00279,2024-11-09,APP,Size too small,,REFUNDED
RT006182,O022534,OI0026125,DH-KUR-00122,2025-07-18,WHATSAPP,Size too small,,REFUNDED
RT006183,O022536,OI0026127,DH-KID-00445,2026-08-06,APP,Other,bhaiya ordered L but feels like S refund chahiye,REFUNDED
RT006184,O022538,OI0026129,DH-MEN-00541,2025-09-08,WHATSAPP,Other,colour fade sa hai photo jaisa nahi jaldi pickup karo,REFUNDED
RT006185,O022540,OI0026131,DH-TOP-00295,2026-01-29,APP,Other,hi time pe nahi aaya to abkya karu,REFUNDED
RT006186,O022549,OI0026141,DH-KUR-00179,2025-10-20,WHATSAPP,Other,mam reurn,REFUNDED
RT006187,O022555,OI0026147,DH-FRO-00383,2025-03-21,WHATSAPP,Size too large,,REFUNDED
RT006188,O022565,OI0026157,DH-KUR-00154,2025-11-22,WHATSAPP,Other,sir dont need it anymore very disappointed,REFUNDED
RT006189,O022566,OI0026158,DH-MEN-00553,2025-04-21,APP,Wrong item received,,REFUNDED
RT006190,O022574,OI0026167,DH-KUR-00086,2025-04-18,APP,Size too small,,REFUNDED
RT006191,O022574,OI0026168,DH-FRO-00398,2025-04-16,APP,Product damaged,,REFUNDED
RT006192,O022576,OI0026170,DH-TOP-00311,2025-11-12,APP,Other,size bada hai pls return,REFUNDED
RT006193,O022577,OI0026171,DH-SCH-00467,2025-10-18,APP,Quality not as expected,,REFUNDED
RT006194,O022579,OI0026174,DH-KID-00525,2026-06-06,APP,Size too small,,REFUNDED
RT006195,O022584,OI0026179,DH-SCH-00474,2026-01-10,APP,Quality not as expected,,REFUNDED
RT006196,O022588,OI0026184,DH-TOP-00262,2026-02-21,APP,Other,image me bright tha real me dull hai !!,REFUNDED
RT006197,O022592,OI0026189,DH-KUR-00093,2024-12-05,APP,Size too large,,REFUNDED
RT006198,O022593,OI0026190,DH-PAL-00338,2026-01-28,APP,Other,pasan nahi aaya,REFUNDED
RT006199,O022595,OI0026192,DH-KID-00430,2025-06-18,WHATSAPP,Other,"HELLO, SHOULDERS GI RAHE HAIN ITNA LOOSE EXCHANGE NAHI CHAHIYE",REFUNDED
RT006200,O022597,OI0026194,DH-SCH-00475,2026-02-27,APP,Other,"hello, acha nahi laga",REFUNDED
RT006201,O022598,OI0026195,DH-SCH-00472,2025-01-19,APP,Other,sir dont need it anymore,REFUNDED
RT006202,O022599,OI0026196,DH-SCH-00465,2025-01-03,APP,Size too small,,REFUNDED
RT006203,O022605,OI0026203,DH-KUR-00026,2025-08-17,APP,Colour different from image,,REFUNDED
RT006204,O022611,OI0026209,DH-KUR-00122,2025-05-05,APP,Colour different from image,,PICKUP_SCHEDULED
RT006205,O022612,OI0026210,DH-TOP-00272,2026-02-04,APP,Other,bhaiya order bahut der se mila,REFUNDED
RT006206,O022615,OI0026214,DH-TOP-00265,2026-09-14,WHATSAPP,Other,sir ab zarurat nahi hai jaldi pickup karo,REFUNDED
RT006207,O022616,OI0026215,DH-KID-00458,2025-05-08,WHATSAPP,Size too large,,REFUNDED
RT006208,O022630,OI0026233,DH-FRO-00409,2024-12-09,WHATSAPP,Quality not as expected,,REFUNDED
RT006209,O022631,OI0026235,DH-KID-00430,2025-04-03,APP,Other,print utar raha hai exchange nahi chahiye,REFUNDED
RT006210,O022633,OI0026237,DH-KUR-00071,2025-07-11,APP,Other,"gift tha, unko pasand nahi aaya refund chahiye",PICKUP_SCHEDULED
RT006211,O022642,OI0026249,DH-KUR-00137,2025-01-08,APP,Colour different from image,,REFUNDED
RT006212,O022646,OI0026253,DH-CO--00356,2026-05-16,APP,Other,sir image me bright tha real me dull hai refund chahiye,REFUNDED
RT006213,O022649,OI0026256,DH-SCH-00469,2025-04-18,APP,Quality not as expected,,REFUNDED
RT006214,O022657,OI0026265,DH-KUR-00137,2024-10-15,APP,Colour different from image,,REFUNDED
RT006215,O022657,OI0026266,DH-KUR-00105,2024-10-10,APP,Size too small,,REFUNDED
RT006216,O022661,OI0026270,DH-KUR-00044,2026-07-25,APP,Other,sir mind change ho gaya,REFUNDED
RT006217,O022663,OI0026272,DH-MEN-00550,2025-10-16,APP,Size too small,,PICKUP_SCHEDULED
RT006218,O022667,OI0026276,DH-DRE-00202,2024-10-13,APP,Colour different from image,,REFUNDED
RT006219,O022668,OI0026277,DH-KUR-00021,2025-12-25,APP,Other,bahut loose hai,REFUNDED
RT006220,O022670,OI0026280,DH-PAL-00337,2025-08-23,APP,Size too large,,PICKUP_SCHEDULED
RT006221,O022674,OI0026284,DH-KUR-00114,2024-10-29,APP,Product damaged,,REFUNDED
RT006222,O022680,OI0026290,DH-SCH-00472,2025-04-18,APP,Other,PLS DUSRI JAGAH SASTA MIL GYAA PLS RETURN,REFUNDED
RT006223,O022685,OI0026296,DH-KID-00526,2024-12-03,APP,Other,hi rang halka hai bahut jaldi pickup karo,REFUNDED
RT006224,O022686,OI0026297,DH-KID-00424,2025-07-24,WHATSAPP,Other,order bahut der se mila,REFUNDED
RT006225,O022689,OI0026300,DH-PAL-00316,2026-09-23,WHATSAPP,Other,PLS 😞,PICKUP_SCHEDULED
RT006226,O022698,OI0026310,DH-KUR-00088,2025-07-10,WHATSAPP,Quality not as expected,,REFUNDED
RT006227,O022701,OI0026314,DH-SCH-00488,2025-01-21,APP,Size too large,,REFUNDED
RT006228,O022703,OI0026316,DH-KID-00518,2026-08-10,WHATSAPP,Colour different from image,,REFUNDED
RT006229,O022707,OI0026320,DH-KUR-00135,2025-04-05,APP,Size too large,,REFUNDED
RT006230,O022714,OI0026328,DH-KUR-00043,2024-12-11,APP,Colour different from image,,REFUNDED
RT006231,O022715,OI0026329,DH-KUR-00105,2025-02-15,APP,Other,pls return refund chahiye,REFUNDED
RT006232,O022716,OI0026330,DH-DRE-00198,2025-03-30,WHATSAPP,Size too small,,REFUNDED
RT006233,O022717,OI0026331,DH-KUR-00031,2026-01-07,APP,Other,colour alag hai aur quality bhi average,REFUNDED
RT006234,O022723,OI0026337,DH-FRO-00387,2026-01-26,APP,Size too large,,REFUNDED
RT006235,O022724,OI0026338,DH-KUR-00162,2025-11-03,WHATSAPP,Other,tight ai,REFUNDED
RT006236,O022726,OI0026340,DH-KUR-00152,2025-05-21,WHATSAPP,Size too large,,REFUNDED
RT006237,O022727,OI0026341,DH-SCH-00481,2025-05-19,APP,Other,YE WALA SHADE NAHI THA WEBSITE PE,REFUNDED
RT006238,O022731,OI0026345,DH-KID-00505,2025-11-01,WHATSAPP,Other,colour alag hai aur quality bhi average,REFUNDED
RT006239,O022735,OI0026349,DH-KID-00454,2025-12-30,APP,Other,bhaiya see through ha kapda,REFUNDED
RT006240,O022743,OI0026357,DH-KUR-00007,2026-04-03,WHATSAPP,Size too small,,INSPECTED
RT006241,O022752,OI0026369,DH-PAL-00336,2026-06-29,WHATSAPP,Other,sir अच्छा नहीं लगा 🙏,INSPECTED
RT006242,O022755,OI0026374,DH-TOP-00259,2026-01-01,APP,Other,delivery me 12 din lag gaye,REFUNDED
RT006243,O022761,OI0026381,DH-MEN-00566,2025-03-06,APP,Other,bhaiya order bahut der se mila very disappointed,REFUNDED
RT006244,O022766,OI0026387,DH-KID-00505,2025-03-31,WHATSAPP,Other,अच्छा नहीं लगा jaldi pickup karo,INSPECTED
RT006245,O022768,OI0026389,DH-PAL-00316,2026-03-21,WHATSAPP,Other,pls mummy ko pasand nahi aaya,REFUNDED
RT006246,O022769,OI0026390,DH-DRE-00205,2025-12-24,APP,Other,MAM ACCIDENTALLY ORDER HO GYAA,REFUNDED
RT006247,O022780,OI0026402,DH-KUR-00033,2025-10-31,APP,Size too small,,REFUNDED
RT006248,O022783,OI0026405,DH-KID-00500,2025-03-02,APP,Other,acha nahi laga,REFUNDED
RT006249,O022786,OI0026408,DH-DRE-00228,2026-02-06,APP,Size too small,,REFUNDED
RT006250,O022787,OI0026409,DH-TRA-00597,2025-09-13,APP,Size too large,,PICKUP_SCHEDULED
RT006251,O022791,OI0026414,DH-SCH-00465,2025-11-19,APP,Other,"hello, xl bhi tight hai kya size h ye very disappointed",REFUNDED
RT006252,O022792,OI0026416,DH-KUR-00120,2025-08-29,WHATSAPP,Size too small,,INSPECTED
RT006253,O022801,OI0026426,DH-KUR-00179,2025-02-16,WHATSAPP,Size too large,,REFUNDED
RT006254,O022807,OI0026433,DH-KUR-00132,2025-05-07,APP,Size too small,,REFUNDED
RT006255,O022810,OI0026437,DH-KUR-00179,2024-12-17,APP,Size too small,,REFUNDED
RT006256,O022811,OI0026439,DH-TOP-00271,2026-01-15,APP,Size too small,,REFUNDED
RT006257,O022815,OI0026443,DH-KUR-00125,2024-10-31,APP,Other,sir doosra colour bhej diya pls return,REFUNDED
RT006258,O022816,OI0026444,DH-DRE-00181,2024-11-25,WHATSAPP,Other,oversized lag rha hai jabki regular fit likha tha,INSPECTED
RT006259,O022822,OI0026450,DH-SCH-00494,2026-09-17,APP,Size too small,,PICKUP_SCHEDULED
RT006260,O022823,OI0026451,DH-TOP-00261,2026-02-08,APP,Colour different from image,,REFUNDED
RT006261,O022826,OI0026455,DH-KID-00520,2026-08-24,APP,Other,sir packet geela tha kapda kharab refund chahiye,PICKUP_SCHEDULED
RT006262,O022832,OI0026463,DH-KUR-00171,2025-01-06,WHATSAPP,Wrong item received,,INSPECTED
RT006263,O022841,OI0026474,DH-SCH-00479,2025-12-15,APP,Other,NO PLS RETURN,REFUNDED
RT006264,O022850,OI0026485,DH-TOP-00302,2025-03-18,APP,Size too small,,REFUNDED
RT006265,O022855,OI0026491,DH-TOP-00258,2026-09-03,APP,Other,sir mind change ho gaya jaldi pickup karo,PICKUP_SCHEDULED
RT006266,O022857,OI0026493,DH-KUR-00106,2026-09-20,APP,Other,pls time pe nahi aaya to ab kya karu,PICKUP_SCHEDULED
RT006267,O022862,OI0026498,DH-KUR-00162,2025-12-10,APP,Other,sir image me bright tha real me dull hai,REFUNDED
RT006268,O022864,OI0026501,DH-PAL-00313,2025-10-19,WHATSAPP,Other,pls 😞 🙏,REFUNDED
RT006269,O022865,OI0026502,DH-KUR-00024,2026-02-09,WHATSAPP,Size too small,,REFUNDED
RT006270,O022867,OI0026504,DH-DRE-00218,2025-02-18,WHATSAPP,Size too small,,REFUNDED
RT006271,O022876,OI0026516,DH-KUR-00124,2025-10-04,APP,Product damaged,,REFUNDED
RT006272,O022879,OI0026519,DH-KUR-00109,2025-11-28,APP,Colour different from image,,INSPECTED
RT006273,O022889,OI0026534,DH-FRO-00378,2026-02-22,APP,Other,late aaya aur packet bhi phata hua,PICKUP_SCHEDULED
RT006274,O022899,OI0026548,DH-KID-00422,2026-01-14,APP,Other,"fabric achha nahi, fitting bhi tight",REFUNDED
RT006275,O022900,OI0026549,DH-MEN-00578,2025-10-19,APP,Quality not as expected,,REFUNDED
RT006276,O022908,OI0026559,DH-KUR-00169,2026-09-07,APP,Other,color s different from image !!,REFUNDED
RT006277,O022912,OI0026563,DH-DRE-00209,2026-04-21,APP,Size too small,,REFUNDED
RT006278,O022915,OI0026566,DH-DRE-00195,2025-10-01,APP,Other,hi nahi chahiye bas exchange nahi chahiye,REFUNDED
RT006279,O022923,OI0026575,DH-PAL-00326,2025-04-19,APP,Other,size bada hai,INSPECTED
RT006280,O022924,OI0026576,DH-KID-00499,2026-08-29,APP,Other,hi stain mila delivery pe exchange nahi chahiye,REFUNDED
RT006281,O022925,OI0026578,DH-KID-00462,2025-06-19,WHATSAPP,Quality not as expected,,REFUNDED
RT006282,O022927,OI0026580,DH-KID-00509,2026-05-25,WHATSAPP,Other,size chota hai aur kapda bhi patla,REFUNDED
RT006283,O022928,OI0026581,DH-KUR-00112,2024-12-23,WHATSAPP,Colour different from image,,REFUNDED
RT006284,O022931,OI0026584,DH-MEN-00581,2024-10-22,APP,Size too small,,REFUNDED
RT006285,O022933,OI0026586,DH-KUR-00088,2025-08-18,WHATSAPP,Other,"hi kurti bahut fit hai, breathe nahi kar pa rahi",REFUNDED
RT006286,O022934,OI0026587,DH-TOP-00254,2026-05-03,APP,Size too small,,REFUNDED
RT006287,O022936,OI0026589,DH-TOP-00285,2026-01-04,APP,Wrong item received,,REFUNDED
RT006288,O022938,OI0026591,DH-KUR-00021,2024-12-02,APP,Size too small,,REFUNDED
RT006289,O022941,OI0026595,DH-KUR-00105,2024-11-17,WHATSAPP,Other,SIZE CHART SE BADA NIKLA,REFUNDED
RT006290,O022942,OI0026597,DH-KID-00431,2024-11-14,APP,Other,hi accidentally order ho gaya refund chahiye,REFUNDED
RT006291,O022943,OI0026598,DH-KID-00521,2025-05-11,APP,Colour different from image,,INSPECTED
RT006292,O022943,OI0026599,DH-KUR-00153,2025-05-15,APP,Quality not as expected,,REFUNDED
RT006293,O022944,OI0026600,DH-TOP-00306,2025-09-05,WHATSAPP,Other,bhaiya colour mismatch !!,REFUNDED
RT006294,O022951,OI0026607,DH-KUR-00008,2025-07-15,WHATSAPP,Other,bhaiya very thin coth pls return,REFUNDED
RT006295,O022953,OI0026610,DH-KUR-00141,2025-03-22,WHATSAPP,Other,pls pnk mangaya tha peach aaya !!,REFUNDED
RT006296,O022955,OI0026612,DH-TOP-00288,2025-10-18,APP,Other,mam orde bahut der se mila 🙏,REFUNDED
RT006297,O022958,OI0026615,DH-DRE-00196,2025-11-26,APP,Colour different from image,,INSPECTED
RT006298,O022962,OI0026619,DH-CO--00344,2026-07-31,APP,Size too large,,REFUNDED
RT006299,O022968,OI0026625,DH-KUR-00043,2024-11-05,APP,Other,"hello, late delivery, mehndi ke baad aaya 🙏",REFUNDED
RT006300,O022972,OI0026631,DH-CO--00358,2025-08-08,WHATSAPP,Other,sir function cancel ho gaya pls return,REFUNDED
RT006301,O022974,OI0026633,DH-KID-00428,2026-08-04,APP,Quality not as expected,,REFUNDED
RT006302,O022975,OI0026634,DH-KUR-00021,2025-03-07,WHATSAPP,Other,"sir bahut late aaya, function nikal gaya",REFUNDED
RT006303,O022983,OI0026643,DH-FRO-00415,2025-07-21,APP,Quality not as expected,,REFUNDED
RT006304,O022990,OI0026650,DH-TOP-00288,2025-04-07,APP,Other,sleeves tight hai arms me very disappointed,PICKUP_SCHEDULED
RT006305,O022992,OI0026653,DH-KUR-00124,2025-01-29,APP,Size too small,,INSPECTED
RT006306,O022996,OI0026657,DH-KID-00503,2025-02-06,APP,Quality not as expected,,REFUNDED
RT006307,O023000,OI0026662,DH-KUR-00043,2026-03-24,WHATSAPP,Other,XL bhi tight hai kya size h ye refund chahiye,REFUNDED
RT006308,O023004,OI0026666,DH-MEN-00546,2025-02-01,WHATSAPP,Size too small,,REFUNDED
RT006309,O023005,OI0026667,DH-KUR-00094,2025-12-05,APP,Colour different from image,,REFUNDED
RT006310,O023010,OI0026672,DH-SCH-00494,2025-11-20,APP,Size too large,,PICKUP_SCHEDULED
RT006311,O023013,OI0026675,DH-KUR-00027,2026-04-12,WHATSAPP,Other,mam pink amngaya tha peach aaya !!,REFUNDED
RT006312,O023015,OI0026678,DH-MEN-00580,2025-11-16,APP,Size too large,,REFUNDED
RT006313,O023019,OI0026682,DH-DRE-00215,2026-02-06,WHATSAPP,Quality not as expected,,INSPECTED
RT006314,O023028,OI0026693,DH-MEN-00560,2026-04-15,APP,Size too small,,REFUNDED
RT006315,O023029,OI0026694,DH-CO--00348,2025-09-19,APP,Other,same as bfeore very disappointed,INSPECTED
RT006316,O023031,OI0026698,DH-KUR-00035,2025-06-16,APP,Size too small,,REFUNDED
RT006317,O023033,OI0026700,DH-KUR-00131,2024-11-27,APP,Size too small,,REFUNDED
RT006318,O023036,OI0026703,DH-KUR-00114,2025-05-01,WHATSAPP,Colour different from image,,REFUNDED
RT006319,O023037,OI0026704,DH-KUR-00035,2025-02-14,WHATSAPP,Size too small,,REFUNDED
RT006320,O023039,OI0026706,DH-KID-00454,2025-09-27,WHATSAPP,Other,mam quality achhi nahi hai,REFUNDED
RT006321,O023053,OI0026721,DH-KUR-00050,2025-10-24,APP,Other,bhaiya sleeve tight hai arms me very disappointed,REFUNDED
RT006322,O023054,OI0026722,DH-DRE-00198,2024-12-01,APP,Size too small,,REFUNDED
RT006323,O023057,OI0026725,DH-PAL-00333,2026-07-22,WHATSAPP,Other,mummy ok pasand nahi aaya jaldi pickup karo,REFUNDED
RT006324,O023059,OI0026727,DH-KUR-00153,2024-12-07,APP,Colour different from image,,REFUNDED
RT006325,O023062,OI0026730,DH-KUR-00092,2026-08-25,WHATSAPP,Quality not as expected,,REFUNDED
RT006326,O023072,OI0026741,DH-KUR-00100,2026-07-04,WHATSAPP,Quality not as expected,,INSPECTED
RT006327,O023073,OI0026742,DH-MEN-00582,2024-10-21,APP,Other,bada hai and colour bhi photo jaisa nahi,REFUNDED
RT006328,O023075,OI0026744,DH-KID-00500,2026-08-09,APP,Size too small,,REFUNDED
RT006329,O023079,OI0026748,DH-KID-00526,2025-11-13,WHATSAPP,Wrong item received,,REFUNDED
RT006330,O023087,OI0026756,DH-FRO-00383,2026-04-21,WHATSAPP,Other,sir साइज़ छोटा है,REFUNDED
RT006331,O023088,OI0026757,DH-DRE-00185,2026-01-11,APP,Other,bahut loose hai very disappointed,INSPECTED
RT006332,O023093,OI0026762,DH-FRO-00395,2026-04-09,APP,Size too small,,REFUNDED
RT006333,O023099,OI0026770,DH-KUR-00024,2026-05-15,WHATSAPP,Quality not as expected,,REFUNDED
RT006334,O023102,OI0026773,DH-KID-00499,2026-07-21,APP,Size too small,,REFUNDED
RT006335,O023108,OI0026780,DH-KUR-00114,2024-10-20,APP,Colour different from image,,REFUNDED
RT006336,O023110,OI0026782,DH-KUR-00121,2025-02-24,APP,Other,DUSRI JAGAH SASTA MIL GAYA JALDI PICKUP KARO,REFUNDED
RT006337,O023114,OI0026787,DH-FRO-00374,2026-04-12,APP,Other,HI AB ZARURAT NAHI HIA EXCHANGE NAHI CHAHIYE,REFUNDED
RT006338,O023120,OI0026793,DH-DRE-00244,2025-05-28,APP,Quality not as expected,,INSPECTED
RT006339,O023121,OI0026795,DH-CO--00351,2025-01-05,WHATSAPP,Colour different from image,,INSPECTED
RT006340,O023124,OI0026798,DH-PAL-00330,2025-02-12,WHATSAPP,Other,"bahut late aaya, function nikal gaya",REFUNDED
RT006341,O023127,OI0026801,DH-MEN-00564,2025-12-09,APP,Other,sir size chota hai,REFUNDED
RT006342,O023132,OI0026807,DH-KID-00503,2025-01-01,APP,Size too small,,REFUNDED
RT006343,O023134,OI0026810,DH-TOP-00306,2025-08-17,APP,Size too large,,REFUNDED
RT006344,O023138,OI0026815,DH-KUR-00163,2026-05-13,APP,Wrong item received,,REFUNDED
RT006345,O023140,OI0026817,DH-KID-00441,2025-12-05,APP,Size too large,,PICKUP_SCHEDULED
RT006346,O023144,OI0026822,DH-KUR-00167,2025-10-02,WHATSAPP,Size too small,,REFUNDED
RT006347,O023146,OI0026824,DH-KUR-00168,2025-11-25,WHATSAPP,Colour different from image,,PICKUP_SCHEDULED
RT006348,O023150,OI0026828,DH-KID-00505,2026-07-08,APP,Size too large,,REFUNDED
RT006349,O023152,OI0026830,DH-KUR-00043,2025-06-07,APP,Size too small,,REFUNDED
RT006350,O023155,OI0026833,DH-KID-00462,2024-10-31,WHATSAPP,Size too large,,REFUNDED
RT006351,O023160,OI0026838,DH-KUR-00022,2025-12-28,WHATSAPP,Size too large,,REFUNDED
RT006352,O023162,OI0026840,DH-KUR-00105,2024-10-18,APP,Quality not as expected,,REFUNDED
RT006353,O023163,OI0026841,DH-KID-00526,2026-08-12,WHATSAPP,Other,mam ... exchange nahi chahiye,REFUNDED
RT006354,O023165,OI0026843,DH-DRE-00218,2026-08-17,APP,Size too large,,REFUNDED
RT006355,O023166,OI0026844,DH-DRE-00221,2026-04-17,APP,Other,bada hai and colour bhi photo jaisa nahi,REFUNDED
RT006356,O023168,OI0026846,DH-KUR-00043,2024-11-28,APP,Other,hi ftiting bahut tight hai yaar,REFUNDED
RT006357,O023171,OI0026850,DH-SCH-00472,2024-12-30,APP,Other,bada hai and colour bhi photo jaisa nahi,REFUNDED
RT006358,O023175,OI0026855,DH-DRE-00208,2025-07-30,APP,Other,"mam kurti bahut fit hai, breathe nahi kar pa rahi",REFUNDED
RT006359,O023182,OI0026862,DH-KID-00528,2025-02-11,APP,Size too small,,REFUNDED
RT006360,O023184,OI0026864,DH-KID-00441,2025-11-12,APP,Size too large,,INSPECTED
RT006361,O023190,OI0026872,DH-KID-00462,2025-01-28,APP,Size too large,,REFUNDED
RT006362,O023192,OI0026876,DH-DRE-00245,2025-11-18,APP,Other,mind change ho gaya,REFUNDED
RT006363,O023193,OI0026877,DH-TOP-00289,2025-07-24,APP,Quality not as expected,,PICKUP_SCHEDULED
RT006364,O023195,OI0026881,DH-TOP-00297,2025-10-17,APP,Size too large,,REFUNDED
RT006365,O023197,OI0026884,DH-KUR-00088,2026-07-10,APP,Other,shoulders gir rahe hain itna loose !!,REFUNDED
RT006366,O023197,OI0026885,DH-KUR-00165,2026-07-08,APP,Size too small,,REFUNDED
RT006367,O023200,OI0026888,DH-KID-00462,2025-05-17,APP,Size too small,,REFUNDED
RT006368,O023209,OI0026897,DH-DRE-00182,2025-07-21,APP,Size too small,,PICKUP_SCHEDULED
RT006369,O023212,OI0026900,DH-PAL-00338,2025-11-10,APP,Other,hi pl return refund chahiye,REFUNDED
RT006370,O023213,OI0026901,DH-KUR-00026,2024-10-23,APP,Size too small,,REFUNDED
RT006371,O023216,OI0026904,DH-SCH-00471,2024-10-22,APP,Wrong item received,,PICKUP_SCHEDULED
RT006372,O023219,OI0026907,DH-KID-00424,2025-06-09,APP,Size too small,,REFUNDED
RT006373,O023222,OI0026910,DH-MEN-00553,2025-05-01,APP,Product damaged,,REFUNDED
RT006374,O023225,OI0026913,DH-MEN-00541,2026-07-23,APP,Other,"HELLO, QUALITY BILKUL BEKAR VERY DISAPPOINTED",INSPECTED
RT006375,O023230,OI0026919,DH-KID-00451,2025-08-15,APP,Size too small,,REFUNDED
RT006376,O023237,OI0026926,DH-KUR-00063,2026-09-13,APP,Other,"fabric achha nahi, fitting bhi tight",REFUNDED
RT006377,O023243,OI0026934,DH-CO--00360,2025-12-13,WHATSAPP,Quality not as expected,,REFUNDED
RT006378,O023248,OI0026940,DH-DRE-00184,2026-02-19,WHATSAPP,Other,अच्छा नहीं लगा,REFUNDED
RT006379,O023264,OI0026958,DH-TRA-00593,2025-03-29,WHATSAPP,Other,HI QUALITY ACHHI NAHI HAI PLS RETURN,REFUNDED
RT006380,O023269,OI0026963,DH-CO--00354,2024-12-13,APP,Quality not as expected,,REFUNDED
RT006381,O023270,OI0026964,DH-MEN-00583,2026-02-19,APP,Other,pls kapda bahut patla hai,REFUNDED
RT006382,O023271,OI0026965,DH-KUR-00105,2024-10-31,APP,Size too small,,REFUNDED
RT006383,O023273,OI0026968,DH-KUR-00048,2026-08-24,APP,Size too small,,REFUNDED
RT006384,O023277,OI0026973,DH-KUR-00173,2025-01-09,APP,Other,"fabric achha nahi, fitting bhi tight",REFUNDED
RT006385,O023282,OI0026980,DH-TOP-00293,2025-06-16,APP,Other,sir ok exchange nahi chahiye,INSPECTED
RT006386,O023291,OI0026992,DH-PAL-00335,2025-10-31,APP,Other,pls very thin cloth,REFUNDED
RT006387,O023292,OI0026993,DH-KUR-00027,2025-04-11,APP,Product damaged,,REFUNDED
RT006388,O023296,OI0026998,DH-FRO-00362,2026-08-26,APP,Colour different from image,,REFUNDED
RT006389,O023297,OI0026999,DH-KUR-00173,2025-04-24,APP,Product damaged,,REFUNDED
RT006390,O023298,OI0027000,DH-PAL-00339,2026-03-31,WHATSAPP,Size too large,,REFUNDED
RT006391,O023301,OI0027003,DH-DRE-00249,2026-04-28,APP,Product damaged,,REFUNDED
RT006392,O023308,OI0027011,DH-TOP-00311,2026-02-17,APP,Other,sir button tootta hua tha 🙏,REFUNDED
RT006393,O023313,OI0027016,DH-KUR-00155,2025-10-04,WHATSAPP,Other,mam pls rreturn,REFUNDED
RT006394,O023314,OI0027017,DH-KUR-00179,2025-04-28,WHATSAPP,Quality not as expected,,INSPECTED
RT006395,O023317,OI0027020,DH-TOP-00288,2025-03-07,APP,Other,mam ab zarurat nahi hai,REFUNDED
RT006396,O023320,OI0027023,DH-KUR-00125,2024-12-20,APP,Quality not as expected,,REFUNDED
RT006397,O023322,OI0027026,DH-TOP-00289,2026-08-08,APP,Product damaged,,REFUNDED
RT006398,O023326,OI0027033,DH-TRA-00593,2025-05-04,APP,Other,"HELLO, REUTRN VERY DISAPPOINTED",REFUNDED
RT006399,O023330,OI0027037,DH-KUR-00153,2025-03-24,APP,Colour different from image,,REFUNDED
RT006400,O023333,OI0027040,DH-MEN-00546,2024-10-25,WHATSAPP,Size too small,,REFUNDED
RT006401,O023335,OI0027042,DH-KID-00422,2026-05-02,APP,Colour different from image,,REFUNDED
RT006402,O023348,OI0027058,DH-CO--00349,2025-05-07,APP,Size too small,,REFUNDED
RT006403,O023353,OI0027063,DH-KUR-00113,2025-12-26,APP,Other,"bahut late aaya, function nikal gaya",REFUNDED
RT006404,O023361,OI0027075,DH-KUR-00086,2026-05-03,WHATSAPP,Other,length bhi kam hai aur tight bhi jaldi pickup karo,REFUNDED
RT006405,O023372,OI0027091,DH-PAL-00341,2026-01-06,WHATSAPP,Other,bhaiya zip kaam nahi kar ahi,REFUNDED
RT006406,O023373,OI0027093,DH-TOP-00269,2025-06-26,APP,Wrong item received,,REFUNDED
RT006407,O023374,OI0027094,DH-MEN-00556,2026-01-01,APP,Quality not as expected,,INSPECTED
RT006408,O023375,OI0027095,DH-KUR-00016,2025-02-25,APP,Wrong item received,,REFUNDED
RT006409,O023377,OI0027099,DH-DRE-00235,2025-01-15,WHATSAPP,Other,"fabric achha nahi, fitting bhi tight",INSPECTED
RT006410,O023379,OI0027101,DH-MEN-00586,2025-03-12,APP,Size too small,,INSPECTED
RT006411,O023382,OI0027105,DH-KID-00513,2025-03-12,APP,Other,pls bahut loose hai exchange nahi chahiye,REFUNDED
RT006412,O023392,OI0027118,DH-FRO-00399,2025-08-18,WHATSAPP,Quality not as expected,,REFUNDED
RT006413,O023396,OI0027122,DH-FRO-00363,2026-08-26,WHATSAPP,Other,late aaya aur packet bhi phata hua,REFUNDED
RT006414,O023397,OI0027123,DH-KUR-00119,2026-09-01,APP,Other,MUSTARD BOLA THA YE TO GREEN YELLOW HAI PLS RETURN,REFUNDED
RT006415,O023404,OI0027130,DH-TOP-00292,2026-07-12,APP,Other,sir size bada hai 🙏,REFUNDED
RT006416,O023405,OI0027131,DH-MEN-00557,2025-07-11,APP,Other,"BHAIYA SIZE M BAHUT TIGHT HAI, L LENA PADEGA EXCHANGE NAHI CHAHIYE",PICKUP_SCHEDULED
RT006417,O023410,OI0027136,DH-KID-00523,2025-06-23,APP,Size too large,,INSPECTED
RT006418,O023425,OI0027152,DH-KUR-00067,2026-04-01,APP,Wrong item received,,PICKUP_SCHEDULED
RT006419,O023427,OI0027155,DH-KUR-00164,2025-09-14,WHATSAPP,Size too small,,REFUNDED
RT006420,O023427,OI0027154,DH-KUR-00055,2025-09-13,WHATSAPP,Colour different from image,,REFUNDED
RT006421,O023430,OI0027159,DH-PAL-00336,2026-09-27,APP,Other,sir order bahut der se ila very disappointed,PICKUP_SCHEDULED
RT006422,O023434,OI0027163,DH-DRE-00181,2024-12-30,WHATSAPP,Size too large,,REFUNDED
RT006423,O023435,OI0027164,DH-SCH-00492,2026-05-14,WHATSAPP,Product damaged,,REFUNDED
RT006424,O023444,OI0027176,DH-MEN-00555,2026-07-25,APP,Quality not as expected,,REFUNDED
RT006425,O023461,OI0027196,DH-DRE-00215,2026-03-03,APP,Colour different from image,,REFUNDED
RT006426,O023463,OI0027198,DH-TOP-00273,2025-11-03,APP,Quality not as expected,,PICKUP_SCHEDULED
RT006427,O023465,OI0027200,DH-MEN-00569,2026-04-18,APP,Quality not as expected,,REFUNDED
RT006428,O023470,OI0027207,DH-TOP-00306,2025-12-09,APP,Size too small,,REFUNDED
RT006429,O023471,OI0027208,DH-MEN-00566,2025-03-02,APP,Colour different from image,,REFUNDED
RT006430,O023473,OI0027210,DH-TOP-00257,2026-02-05,WHATSAPP,Other,sir hole  hai sleeve pe,REFUNDED
RT006431,O023482,OI0027220,DH-TOP-00288,2025-08-29,APP,Size too large,,REFUNDED
RT006432,O023483,OI0027222,DH-DRE-00202,2025-09-06,APP,Other,"loose fitting, mere size kan ahi lagta very disappointed",REFUNDED
RT006433,O023484,OI0027223,DH-KUR-00038,2025-11-11,APP,Size too large,,REFUNDED
RT006434,O023485,OI0027224,DH-TOP-00285,2026-02-12,APP,Product damaged,,REFUNDED
RT006435,O023498,OI0027237,DH-FRO-00384,2026-04-02,APP,Size too small,,REFUNDED
RT006436,O023501,OI0027240,DH-PAL-00326,2026-03-31,APP,Other,SAME AS BEFORE VERY DISAPPOINTED,REFUNDED
RT006437,O023503,OI0027242,DH-CO--00345,2025-02-27,APP,Quality not as expected,,REFUNDED
RT006438,O023504,OI0027243,DH-TOP-00305,2026-05-01,APP,Other,sir size se chota h very disappointed,REFUNDED
RT006439,O023510,OI0027249,DH-KUR-00180,2025-08-08,APP,Other,bhaiya mind change ho gaya !!,REFUNDED
RT006440,O023512,OI0027251,DH-KUR-00074,2026-07-23,APP,Other,"hello, size chotahai pls return",REFUNDED
RT006441,O023515,OI0027255,DH-TOP-00285,2025-01-28,APP,Product damaged,,REFUNDED
RT006442,O023517,OI0027259,DH-DRE-00192,2025-01-01,APP,Other,mam too loose at waist very disappointed,REFUNDED
RT006443,O023518,OI0027261,DH-FRO-00398,2025-03-26,APP,Other,bacche ke liye bahut bada hai refund chahiye,REFUNDED
RT006444,O023521,OI0027264,DH-MEN-00550,2025-09-30,APP,Other,sleeves tight ha iarms me jaldi pickup karo,REFUNDED
RT006445,O023522,OI0027265,DH-KID-00448,2024-10-27,APP,Size too large,,INSPECTED
RT006446,O023526,OI0027269,DH-KUR-00001,2026-08-27,APP,Size too small,,REFUNDED
RT006447,O023529,OI0027273,DH-FRO-00416,2025-04-02,APP,Other,function cancel ho gaya !!,INSPECTED
RT006448,O023533,OI0027278,DH-KID-00451,2026-03-04,WHATSAPP,Size too large,,REFUNDED
RT006449,O023534,OI0027279,DH-KUR-00076,2026-03-10,WHATSAPP,Quality not as expected,,REFUNDED
RT006450,O023534,OI0027280,DH-KUR-00121,2026-03-04,WHATSAPP,Other,pls return very disappointed,REFUNDED
RT006451,O023538,OI0027285,DH-DRE-00252,2026-03-04,APP,Other,"SIZE M BAHUT TIGHT HAI, L LENA PADEGA VERY DISAPPOINTED",REFUNDED
RT006452,O023544,OI0027291,DH-SCH-00474,2024-10-31,APP,Other,sir image me bright tha real me dull hai pls return,REFUNDED
RT006453,O023546,OI0027293,DH-KUR-00039,2026-06-15,APP,Size too small,,INSPECTED
RT006454,O023549,OI0027296,DH-TOP-00256,2026-03-31,WHATSAPP,Other,late aaya aur packet bhi phata hua,PICKUP_SCHEDULED
RT006455,O023562,OI0027315,DH-CO--00348,2024-11-08,WHATSAPP,Other,mam mustard bola tha ye to green yellow hai !!,REFUNDED
RT006456,O023565,OI0027318,DH-KUR-00015,2026-06-10,APP,Other,oversized lag raha hai jabki regular fit likha tha refund chahiye,REFUNDED
RT006457,O023570,OI0027324,DH-KID-00424,2025-10-01,APP,Quality not as expected,,REFUNDED
RT006458,O023570,OI0027325,DH-KID-00455,2025-10-01,APP,Product damaged,,REFUNDED
RT006459,O023570,OI0027323,DH-TOP-00291,2025-09-26,APP,Quality not as expected,,REFUNDED
RT006460,O023573,OI0027329,DH-FRO-00388,2024-11-22,APP,Other,"hi bahut late aaya, function nikal gaya !!",REFUNDED
RT006461,O023577,OI0027334,DH-KUR-00122,2026-06-19,APP,Other,TOO LOOSE AT WAIST,REFUNDED
RT006462,O023581,OI0027339,DH-KUR-00043,2024-10-29,APP,Size too small,,PICKUP_SCHEDULED
RT006463,O023581,OI0027338,DH-DRE-00231,2024-10-26,APP,Other,mam dont need it anymore very disappointed,REFUNDED
RT006464,O023582,OI0027341,DH-TOP-00270,2025-12-14,APP,Size too small,,REFUNDED
RT006465,O023589,OI0027349,DH-KUR-00004,2025-10-22,WHATSAPP,Quality not as expected,,PICKUP_SCHEDULED
RT006466,O023594,OI0027354,DH-MEN-00543,2026-07-22,APP,Quality not as expected,,REFUNDED
RT006467,O023595,OI0027355,DH-KID-00451,2025-12-17,WHATSAPP,Product damaged,,REFUNDED
RT006468,O023598,OI0027358,DH-DRE-00222,2025-08-25,APP,Size too large,,REFUNDED
RT006469,O023604,OI0027364,DH-CO--00360,2025-07-05,APP,Other,mustard bola tha ye to green yellow hia exchange nahi chahiye,REFUNDED
RT006470,O023606,OI0027366,DH-KID-00460,2025-10-22,APP,Other,pls order bahut der se mila !!,REFUNDED
RT006471,O023610,OI0027370,DH-FRO-00393,2025-01-10,WHATSAPP,Other,late aaya aur packet bhi phata hua,REFUNDED
RT006472,O023612,OI0027373,DH-KID-00510,2026-05-04,WHATSAPP,Other,packet khula tha aur kapde pe daag hai,REFUNDED
RT006473,O023614,OI0027375,DH-TOP-00264,2025-12-07,APP,Product damaged,,INSPECTED
RT006474,O023618,OI0027380,DH-DRE-00206,2025-09-01,WHATSAPP,Product damaged,,REFUNDED
RT006475,O023623,OI0027387,DH-KID-00513,2026-06-12,WHATSAPP,Size too small,,REFUNDED
RT006476,O023626,OI0027391,DH-PAL-00332,2026-06-10,WHATSAPP,Colour different from image,,REFUNDED
RT006477,O023630,OI0027396,DH-MEN-00582,2025-01-14,APP,Other,beti ke liye liya tha chhota pad gaya pls return,REFUNDED
RT006478,O023632,OI0027398,DH-KUR-00094,2026-08-23,APP,Other,"hello, साइज़ छोटा है",REFUNDED
RT006479,O023634,OI0027401,DH-TRA-00600,2026-09-24,APP,Other,HI FUCNTION CANCEL HO GAYA REFUND CHAHIYE,PICKUP_SCHEDULED
RT006480,O023635,OI0027402,DH-DRE-00190,2026-03-19,APP,Size too small,,REFUNDED
RT006481,O023642,OI0027409,DH-MEN-00581,2024-10-14,APP,Product damaged,,REFUNDED
RT006482,O023643,OI0027410,DH-CO--00358,2025-01-08,APP,Other,"MAM SIZE SMALL AAYA, MERA REGULAR M H",REFUNDED
RT006483,O023644,OI0027411,DH-TOP-00254,2026-06-09,APP,Other,"bhaiya loose fitting, meer size ka nahi lagta",REFUNDED
RT006484,O023646,OI0027413,DH-SCH-00480,2026-09-14,WHATSAPP,Other,hi silai khuli hui thi aate hi 🙏,REFUNDED
RT006485,O023648,OI0027415,DH-DRE-00213,2024-11-22,WHATSAPP,Wrong item received,,REFUNDED
RT006486,O023650,OI0027417,DH-TOP-00278,2025-05-30,WHATSAPP,Other,dont need it anyymore jaldi pickup karo,REFUNDED
RT006487,O023659,OI0027427,DH-KUR-00012,2025-09-06,WHATSAPP,Other,"mam chhota aa gaya, size chart galat hai 🙏",REFUNDED
RT006488,O023660,OI0027428,DH-KUR-00118,2026-06-15,APP,Product damaged,,REFUNDED
RT006489,O023665,OI0027434,DH-FRO-00418,2024-12-22,APP,Other,hi delivery me 12 din lag gaye jaldi pickup karo,REFUNDED
RT006490,O023667,OI0027436,DH-KID-00531,2026-07-01,WHATSAPP,Size too small,,REFUNDED
RT006491,O023668,OI0027437,DH-FRO-00390,2025-11-19,APP,Other,NAHI CHAHIYEB AS JALDI PICKUP KARO,REFUNDED
RT006492,O023672,OI0027441,DH-DRE-00214,2025-11-16,APP,Other,"hello, function cancel ho gaya",REFUNDED
RT006493,O023675,OI0027444,DH-KUR-00123,2026-02-09,APP,Size too small,,REFUNDED
RT006494,O023676,OI0027445,DH-TOP-00276,2026-04-23,WHATSAPP,Other,mam accidentally order ho gaay exchange nahi chahiye,REFUNDED
RT006495,O023677,OI0027446,DH-KUR-00124,2025-07-18,APP,Colour different from image,,PICKUP_SCHEDULED
RT006496,O023678,OI0027447,DH-TOP-00305,2026-04-15,APP,Other,ek wash me rang chala gaya pls return,REFUNDED
RT006497,O023680,OI0027449,DH-MEN-00542,2026-03-06,APP,Size too small,,REFUNDED
RT006498,O023685,OI0027454,DH-MEN-00561,2025-05-16,APP,Other,mummy ko pasand nahi aaya exchange nahi chahiye,REFUNDED
RT006499,O023687,OI0027457,DH-KUR-00157,2025-07-18,APP,Other,bhaiya fabric rough hai skin pe chubhta hai,REFUNDED
RT006500,O023692,OI0027464,DH-FRO-00399,2026-06-20,APP,Size too small,,REFUNDED
RT006501,O023693,OI0027466,DH-KUR-00097,2025-03-19,APP,Other,ok,REFUNDED
RT006502,O023696,OI0027469,DH-MEN-00545,2025-07-24,WHATSAPP,Quality not as expected,,REFUNDED
RT006503,O023697,OI0027470,DH-FRO-00406,2026-06-12,APP,Size too small,,REFUNDED
RT006504,O023698,OI0027471,DH-KID-00444,2025-12-14,APP,Other,time pe nahi aaya to ab kya karu,REFUNDED
RT006505,O023698,OI0027472,DH-KID-00507,2025-12-12,APP,Other,hi pasand nahi aaya,REFUNDED
RT006506,O023706,OI0027482,DH-DRE-00202,2025-09-30,APP,Size too large,,REFUNDED
RT006507,O023711,OI0027488,DH-FRO-00409,2026-07-14,WHATSAPP,Size too large,,INSPECTED
RT006508,O023719,OI0027499,DH-MEN-00541,2025-04-15,APP,Size too large,,REFUNDED
RT006509,O023724,OI0027504,DH-TRA-00597,2024-10-28,APP,Other,hi pasand nai aaya,REFUNDED
RT006510,O023728,OI0027508,DH-KUR-00179,2025-08-29,APP,Size too small,,REFUNDED
RT006511,O023729,OI0027509,DH-MEN-00554,2026-02-19,WHATSAPP,Size too small,,REFUNDED
RT006512,O023741,OI0027523,DH-TOP-00306,2026-04-17,APP,Size too large,,REFUNDED
RT006513,O023748,OI0027531,DH-PAL-00332,2025-09-01,APP,Other,,REFUNDED
RT006514,O023749,OI0027532,DH-KID-00536,2025-10-16,WHATSAPP,Other,"hello, fitting bahut tight hai yaar",PICKUP_SCHEDULED
RT006515,O023756,OI0027540,DH-KID-00538,2026-06-21,WHATSAPP,Wrong item received,,REFUNDED
RT006516,O023763,OI0027549,DH-MEN-00576,2025-12-17,APP,Quality not as expected,,REFUNDED
RT006517,O023765,OI0027551,DH-DRE-00182,2025-12-01,APP,Size too small,,REFUNDED
RT006518,O023784,OI0027572,DH-KID-00518,2025-08-24,WHATSAPP,Size too small,,REFUNDED
RT006519,O023788,OI0027577,DH-TOP-00279,2024-11-11,APP,Colour different from image,,INSPECTED
RT006520,O023790,OI0027580,DH-KUR-00026,2025-01-20,APP,Other,bahut tight h shoulders pe jaldi pickup karo,REFUNDED
RT006521,O023791,OI0027582,DH-MEN-00586,2024-12-10,APP,Other,mam dont need it anymore exchange nahi chahiye,REFUNDED
RT006522,O023795,OI0027586,DH-KUR-00129,2024-11-25,APP,Other,mind change ho gaya refund chahiye,REFUNDED
RT006523,O023799,OI0027591,DH-KUR-00104,2026-04-03,APP,Other,-,INSPECTED
RT006524,O023801,OI0027593,DH-DRE-00209,2026-01-22,APP,Other,"hello, ordered L but feels like S",REFUNDED
RT006525,O023803,OI0027596,DH-TOP-00304,2025-11-16,APP,Product damaged,,REFUNDED
RT006526,O023806,OI0027599,DH-KID-00501,2026-03-03,APP,Other,sir M mangaya tha bada aya !!,REFUNDED
RT006527,O023808,OI0027601,DH-PAL-00335,2026-09-14,APP,Other,"hello, fabric rough hai skin pe chubhta hai !!",REFUNDED
RT006528,O023816,OI0027613,DH-KUR-00031,2026-05-16,APP,Quality not as expected,,REFUNDED
RT006529,O023825,OI0027622,DH-DRE-00235,2025-06-07,APP,Size too small,,REFUNDED
RT006530,O023827,OI0027625,DH-KUR-00168,2026-03-25,APP,Quality not as expected,,REFUNDED
RT006531,O023828,OI0027626,DH-KID-00457,2025-12-15,APP,Size too small,,REFUNDED
RT006532,O023830,OI0027628,DH-PAL-00319,2025-11-23,APP,Colour different from image,,REFUNDED
RT006533,O023832,OI0027630,DH-TOP-00270,2025-11-18,WHATSAPP,Other,size chota hai 🙏,REFUNDED
RT006534,O023835,OI0027634,DH-KUR-00035,2026-05-28,WHATSAPP,Size too small,,INSPECTED
RT006535,O023840,OI0027640,DH-DRE-00247,2026-02-23,WHATSAPP,Quality not as expected,,INSPECTED
RT006536,O023850,OI0027650,DH-KUR-00076,2026-03-31,APP,Other,hi ye wala shade nahi tha website pe very disappointed,INSPECTED
RT006537,O023851,OI0027651,DH-DRE-00220,2026-05-22,APP,Quality not as expected,,REFUNDED
RT006538,O023853,OI0027653,DH-DRE-00209,2025-02-09,APP,Other,dont need it anymore exchange nahi chahiye,REFUNDED
RT006539,O023873,OI0027675,DH-FRO-00370,2025-12-01,APP,Other,bhaiya delivery me 12 din lag gaye 🙏,REFUNDED
RT006540,O023876,OI0027678,DH-KUR-00105,2024-12-10,APP,Other,bhaiya ab zarurat nahi hai jaldi pickup karo,REFUNDED
RT006541,O023880,OI0027684,DH-KUR-00057,2026-08-31,APP,Other,"fabric achha nahi, fitting bhi tight",REFUNDED
RT006542,O023883,OI0027687,DH-SCH-00469,2025-11-29,APP,Other,issue hai,REFUNDED
RT006543,O023885,OI0027689,DH-KUR-00008,2025-05-12,APP,Colour different from image,,INSPECTED
RT006544,O023886,OI0027690,DH-KUR-00157,2025-04-13,WHATSAPP,Size too small,,REFUNDED
RT006545,O023892,OI0027697,DH-DRE-00235,2025-04-13,APP,Size too small,,REFUNDED
RT006546,O023896,OI0027702,DH-DRE-00227,2026-04-02,APP,Quality not as expected,,REFUNDED
RT006547,O023897,OI0027703,DH-KUR-00052,2025-09-15,WHATSAPP,Quality not as expected,,REFUNDED
RT006548,O023899,OI0027706,DH-KUR-00154,2024-12-31,WHATSAPP,Colour different from image,,REFUNDED
RT006549,O023905,OI0027712,DH-KID-00530,2026-07-27,APP,Colour different from image,,REFUNDED
RT006550,O023906,OI0027713,DH-KID-00436,2025-08-08,APP,Quality not as expected,,REFUNDED
RT006551,O023908,OI0027715,DH-KID-00462,2024-11-01,APP,Other,late aaya aur packet bhi phata hua,REFUNDED
RT006552,O023910,OI0027718,DH-KID-00513,2026-07-06,APP,Quality not as expected,,INSPECTED
RT006553,O023912,OI0027721,DH-SCH-00468,2025-05-03,APP,Wrong item received,,REFUNDED
RT006554,O023916,OI0027726,DH-FRO-00418,2025-03-14,WHATSAPP,Size too small,,REFUNDED
RT006555,O023922,OI0027732,DH-DRE-00181,2026-02-06,APP,Product damaged,,REFUNDED
RT006556,O023931,OI0027742,DH-TRA-00595,2025-04-15,WHATSAPP,Other,hi pehli dhulai me shrink ho gaya jaldi pickup karo,REFUNDED
RT006557,O023937,OI0027750,DH-FRO-00398,2025-10-11,APP,Other,अच्छा नहीं ललगा exchange nahi chahiye,REFUNDED
RT006558,O023940,OI0027753,DH-KID-00510,2025-12-03,APP,Size too small,,REFUNDED
RT006559,O023948,OI0027762,DH-PAL-00326,2025-06-19,APP,Other,hi function cancel ho gaya,REFUNDED
RT006560,O023949,OI0027763,DH-KUR-00016,2025-02-16,WHATSAPP,Wrong item received,,REFUNDED
RT006561,O023955,OI0027769,DH-KID-00530,2026-09-26,APP,Size too large,,PICKUP_SCHEDULED
RT006562,O023960,OI0027775,DH-PAL-00324,2026-05-18,APP,Other,PLS PLS RETURN PLS RETURN,REFUNDED
RT006563,O023961,OI0027776,DH-SCH-00465,2026-04-17,APP,Other,BHAIYA 😞 !!,REFUNDED
RT006564,O023963,OI0027780,DH-KUR-00058,2026-04-11,APP,Other,"fabric achha nahi, fitting bhi tight",INSPECTED
RT006565,O023965,OI0027782,DH-TOP-00296,2025-03-07,APP,Quality not as expected,,REFUNDED
RT006566,O023969,OI0027786,DH-PAL-00321,2025-03-08,APP,Other,bhaiya dont need it anymore exchange nahi chahiye,REFUNDED
RT006567,O023986,OI0027805,DH-DRE-00209,2026-03-30,APP,Other,size chota hai aur kapda bhi patla,REFUNDED
RT006568,O023990,OI0027810,DH-KUR-00092,2026-09-21,APP,Other,"bhaiya wrong size bheja, M order kiya tha XL aaya jaldi pickup karo",PICKUP_SCHEDULED
RT006569,O023991,OI0027811,DH-FRO-00366,2026-02-28,WHATSAPP,Quality not as expected,,REFUNDED
RT006570,O023992,OI0027813,DH-FRO-00416,2025-03-28,APP,Quality not as expected,,REFUNDED
RT006571,O023992,OI0027812,DH-FRO-00387,2025-03-26,APP,Colour different from image,,REFUNDED
