review_id,sku,customer_id,order_id,rating,review_text,review_date
RV000001,DH-SCH-00488,C03175,O018982,1,"hello, length bahut zyada hai !!",2025-01-23
RV000002,DH-KUR-00092,C04867,O012270,2,smaller than usual size 🙏,2026-05-15
RV000003,DH-TRA-00598,C00860,O005558,4,kapda achha hai,2026-08-04
RV000004,DH-SCH-00479,C01506,O021610,4,,2026-02-16
RV000005,DH-TOP-00311,C04515,O009013,4,colour same as photo,2026-04-07
RV000006,DH-KUR-00063,C05264,O018747,1,sir sleeves tight hai arms me very disappointed,2025-07-30
RV000007,DH-KUR-00162,C00683,O007770,4,kapda achha hai,2025-08-12
RV000008,DH-SCH-00465,C02657,O014102,4,kapda achha hai,2025-05-21
RV000009,DH-MEN-00576,C00498,O012182,3,SIR SEE THROUGH HAI KAPDA 🙏,2025-11-26
RV000010,DH-KUR-00030,C00956,O021879,5,,2026-01-29
RV000011,DH-FRO-00370,C04103,O019899,5,colour same as photo,2025-03-28
RV000012,DH-KID-00462,C05141,O003844,2,pls length bahut zyada hai jaldi pickup karo,2024-12-04
RV000013,DH-KID-00506,C03070,O012522,3,"mam size M bahut tight hai, L lena padega",2025-12-10
RV000014,DH-KUR-00006,C00548,O010704,1,mam zip kaam nahi kar rahi,2026-03-24
RV000015,DH-KUR-00078,C00478,O021832,5,perfect fit,2026-02-02
RV000016,DH-KUR-00035,C00731,O019193,1,hi phata hua aaaya refund chahiye,2026-02-16
RV000017,DH-DRE-00244,C05955,O008677,4,mast hai 👍,2025-10-24
RV000018,DH-DRE-00205,C01391,O014703,5,beti ko bahut pasand aaya,2025-03-25
RV000019,DH-SCH-00492,C04925,O000872,1,"chhota aa gayya, size chart galat hai very disappointed",2026-02-22
RV000020,DH-KID-00430,C02336,O008385,5,beti ko bahut pasand aaya,2025-04-22
RV000021,DH-KUR-00050,C00928,O017911,2,fabric rough hai skin pe chubhta hai,2024-12-03
RV000022,DH-KUR-00139,C03021,O015981,5,,2025-12-27
RV000023,DH-DRE-00188,C02547,O021684,5,office ke liye perfect,2025-05-10
RV000024,DH-KUR-00093,C02765,O011156,4,colour same as photo,2025-04-21
RV000025,DH-KUR-00054,C02459,O004289,5,value for money,2026-01-22
RV000026,DH-CO--00360,C05335,O005372,1,mam bahut tight h shoulders pe jaldi pickup karo,2026-03-15
RV000027,DH-KID-00503,C03707,O009009,2,bhaiya size chart pe 38 likha tha but 36 jaisa hai exchange nahi chahiye,2025-01-02
RV000028,DH-DRE-00181,C05121,O009355,5,value for money,2024-11-06
RV000029,DH-KUR-00080,C04923,O010226,4,,2025-08-05
RV000030,DH-KUR-00112,C05368,O015396,4,value for money,2025-09-12
RV000031,DH-TOP-00291,C00774,O010933,5,bahut achha hai,2025-10-19
RV000032,DH-TRA-00597,C00711,O000255,5,beti ko bahut pasand aaya,2025-06-29
RV000033,DH-KID-00451,C04525,O018985,5,loved it,2025-02-09
RV000034,DH-TRA-00600,C01446,O010131,4,,2025-04-22
RV000035,DH-KUR-00145,C03917,O022071,5,value for money,2026-03-13
RV000036,DH-DRE-00184,C00395,O006402,5,bahut achha hai,2026-02-18
RV000037,DH-DRE-00217,C04472,O023603,2,same as before 🙏,2025-03-04
RV000038,DH-PAL-00340,C03106,O014291,4,kapda achha hai,2025-01-25
RV000039,DH-KUR-00139,C00026,O019480,5,,2026-09-05
RV000040,DH-KUR-00180,C05914,O014555,2,m mangaya tha bada aaya pls return,2025-05-11
RV000041,DH-KID-00502,C05547,O006343,5,colour same as photo,2025-09-13
RV000042,DH-KID-00514,C01718,O000144,5,colour same as photo,2025-08-03
RV000043,DH-DRE-00215,C01907,O019909,5,perfect fit,2026-05-12
RV000044,DH-TOP-00273,C05223,O013686,5,,2025-10-16
RV000045,DH-FRO-00416,C00056,O016105,5,comfortable hai,2025-06-18
RV000046,DH-KUR-00113,C04553,O007017,2,sir bahut tight h shoulders pe 🙏,2025-04-03
RV000047,DH-KID-00528,C05579,O018708,4,value for money,2026-08-14
RV000048,DH-TOP-00256,C03075,O000854,2,hi bahut tight h shoulders pe exchange nahi chahiye,2026-07-10
RV000049,DH-KUR-00092,C04867,O012270,2,mam sizze chota hai,2026-05-09
RV000050,DH-DRE-00182,C01279,O004918,4,perfect fit,2026-01-16
RV000051,DH-KUR-00027,C02426,O023337,2,"hi kurti bahut fit hai, breathe nahi kar pa rahi",2025-11-16
RV000052,DH-KUR-00059,C05381,O020617,4,office ke liye perfect,2026-01-01
RV000053,DH-DRE-00184,C03164,O006302,1,hi tight hai pls return,2025-02-23
RV000054,DH-KID-00503,C02138,O015240,4,kapda achha hai,2024-12-26
RV000055,DH-KUR-00035,C03013,O009771,3,"HELLO, SLEEVES TGHT HAI ARMS ME PLS RETURN",2025-02-10
RV000056,DH-KID-00513,C01085,O017810,4,office ke liye perfect,2026-09-27
RV000057,DH-KUR-00008,C05054,O021602,5,colour same as photo,2024-10-28
RV000058,DH-FRO-00418,C02005,O017018,2,HI BETI KE LIYE LIYA THA CHOHTA PAD GAYA JALDI PICKUP KARO,2026-03-24
RV000059,DH-SCH-00479,C01506,O021610,5,value for money,2026-02-07
RV000060,DH-KUR-00034,C00683,O002718,5,bahut achha hai,2025-04-19
RV000061,DH-TOP-00265,C01863,O005472,4,mast hai 👍,2025-07-17
RV000062,DH-KID-00512,C05304,O001386,4,office ke liye perfect,2026-05-18
RV000063,DH-KUR-00079,C03660,O009839,5,comfortable hai,2026-06-29
RV000064,DH-FRO-00407,C01392,O012965,5,mast hai 👍,2026-06-20
RV000065,DH-KUR-00069,C01230,O007015,1,pls ek waash me rang chala gaya !!,2026-09-18
RV000066,DH-DRE-00223,C04329,O004427,4,loved it,2026-01-11
RV000067,DH-DRE-00196,C02530,O003698,5,office ke liye perfect,2026-05-20
RV000068,DH-FRO-00409,C00936,O022824,4,kapda achha hai,2024-10-14
RV000069,DH-TOP-00256,C04574,O017136,5,bahut achha hai,2026-04-06
RV000070,DH-KUR-00105,C03225,O010266,5,beti ko bahut pasand aaya,2025-03-13
RV000071,DH-DRE-00224,C00745,O012216,5,colour same as photo,2026-08-27
RV000072,DH-SCH-00470,C02574,O005888,4,office ke liye perfect,2026-02-13
RV000073,DH-FRO-00386,C04717,O000053,5,comfortable hai,2025-03-21
RV000074,DH-TRA-00593,C02830,O023326,4,,2025-05-18
RV000075,DH-MEN-00546,C02715,O020224,5,kapda achha hai,2024-11-02
RV000076,DH-MEN-00546,C04392,O001848,2,"stitching kharab hai, dhaage nikla rahe",2025-06-13
RV000077,DH-KUR-00052,C03996,O001807,5,bahut achha hai,2025-05-25
RV000078,DH-TOP-00282,C00546,O016823,4,,2026-09-27
RV000079,DH-SCH-00481,C00383,O004645,1,galat product aaya !!,2025-01-05
RV000080,DH-KUR-00105,C01970,O007674,2,"sir material not as described, ye cotton nahi lagta pls return",2024-11-07
RV000081,DH-KUR-00018,C00601,O011478,5,value for money,2026-07-14
RV000082,DH-FRO-00409,C04069,O013591,2,print utar raha hai refund chahiye,2025-08-14
RV000083,DH-DRE-00213,C04161,O021262,5,comfortable hai,2025-06-11
RV000084,DH-FRO-00366,C01501,O017595,1,bhaiya not ood !!,2026-01-26
RV000085,DH-DRE-00217,C05204,O021590,4,mast hai 👍,2026-03-14
RV000086,DH-MEN-00557,C01685,O011684,3,SIR कपड़ा बहुत पपतला है,2026-02-23
RV000087,DH-KUR-00045,C00099,O019196,3,sir quality bilkul bekar,2026-06-20
RV000088,DH-KUR-00078,C05001,O004041,5,,2025-12-19
RV000089,DH-DRE-00208,C00084,O023175,4,mast hai 👍,2025-08-15
RV000090,DH-KUR-00079,C02157,O021412,2,"Size small aaya, mera regular M h jaldi pickup karo",2026-09-08
RV000091,DH-CO--00358,C03615,O014429,5,comfortable hai,2025-12-24
RV000092,DH-PAL-00335,C03637,O022110,5,office ke liye perfect,2025-11-04
RV000093,DH-KID-00430,C00285,O005202,1,sir not a sexpected !!,2024-12-01
RV000094,DH-KUR-00034,C01918,O009439,1,size chart pe 38 likha tha but 36 jaisa hai,2025-02-07
RV000095,DH-DRE-00198,C01254,O010837,1,nahi chahiye bas very disappointed,2024-11-12
RV000096,DH-KUR-00155,C02103,O019123,4,comfortable hai,2026-09-03
RV000097,DH-MEN-00576,C04107,O015645,5,loved it,2026-09-10
RV000098,DH-MEN-00555,C02692,O016372,2,mam image me bright tha real me dull hai !!,2025-02-05
RV000099,DH-KUR-00102,C03997,O009504,2,pls fabric rough hai skin pe chubhta hai jaldi pickup karo,2026-09-04
RV000100,DH-KID-00449,C01770,O001765,2,hi बहुत टाइट है 🙏,2026-06-15
RV000101,DH-PAL-00321,C02928,O005844,3,hi phata hua aaya refund chahiye,2026-04-11
RV000102,DH-SCH-00474,C04991,O006089,5,beti ko bahut pasand aaya,2024-11-25
RV000103,DH-KUR-00036,C00665,O019241,5,,2025-10-11
RV000104,DH-KUR-00120,C01329,O011015,1,MAM WAIST PE NAHI AAYA VERY DISAPPOINTED,2026-03-01
RV000105,DH-CO--00354,C03275,O008260,2,SIZE BADA HAI,2024-12-02
RV000106,DH-PAL-00326,C02150,O021945,5,perfect fit,2024-10-26
RV000107,DH-KUR-00094,C05611,O015499,5,bahut achha hai,2025-10-13
RV000108,DH-FRO-00395,C04890,O009331,4,,2026-03-22
RV000109,DH-MEN-00577,C00890,O010442,1,see through hai kapda jaldi pickup karo,2025-09-07
RV000110,DH-KUR-00105,C01829,O001617,5,bahut achha hai,2025-01-25
RV000111,DH-TOP-00301,C03488,O009619,5,kapda achha hai,2025-06-02
RV000112,DH-KUR-00112,C04133,O011016,3,bhaiya rang halka hai bahut pls return,2024-12-20
RV000113,DH-DRE-00185,C00050,O012844,1,hi tight hai refund chahiye,2025-12-31
RV000114,DH-KUR-00154,C01182,O023899,4,kapda achha hai,2025-01-02
RV000115,DH-DRE-00215,C02155,O002212,5,colour same as photo,2025-11-16
RV000116,DH-KID-00447,C02779,O022635,1,bhaiya size abda hai jaldi pickup karo,2026-04-08
RV000117,DH-KUR-00154,C03121,O021737,5,bahut achha hai,2024-12-23
RV000118,DH-DRE-00248,C02726,O020347,3,hi bekar,2025-10-30
RV000119,DH-KUR-00108,C01219,O013382,1,hi fabric cheap lag raha hai refund chahiye,2025-07-31
RV000120,DH-MEN-00586,C00606,O010919,1,ek wash me rang chala gaya,2024-11-07
RV000121,DH-KID-00526,C04758,O015263,5,loved it,2025-02-24
RV000122,DH-CO--00343,C04942,O013724,5,colour same as photo,2026-06-08
RV000123,DH-FRO-00418,C01043,O016902,2,hi kapda bahut patla hai,2025-07-03
RV000124,DH-DRE-00244,C02793,O023782,2,"hello, very thin cloth",2026-08-01
RV000125,DH-KUR-00082,C03299,O000929,5,colour same as photo,2025-09-05
RV000126,DH-KID-00448,C02541,O021063,2,pls size chota hai jaldi pickup karo,2024-10-21
RV000127,DH-CO--00345,C02572,O010089,4,nice quality for the price,2026-01-09
RV000128,DH-KID-00425,C04229,O010572,5,comfortable hai,2025-11-17
RV000129,DH-TOP-00268,C04872,O011692,4,kapda achha hai,2026-09-27
RV000130,DH-DRE-00209,C05038,O002933,5,mast hai 👍,2024-10-22
RV000131,DH-SCH-00488,C04572,O022501,5,perfect fit,2026-08-28
RV000132,DH-KUR-00114,C00723,O006866,2,sir mustard bola tha ye to green yellow hai 🙏,2025-10-22
RV000133,DH-DRE-00218,C05604,O004346,4,loved it,2025-03-22
RV000134,DH-DRE-00228,C01942,O019806,3,fitting bahut tight hai yaar pls return,2025-10-04
RV000135,DH-KUR-00137,C00254,O014619,5,colour same as photo,2025-11-03
RV000136,DH-KUR-00097,C04829,O017084,5,value for money,2025-07-31
RV000137,DH-SCH-00472,C03104,O005158,4,,2024-11-26
RV000138,DH-DRE-00252,C02774,O023538,2,mam ye wala shade nahi tha website pe refund chahiye,2026-03-15
RV000139,DH-KUR-00151,C03412,O009470,5,,2026-06-10
RV000140,DH-KUR-00129,C00989,O007874,5,nice quality for the price,2025-06-12
RV000141,DH-DRE-00198,C00715,O022466,2,"hello, fabric rough hai skin pe chubhta hai !!",2024-11-05
RV000142,DH-MEN-00577,C02738,O016367,2,"hello, tight hai jaldi pickup karo",2025-08-31
RV000143,DH-DRE-00213,C03813,O015309,4,bahut achha hai,2026-01-03
RV000144,DH-KUR-00052,C04223,O021381,4,value for money,2026-02-13
RV000145,DH-CO--00354,C05060,O020243,4,office ke liye perfect,2024-12-20
RV000146,DH-CO--00354,C03755,O007943,5,comfortable hai,2026-03-31
RV000147,DH-TOP-00294,C05707,O003491,5,office ke liye perfect,2026-04-21
RV000148,DH-TOP-00302,C01541,O013508,1,pls ye wala shade nahi tha website pe !!,2025-03-26
RV000149,DH-KUR-00153,C02740,O010368,5,,2025-02-27
RV000150,DH-KUR-00090,C04905,O009893,5,bahut achha hai,2025-08-21
RV000151,DH-SCH-00474,C05503,O007385,1,sir bekar,2025-01-23
RV000152,DH-DRE-00192,C05610,O023103,2,hi print utar raha hai 🙏,2026-03-06
RV000153,DH-DRE-00204,C03022,O008366,1,ye wala shade nahi tha website pe refund chahiye,2024-12-06
RV000154,DH-KUR-00090,C04594,O018921,1,"HELLO, XL BHI TIGHT HAI KYA SIZE H YE PLS RETURN",2026-01-22
RV000155,DH-KUR-00090,C04980,O021975,5,beti ko bahut pasand aaya,2025-12-14
RV000156,DH-KID-00457,C00148,O001319,1,"hello, fabric rough hai skin pe chubhta hai",2026-08-01
RV000157,DH-KUR-00050,C00306,O019674,5,perfect fit,2024-12-07
RV000158,DH-SCH-00494,C01096,O007707,2,"bhaiya too small, chest pe fit nahi uha 🙏",2026-02-03
RV000159,DH-MEN-00568,C03275,O004762,5,perfect fit,2025-07-15
RV000160,DH-KUR-00180,C02651,O017552,4,,2025-04-23
RV000161,DH-KID-00451,C00228,O007355,5,comfortable hai,2025-01-25
RV000162,DH-KUR-00029,C04833,O019770,4,,2026-04-29
RV000163,DH-FRO-00390,C00698,O001239,1,ordered l but feels like s very disappointed,2025-10-05
RV000164,DH-KID-00433,C05165,O021126,3,too  loose at waist 🙏,2025-03-23
RV000165,DH-KUR-00112,C00852,O012178,2,"LOOSE FITTING, MERE SIZE K NAHI LAGTA VERY DISAPPOINTED",2025-10-17
RV000166,DH-PAL-00334,C02693,O004844,4,loved it,2026-03-30
RV000167,DH-CO--00354,C02011,O002775,3,hi length bhut zyada hai !!,2024-11-03
RV000168,DH-TOP-00257,C01529,O022188,2,"sir material not as described, ye cotton nahi lagta pls return",2026-04-21
RV000169,DH-KUR-00076,C02456,O002034,5,comfortable hai,2025-12-14
RV000170,DH-KUR-00156,C04553,O002131,4,value for money,2026-07-06
RV000171,DH-KID-00505,C00377,O005538,5,beti ko bahut pasand aaya,2025-06-01
RV000172,DH-KUR-00035,C05507,O012492,5,mast hai 👍,2025-11-09
RV000173,DH-KID-00462,C02881,O015701,2,see through hai kapda pls return,2024-11-09
RV000174,DH-PAL-00330,C00732,O007688,4,loved it,2025-04-16
RV000175,DH-KUR-00094,C05980,O004230,4,beti ko bahut pasand aaya,2026-07-21
RV000176,DH-MEN-00566,C05946,O000649,3,PLS SIZE CHART PE 38 LIKHA THA BUT 36 JAISA HAI EXCHANGE NAHI CHAHIYE,2026-08-20
RV000177,DH-KID-00442,C05156,O016968,1,print utar raha hai 🙏,2026-03-06
RV000178,DH-PAL-00339,C03397,O003775,5,perfect fit,2026-01-29
RV000179,DH-MEN-00576,C01985,O017265,5,colour same as photo,2026-08-13
RV000180,DH-PAL-00340,C01699,O020090,1,hi rang halka hai bahut jaldi pickup karo,2025-06-08
RV000181,DH-DRE-00216,C02673,O005877,5,perfect fit,2026-01-14
RV000182,DH-KUR-00047,C04294,O015879,4,,2025-07-09
RV000183,DH-MEN-00568,C01760,O015515,5,comfortable hai,2025-10-18
RV000184,DH-TOP-00265,C05138,O009829,4,,2026-03-08
RV000185,DH-KUR-00047,C00316,O005160,1,not as expected,2025-01-17
RV000186,DH-MEN-00557,C00682,O015457,5,mast hai 👍,2024-12-23
RV000187,DH-SCH-00474,C00119,O017764,5,kapda achha hai,2024-11-28
RV000188,DH-DRE-00184,C05283,O019769,2,MAM SLEEVES TIGHT HAI ARMS ME PLS RETURN,2026-08-03
RV000189,DH-PAL-00320,C03554,O020466,1,hi no very disappointed,2026-02-11
RV000190,DH-KID-00448,C04527,O007316,3,bacche ke liye bahut bada hai jaldi pickup karo,2025-05-03
RV000191,DH-SCH-00475,C05223,O023325,4,comfortable hai,2026-02-05
RV000192,DH-KUR-00054,C00111,O012523,3,"sir size M bahut tight hai, L lena padega",2026-02-15
RV000193,DH-KUR-00039,C01959,O022359,5,,2025-07-29
RV000194,DH-KUR-00055,C03268,O015668,3,hi size chota hai jaldi pickup karo,2026-04-25
RV000195,DH-KUR-00078,C04467,O005793,1,sir pls return,2025-09-28
RV000196,DH-TRA-00595,C01974,O013149,4,colour same as photo,2025-05-02
RV000197,DH-FRO-00369,C00980,O011273,5,office ke liye perfect,2026-08-12
RV000198,DH-TOP-00285,C05720,O000178,5,kapda achha hai,2025-12-04
RV000199,DH-KID-00508,C05172,O007192,1,pls ye mera order nahi hai exchange nahi chahiye,2026-05-07
RV000200,DH-CO--00348,C01331,O020758,3,"hello, very thin cltoh",2026-02-02
RV000201,DH-KUR-00062,C02800,O015972,5,comfortable hai,2026-01-20
RV000202,DH-MEN-00568,C03275,O004762,4,colour same as photo,2025-07-26
RV000203,DH-TOP-00283,C00640,O021507,4,perfect fit,2026-07-14
RV000204,DH-DRE-00198,C03736,O016094,2,phli dhulai me shrink ho gaya refund chahiye,2024-12-20
RV000205,DH-TOP-00289,C05700,O007855,1,bhaiya too loose at waist refund chahiye,2026-06-28
RV000206,DH-PAL-00318,C02070,O017475,4,comfortable hai,2026-09-10
RV000207,DH-TOP-00284,C01332,O011239,1,bhaiya beti ke liye liya tha chhhota pad gaya,2025-09-26
RV000208,DH-PAL-00318,C04600,O004627,5,beti ko bahut pasand aaya,2026-06-16
RV000209,DH-DRE-00218,C00655,O017211,1,hi size chart pe 38 likha tha but 36 jaisa hai !!,2025-12-09
RV000210,DH-KID-00444,C05819,O003025,5,comfortable hai,2026-04-06
RV000211,DH-CO--00351,C02852,O006359,3,mam image me bright tha real me dull hai 🙏,2025-03-22
RV000212,DH-DRE-00231,C01684,O013533,2,"sir toob ig, ekdum dheela very disappointed",2025-04-06
RV000213,DH-KUR-00115,C02207,O015027,5,bahut achha hai,2026-09-04
RV000214,DH-KID-00515,C05621,O012821,2,bhaiya pehli dhulai me shrink ho gaya jaldi pickup karo,2025-10-26
RV000215,DH-KUR-00078,C01348,O010634,5,,2026-02-10
RV000216,DH-PAL-00340,C03018,O017842,2,fitting bahut tight hai yaar,2025-11-03
RV000217,DH-SCH-00471,C04778,O021467,4,office ke liye perfect,2024-10-20
RV000218,DH-KUR-00105,C04403,O013263,5,beti ko bahut pasand aaya,2024-10-23
RV000219,DH-KUR-00133,C01846,O011497,1,mam colour fade sa hai photo jaisa nahi,2025-01-31
RV000220,DH-CO--00354,C05060,O020243,5,nice quality for the price,2024-12-27
RV000221,DH-TOP-00291,C05805,O003665,4,,2026-05-28
RV000222,DH-TOP-00311,C02387,O010418,5,nice quality for the price,2025-02-19
RV000223,DH-SCH-00467,C03274,O006325,1,hi fabric rough hai skin pe chubhta hai !!,2026-04-21
RV000224,DH-KID-00452,C04907,O012449,1,"hi stitching kharab hai ,dhaage nikal rahe !!",2026-06-10
RV000225,DH-SCH-00476,C03628,O002974,5,office ke liye perfect,2025-03-18
RV000226,DH-SCH-00465,C05940,O002735,2,"hello, bahut loose hai !!",2025-03-08
RV000227,DH-DRE-00244,C03524,O004498,2,sir कपड़ा बहुत पतला है !!,2025-10-07
RV000228,DH-PAL-00341,C05146,O023847,5,nice quality for the price,2026-09-02
RV000229,DH-DRE-00233,C03480,O016050,3,bahut tight h shoulders pe,2026-09-19
RV000230,DH-TOP-00291,C04979,O014944,5,comfortable hai,2025-06-24
RV000231,DH-PAL-00321,C05912,O010938,4,beti ko bahut pasand aaya,2025-04-18
RV000232,DH-DRE-00239,C02104,O000150,2,"Size small aaya, mera regular M h !!",2025-01-14
RV000233,DH-MEN-00574,C03746,O014959,2,"hello, कपड़ा बहुत पतला है very disappointed",2026-06-19
RV000234,DH-KID-00430,C04628,O019719,2,hi ordered l but feels like s !!,2025-12-29
RV000235,DH-DRE-00190,C00331,O023284,5,kapda achha hai,2025-10-20
RV000236,DH-KUR-00118,C05515,O006692,5,colour same as photo,2025-11-25
RV000237,DH-DRE-00231,C02771,O017227,2,"too small, chest pe fit nahi hua",2025-12-06
RV000238,DH-DRE-00212,C00739,O014498,5,kapda achha hai,2026-09-24
RV000239,DH-DRE-00181,C02300,O006183,3,"hi too small, chest pe ft nahi hua exchange nahi chahiye",2024-12-10
RV000240,DH-KUR-00154,C05902,O011203,5,,2025-05-15
RV000241,DH-DRE-00188,C05263,O002432,5,mast hai 👍,2024-10-28
RV000242,DH-TRA-00593,C04202,O021949,5,mast hai 👍,2026-03-21
RV000243,DH-KUR-00124,C04072,O007407,5,loved it,2026-03-04
RV000244,DH-MEN-00557,C00461,O022003,5,kapda achha hai,2025-05-07
RV000245,DH-KUR-00118,C03729,O016458,5,colour same as photo,2025-09-27
RV000246,DH-TRA-00597,C02970,O014792,5,value for money,2025-09-07
RV000247,DH-MEN-00545,C01079,O018702,5,bahut achha hai,2025-11-04
RV000248,DH-KID-00434,C03531,O009069,1,bahut loose hai exchange nahi chahiye,2025-05-31
RV000249,DH-SCH-00486,C00288,O008842,5,kapda achha hai,2026-05-08
RV000250,DH-SCH-00484,C03597,O008401,2,mam colour mismatch pls return,2026-09-10
RV000251,DH-DRE-00219,C02486,O021812,5,bahut achha hai,2026-04-23
RV000252,DH-MEN-00585,C04640,O020305,2,pls बहुत टाइट है refund chahiye,2026-01-13
RV000253,DH-KUR-00148,C01577,O011221,2,sir silai khuli hui thi aate hi jaldi pickup karo,2026-09-27
RV000254,DH-DRE-00193,C02718,O002747,4,comfortable hai,2026-01-07
RV000255,DH-TOP-00281,C05990,O002748,3,hi tight hai very disappointed,2025-02-24
RV000256,DH-KID-00506,C02554,O020834,2,"sir size M bahut tight hai, L lena padega refund chahiye",2026-08-02
RV000257,DH-KUR-00102,C00946,O009434,3,ek wash me rang chala gaya refund chahiye,2026-08-29
RV000258,DH-KID-00425,C02573,O008927,4,office ke liye perfect,2025-05-28
RV000259,DH-MEN-00563,C00834,O016245,1,different design aaya very disappointed,2026-03-21
RV000260,DH-KUR-00131,C05356,O016097,4,,2025-03-04
RV000261,DH-FRO-00377,C02765,O016010,5,kapda achha hai,2026-07-16
RV000262,DH-TOP-00254,C04895,O020719,5,nice quality for the price,2026-01-26
RV000263,DH-FRO-00371,C01876,O012600,1,sir maine kurti mangayi thi top aaya jaldi pickup karo,2025-10-03
RV000264,DH-SCH-00488,C03337,O020180,3,image me bright tha real me dull hai very disappointed,2025-03-01
RV000265,DH-KUR-00154,C03121,O021737,5,bahut achha hai,2024-12-18
RV000266,DH-SCH-00497,C04121,O001402,5,loved it,2025-11-27
RV000267,DH-SCH-00492,C04633,O011204,1,"LOOSE FITTING, MERE SIZE KA NAHI LAGTA",2026-01-20
RV000268,DH-FRO-00419,C00844,O013957,5,bahut achha hai,2024-11-10
RV000269,DH-TOP-00268,C03097,O006462,5,,2025-03-21
RV000270,DH-CO--00348,C02672,O016554,4,colour same as photo,2025-08-11
RV000271,DH-FRO-00381,C05741,O018817,4,loved it,2025-10-27
RV000272,DH-PAL-00328,C05924,O007224,5,perfect fit,2026-01-20
RV000273,DH-TOP-00277,C05074,O002292,4,bahut achha hai,2026-03-30
RV000274,DH-FRO-00386,C03986,O003626,1,mam shoulders girr rahe hain itna loose very disappointed,2026-01-13
RV000275,DH-FRO-00401,C04309,O011363,3,hi bacche ke liye bahut bada hai refund chahiye,2026-03-26
RV000276,DH-MEN-00561,C02092,O011531,2,bhaiya size bada hai,2024-11-11
RV000277,DH-KID-00536,C00136,O019014,2,pls fitting bahut tight hai yaar,2026-02-20
RV000278,DH-SCH-00489,C00413,O002271,4,mast hai 👍,2024-10-23
RV000279,DH-TOP-00297,C05050,O012324,5,kapda achha hai,2025-11-29
RV000280,DH-KUR-00050,C04133,O019144,4,,2026-09-02
RV000281,DH-KUR-00111,C05995,O022845,5,kapda achha hai,2025-12-17
RV000282,DH-KUR-00020,C05937,O021225,5,mast hai 👍,2025-05-31
RV000283,DH-TOP-00268,C01907,O016491,4,perfect fit,2025-06-19
RV000284,DH-DRE-00209,C04423,O005306,5,kapda achha hai,2026-09-27
RV000285,DH-KUR-00129,C05196,O023097,4,bahut achha hai,2024-11-04
RV000286,DH-KUR-00088,C02683,O022447,5,perfect fit,2024-11-15
RV000287,DH-TRA-00591,C05205,O007400,1,wrong item received !!,2026-05-23
RV000288,DH-DRE-00192,C03376,O018818,2,hi रंग फोटो से अलग है refund chahiye,2025-02-08
RV000289,DH-KUR-00105,C03354,O020021,4,beti ko bahut pasand aaya,2024-10-30
RV000290,DH-FRO-00370,C03799,O009444,5,kapda achha hai,2024-12-01
RV000291,DH-CO--00343,C03811,O000694,2,hi कपड़ा बहुत पतला है exchange nahi chahiye,2026-05-07
RV000292,DH-DRE-00210,C05634,O006989,5,bahut achha hai,2025-04-23
RV000293,DH-MEN-00575,C00772,O014097,5,value for money,2025-05-24
RV000294,DH-DRE-00181,C05371,O020524,5,kapda achha hai,2024-11-03
RV000295,DH-KID-00448,C03291,O011689,5,value for money,2025-08-19
RV000296,DH-SCH-00497,C01705,O015642,5,,2025-11-08
RV000297,DH-CO--00355,C04735,O000964,5,colour same as photo,2025-05-05
RV000298,DH-KUR-00001,C02433,O010184,5,mast hai 👍,2025-10-01
RV000299,DH-KID-00456,C05833,O001364,5,perfect fit,2025-10-26
RV000300,DH-KUR-00120,C04422,O004029,4,comfortable hai,2026-04-19
RV000301,DH-DRE-00229,C00446,O017883,5,bahut achha hai,2025-12-17
RV000302,DH-FRO-00375,C02092,O006771,5,value for money,2025-05-05
RV000303,DH-KUR-00093,C02448,O004596,5,perfect fit,2024-12-06
RV000304,DH-TOP-00297,C05352,O020056,5,mast hai 👍,2025-01-17
RV000305,DH-KID-00514,C05851,O010420,2,sir tight hai exchange nahi chahiye,2025-12-18
RV000306,DH-CO--00351,C01545,O020492,4,bahut achha hai,2025-01-26
RV000307,DH-KUR-00105,C00539,O018669,1,quality bilkul bekar !!,2025-09-13
RV000308,DH-KUR-00058,C05984,O017105,2,"hello, size chart pe 38 likha tha but 36 jaisa hai",2025-03-28
RV000309,DH-KUR-00029,C00257,O008701,5,,2026-09-21
RV000310,DH-KID-00517,C05037,O014132,1,pink mangya tha peach aaya,2025-01-31
RV000311,DH-DRE-00183,C03306,O014866,4,bahut achha hai,2026-03-10
RV000312,DH-PAL-00328,C03361,O012012,2,FITTING BAHUT TIGHT HAI YAAR !!,2025-08-07
RV000313,DH-KUR-00105,C05763,O022208,5,kapda achha hai,2025-01-28
RV000314,DH-KUR-00132,C02859,O022041,4,beti ko bahut pasand aaya,2025-09-11
RV000315,DH-CO--00348,C02532,O004687,4,colour same as photo,2026-05-03
RV000316,DH-DRE-00221,C02244,O001494,1,pls kapda bahut patla hai,2025-12-30
RV000317,DH-FRO-00384,C05844,O020194,5,,2025-06-12
RV000318,DH-FRO-00418,C01973,O004902,1,sir size chota hi,2025-12-14
RV000319,DH-FRO-00400,C04164,O007439,1,sir fabric cheapl ag raha hai,2024-12-22
RV000320,DH-MEN-00559,C04737,O018377,5,mast hai 👍,2025-05-17
RV000321,DH-KUR-00163,C05785,O002545,4,colour same as photo,2026-01-14
RV000322,DH-SCH-00471,C03710,O019071,5,mast hai 👍,2025-05-02
RV000323,DH-KUR-00056,C04813,O003978,5,comfortable hai,2025-10-19
RV000324,DH-MEN-00553,C01277,O002353,2,"hello, too loose at waist very disappointed",2025-03-30
RV000325,DH-MEN-00581,C02918,O011592,4,,2024-10-22
RV000326,DH-TOP-00289,C01466,O004159,4,colour same as photo,2026-01-14
RV000327,DH-KID-00513,C02581,O015488,5,office ke liye perfect,2026-04-30
RV000328,DH-SCH-00497,C04147,O015536,5,,2026-07-27
RV000329,DH-TOP-00262,C00634,O015049,1,hi fabric cheap lag raha hai very disappointed,2025-01-29
RV000330,DH-KID-00458,C04958,O020345,4,kapda achha hai,2025-05-26
RV000331,DH-KUR-00124,C04295,O000965,5,office ke liye perfect,2024-12-30
RV000332,DH-DRE-00181,C00753,O011631,4,value for money,2024-11-03
RV000333,DH-KUR-00028,C01647,O019615,3,hi beti ke liye liya tha chhota pad gaya pls return,2026-05-29
RV000334,DH-KUR-00026,C00113,O004184,1,"hello, pink mangaya tha peach aaya",2025-11-24
RV000335,DH-CO--00356,C02194,O019868,2,pnik mangaya tha peach aaya !!,2025-12-09
RV000336,DH-KID-00502,C04011,O008467,3,bhaiya doosra colour bhej diya 🙏,2026-03-22
RV000337,DH-DRE-00234,C04698,O006347,5,,2026-08-05
RV000338,DH-FRO-00400,C01156,O020883,5,mast hai 👍,2026-06-15
RV000339,DH-PAL-00328,C00006,O014621,5,kapda achha hai,2025-05-08
RV000340,DH-DRE-00217,C00931,O004986,4,bahut achha hai,2025-07-11
RV000341,DH-KUR-00022,C03752,O016979,5,office ke liye perfect,2026-08-19
RV000342,DH-KUR-00140,C01498,O018976,5,office ke liye perfect,2026-03-01
RV000343,DH-KID-00514,C00288,O012023,5,beti ko bahut pasand aaya,2025-08-25
RV000344,DH-KUR-00180,C05844,O020194,3,"hello, colour mismatch",2025-06-15
RV000345,DH-KID-00523,C00717,O007423,4,nice quality for the price,2025-07-01
RV000346,DH-DRE-00252,C03899,O013297,5,value for money,2026-08-01
RV000347,DH-KUR-00101,C05618,O016099,4,colour same as photo,2026-07-21
RV000348,DH-KID-00438,C00280,O019862,5,nice quality for the price,2026-04-12
RV000349,DH-KUR-00179,C01822,O006862,2,different design aaya very disappointed,2025-03-25
RV000350,DH-KUR-00087,C03176,O001949,2,pls length bahut zyada hai pls return,2026-03-13
RV000351,DH-TRA-00595,C04690,O019195,4,bahut achha hai,2024-11-27
RV000352,DH-MEN-00557,C02403,O020752,4,perfect fit,2025-08-02
RV000353,DH-SCH-00478,C05875,O005935,5,mast hai 👍,2026-08-10
RV000354,DH-TOP-00279,C00657,O007217,4,office ke liye perfect,2025-08-25
RV000355,DH-TOP-00300,C02836,O019702,2,pls rang bilkul alag hai,2026-05-25
RV000356,DH-KUR-00179,C00324,O001510,5,perfect fit,2025-02-18
RV000357,DH-CO--00359,C03460,O020311,2,colour fade sa hai photo jaisa nahi 🙏,2026-09-22
RV000358,DH-KID-00515,C03949,O020416,3,HI WAIST PE NAHI AAYA !!,2026-03-18
RV000359,DH-KID-00452,C04810,O011409,4,mast hai 👍,2025-05-24
RV000360,DH-FRO-00387,C05910,O000905,5,kapda achha hai,2024-12-29
RV000361,DH-SCH-00488,C04672,O020674,2,sir quality bilkul bekar pls return,2026-06-08
RV000362,DH-SCH-00468,C04067,O017406,2,hi fabric cheap lag raha hai,2025-01-22
RV000363,DH-FRO-00401,C03725,O014863,5,perfect fit,2024-12-01
RV000364,DH-DRE-00206,C05506,O023450,4,loved it,2025-09-03
RV000365,DH-DRE-00247,C00106,O020896,5,office ke liye perfect,2026-03-09
RV000366,DH-SCH-00468,C02707,O023746,5,colour same as photo,2025-12-06
RV000367,DH-TRA-00599,C05064,O012942,1,stain mila delivery pe jaldi pickup karo,2025-08-11
RV000368,DH-KUR-00153,C04786,O019264,1,MAM TOO LOOSE AT WAIST PLS RETURN,2025-02-10
RV000369,DH-KID-00462,C05502,O023820,1,hi quality bilkul bekar exchange nahi chahiye,2024-11-29
RV000370,DH-KUR-00111,C05820,O021743,1,"hello, see through hai kapda !!",2025-11-04
RV000371,DH-KID-00459,C02120,O021461,4,comfortable hai,2026-08-16
RV000372,DH-TOP-00273,C04241,O005705,5,colour same as photo,2026-07-23
RV000373,DH-KUR-00050,C05482,O023871,5,nice quality for the price,2025-10-31
RV000374,DH-TOP-00276,C05028,O005346,5,,2025-09-17
RV000375,DH-KUR-00179,C02012,O019726,1,pls stain mila delivery pe,2026-03-22
RV000376,DH-TRA-00599,C04540,O006982,1,see through hai kapda !!,2025-11-25
RV000377,DH-DRE-00198,C02127,O007583,4,loved it,2025-01-07
RV000378,DH-KUR-00008,C04687,O009201,3,hole hai sleeve pe jaldi pickup karo,2025-03-14
RV000379,DH-KID-00523,C05665,O017031,2,tight hai pls return,2026-07-11
RV000380,DH-PAL-00328,C05803,O001677,5,perfect fit,2026-03-02
RV000381,DH-MEN-00579,C01798,O016497,4,mast hai 👍,2026-04-24
RV000382,DH-KID-00504,C04671,O009459,2,colour mismatch,2026-01-17
RV000383,DH-KUR-00126,C02475,O016178,2,"hello, shoulders gir rahe hain itna loose jaldi pickup karo",2025-12-18
RV000384,DH-MEN-00582,C00540,O004713,5,kapda achha hai,2024-12-16
RV000385,DH-KUR-00083,C02616,O003644,5,nice quality for the price,2025-07-11
RV000386,DH-MEN-00586,C03489,O006808,4,loved it,2025-02-09
RV000387,DH-KID-00448,C01794,O000390,5,mast hai 👍,2024-11-18
RV000388,DH-KID-00503,C02870,O015445,4,loved it,2024-11-18
RV000389,DH-DRE-00202,C03003,O014228,2,hi smaller than usual size,2025-03-19
RV000390,DH-KUR-00033,C05215,O008498,5,,2025-04-21
RV000391,DH-KUR-00174,C00551,O011776,1,bhaiya M mangaya tha bada aaya exchange nahi chahiye,2026-09-27
RV000392,DH-SCH-00489,C00624,O018155,2,szie se chota h 🙏,2025-03-16
RV000393,DH-KID-00500,C05077,O008455,3,"hello, kurti bahut fit hai, breathe nahi kar pa rahi",2024-12-29
RV000394,DH-KUR-00093,C05957,O013072,5,nice quality for the price,2025-04-11
RV000395,DH-TOP-00302,C04275,O015528,5,bahut achha hai,2026-07-16
RV000396,DH-KUR-00125,C00558,O020234,5,beti ko bahut pasand aaya,2024-12-08
RV000397,DH-TOP-00253,C02130,O000184,4,mast hai 👍,2025-08-15
RV000398,DH-DRE-00187,C01463,O004256,2,sir m mangaya tha bada aaya jaldi pickup karo,2026-07-23
RV000399,DH-DRE-00198,C02695,O000338,4,kapda achha hai,2024-11-14
RV000400,DH-MEN-00561,C05153,O001954,5,kapda achha hai,2025-01-17
RV000401,DH-KID-00451,C05644,O010180,4,,2025-12-09
RV000402,DH-TOP-00298,C02844,O008802,5,beti ko bahut pasand aaya,2026-09-06
RV000403,DH-TOP-00289,C00212,O004186,1,PEHLI DHULAI ME SHRINK HO GAYA VERY DISAPPOINTED,2025-06-30
RV000404,DH-KUR-00021,C02980,O006369,2,bhaiya size chart se bada nikla 🙏,2025-01-01
RV000405,DH-KUR-00082,C05340,O015974,4,beti ko bahut pasand aaya,2026-01-23
RV000406,DH-FRO-00409,C02849,O018519,5,colour same as photo,2025-11-25
RV000407,DH-TOP-00262,C02680,O017945,5,mast hai 👍,2026-05-30
RV000408,DH-DRE-00205,C01121,O009724,4,nice quality for the price,2025-02-21
RV000409,DH-KUR-00113,C02619,O004241,5,office ke liye perfect,2024-12-26
RV000410,DH-TRA-00593,C05167,O013611,4,perfect fit,2025-03-01
RV000411,DH-KUR-00138,C02236,O020976,4,value for money,2026-07-02
RV000412,DH-FRO-00365,C01461,O018728,1,"mam size M bahut tight hai, L lena padega !!",2026-03-11
RV000413,DH-SCH-00489,C05196,O021589,5,colour same as photo,2024-12-21
RV000414,DH-DRE-00214,C01738,O019013,5,perfect fit,2026-09-04
RV000415,DH-DRE-00225,C03778,O020952,2,size chota hai,2026-09-27
RV000416,DH-KUR-00125,C04435,O003916,3,"hello, fabric rough hai skin pe cchubhta hai jaldi pickup karo",2024-12-05
RV000417,DH-DRE-00184,C04794,O004408,4,bahut achha hai,2026-05-19
RV000418,DH-KUR-00175,C04971,O021261,5,mast hai 👍,2026-09-01
RV000419,DH-KUR-00022,C02688,O007782,5,bahut achha hai,2026-07-02
RV000420,DH-MEN-00582,C04010,O013321,4,office ke liye perfect,2024-12-28
RV000421,DH-KUR-00124,C03569,O018566,2,ranghalka hai bahut,2025-01-07
RV000422,DH-FRO-00386,C05976,O016681,3,mam XL bhi tight hai kya size h ye pls return,2025-03-13
RV000423,DH-DRE-00212,C05575,O011450,5,,2026-04-03
RV000424,DH-SCH-00488,C00667,O021121,4,nice quality for the price,2025-02-15
RV000425,DH-KID-00518,C01047,O022380,5,loved it,2025-11-26
RV000426,DH-CO--00353,C05473,O015960,3,ok,2025-04-19
RV000427,DH-KUR-00170,C02929,O006207,2,HI M MANGAYA THA BAA AAYA,2026-08-29
RV000428,DH-MEN-00570,C01655,O005685,4,,2026-05-26
RV000429,DH-KUR-00171,C05298,O021125,3,bhaiya maine kurti mangayi thi top aaya jaldi pickup karo,2024-12-10
RV000430,DH-TOP-00253,C02130,O000184,5,comfortable hai,2025-08-16
RV000431,DH-KUR-00034,C04806,O020581,2,"hello, pehli dhuulai me shrink ho gaya",2024-11-08
RV000432,DH-KUR-00021,C04372,O022938,5,,2024-12-07
RV000433,DH-DRE-00242,C03775,O016764,2,"bhaiya stitching kharab haii, dhaage nikal rahe exchange nahi chahiye",2026-04-12
RV000434,DH-PAL-00326,C00776,O005425,4,comfortable hai,2025-09-25
RV000435,DH-KUR-00174,C00221,O011032,1,"pls Size small aaya, mera regular M h !!",2025-10-26
RV000436,DH-TOP-00279,C00415,O019477,2,mam pehlid hulai me shrink ho gaya !!,2024-10-27
RV000437,DH-KUR-00121,C04724,O000707,5,nice quality for the price,2025-05-10
RV000438,DH-DRE-00205,C04231,O005231,5,nice quality for the price,2026-09-08
RV000439,DH-TOP-00279,C05507,O000656,5,beti ko bahut pasand aaya,2025-11-19
RV000440,DH-MEN-00560,C04571,O008112,1,"hi too small, chest pe fit nahi hua 🙏",2025-12-12
RV000441,DH-MEN-00585,C03105,O008629,5,value for money,2025-09-01
RV000442,DH-FRO-00368,C05162,O010058,2,"SIR CHHOTA AA GAYA, SIZE CHART ALAT HAI",2025-12-29
RV000443,DH-KUR-00092,C00667,O023844,1,"hi chhota aa gaya, size chart galat hai",2026-07-25
RV000444,DH-CO--00354,C05551,O006922,1,hi acha nahi laga,2024-10-27
RV000445,DH-KUR-00142,C04054,O012461,2,साइज़ छोटा है exchange nahi chahiye,2026-07-14
RV000446,DH-DRE-00249,C04473,O018206,5,office ke liye perfect,2026-05-08
RV000447,DH-FRO-00396,C00659,O023003,1,mam return !!,2025-10-04
RV000448,DH-FRO-00411,C04074,O006278,2,"PLS CHHOTA AA GAYA, SIZE CHART GALAT HAI VERY DISAPPOINTED",2025-07-12
RV000449,DH-DRE-00236,C04700,O003905,3,bhaiya bahut tight h shoulders pe,2026-08-13
RV000450,DH-KUR-00133,C00495,O009765,3,"too big, ekdum dheela !!",2025-10-17
RV000451,DH-KUR-00082,C03707,O011262,5,,2025-09-15
RV000452,DH-KID-00425,C02366,O001612,2,SIZE CHART SE BADA NIKLA EXCHANGE NAHI CHAHIYE,2024-12-07
RV000453,DH-SCH-00489,C03524,O007069,5,mast hai 👍,2025-03-24
RV000454,DH-CO--00357,C01649,O017232,2,"hello, pehli dhulai me shrink ho gaya",2026-09-06
RV000455,DH-DRE-00213,C04402,O019243,2,SIR COLOUR MISMATCH EXCHANGE NAHI CHAHIYE,2026-03-28
RV000456,DH-DRE-00234,C00217,O018829,4,colour same as photo,2026-02-14
RV000457,DH-KUR-00043,C04322,O018710,5,mast hai 👍,2024-12-30
RV000458,DH-MEN-00578,C03838,O000527,5,colour same as photo,2026-03-23
RV000459,DH-TOP-00285,C01685,O014970,5,bahut achha hai,2026-01-14
RV000460,DH-FRO-00387,C03849,O019132,5,loved it,2024-11-25
RV000461,DH-TOP-00279,C03132,O022206,5,bahut achha hai,2025-06-04
RV000462,DH-SCH-00469,C04321,O006041,2,too looe at waist 🙏,2025-06-23
RV000463,DH-KUR-00086,C01376,O000871,1,"mam material not as described, ye cotton nahi lagta exchange nahi chahiye",2025-07-13
RV000464,DH-DRE-00237,C02584,O018632,1,"too small, chest pe fit nahi hua !!",2026-08-26
RV000465,DH-DRE-00181,C01046,O000881,5,bahut achha hai,2024-10-30
RV000466,DH-KUR-00118,C04636,O014964,5,mast hai 👍,2025-12-24
RV000467,DH-TOP-00306,C02902,O013298,4,,2026-01-27
RV000468,DH-KUR-00129,C04990,O022796,2,glaat product aaya,2025-03-10
RV000469,DH-KUR-00109,C03600,O000903,3,sir peehli dhulai me shrink ho gaya jaldi pickup karo,2025-06-29
RV000470,DH-KUR-00102,C04910,O017967,5,perfect fit,2026-02-05
RV000471,DH-FRO-00371,C00168,O010549,4,comfortable hai,2025-09-13
RV000472,DH-KUR-00068,C05140,O003071,1,pls wrong item received !!,2026-06-01
RV000473,DH-KID-00442,C03542,O006257,3,hi M mangaya tha bada aaya pls return,2026-07-26
RV000474,DH-TRA-00589,C01828,O010667,5,mast hai 👍,2026-09-27
RV000475,DH-MEN-00554,C00111,O017165,5,mast hai 👍,2026-08-17
RV000476,DH-FRO-00420,C01413,O018068,5,,2025-10-28
RV000477,DH-KUR-00088,C04085,O020742,5,,2025-04-19
RV000478,DH-FRO-00387,C05497,O020438,1,PRINT UTAR RAHA HAI !!,2025-08-11
RV000479,DH-KID-00507,C02044,O019525,5,kapda achha hai,2025-03-01
RV000480,DH-KID-00507,C00980,O005341,5,,2025-04-25
RV000481,DH-KUR-00114,C02928,O005844,2,bhaiya bahut loose hai refund chahiye,2026-04-04
RV000482,DH-KUR-00005,C00891,O016765,3,bhaiya waist pe nahi aaya very disappointed,2026-09-12
RV000483,DH-MEN-00557,C01879,O017677,2,mam no,2025-07-06
RV000484,DH-KUR-00059,C01034,O013210,5,value for money,2025-09-14
RV000485,DH-DRE-00213,C00650,O010870,4,perfect fit,2025-01-16
RV000486,DH-KUR-00153,C00157,O000491,2,colour fade sa hai photo jaisa nahi 🙏,2025-11-01
RV000487,DH-TOP-00302,C01281,O021184,1,hi color is different from image,2025-07-20
RV000488,DH-KUR-00173,C01490,O016039,4,nice quality for the price,2025-01-25
RV000489,DH-KUR-00003,C05926,O003883,4,,2026-07-28
RV000490,DH-MEN-00577,C00050,O006066,1,SMALLER THAN USUAL SIZE PLS RETURN,2025-12-14
RV000491,DH-KID-00531,C01627,O011628,4,beti ko bahut pasand aaya,2026-08-07
RV000492,DH-SCH-00489,C01273,O015072,4,comfortable hai,2024-12-07
RV000493,DH-FRO-00386,C04601,O013469,5,kapda achha hai,2024-11-04
RV000494,DH-KUR-00025,C00777,O006490,4,colour same as photo,2026-04-15
RV000495,DH-CO--00349,C01404,O001390,2,mam pehli dhulai me shrink ho gaya exchange nahi chahiye,2026-07-03
RV000496,DH-SCH-00472,C02000,O002300,4,office ke liye perfect,2025-02-01
RV000497,DH-DRE-00206,C01984,O013120,5,mast hai 👍,2026-03-29
RV000498,DH-TOP-00271,C01190,O022258,5,,2026-01-10
RV000499,DH-SCH-00468,C05328,O011643,2,bhaiya tehek nahi hai,2024-12-12
RV000500,DH-DRE-00184,C05283,O019769,5,,2026-07-29
RV000501,DH-SCH-00465,C03597,O009983,2,"hello, material not as described, ye cotton ahi lagta",2025-01-23
RV000502,DH-KUR-00017,C00471,O014436,5,colour same as photo,2026-03-12
RV000503,DH-KUR-00110,C05651,O020162,2,pehli dhulaii me shrink ho gaya exchange nahi chahiye,2026-05-20
RV000504,DH-MEN-00582,C05542,O014582,1,sir bahut tight h shoulders pe,2026-07-07
RV000505,DH-DRE-00242,C02831,O015453,1,rang halka hai bahut 🙏,2026-08-02
RV000506,DH-KUR-00153,C04813,O006836,2,pls rang halka hai bahut,2025-11-09
RV000507,DH-PAL-00322,C03018,O020859,3,mam see thrugh hai kapda jaldi pickup karo,2026-05-25
RV000508,DH-DRE-00244,C00260,O014216,4,,2026-04-27
RV000509,DH-KUR-00032,C01382,O012322,5,perfect fit,2025-10-21
RV000510,DH-KID-00443,C01283,O014330,4,loved it,2026-03-01
RV000511,DH-FRO-00382,C03488,O010809,5,kapda achha hai,2026-07-18
RV000512,DH-CO--00355,C03975,O004538,4,beti ko bahut pasand aaya,2026-01-12
RV000513,DH-FRO-00386,C03746,O019570,5,,2025-06-29
RV000514,DH-KUR-00174,C05271,O014641,1,bhaiya same as before 🙏,2025-12-03
RV000515,DH-KUR-00129,C05900,O023869,5,loved it,2025-07-23
RV000516,DH-KUR-00026,C05678,O017993,2,"size M bahut tight hai, L lena padega 🙏",2025-08-15
RV000517,DH-KID-00509,C02953,O008090,5,value for money,2026-07-17
RV000518,DH-DRE-00188,C01869,O017320,1,"hello, buttontoota hua tha !!",2025-05-14
RV000519,DH-TOP-00289,C02742,O000307,5,perfect fit,2025-07-22
RV000520,DH-KUR-00134,C03478,O017613,5,kapda achha hai,2026-03-17
RV000521,DH-TOP-00295,C05337,O013699,4,beti ko bahut pasand aaya,2025-06-24
RV000522,DH-KUR-00179,C04369,O014444,5,mast hai 👍,2025-09-16
RV000523,DH-SCH-00488,C04736,O013864,4,colour same as photo,2024-11-02
RV000524,DH-KUR-00171,C05063,O016024,5,office ke liye perfect,2024-11-30
RV000525,DH-DRE-00202,C03850,O017576,2,mam see through hai kapda pls return,2026-01-16
RV000526,DH-KID-00513,C03050,O006397,4,kapda achha hai,2025-03-14
RV000527,DH-TRA-00589,C05186,O001566,4,comfortable hai,2026-08-21
RV000528,DH-SCH-00476,C02106,O013053,5,bahut achha hai,2025-04-18
RV000529,DH-KUR-00137,C05688,O010670,4,office ke liye perfect,2025-04-07
RV000530,DH-KUR-00112,C00852,O012178,1,"mam stitching kharab hai, dhaage nikal rahe !!",2025-10-22
RV000531,DH-MEN-00575,C04164,O003401,5,nice quality for the price,2025-06-11
RV000532,DH-KUR-00154,C05529,O013482,2,sir साइज़ छोटा है refund chahiye,2024-11-04
RV000533,DH-FRO-00397,C00529,O018142,4,perfect fit,2025-07-03
RV000534,DH-TRA-00592,C02156,O022397,4,nice quality for the price,2026-08-15
RV000535,DH-FRO-00388,C05144,O009426,4,,2025-06-29
RV000536,DH-KUR-00092,C03238,O010766,3,quality bilkul bekar very disappointed,2026-08-22
RV000537,DH-PAL-00342,C00091,O012388,3,rang bilkul alag hai !!,2025-08-31
RV000538,DH-PAL-00328,C03256,O014092,5,nice quality for the price,2026-03-05
RV000539,DH-FRO-00419,C04177,O003135,4,colour same as photo,2025-03-06
RV000540,DH-KUR-00034,C00026,O019480,2,"hello, nahi chahiye bas refund chahiye",2026-09-05
RV000541,DH-KUR-00008,C05054,O021602,4,mast hai 👍,2024-11-06
RV000542,DH-KUR-00098,C03880,O009109,5,perfect fit,2026-08-15
RV000543,DH-FRO-00371,C03102,O021401,5,bahut achha hai,2025-08-31
RV000544,DH-KUR-00154,C05839,O022879,4,mast hai 👍,2025-11-26
RV000545,DH-KID-00454,C04028,O004501,4,comfortable hai,2025-05-05
RV000546,DH-TOP-00295,C05919,O015897,3,size chota hai jaldi pickup karo,2026-04-13
RV000547,DH-DRE-00239,C00105,O006716,3,bahut tight h shoulders pe !!,2026-09-27
RV000548,DH-KID-00462,C00723,O016413,5,,2024-11-06
RV000549,DH-FRO-00397,C01801,O012486,2,fabric cheap lag raha hai,2025-11-02
RV000550,DH-KUR-00066,C00205,O002619,4,comfortable hai,2026-01-16
RV000551,DH-KUR-00034,C05804,O011172,5,colour same as photo,2025-07-26
RV000552,DH-TOP-00292,C04060,O015220,1,"sir size M bahut tight hai, L lena padega 🙏",2026-03-29
RV000553,DH-FRO-00399,C00766,O019841,5,loved it,2026-04-10
RV000554,DH-KID-00456,C05102,O002283,3,RTEURN JALDI PICKUP KARO,2026-01-26
RV000555,DH-FRO-00364,C00682,O009551,5,office ke liye perfect,2025-06-15
RV000556,DH-FRO-00393,C00553,O003143,5,kapda achha hai,2025-12-22
RV000557,DH-SCH-00463,C00560,O003421,5,kapda achha hai,2026-04-04
RV000558,DH-KUR-00028,C02368,O013317,4,,2026-04-13
RV000559,DH-DRE-00240,C01608,O010290,2,hi tight hai very disappointed,2026-09-27
RV000560,DH-MEN-00582,C05887,O008266,5,,2024-11-03
RV000561,DH-KID-00455,C03728,O013516,4,comfortable hai,2026-01-26
RV000562,DH-KID-00428,C01641,O014427,1,mam ye mera order nahi hai,2025-11-26
RV000563,DH-KUR-00053,C01425,O007048,5,colour same as photo,2026-08-27
RV000564,DH-KID-00437,C04062,O010396,2,oversized lag raha hai jabki regular fit likha tha,2025-12-17
RV000565,DH-KUR-00029,C05435,O005890,5,loved it,2025-12-27
RV000566,DH-KUR-00180,C04282,O017939,2,issue hai 🙏,2025-03-18
RV000567,DH-PAL-00333,C04574,O020293,4,,2026-05-14
RV000568,DH-DRE-00248,C00113,O018287,4,,2025-11-23
RV000569,DH-DRE-00223,C01777,O008356,5,value for money,2026-06-19
RV000570,DH-KID-00509,C00461,O010272,5,office ke liye perfect,2025-05-09
RV000571,DH-SCH-00476,C01603,O015574,2,mam sleeves tight hai arms me very disappointed,2025-12-16
RV000572,DH-KUR-00006,C01260,O006953,2,PLS कपड़ा बहुत पतला है JALDI PICKUP KARO,2026-06-28
RV000573,DH-KID-00422,C00611,O011313,5,comfortable hai,2025-10-30
RV000574,DH-KID-00461,C01898,O012455,5,,2026-08-22
RV000575,DH-SCH-00476,C00354,O019229,4,mast hai 👍,2025-02-12
RV000576,DH-TOP-00284,C00619,O023143,4,nice quality for the price,2026-08-24
RV000577,DH-DRE-00203,C05021,O021232,2,"hi maaterial not as described, ye cotton nahi lagta",2025-10-18
RV000578,DH-TOP-00271,C01071,O006423,5,value for money,2025-10-08
RV000579,DH-KUR-00088,C00161,O004518,5,perfect fit,2025-05-04
RV000580,DH-TOP-00303,C03375,O004463,5,bahut achha hai,2026-09-26
RV000581,DH-DRE-00213,C00906,O011630,5,comfortable hai,2024-11-12
RV000582,DH-KUR-00016,C01738,O008405,2,... 🙏,2025-03-03
RV000583,DH-KUR-00094,C02953,O023632,1,pls phata hua aaya refund chahiye,2026-08-27
RV000584,DH-KID-00421,C00105,O004060,5,kapda achha hai,2026-03-22
RV000585,DH-PAL-00326,C00776,O005425,4,bahut achha hai,2025-09-24
RV000586,DH-MEN-00588,C04075,O022362,4,loved it,2025-12-18
RV000587,DH-DRE-00192,C00051,O018405,1,"material not as described, ye cotton nahi lagta",2025-08-05
RV000588,DH-KUR-00003,C00526,O015717,4,comfortable hai,2025-05-14
RV000589,DH-KUR-00059,C00695,O020103,5,kapda achha hai,2025-09-07
RV000590,DH-SCH-00475,C03307,O014657,4,,2025-12-01
RV000591,DH-DRE-00198,C02939,O001764,2,bhaiya XL bhi tight hai kya size h ye jaldi pickup karo,2024-11-21
RV000592,DH-KID-00517,C00116,O019038,1,hole hai sleeve pe 🙏,2026-02-22
RV000593,DH-MEN-00541,C03739,O004441,5,nice quality for the price,2025-05-31
RV000594,DH-FRO-00370,C05236,O013834,4,comfortable hai,2024-12-27
RV000595,DH-KUR-00043,C01159,O005476,5,colour same as photo,2025-09-25
RV000596,DH-KUR-00001,C02533,O010536,5,bahut achha hai,2025-10-28
RV000597,DH-KUR-00066,C04863,O022132,2,sir colour alag hai photo se refund chahiye,2025-11-27
RV000598,DH-KUR-00145,C04326,O019741,2,sir galat product aaya refund chahiye,2024-10-22
RV000599,DH-PAL-00317,C01312,O022312,5,bahut achha hai,2026-07-15
RV000600,DH-DRE-00213,C03396,O018069,2,hi ye mera order nahi hai,2025-11-11
RV000601,DH-PAL-00321,C01749,O005377,1,"hello, shoulders gir rahe hain itna loose exchange nahi chahiye",2025-02-22
RV000602,DH-DRE-00227,C01674,O002081,2,"hello, kurti bahut fit hai, beathe nahi kar pa rahi !!",2025-10-15
RV000603,DH-MEN-00581,C03876,O011315,5,kapda achha hai,2026-02-05
RV000604,DH-TOP-00285,C02816,O022029,2,"hello, same as before exchange nahi chahiye",2026-09-27
RV000605,DH-DRE-00183,C03494,O015471,5,perfect fit,2026-05-05
RV000606,DH-SCH-00497,C05949,O015055,3,"hello, kurti bahut it hai, breathe nahi kar pa rahi",2026-07-16
RV000607,DH-KUR-00133,C01374,O001535,4,bahut achha hai,2024-11-02
RV000608,DH-DRE-00204,C01503,O000361,4,beti ko bahut pasand aaya,2025-03-04
RV000609,DH-KUR-00162,C02570,O010469,2,sir bahut tgiht h shoulders pe refund chahiye,2026-08-11
RV000610,DH-KUR-00171,C04300,O007298,5,colour same as photo,2024-12-03
RV000611,DH-TOP-00279,C05439,O015806,2,quality achhi nahi hai,2024-12-14
RV000612,DH-KID-00520,C00276,O006022,2,SIR SIZE CHOTA HAI EXCHANGE NAHI CHAHIYE,2025-07-01
RV000613,DH-KID-00452,C00375,O021847,5,value for money,2026-02-21
RV000614,DH-KUR-00111,C01756,O018574,4,beti ko bahut pasand aaya,2026-06-18
RV000615,DH-KID-00462,C02131,O017517,5,bahut achha hai,2024-11-01
RV000616,DH-TRA-00599,C03354,O010286,2,BACCHE KE LIYE BAHUTB ADA HAI EXCHANGE NAHI CHAHIYE,2025-04-22
RV000617,DH-DRE-00235,C02965,O003875,4,beti ko bahut pasand aaya,2025-01-27
RV000618,DH-TOP-00279,C02677,O008940,5,,2025-10-16
RV000619,DH-KUR-00059,C00695,O020103,5,nice quality for the price,2025-09-04
RV000620,DH-MEN-00557,C02545,O019680,5,loved it,2025-12-01
RV000621,DH-KUR-00078,C02258,O013118,5,comfortable hai,2026-09-27
RV000622,DH-TOP-00276,C03463,O014767,4,kapda achha hai,2026-02-20
RV000623,DH-FRO-00370,C02098,O021188,2,"hello, fitting bahut tight hai yaar pls return",2024-12-11
RV000624,DH-CO--00348,C03611,O010201,5,kapda achha hai,2024-11-13
RV000625,DH-SCH-00489,C00624,O018155,5,comfortable hai,2025-03-04
RV000626,DH-KID-00523,C02239,O018656,5,bahut achha hai,2025-04-26
RV000627,DH-KUR-00114,C04249,O018412,2,😞 very disappointed,2025-01-08
RV000628,DH-DRE-00182,C01472,O018676,5,bahut achha hai,2025-08-11
RV000629,DH-KID-00462,C01063,O002314,4,bahut achha hai,2026-09-27
RV000630,DH-CO--00349,C04796,O019906,2,QUALITY BIKUL BEKAR VERY DISAPPOINTED,2025-07-03
RV000631,DH-FRO-00389,C01103,O016944,1,"bhaiya wrong size bheja, m order kiya tha x aaya pls return",2026-07-13
RV000632,DH-KUR-00078,C02296,O022571,1,fabric rough hai skin pe hcubhta hai jaldi pickup karo,2026-06-07
RV000633,DH-MEN-00541,C00213,O015812,5,bahut achha hai,2025-03-01
RV000634,DH-TRA-00600,C02761,O001310,1,doosra colour bhej diya,2025-07-02
RV000635,DH-DRE-00244,C03155,O018204,5,,2025-04-04
RV000636,DH-KUR-00180,C04362,O012384,5,,2026-02-21
RV000637,DH-MEN-00542,C02487,O016265,2,"hello, hole hai sleeve pe pls return",2025-06-28
RV000638,DH-FRO-00388,C05098,O001763,5,beti ko bahut pasand aaya,2024-12-25
RV000639,DH-SCH-00489,C02390,O006507,2,pls packet geela tha kapda khaarab,2025-11-23
RV000640,DH-FRO-00374,C00581,O001753,5,office ke liye perfect,2025-11-13
RV000641,DH-KUR-00024,C03277,O022226,5,beti ko bahut pasand aaya,2025-04-11
RV000642,DH-TRA-00593,C04663,O001147,5,,2024-11-24
RV000643,DH-KID-00509,C02967,O019557,5,mast hai 👍,2025-11-25
RV000644,DH-KUR-00086,C04483,O010016,1,BHAIYA LENGTH BHI KAM HAI AUR TIGHT BHI PLS RETURN,2025-03-24
RV000645,DH-SCH-00463,C03028,O003460,5,bahut achha hai,2025-12-25
RV000646,DH-KUR-00056,C05485,O006213,3,fabric rough hai skin pe chubhta hai pls return,2025-12-05
RV000647,DH-MEN-00575,C03548,O006305,5,,2026-01-13
RV000648,DH-KUR-00112,C00620,O014295,1,hi fittin bahut tight hai yaar pls return,2025-09-24
RV000649,DH-MEN-00559,C03655,O019894,2,pls sleeves tight hai arms me jaldi pickup karo,2025-10-30
RV000650,DH-KID-00522,C02904,O003984,5,,2026-04-19
RV000651,DH-KID-00445,C03065,O001159,4,loved it,2024-10-24
RV000652,DH-KID-00535,C00994,O019222,2,too loose at waist 🙏,2026-06-30
RV000653,DH-TOP-00302,C03146,O006218,4,value for money,2024-11-15
RV000654,DH-KUR-00154,C01445,O004115,5,kapda achha hai,2024-10-27
RV000655,DH-DRE-00208,C01011,O018758,2,"Size small aaya, mera regular M h jaldi pickup karo",2026-04-22
RV000656,DH-FRO-00419,C03029,O002827,5,loved it,2025-02-05
RV000657,DH-MEN-00568,C01552,O012473,4,mast hai 👍,2025-09-02
RV000658,DH-FRO-00405,C03075,O014879,4,value for money,2025-10-10
RV000659,DH-KUR-00080,C01537,O020039,5,perfect fit,2026-08-09
RV000660,DH-KUR-00070,C03827,O016904,4,colour same as photo,2026-07-11
RV000661,DH-KID-00448,C04591,O015718,2,HI PEHLI DHULAI M SHRINK HO GAYA !!,2025-10-25
RV000662,DH-FRO-00414,C03726,O018193,1,galat prouct aaya,2026-08-15
RV000663,DH-DRE-00231,C00411,O019161,2,tight hai !!,2025-08-19
RV000664,DH-KUR-00125,C01274,O005254,5,bahut achha hai,2024-10-27
RV000665,DH-MEN-00542,C01636,O009237,5,bahut achha hai,2025-08-12
RV000666,DH-MEN-00553,C00723,O018037,2,mam colour fade sa hai photo jaisa nahi jaldi pickup karo,2026-03-12
RV000667,DH-KUR-00067,C04902,O017573,4,nice quality for the price,2026-09-19
RV000668,DH-TOP-00274,C04306,O012964,4,value for money,2026-08-01
RV000669,DH-KID-00423,C04875,O000422,4,comfortable hai,2026-04-01
RV000670,DH-KID-00508,C00072,O009732,5,colour same as photo,2026-04-28
RV000671,DH-FRO-00364,C01708,O021699,4,perfect fit,2025-05-07
RV000672,DH-DRE-00250,C05410,O001722,2,"MAM MATERIAL NOT AS DESCRIBED, YE COTTON NAHI LAGTA REFUND CHAHIYE",2025-04-21
RV000673,DH-MEN-00558,C01967,O018289,2,mam ek wash me rang chala gyaa 🙏,2026-04-28
RV000674,DH-FRO-00395,C03466,O006496,4,,2026-03-24
RV000675,DH-TOP-00275,C04037,O012080,2,hi silai khuil hui thi aate hi 🙏,2026-08-11
RV000676,DH-KID-00451,C00271,O013267,4,,2025-02-17
RV000677,DH-KID-00433,C00621,O016749,5,bahut achha hai,2025-04-19
RV000678,DH-KID-00529,C01542,O005991,5,bahut achha hai,2026-09-27
RV000679,DH-KID-00441,C00346,O001453,5,bahut achha hai,2025-11-05
RV000680,DH-DRE-00213,C04402,O019243,2,image me bright tha real me dull hai 🙏,2026-04-12
RV000681,DH-FRO-00388,C04885,O004913,5,kapda achha hai,2025-04-06
RV000682,DH-TRA-00597,C05599,O001117,2,bhaiya waist pe nahi aaya,2024-10-21
RV000683,DH-PAL-00319,C03373,O007462,4,bahut achha hai,2025-12-27
RV000684,DH-KID-00422,C05803,O021995,5,mast hai 👍,2026-04-28
RV000685,DH-KUR-00118,C00614,O023660,5,comfortable hai,2026-06-28
RV000686,DH-MEN-00541,C02114,O019296,1,bhaiya quality achhi nahi hai,2025-05-02
RV000687,DH-SCH-00467,C05650,O007126,2,fabric cheap lag raha hai,2025-11-11
RV000688,DH-MEN-00563,C02357,O005173,5,colour same as photo,2026-09-27
RV000689,DH-KUR-00093,C04223,O003689,2,tight hai exchange nahi chahiye,2025-03-29
RV000690,DH-PAL-00333,C01909,O023057,1,bhaiya see through hai kapda jaldi pickup karo,2026-07-19
RV000691,DH-TOP-00285,C00699,O006899,4,perfect fit,2025-09-15
RV000692,DH-MEN-00557,C03203,O004024,4,colour same as photo,2025-04-03
RV000693,DH-KID-00436,C00900,O022668,2,"bhaiya chhota aa gaya, size chart galat hai jaldi pickup karo",2025-12-30
RV000694,DH-FRO-00404,C04699,O008643,2,pls tight hi !!,2025-07-02
RV000695,DH-KUR-00063,C04940,O006668,2,कपड़ा बहुत पतला है 🙏,2026-05-22
RV000696,DH-TRA-00599,C04628,O008352,2,"hello, wrong item received !!",2025-07-12
RV000697,DH-TOP-00281,C02420,O022456,1,pls issue hai,2025-12-07
RV000698,DH-KUR-00053,C02500,O004610,4,loved it,2025-12-20
RV000699,DH-KUR-00171,C04812,O018581,5,,2024-12-22
RV000700,DH-FRO-00419,C01036,O018421,5,bahut achha hai,2024-11-14
RV000701,DH-DRE-00235,C01107,O008277,4,bahut achha hai,2026-07-05
RV000702,DH-DRE-00231,C01974,O014149,4,loved it,2026-08-09
RV000703,DH-PAL-00342,C01819,O020748,4,bahut achha hai,2026-09-13
RV000704,DH-DRE-00202,C05329,O010921,4,mast hai 👍,2025-11-10
RV000705,DH-KID-00518,C04853,O003011,2,bhaiya fabric rough hai skin pe chubhta hai 🙏,2025-02-24
RV000706,DH-KID-00436,C03127,O021790,5,loved it,2026-06-17
RV000707,DH-KUR-00122,C04632,O009457,4,loved it,2026-02-19
RV000708,DH-CO--00353,C01763,O013127,5,colour same as photo,2025-04-02
RV000709,DH-KID-00451,C00012,O007255,5,bahut achha hai,2024-11-30
RV000710,DH-FRO-00409,C01246,O010963,4,value for money,2024-12-25
RV000711,DH-MEN-00561,C03911,O023031,5,colour same as photo,2025-06-20
RV000712,DH-TRA-00593,C00027,O011483,4,colour same as photo,2025-04-07
RV000713,DH-CO--00354,C00549,O011036,5,loved it,2025-04-10
RV000714,DH-MEN-00557,C05803,O019830,5,loved it,2025-01-29
RV000715,DH-PAL-00342,C03496,O014855,2,KAPDA BAHUT PATLA HAI PLS RETURN,2026-05-16
RV000716,DH-DRE-00195,C03468,O007946,4,office ke liye perfect,2026-07-13
RV000717,DH-KUR-00034,C01556,O016715,2,smaller than usual size,2025-04-01
RV000718,DH-KID-00435,C01764,O014166,5,beti ko bahut pasand aaya,2026-05-16
RV000719,DH-PAL-00313,C05649,O004991,5,kapda achha hai,2025-11-27
RV000720,DH-TRA-00593,C01680,O020446,2,kapda bahut patla hai pls return,2025-04-12
RV000721,DH-KUR-00154,C01830,O008723,1,pls ye wala shade nahi tha website pe pls return,2025-03-23
RV000722,DH-DRE-00181,C03300,O008627,4,value for money,2025-11-12
RV000723,DH-SCH-00481,C05338,O006573,3,"size M bahut tight hai, L lena padega",2024-10-20
RV000724,DH-DRE-00210,C00110,O006420,5,nice quality for the price,2025-07-27
RV000725,DH-DRE-00198,C01756,O001078,2,sir smaller than usual size,2026-07-30
RV000726,DH-TOP-00266,C02038,O010382,5,mast hai 👍,2025-11-29
RV000727,DH-DRE-00220,C01317,O007257,3,"size M bahut tight hai, L lena padega 🙏",2026-05-20
RV000728,DH-TRA-00600,C01157,O015933,2,sir silai khuli hui thi aatte hi 🙏,2025-04-22
RV000729,DH-FRO-00418,C02658,O000331,1,button toota hua tha,2025-06-17
RV000730,DH-KUR-00015,C03144,O012589,5,office ke liye perfect,2026-05-01
RV000731,DH-KUR-00050,C01384,O010296,5,bahut achha hai,2026-05-16
RV000732,DH-SCH-00494,C02666,O005224,4,beti ko bahut pasand aaya,2026-04-16
RV000733,DH-FRO-00411,C02086,O006262,1,sir not as expected !!,2026-05-23
RV000734,DH-FRO-00416,C03104,O018946,2,sir ye mera order nah hai very disappointed,2026-07-20
RV000735,DH-KUR-00034,C05430,O010876,5,kapda achha hai,2025-01-16
RV000736,DH-KUR-00081,C04443,O008423,4,perfect fit,2026-05-30
RV000737,DH-KUR-00050,C00113,O017388,1,FITTING BAHUT TIGHT HAI YAAR JALDI PICKUP KARO,2025-06-12
RV000738,DH-DRE-00204,C04002,O016967,5,bahut achha hai,2026-05-20
RV000739,DH-SCH-00489,C04699,O012081,4,bahut achha hai,2025-05-30
RV000740,DH-TOP-00288,C00105,O023482,2,HI WRONG ITEM RECEIVED,2025-09-08
RV000741,DH-KUR-00173,C05890,O016199,4,mast hai 👍,2025-01-22
RV000742,DH-KID-00445,C02188,O021603,5,kapda achha hai,2026-08-21
RV000743,DH-KID-00511,C02316,O006455,4,loved it,2025-10-31
RV000744,DH-KID-00529,C01150,O014825,5,beti ko bahut pasand aaya,2026-08-02
RV000745,DH-KUR-00092,C05679,O000474,1,mam doosra colour bhej diya very disappointed,2025-06-20
RV000746,DH-TOP-00254,C03067,O018994,1,mam not as expected exchange nahi chahiye,2025-12-13
RV000747,DH-KUR-00114,C02348,O019733,1,waist pe nahi aaya pls return,2025-03-15
RV000748,DH-DRE-00239,C05442,O020509,3,"bhaiya too big, ekkdum dheela very disappointed",2025-10-14
RV000749,DH-FRO-00420,C04389,O005944,5,colour same as photo,2026-05-15
RV000750,DH-MEN-00575,C05191,O023432,4,colour same as photo,2025-08-28
RV000751,DH-KUR-00043,C04959,O003287,2,"bhaiya Size small aaya, mera regular M h jaldi pickup karo",2026-04-08
RV000752,DH-DRE-00234,C04592,O001803,5,value for money,2025-02-07
RV000753,DH-FRO-00364,C03974,O019831,5,nice quality for the price,2025-09-16
RV000754,DH-DRE-00230,C00730,O006604,4,value for money,2026-09-23
RV000755,DH-SCH-00481,C01507,O018711,5,value for money,2025-01-13
RV000756,DH-KID-00441,C01034,O004254,4,kapda achha hai,2025-09-28
RV000757,DH-SCH-00489,C01869,O019156,2,कपड़ा बहुत पतला है JALDI PICKUP KARO,2026-06-19
RV000758,DH-MEN-00542,C04526,O021014,5,colour same as photo,2025-09-25
RV000759,DH-FRO-00374,C05643,O006068,4,value for money,2026-02-12
RV000760,DH-TRA-00599,C01238,O013183,5,nice quality for the price,2025-03-10
RV000761,DH-TOP-00291,C03923,O005545,5,comfortable hai,2025-12-14
RV000762,DH-MEN-00548,C01824,O012830,1,doosra colour bhej diya,2026-07-23
RV000763,DH-KUR-00087,C05216,O002950,4,,2025-04-25
RV000764,DH-KUR-00094,C02953,O023632,5,colour same as photo,2026-08-28
RV000765,DH-KUR-00090,C01770,O007275,1,pls kapda bahut patla hai,2025-07-01
RV000766,DH-CO--00359,C02427,O003080,4,loved it,2026-03-25
RV000767,DH-SCH-00474,C04127,O000453,1,hi colour fade sa hai photo jaisa nahi pls return,2025-01-01
RV000768,DH-KUR-00078,C05293,O014455,5,perfect fit,2025-09-20
RV000769,DH-TOP-00288,C05198,O004575,5,value for money,2026-07-05
RV000770,DH-MEN-00582,C03488,O005055,5,beti ko bahut pasand aaya,2024-11-28
RV000771,DH-SCH-00476,C00999,O004507,4,nice quality for the price,2025-01-24
RV000772,DH-FRO-00387,C03478,O020101,5,loved it,2025-07-06
RV000773,DH-CO--00359,C05420,O001328,2,prinnt utar raha hai,2026-09-27
RV000774,DH-KID-00526,C02520,O001409,4,mast hai 👍,2025-11-23
RV000775,DH-KUR-00125,C04159,O015002,4,loved it,2026-04-20
RV000776,DH-KUR-00144,C01785,O009731,4,mast hai 👍,2026-05-07
RV000777,DH-FRO-00414,C01741,O004004,1,sir ok jaldi pickup karo,2025-12-06
RV000778,DH-KUR-00122,C00699,O022387,4,beti ko bahut pasand aaya,2025-04-23
RV000779,DH-TOP-00266,C02943,O020307,2,"material not as described, ye cotton nahi lagta 🙏",2026-09-27
RV000780,DH-TOP-00288,C03913,O001422,4,beti ko bahut pasand aaya,2025-02-15
RV000781,DH-FRO-00382,C01685,O004030,1,sir bahut loose hai refund chahiye,2025-11-03
RV000782,DH-KUR-00058,C00934,O012536,3,fitting bahut tight hai yaar very disappointed,2025-07-24
RV000783,DH-CO--00354,C05416,O023556,2,"hello, M mangaya tha bada aaya",2024-10-30
RV000784,DH-DRE-00208,C02417,O019598,4,comfortable hai,2025-10-28
RV000785,DH-KID-00428,C03162,O016542,2,sir pink mangaya ha peach aaya refund chahiye,2025-01-24
RV000786,DH-SCH-00473,C05433,O002513,4,value for money,2026-09-21
RV000787,DH-FRO-00419,C00606,O016249,1,zip kaam nahi kar rahi refund chahiye,2025-01-08
RV000788,DH-FRO-00415,C01986,O015834,5,office ke liye perfect,2025-11-15
RV000789,DH-PAL-00321,C05839,O006383,5,value for money,2025-12-22
RV000790,DH-CO--00353,C00757,O023973,2,"hello, rang bilkul alag ahi 🙏",2026-02-11
RV000791,DH-MEN-00559,C05220,O003029,5,office ke liye perfect,2026-02-17
RV000792,DH-KUR-00097,C02869,O012639,2,manie kurti mangayi thi top aaya !!,2025-03-07
RV000793,DH-KUR-00166,C02736,O021114,5,nice quality for the price,2026-06-12
RV000794,DH-MEN-00546,C00502,O016339,1,hi print utar raha hai exchange nahi chahiye,2025-09-25
RV000795,DH-FRO-00400,C04422,O023670,5,,2025-04-07
RV000796,DH-CO--00354,C00251,O015770,5,bahut achha hai,2024-11-20
RV000797,DH-KUR-00062,C03027,O017605,5,mast hai 👍,2025-12-29
RV000798,DH-MEN-00575,C02171,O001892,5,,2026-03-25
RV000799,DH-KID-00451,C02237,O007320,4,value for money,2025-09-03
RV000800,DH-SCH-00468,C05497,O010772,1,hi ordered l but feels like s,2024-11-25
RV000801,DH-KUR-00062,C03893,O014893,3,sir print utar raha hai !!,2026-09-11
RV000802,DH-KUR-00073,C04840,O000119,2,shoulders girr ahe hain itna loose 🙏,2026-02-01
RV000803,DH-KUR-00141,C00247,O003897,5,loved it,2026-06-06
RV000804,DH-KUR-00039,C00538,O005697,3,SIR ORDERED L BUT FEELS LIKE S,2025-04-04
RV000805,DH-MEN-00561,C03884,O003104,5,,2025-07-09
RV000806,DH-KUR-00117,C00829,O010788,5,comfortable hai,2026-04-27
RV000807,DH-KUR-00020,C04075,O022362,5,mast hai 👍,2025-12-30
RV000808,DH-KID-00431,C00150,O003171,5,comfortable hai,2025-06-15
RV000809,DH-FRO-00409,C03675,O015281,1,"hello, fabric rough hai skin pe chubhta hai 🙏",2025-01-19
RV000810,DH-KID-00453,C02508,O003459,5,comfortable hai,2026-09-03
RV000811,DH-TOP-00276,C00577,O005954,5,comfortable hai,2025-05-24
RV000812,DH-KUR-00124,C01530,O023768,4,comfortable hai,2025-01-27
RV000813,DH-TRA-00593,C02830,O023326,1,"sir material not as described, ye cottonnahi lagta exchange nahi chahiye",2025-05-10
RV000814,DH-KID-00527,C05321,O019082,4,perfect fit,2025-11-08
RV000815,DH-FRO-00375,C02560,O007244,1,beti ke liye liya tha chhota pad gaya refund chahiye,2026-05-06
RV000816,DH-DRE-00213,C05736,O020728,4,loved it,2024-11-18
RV000817,DH-MEN-00564,C03478,O020101,1,mam pehli dhulai me shirnk ho gaya,2025-07-06
RV000818,DH-MEN-00551,C00335,O020278,5,bahut achha hai,2026-08-10
RV000819,DH-TOP-00269,C00076,O008093,5,bahut achha hai,2025-12-18
RV000820,DH-SCH-00465,C01289,O015149,5,value for money,2025-01-20
RV000821,DH-KID-00517,C01386,O003086,4,colour same as photo,2024-12-20
RV000822,DH-FRO-00403,C05811,O020925,2,"hello, quality achhi nahi hai pls return",2026-06-07
RV000823,DH-FRO-00392,C03337,O010964,1,bhaiya size bada hai pls return,2026-01-16
RV000824,DH-TOP-00285,C00827,O023436,1,colour mismatch,2025-10-22
RV000825,DH-KUR-00162,C02570,O010469,5,nice quality for the price,2026-08-08
RV000826,DH-FRO-00387,C03551,O009808,4,value for money,2026-08-07
RV000827,DH-KUR-00132,C05990,O022885,1,"mam chhota aa gaya, size chart galat hai",2025-03-29
RV000828,DH-CO--00345,C00661,O020983,5,loved it,2025-12-28
RV000829,DH-KUR-00137,C01246,O010963,1,sir return !!,2024-12-12
RV000830,DH-DRE-00234,C02630,O007292,2,not ggood,2026-05-31
RV000831,DH-TOP-00253,C02599,O000185,2,same asb efore exchange nahi chahiye,2025-05-31
RV000832,DH-KUR-00094,C03964,O001489,2,see through hai kapda very disappointed,2025-10-09
RV000833,DH-FRO-00381,C01908,O017751,5,colour same as photo,2025-04-23
RV000834,DH-TOP-00307,C04747,O013672,3,sir size se chota h refund chahiye,2026-08-15
RV000835,DH-DRE-00217,C05133,O022748,1,bhaiya tight hai,2025-04-12
RV000836,DH-KID-00503,C05359,O006761,5,nice quality for the price,2025-02-08
RV000837,DH-KID-00528,C04161,O007124,4,nice quality for the price,2024-11-03
RV000838,DH-DRE-00203,C00180,O011572,1,bhaiya return,2025-08-23
RV000839,DH-KUR-00049,C02327,O017851,4,value for money,2026-05-18
RV000840,DH-KUR-00174,C01975,O013056,5,,2025-12-28
RV000841,DH-FRO-00411,C04698,O008700,2,hi zip kaam nhai kar rahi,2026-04-28
RV000842,DH-KUR-00179,C03767,O008163,4,mast hai 👍,2025-09-04
RV000843,DH-MEN-00582,C05915,O008778,3,size chart se bada nikla very disappointed,2025-08-26
RV000844,DH-KID-00504,C05393,O014241,4,office ke liye perfect,2025-09-09
RV000845,DH-KUR-00049,C02923,O003429,5,loved it,2026-09-07
RV000846,DH-KUR-00100,C02914,O023090,5,value for money,2025-06-11
RV000847,DH-TOP-00285,C01807,O009465,5,,2026-02-01
RV000848,DH-PAL-00335,C01812,O016217,5,bahut achha hai,2025-09-24
RV000849,DH-DRE-00192,C00627,O014783,3,pls size chart pe 38 likha tha but 36 jaisa hai very disappointed,2026-06-08
RV000850,DH-KUR-00022,C05400,O010871,4,colour same as photo,2025-09-29
RV000851,DH-TOP-00302,C02633,O016284,4,beti ko bahut pasand aaya,2024-12-08
RV000852,DH-KUR-00173,C04770,O005640,2,bhaiya issue hai 🙏,2025-09-19
RV000853,DH-TRA-00589,C04925,O002195,5,comfortable hai,2026-03-16
RV000854,DH-DRE-00235,C01162,O002371,4,comfortable hai,2026-01-24
RV000855,DH-TRA-00599,C02380,O010513,3,mam sleeves tight hai arms me !!,2026-09-09
RV000856,DH-DRE-00188,C05185,O000749,1,pls packet khula tha aur kapde pe daag hai jaldi pickup karo,2026-06-26
RV000857,DH-KUR-00003,C04049,O020596,5,mast hai 👍,2025-12-18
RV000858,DH-KUR-00106,C05092,O015402,5,,2026-07-13
RV000859,DH-KUR-00026,C05000,O018878,2,sir बहुत टाइट है,2026-02-25
RV000860,DH-MEN-00566,C03032,O007383,1,sir length bhi kam hai aur tight bhi,2026-03-13
RV000861,DH-KID-00500,C02288,O008136,2,pls packet khula tha aur kapde pe daag hai 🙏,2025-02-26
RV000862,DH-KUR-00088,C04530,O010703,1,"hello, smaller than usual size !!",2025-08-10
RV000863,DH-FRO-00371,C00043,O004390,5,comfortable hai,2026-05-06
RV000864,DH-TOP-00312,C02693,O008732,1,"hello, chhota aa gaya, size chart galat hai",2025-09-23
RV000865,DH-TOP-00302,C01214,O001687,5,kapda achha hai,2024-11-06
RV000866,DH-KUR-00093,C03379,O018027,2,print utar rraha hai 🙏,2025-02-02
RV000867,DH-KID-00502,C05234,O017421,4,bahut achha hai,2026-01-10
RV000868,DH-PAL-00336,C02149,O023430,5,colour same as photo,2026-09-25
RV000869,DH-PAL-00340,C04617,O003366,2,"stitching kharab hai, dhaage nikal rahe jaldi pickup karo",2025-07-22
RV000870,DH-TOP-00311,C05532,O005435,4,comfortable hai,2025-01-22
RV000871,DH-KUR-00033,C02453,O003628,1,XL bhi tight hai kya size h ye very disappointed,2026-06-24
RV000872,DH-KUR-00017,C00382,O000513,4,colour same as photo,2025-02-24
RV000873,DH-KUR-00042,C00855,O015855,4,comfortable hai,2026-01-03
RV000874,DH-KUR-00153,C02365,O014916,1,PHATA HUA AYAA !!,2025-07-02
RV000875,DH-KID-00540,C02321,O019752,5,office ke liye perfect,2025-09-30
RV000876,DH-DRE-00245,C04847,O007804,5,loved it,2026-05-12
RV000877,DH-DRE-00245,C01925,O009537,4,perfect fit,2026-04-14
RV000878,DH-TOP-00291,C03141,O000840,1,"hello, tigt hai 🙏",2026-08-14
RV000879,DH-TRA-00592,C02156,O022397,4,mast hai 👍,2026-08-09
RV000880,DH-KUR-00029,C00257,O008701,3,HI SIZE SE CHOTA H,2026-09-18
RV000881,DH-KID-00509,C04609,O019983,4,kapda achha hai,2025-08-04
RV000882,DH-MEN-00581,C04791,O022931,5,nice quality for the price,2024-10-31
RV000883,DH-KUR-00124,C03898,O021434,5,,2025-11-27
RV000884,DH-DRE-00223,C01777,O008356,1,print utar raha hai pls return,2026-06-29
RV000885,DH-KUR-00122,C01287,O011226,1,"hello, ok exchange nahi chahiye",2025-10-02
RV000886,DH-KUR-00171,C04458,O023492,5,value for money,2025-06-06
RV000887,DH-KUR-00021,C01089,O014513,5,value for money,2024-11-03
RV000888,DH-KUR-00175,C04971,O021261,4,nice quality for the price,2026-09-05
RV000889,DH-KUR-00044,C04433,O009320,5,mast hai 👍,2026-03-23
RV000890,DH-SCH-00472,C01811,O008327,1,pls see through hai kapda very disappointed,2024-12-24
RV000891,DH-DRE-00222,C04018,O000248,5,,2025-09-18
RV000892,DH-DRE-00195,C05405,O010681,5,office ke liye perfect,2026-02-06
RV000893,DH-SCH-00489,C00770,O013400,4,bahut achha hai,2025-10-10
RV000894,DH-KUR-00001,C00580,O008345,1,sir ek wash me rang chala gaya 🙏,2026-06-14
RV000895,DH-DRE-00219,C04352,O000055,5,,2026-03-31
RV000896,DH-DRE-00209,C01119,O007094,4,perfect fit,2024-12-31
RV000897,DH-FRO-00394,C04588,O008648,5,office ke liye perfect,2026-06-05
RV000898,DH-KID-00514,C04034,O018615,5,value for money,2026-07-14
RV000899,DH-KID-00528,C04888,O015601,3,कपड़ बहुत पतला है refund chahiye,2024-11-07
RV000900,DH-SCH-00465,C02903,O017139,4,comfortable hai,2025-01-15
RV000901,DH-SCH-00471,C00727,O017319,4,bahut achha hai,2025-12-12
RV000902,DH-DRE-00239,C04048,O018160,1,साइज़ छोा है 🙏,2026-07-09
RV000903,DH-KUR-00086,C05040,O010656,1,bhaiya tight hai 🙏,2025-09-20
RV000904,DH-DRE-00209,C02775,O017630,5,mast hai 👍,2024-12-10
RV000905,DH-DRE-00198,C01050,O001648,2,hi साइज़ छोटा है,2024-12-13
RV000906,DH-KID-00513,C01085,O017810,5,colour same as photo,2026-09-27
RV000907,DH-KUR-00179,C00447,O004084,4,bahut achha hai,2025-04-06
RV000908,DH-KUR-00171,C05146,O013503,5,beti ko bahut pasand aaya,2025-12-14
RV000909,DH-FRO-00419,C05717,O019113,5,comfortable hai,2025-08-14
RV000910,DH-TOP-00274,C02108,O011991,2,"hello, rang bilkul alag hai pls return",2026-08-05
RV000911,DH-KUR-00157,C01496,O010753,5,,2025-10-13
RV000912,DH-KUR-00003,C02049,O001699,4,bahut achha hai,2026-03-21
RV000913,DH-KUR-00133,C02332,O009533,5,,2026-02-12
RV000914,DH-KUR-00157,C01413,O006907,5,value for money,2025-08-24
RV000915,DH-KUR-00076,C00463,O023355,3,"sir stitching kharab hai, dhaage nikal rahe",2026-01-26
RV000916,DH-CO--00348,C03904,O020130,2,quality bilku lbekar very disappointed,2024-11-24
RV000917,DH-PAL-00339,C00424,O008005,1,bhaiya fabric cheap lag raha hai,2026-04-03
RV000918,DH-FRO-00381,C04702,O021732,4,loved it,2025-11-14
RV000919,DH-DRE-00203,C00956,O006126,1,pls pink mangaya tha peach aaya !!,2025-02-01
RV000920,DH-TOP-00285,C05057,O019076,4,nice quality for the price,2025-10-01
RV000921,DH-TOP-00279,C05507,O000656,1,HI RANG BILKUL ALAG HAI REFUND CHAHIYE,2025-11-15
RV000922,DH-FRO-00401,C02126,O011925,5,loved it,2025-11-23
RV000923,DH-KUR-00149,C04606,O002655,2,not as expected,2026-06-10
RV000924,DH-KUR-00027,C00937,O023292,4,kapda achha hai,2025-04-29
RV000925,DH-TOP-00273,C02947,O000571,4,mast hai 👍,2025-03-23
RV000926,DH-DRE-00221,C01427,O013443,5,colour same as photo,2026-02-22
RV000927,DH-KUR-00105,C00667,O021121,1,acah nahi laga,2025-02-20
RV000928,DH-KUR-00023,C03908,O002237,4,mast hai 👍,2026-03-27
RV000929,DH-MEN-00545,C01707,O016721,4,comfortable hai,2026-01-14
RV000930,DH-FRO-00386,C02064,O009352,1,size chart se bdaa nikla refund chahiye,2025-04-01
RV000931,DH-KUR-00055,C03314,O007662,1,"mam material not as described, ye cotton nahi lagta refund chahiye",2025-07-18
RV000932,DH-KUR-00092,C05863,O014995,1,"hello, different desig naaya",2026-02-13
RV000933,DH-KUR-00015,C05306,O011484,5,colour same as photo,2026-02-09
RV000934,DH-PAL-00324,C02442,O005939,5,loved it,2026-07-13
RV000935,DH-FRO-00401,C00935,O020822,1,sir M mangaya tha bada aaya !!,2025-06-29
RV000936,DH-FRO-00383,C03348,O011400,2,no !!,2026-05-27
RV000937,DH-MEN-00586,C04843,O020960,4,bahut achha hai,2026-01-10
RV000938,DH-TOP-00254,C03519,O023644,5,colour same as photo,2026-06-08
RV000939,DH-TOP-00285,C03122,O002765,5,loved it,2024-11-28
RV000940,DH-MEN-00570,C03311,O008092,2,"pls size M bahut tight hai, L lena padega exchange nahi chahiye",2026-06-03
RV000941,DH-TOP-00291,C04917,O019033,5,comfortable hai,2026-03-13
RV000942,DH-MEN-00582,C04200,O000079,5,,2025-12-03
RV000943,DH-CO--00345,C03223,O015850,5,loved it,2026-06-20
RV000944,DH-KID-00430,C02041,O007564,3,"bhaiya stitchig kharab hai, dhaage nikal rahe 🙏",2026-01-20
RV000945,DH-TOP-00304,C04505,O003371,5,loved it,2025-11-09
RV000946,DH-DRE-00181,C04752,O002441,4,kapda achha hai,2025-10-29
RV000947,DH-PAL-00329,C03046,O018938,1,"too small, chest pe fit nahi hua refund chahiye",2025-10-14
RV000948,DH-KID-00445,C04800,O023447,5,,2024-12-20
RV000949,DH-KID-00452,C02829,O005444,1,bhaiya tight hai very disappointed,2025-10-25
RV000950,DH-MEN-00553,C02064,O000716,5,nice quality for the price,2026-06-01
RV000951,DH-KUR-00153,C02740,O010368,4,,2025-03-01
RV000952,DH-KUR-00035,C02367,O005690,3,mam length bahut zyada hai exchange nahi chahiye,2024-11-22
RV000953,DH-KUR-00163,C00343,O007431,5,,2025-10-23
RV000954,DH-SCH-00490,C00236,O005655,3,"stitching kharab hai, dhaage nikal rahe !!",2025-03-05
RV000955,DH-TOP-00282,C04593,O004708,5,,2025-04-28
RV000956,DH-KID-00458,C05054,O006263,5,,2026-08-02
RV000957,DH-KID-00529,C02945,O011680,4,mast hai 👍,2026-03-25
RV000958,DH-KID-00518,C00769,O000918,5,colour same as photo,2025-02-04
RV000959,DH-KUR-00030,C04841,O019045,1,mam reutrn,2026-05-02
RV000960,DH-TOP-00288,C00762,O021223,4,mast hai 👍,2025-07-15
RV000961,DH-KUR-00160,C03723,O014314,4,perfect fit,2026-08-22
RV000962,DH-CO--00345,C00522,O003200,3,"hello, bahut loose hai",2025-12-26
RV000963,DH-KUR-00116,C03203,O005312,5,beti ko bahut pasand aaya,2026-01-05
RV000964,DH-KUR-00077,C02743,O015017,4,beti ko bahut pasand aaya,2026-07-16
RV000965,DH-TOP-00271,C03851,O005030,5,bahut achha hai,2025-08-16
RV000966,DH-KUR-00131,C03865,O001548,5,bahut achha hai,2026-08-15
RV000967,DH-FRO-00400,C05367,O002050,5,nice quality for the price,2024-11-14
RV000968,DH-FRO-00418,C01684,O013533,5,nice quality for the price,2025-04-06
RV000969,DH-TRA-00593,C01324,O023208,5,beti ko bahut pasand aaya,2026-02-08
RV000970,DH-DRE-00204,C00170,O005506,5,bahut achha hai,2025-11-17
RV000971,DH-KUR-00118,C00831,O014609,1,color is different from image,2025-08-04
RV000972,DH-FRO-00416,C02891,O003105,5,kapda achha hai,2025-04-01
RV000973,DH-DRE-00184,C05871,O008002,2,sir colour alag hai photo  se,2025-08-05
RV000974,DH-DRE-00190,C05171,O007885,5,beti ko bahut pasand aaya,2025-09-10
RV000975,DH-DRE-00188,C03214,O022848,1,"hello, phata hua aaay exchange nahi chahiye",2025-05-15
RV000976,DH-KUR-00008,C00451,O018679,5,value for money,2026-05-24
RV000977,DH-DRE-00182,C00719,O002269,5,value for money,2026-05-28
RV000978,DH-KUR-00179,C01974,O014983,3,hi size chart pe 38 likha tha but 36 jaisa hai !!,2024-12-30
RV000979,DH-TOP-00281,C05778,O014556,4,,2026-02-01
RV000980,DH-KUR-00032,C01597,O014787,2,MAM HOLE HAI SLEEVE PE EXCHANGE NAHI CHAHIYE,2026-09-19
RV000981,DH-FRO-00386,C04964,O013795,5,nice quality for the price,2024-10-23
RV000982,DH-DRE-00185,C02380,O010513,4,beti ko bahut pasand aaya,2026-09-14
RV000983,DH-TOP-00304,C02468,O018189,4,bahut achha hai,2026-08-16
RV000984,DH-KUR-00102,C00946,O009434,5,kapda achha hai,2026-08-16
RV000985,DH-TOP-00298,C05021,O003243,5,bahut achha hai,2026-05-18
RV000986,DH-KUR-00070,C02506,O008206,2,sir साइज़ छोटा है,2026-07-28
RV000987,DH-KUR-00149,C03395,O012922,5,colour same as photo,2024-11-24
RV000988,DH-KUR-00008,C03074,O020653,2,hi very thin cloth very disappointed,2025-06-26
RV000989,DH-FRO-00381,C04119,O004715,5,,2026-09-18
RV000990,DH-SCH-00488,C00514,O020753,5,value for money,2024-12-14
RV000991,DH-KID-00451,C01671,O014480,5,perfect fit,2024-12-03
RV000992,DH-CO--00360,C00300,O017110,1,QUALLITY BILKUL BEKAR,2026-07-28
RV000993,DH-KID-00443,C04262,O015305,2,BHAIYA PEHLI DHULAI ME SHRINK HO GAYA,2026-03-03
RV000994,DH-DRE-00244,C03097,O020491,5,kapda achha hai,2026-08-10
RV000995,DH-PAL-00330,C01778,O006014,5,loved it,2024-12-31
RV000996,DH-TOP-00253,C02130,O000184,4,,2025-08-14
RV000997,DH-DRE-00181,C02849,O017918,2,SIR FABRIC CHEAP LAG RAHA HAI PLS RETURN,2025-03-05
RV000998,DH-KID-00506,C00288,O013061,5,office ke liye perfect,2025-11-15
RV000999,DH-FRO-00396,C01742,O017559,5,value for money,2025-12-10
RV001000,DH-KUR-00113,C04553,O007017,3,bhaiya length bhi kam hai aur tight bhi very disappointed,2025-04-04
RV001001,DH-FRO-00393,C03527,O000614,2,"hello, print utar raha hai refund chahiye",2025-11-26
RV001002,DH-FRO-00375,C00803,O015892,1,sir kapda bahut patlahai refund chahiye,2024-10-22
RV001003,DH-FRO-00387,C00856,O021463,5,,2025-02-12
RV001004,DH-DRE-00198,C02695,O000338,2,bhaiya रंग फोटो से अलग है very disappointed,2024-11-09
RV001005,DH-KID-00526,C05638,O019513,5,colour same as photo,2025-11-20
RV001006,DH-MEN-00580,C02124,O013642,4,nice quality for the price,2026-01-20
RV001007,DH-DRE-00218,C05107,O020625,2,ok,2025-12-17
RV001008,DH-KID-00428,C04508,O009238,4,comfortable hai,2025-01-13
RV001009,DH-KID-00520,C05649,O002500,1,"hi loose fitting, mere size ka nahi lagta very disappointed",2025-09-17
RV001010,DH-KID-00500,C01485,O010913,1,kapda bahut pata hai pls return,2024-12-21
RV001011,DH-MEN-00564,C05256,O016607,1,mam bacche ke liye bahut bada hai very disappointed,2025-10-31
RV001012,DH-SCH-00479,C00903,O000583,5,mast hai 👍,2025-10-22
RV001013,DH-TRA-00593,C00408,O021874,1,bhaiya same as before 🙏,2025-08-12
RV001014,DH-FRO-00418,C04430,O016878,4,kapda achha hai,2026-03-26
RV001015,DH-CO--00355,C03975,O004538,3,"HELLO, SMALLER THAN USUAL SIZE JALDI PICKUP KARO",2026-01-07
RV001016,DH-KUR-00078,C02084,O021287,2,sir length bahut zyada hai !!,2025-06-13
RV001017,DH-KID-00444,C03885,O018916,5,office ke liye perfect,2025-12-13
RV001018,DH-PAL-00341,C00681,O003418,5,colour same as photo,2026-07-22
RV001019,DH-KUR-00105,C05382,O017504,4,,2025-12-30
RV001020,DH-KUR-00006,C03959,O019272,4,,2025-09-13
RV001021,DH-KUR-00015,C00636,O002512,4,comfortable hai,2026-03-25
RV001022,DH-TOP-00297,C01164,O002784,5,,2026-02-23
RV001023,DH-KUR-00129,C05527,O000158,5,nice quality for the price,2024-12-12
RV001024,DH-KID-00425,C03313,O013314,5,perfect fit,2025-02-23
RV001025,DH-KUR-00173,C00439,O013750,4,mast hai 👍,2025-01-26
RV001026,DH-TOP-00274,C05881,O023356,5,bahut achha hai,2026-07-20
RV001027,DH-DRE-00231,C02819,O018007,4,nice quality for the price,2024-12-18
RV001028,DH-DRE-00205,C03800,O015392,4,kapda achha hai,2025-02-16
RV001029,DH-KUR-00152,C05405,O005031,5,nice quality for the price,2025-07-14
RV001030,DH-KUR-00105,C03042,O015377,1,"hello, shoulders gir rahe hain itna loose very disappointed",2024-12-06
RV001031,DH-MEN-00573,C05126,O002637,1,no pls return,2026-07-15
RV001032,DH-SCH-00471,C01743,O007999,5,mast hai 👍,2025-04-24
RV001033,DH-PAL-00330,C00607,O020323,2,bhaiya fabric rough hai skin pe chubhta hai,2025-03-22
RV001034,DH-TOP-00302,C04053,O011410,5,nice quality for the price,2025-11-17
RV001035,DH-KUR-00071,C02809,O008537,1,"too big, ekdum dheela jaldi pickup karo",2025-03-06
RV001036,DH-KUR-00166,C02855,O019192,1,pls length bahut zyada hai refund chahiye,2025-10-10
RV001037,DH-DRE-00184,C01205,O006243,1,sir smaller than usual size,2026-01-21
RV001038,DH-KUR-00115,C00290,O015345,5,,2026-06-15
RV001039,DH-KUR-00057,C01194,O003568,5,colour same as photo,2026-01-10
RV001040,DH-KID-00518,C04162,O022012,4,,2026-03-01
RV001041,DH-TOP-00285,C04255,O015264,4,mast hai 👍,2024-12-28
RV001042,DH-TOP-00300,C01095,O004653,5,comfortable hai,2026-03-19
RV001043,DH-KUR-00026,C04427,O011635,1,fabric rough hai skin e chubhta hai refund chahiye,2026-04-21
RV001044,DH-KUR-00041,C05188,O000434,3,"HELLO, BAHUT TIGHT H SHOULDERS PE REFUND CHAHIYE",2026-09-07
RV001045,DH-KUR-00047,C01354,O009538,5,comfortable hai,2025-09-21
RV001046,DH-MEN-00541,C01283,O008542,2,hi too loose at waist jaldi pickup karo,2025-04-01
RV001047,DH-KID-00521,C05370,O022542,5,perfect fit,2025-12-12
RV001048,DH-SCH-00474,C00149,O000637,5,comfortable hai,2024-11-13
RV001049,DH-TRA-00597,C00405,O015268,5,beti ko bahut pasand aaya,2024-11-15
RV001050,DH-KID-00445,C03712,O009091,5,colour same as photo,2025-03-26
RV001051,DH-KUR-00062,C03027,O017605,3,pls rang halka hai bahut 🙏,2026-01-07
RV001052,DH-MEN-00561,C00719,O017591,2,bhaiya nahi chahiye bas,2025-09-07
RV001053,DH-KUR-00154,C03435,O020341,5,colour same as photo,2024-12-10
RV001054,DH-KUR-00139,C03003,O014228,4,comfortable hai,2025-03-13
RV001055,DH-KUR-00092,C05454,O008222,1,mam ye wala shade nahi tha website pe !!,2026-01-20
RV001056,DH-SCH-00479,C03317,O005270,5,kapda achha hai,2025-04-23
RV001057,DH-DRE-00242,C00457,O002483,2,XL bhi tight hai kya size h ye,2026-09-27
RV001058,DH-MEN-00570,C03311,O008092,3,BHAIYA OK JALDI PICKUP KARO,2026-06-20
RV001059,DH-TOP-00273,C01757,O015359,2,hi size bada hai,2025-02-10
RV001060,DH-KUR-00047,C03366,O022112,4,mast hai 👍,2025-02-12
RV001061,DH-KID-00447,C00804,O005828,5,nice quality for the price,2026-09-27
RV001062,DH-TOP-00275,C02617,O020057,2,PLS M MANGAYA THA BADA AAYA VERY DISAPPOINTED,2026-05-10
RV001063,DH-KUR-00156,C03230,O017606,2,very thin cloth,2026-05-04
RV001064,DH-DRE-00231,C05689,O009212,4,kapda achha hai,2026-05-04
RV001065,DH-KUR-00031,C01255,O007634,4,comfortable hai,2026-09-09
RV001066,DH-DRE-00184,C05871,O008002,2,bhaiya M mangaya tha badaa aya !!,2025-08-17
RV001067,DH-TOP-00271,C02382,O020519,4,nice quality for the price,2026-09-27
RV001068,DH-KID-00430,C01077,O021387,1,"hello, fitting bahut tight hai yaar !!",2025-10-25
RV001069,DH-TOP-00261,C04427,O000198,4,beti ko bahut pasand aaya,2025-11-03
RV001070,DH-KUR-00137,C00874,O000211,2,pls issue hai pls return,2025-03-23
RV001071,DH-PAL-00326,C04671,O011431,4,perfect fit,2026-05-03
RV001072,DH-PAL-00330,C04191,O012360,4,bahut achha hai,2025-08-30
RV001073,DH-DRE-00202,C01636,O022667,4,,2024-10-23
RV001074,DH-DRE-00219,C04881,O019851,1,hi packet khula tha aur kapde pe daag hai exchange nahi chahiye,2026-08-17
RV001075,DH-KID-00435,C04377,O014974,5,,2025-12-01
RV001076,DH-DRE-00209,C00184,O009919,2,"sir too big, ekdum dheela pls return",2025-06-18
RV001077,DH-DRE-00213,C03069,O011902,4,,2024-10-10
RV001078,DH-KUR-00174,C01094,O010203,4,colour same as photo,2026-02-10
RV001079,DH-KUR-00123,C04331,O006802,5,mast hai 👍,2025-07-22
RV001080,DH-TOP-00256,C02773,O021359,1,"hello, pink mangaya tha peach aaya",2026-05-15
RV001081,DH-TOP-00301,C01263,O021194,5,,2025-04-17
RV001082,DH-TOP-00308,C03466,O007002,1,mam length bhi kam hai aur tight bhi jaldi pickup karo,2026-06-12
RV001083,DH-MEN-00541,C02641,O011429,2,PLS SIZE SE CHOTA H PLS RETURN,2025-06-17
RV001084,DH-CO--00349,C05073,O012198,1,"too small, chest pe fit nahi hua",2026-07-19
RV001085,DH-KUR-00063,C02525,O013291,3,"hello, साइज़ छोटा है !!",2025-08-22
RV001086,DH-KID-00430,C03693,O018074,2,sir wrong item received,2025-01-01
RV001087,DH-KID-00507,C00066,O020448,5,loved it,2024-12-19
RV001088,DH-KUR-00126,C01343,O002222,4,kapda achha hai,2026-01-23
RV001089,DH-TOP-00276,C05430,O011632,4,office ke liye perfect,2025-05-29
RV001090,DH-SCH-00474,C03900,O017140,4,office ke liye perfect,2025-04-14
RV001091,DH-TRA-00595,C00547,O023931,4,colour same as photo,2025-04-22
RV001092,DH-KUR-00030,C02009,O006799,2,"size M bahut tight hai, L lena padega 🙏",2025-12-06
RV001093,DH-TOP-00289,C00584,O022106,3,ordered L but feels like S exchange nahi chahiye,2026-09-02
RV001094,DH-MEN-00586,C03788,O000302,5,comfortable hai,2025-03-19
RV001095,DH-DRE-00251,C01767,O021186,5,value for money,2026-07-28
RV001096,DH-FRO-00405,C05409,O004397,5,office ke liye perfect,2026-05-12
RV001097,DH-DRE-00231,C02369,O009173,2,"too small, chest pe fit nahi hua",2024-10-30
RV001098,DH-KID-00438,C05426,O005931,5,nice quality for the price,2026-06-01
RV001099,DH-MEN-00577,C00535,O000563,1,"hello, packet geela tha kapa kharab jaldi pickup karo",2025-12-07
RV001100,DH-KUR-00016,C01282,O022265,5,nice quality for the price,2025-02-05
RV001101,DH-KID-00513,C02800,O000669,5,perfect fit,2026-01-24
RV001102,DH-KUR-00105,C05855,O008649,2,sir कपड़ा बहुत पतला है !!,2025-10-20
RV001103,DH-DRE-00236,C00414,O011092,3,sir colour alag hai photo se,2026-08-04
RV001104,DH-KUR-00035,C02902,O012410,1,sir pls return exchange nahi chahiye,2025-06-01
RV001105,DH-TRA-00596,C04884,O019540,5,office ke liye perfect,2026-09-01
RV001106,DH-FRO-00375,C05660,O003603,1,size chart se bada nikla very disappointed,2024-12-27
RV001107,DH-TOP-00297,C04757,O005938,5,nice quality for the price,2025-08-16
RV001108,DH-TOP-00304,C02247,O020892,5,kapda achha hai,2025-10-09
RV001109,DH-FRO-00364,C01070,O022851,4,comfortable hai,2025-11-27
RV001110,DH-TOP-00253,C03032,O002335,5,colour same as photo,2026-06-05
RV001111,DH-FRO-00375,C00705,O021517,5,kapda achha hai,2025-04-21
RV001112,DH-SCH-00489,C03496,O019609,1,pls pink mangaya tha peach aaya very disappointed,2025-10-30
RV001113,DH-KID-00540,C02321,O019752,1,SIZE CHOTA HAI REFUND CHAHIYE,2025-09-22
RV001114,DH-KUR-00094,C01910,O019167,2,sir ek wash me rang chala gaya refund chahiye,2025-11-07
RV001115,DH-KUR-00150,C01658,O014402,1,"too big, ekdum dheela",2026-07-07
RV001116,DH-TOP-00285,C05357,O023485,5,mast hai 👍,2026-02-18
RV001117,DH-MEN-00578,C05000,O006521,5,,2026-05-06
RV001118,DH-FRO-00396,C01424,O001723,5,loved it,2026-04-13
RV001119,DH-KUR-00034,C00658,O003156,5,office ke liye perfect,2026-07-11
RV001120,DH-KID-00445,C02316,O007181,5,mast hai 👍,2025-01-03
RV001121,DH-PAL-00327,C05252,O011779,3,kapda bahut patla hai jaldi pickup karo,2026-08-18
RV001122,DH-SCH-00497,C02228,O013917,5,loved it,2026-04-10
RV001123,DH-CO--00359,C02427,O003080,1,"photo me maron dikha, aaya brown exchange nahi chahiye",2026-03-25
RV001124,DH-KUR-00114,C02533,O021259,4,beti ko bahut pasand aaya,2024-11-28
RV001125,DH-KUR-00053,C04711,O009880,1,"bhaiya too big, ekdum dheea very disappointed",2025-11-21
RV001126,DH-FRO-00367,C01375,O022413,1,too looose at waist very disappointed,2026-08-28
RV001127,DH-CO--00360,C05956,O022062,2,mam phata hua aaya pls return,2026-02-06
RV001128,DH-TOP-00279,C00657,O007217,5,office ke liye perfect,2025-08-15
RV001129,DH-KUR-00180,C05322,O021001,5,bahut achha hai,2025-11-07
RV001130,DH-FRO-00398,C00381,O004405,5,nice quality for the price,2026-09-27
RV001131,DH-TOP-00262,C01357,O022021,3,bhaiya hole hai sleeve pe,2026-02-06
RV001132,DH-KUR-00066,C03816,O006964,1,shoulders gir rahe hain itna loose jaldi pickup karo,2025-07-07
RV001133,DH-CO--00350,C00333,O006892,4,comfortable hai,2026-05-12
RV001134,DH-KID-00514,C04158,O007500,3,button toota hua tha,2026-01-30
RV001135,DH-KID-00514,C05693,O001140,2,"hello, material nota s described, ye cotton nahi lagta 🙏",2025-05-14
RV001136,DH-FRO-00376,C05928,O013512,4,,2025-10-09
RV001137,DH-TOP-00288,C00105,O023482,4,beti ko bahut pasand aaya,2025-09-09
RV001138,DH-KUR-00034,C02459,O019761,3,साइज़ छोटा है pls return,2025-02-20
RV001139,DH-KUR-00157,C01716,O014612,4,,2025-05-14
RV001140,DH-MEN-00545,C02385,O000191,5,value for money,2025-10-26
RV001141,DH-SCH-00471,C00186,O004236,5,,2025-03-19
RV001142,DH-KUR-00063,C05558,O014298,5,mast hai 👍,2025-10-03
RV001143,DH-MEN-00543,C00070,O013346,1,sleeves tight hai arms me,2026-02-18
RV001144,DH-KID-00505,C01419,O002681,2,"hello, size chotah ai refund chahiye",2025-06-11
RV001145,DH-KUR-00092,C03275,O020889,5,,2025-03-15
RV001146,DH-KUR-00130,C00109,O021520,5,perfect fit,2026-07-22
RV001147,DH-KUR-00105,C00495,O005502,5,kapda achha hai,2026-05-01
RV001148,DH-KUR-00068,C03058,O016262,4,bahut achha hai,2025-10-10
RV001149,DH-FRO-00401,C03042,O012545,1,sir see through hai kapda 🙏,2025-05-20
RV001150,DH-CO--00358,C05053,O010041,5,value for money,2025-01-10
RV001151,DH-TOP-00268,C02552,O018558,4,,2025-06-12
RV001152,DH-KUR-00031,C02616,O007827,1,sir pehli dhulai me shrink ho gaya 🙏,2026-03-05
RV001153,DH-KUR-00139,C00166,O011567,1,बहुत टाइट है jaldi pickup karo,2025-04-09
RV001154,DH-TOP-00258,C00077,O022855,5,,2026-09-11
RV001155,DH-KUR-00131,C02892,O007427,2,fitting bahut tight hai yaar,2026-06-02
RV001156,DH-KID-00535,C00994,O019222,5,perfect fit,2026-07-10
RV001157,DH-TRA-00593,C01529,O014865,4,bahut achha hai,2025-09-20
RV001158,DH-KUR-00115,C03520,O011241,5,mast hai 👍,2026-09-13
RV001159,DH-SCH-00465,C03795,O022082,4,mast hai 👍,2025-03-08
RV001160,DH-KID-00538,C00324,O001662,5,,2026-06-07
RV001161,DH-PAL-00332,C04054,O016433,4,comfortable hai,2025-12-08
RV001162,DH-DRE-00203,C05021,O021232,4,comfortable hai,2025-10-06
RV001163,DH-CO--00345,C03531,O007281,1,sir see through hai kapda pls return,2026-05-20
RV001164,DH-FRO-00386,C04233,O008263,5,colour same as photo,2026-05-18
RV001165,DH-DRE-00190,C01302,O017021,1,"size M bahut tight hai, L lena padega",2026-06-14
RV001166,DH-KUR-00140,C06000,O014775,4,colour same as photo,2025-12-17
RV001167,DH-MEN-00563,C00178,O013399,2,waist pe nahi aaya,2026-02-24
RV001168,DH-KUR-00132,C05237,O002676,2,bhaiya ok pls return,2025-04-25
RV001169,DH-KID-00514,C01696,O012795,5,beti ko bahut pasand aaya,2025-08-17
RV001170,DH-KID-00436,C04141,O013994,5,comfortable hai,2025-12-30
RV001171,DH-KUR-00133,C05641,O008965,4,colour same as photo,2024-11-12
RV001172,DH-TOP-00306,C00076,O018360,2,hi color is different from image,2025-11-20
RV001173,DH-KUR-00100,C01080,O022243,4,colour same as photo,2024-12-16
RV001174,DH-KUR-00055,C03314,O007662,1,sir bahut tight h shoulders pe !!,2025-07-13
RV001175,DH-SCH-00488,C01487,O012570,5,colour same as photo,2024-12-20
RV001176,DH-KUR-00057,C01986,O023880,5,kapda achha hai,2026-09-16
RV001177,DH-CO--00345,C00268,O008409,2,sir quality bilkul bekar exchange nahi chahiye,2025-01-28
RV001178,DH-DRE-00238,C05455,O000996,5,nice quality for the price,2026-05-19
RV001179,DH-SCH-00477,C05351,O023901,4,kapda achha hai,2026-05-19
RV001180,DH-KID-00529,C03204,O014205,5,bahut achha hai,2026-08-18
RV001181,DH-FRO-00371,C04243,O013931,2,pls size chart pe 38 likha tha but 36 jaisa hai very disappointed,2025-07-02
RV001182,DH-KUR-00097,C02394,O020842,1,hi different design aaya exchange nahi chahiye,2025-07-15
RV001183,DH-FRO-00411,C02428,O016859,5,nice quality for the price,2025-11-19
RV001184,DH-MEN-00583,C04177,O003712,1,quality achhi nahi hai,2026-09-02
RV001185,DH-KUR-00017,C03243,O005876,4,comfortable hai,2025-02-05
RV001186,DH-KUR-00100,C04589,O020412,4,kapda achha hai,2024-12-31
RV001187,DH-FRO-00406,C03685,O022568,4,comfortable hai,2025-11-13
RV001188,DH-FRO-00388,C00645,O018763,1,bhaiya 😞 pls return,2024-12-25
RV001189,DH-FRO-00419,C04783,O001270,4,,2024-10-27
RV001190,DH-DRE-00219,C01520,O011479,2,pls butto toota hua tha exchange nahi chahiye,2025-08-15
RV001191,DH-KID-00454,C00628,O008341,4,kapda achha hai,2026-04-17
RV001192,DH-CO--00349,C04211,O003575,4,,2025-12-18
RV001193,DH-FRO-00400,C05978,O022431,5,colour same as photo,2025-10-30
RV001194,DH-MEN-00577,C04960,O018000,2,"hello, fabric rough hai skin pe chubhta hai",2025-11-09
RV001195,DH-KUR-00163,C03448,O023234,1,pls return very disappointed,2025-04-14
RV001196,DH-KUR-00099,C02253,O016492,4,colour same as photo,2026-07-01
RV001197,DH-SCH-00490,C05271,O009701,4,colour same as photo,2025-02-04
RV001198,DH-KUR-00099,C05283,O005955,5,,2026-08-07
RV001199,DH-KUR-00106,C00649,O013806,5,bahut achha hai,2026-09-13
RV001200,DH-FRO-00418,C01973,O004902,1,mam quality achhi nahi hai !!,2025-12-14
RV001201,DH-KID-00447,C00568,O011268,5,,2026-09-24
RV001202,DH-CO--00355,C04699,O023098,5,perfect fit,2025-02-25
RV001203,DH-DRE-00190,C01481,O014352,1,pls beti ke liye liya tha chhota pad gaya jaldi pickup karo,2025-10-19
RV001204,DH-KUR-00103,C04488,O001610,3,"hello, length bhi kam hai aur tight bhi pls return",2026-04-29
RV001205,DH-TOP-00254,C01923,O016396,2,sir zip kam nahi kar rahi very disappointed,2026-09-19
RV001206,DH-MEN-00544,C05328,O017756,3,sir fabric cheap lag raha hai,2025-10-17
RV001207,DH-SCH-00497,C05949,O015055,4,kapda achha hai,2026-07-02
RV001208,DH-MEN-00582,C03403,O019684,1,SHOULDERS GIR RAHE HAIN ITNA LOOSE REFUND CHAHIYE,2024-10-28
RV001209,DH-KUR-00039,C01869,O005013,5,kapda achha hai,2025-12-24
RV001210,DH-DRE-00192,C05741,O007577,3,pink mangaya tha peach aaya !!,2024-12-18
RV001211,DH-KUR-00079,C05868,O005534,3,PLS PRINT UTAR RAHA HAI 🙏,2026-06-08
RV001212,DH-TOP-00291,C03352,O001604,5,,2025-03-29
RV001213,DH-FRO-00383,C03414,O003271,1,fabric roguh hai skin pe chubhta hai exchange nahi chahiye,2025-11-04
RV001214,DH-FRO-00395,C04890,O009331,2,pls ye meera order nahi hai 🙏,2026-03-31
RV001215,DH-KUR-00068,C01221,O023537,1,sir silai khuli hui thi aate hi 🙏,2025-08-14
RV001216,DH-KUR-00136,C05427,O001902,5,perfect fit,2025-08-03
RV001217,DH-TOP-00311,C01896,O018822,5,value for money,2025-01-29
RV001218,DH-SCH-00467,C00145,O008118,2,pehli dhulai me shrink ho gaya refund chahiye,2025-02-18
RV001219,DH-PAL-00319,C02588,O019884,2,mam size chota hai jaldi pickup karo,2026-04-03
RV001220,DH-SCH-00472,C03900,O017140,3,packet geela tha kapda kharab 🙏,2025-04-09
RV001221,DH-FRO-00406,C00412,O015271,3,bhaiya fitting bahut tight hai yaar,2025-11-12
RV001222,DH-SCH-00493,C04813,O012028,5,kapda achha hai,2026-02-25
RV001223,DH-KID-00458,C01712,O014248,5,beti ko bahut pasand aaya,2025-08-10
RV001224,DH-DRE-00239,C05936,O016937,2,"bhaiya kurti bahut fit hai, breathe nahi kar pa rahi very disappointed",2025-10-13
RV001225,DH-KUR-00008,C03076,O018066,4,office ke liye perfect,2025-11-13
RV001226,DH-TOP-00307,C05708,O013044,5,,2025-10-26
RV001227,DH-KID-00428,C05540,O019832,5,value for money,2026-02-05
RV001228,DH-KID-00540,C01241,O020049,5,bahut achha hai,2026-03-19
RV001229,DH-FRO-00399,C01357,O019136,5,nice quality for the price,2026-09-27
RV001230,DH-FRO-00411,C02029,O011109,4,value for money,2025-07-18
RV001231,DH-KUR-00071,C04786,O007518,1,pls color is different from image pls return,2026-01-13
RV001232,DH-SCH-00474,C01395,O006410,5,mast hai 👍,2026-08-09
RV001233,DH-FRO-00400,C01156,O020883,4,office ke liye perfect,2026-06-19
RV001234,DH-FRO-00374,C04044,O003441,1,sir ek wash me rang chala gaya !!,2025-03-30
RV001235,DH-DRE-00217,C02627,O008596,4,mast hai 👍,2025-10-15
RV001236,DH-FRO-00384,C00696,O014613,5,office ke liye perfect,2026-05-16
RV001237,DH-KID-00500,C03289,O000209,4,colour same as photo,2025-01-30
RV001238,DH-DRE-00204,C03115,O003870,5,colour same as photo,2024-12-09
RV001239,DH-KUR-00179,C04512,O022801,3,bhaiya ek wash me rang chala gaya !!,2025-03-04
RV001240,DH-KID-00523,C03752,O003354,3,different design aaya,2025-05-24
RV001241,DH-CO--00349,C02106,O013053,2,size bada hai 🙏,2025-04-22
RV001242,DH-FRO-00364,C02967,O020906,2,hi size bada hai very disappointed,2025-09-23
RV001243,DH-MEN-00549,C02427,O007710,2,LENGTH BHI KAM HAI AUR TIGHT BHI,2025-10-02
RV001244,DH-KID-00430,C03938,O003946,5,value for money,2026-07-12
RV001245,DH-FRO-00384,C00626,O016907,5,beti ko bahut pasand aaya,2026-08-14
RV001246,DH-SCH-00474,C00835,O005711,1,mam length bhi kam hai aur tight bhi jaldi pickup karo,2025-06-03
RV001247,DH-SCH-00488,C05586,O022645,3,"too small, ches tpe fit nahi hua jaldi pickup karo",2025-01-30
RV001248,DH-TRA-00597,C01999,O014237,1,"MAM SIZE SMALL AAYA, MERA REULAR M H",2025-03-04
RV001249,DH-KID-00520,C02262,O017868,2,bhaiya fabric rough hai skin pe chubhta hai,2025-06-17
RV001250,DH-KUR-00052,C04656,O021495,2,silai khuli hui thi aate hi,2026-03-18
RV001251,DH-TOP-00261,C03430,O003090,1,ye wala shade nahi tha website pe !!,2025-08-11
RV001252,DH-DRE-00198,C04728,O022716,5,beti ko bahut pasand aaya,2025-04-08
RV001253,DH-KUR-00047,C01797,O023859,4,mast hai 👍,2026-01-04
RV001254,DH-SCH-00476,C04200,O000118,5,perfect fit,2025-01-14
RV001255,DH-KUR-00027,C04540,O013773,4,perfect fit,2026-09-05
RV001256,DH-KID-00450,C03971,O008883,4,value for money,2026-04-03
RV001257,DH-KUR-00066,C01057,O011140,5,nice quality for the price,2025-12-13
RV001258,DH-DRE-00249,C02942,O022054,5,,2026-05-04
RV001259,DH-SCH-00474,C00758,O016657,5,bahut achha hai,2025-05-18
RV001260,DH-KUR-00018,C02455,O015607,5,comfortable hai,2026-05-17
RV001261,DH-KUR-00133,C02045,O014182,4,beti ko bahut pasand aaya,2025-02-10
RV001262,DH-DRE-00181,C03300,O008627,4,value for money,2025-11-12
RV001263,DH-PAL-00318,C05569,O009937,5,bahut achha hai,2025-03-30
RV001264,DH-DRE-00202,C04947,O016307,4,perfect fit,2026-05-19
RV001265,DH-KUR-00055,C02325,O012408,1,sir साइज़ छोटा है !!,2026-07-18
RV001266,DH-DRE-00202,C02517,O019199,5,comfortable hai,2024-12-11
RV001267,DH-KID-00523,C05862,O021474,4,,2025-08-14
RV001268,DH-KID-00454,C00567,O005692,4,office ke liye perfect,2025-07-24
RV001269,DH-KUR-00113,C03829,O002826,1,"sir chhota aa gaya, size chart galat hai",2025-04-01
RV001270,DH-FRO-00400,C02231,O004418,4,loved it,2026-08-29
RV001271,DH-DRE-00181,C04249,O018412,1,"pls too small, chest pe fit nahi hua jaldi pickup karo",2025-01-07
RV001272,DH-FRO-00391,C00505,O006090,5,,2026-06-09
RV001273,DH-MEN-00586,C02202,O022257,5,mast hai 👍,2024-10-21
RV001274,DH-TOP-00300,C01604,O014176,1,shoulders gir rahe hani itna loose,2026-03-12
RV001275,DH-FRO-00411,C01599,O003473,1,size bada hai very disappointed,2025-06-26
RV001276,DH-KUR-00024,C04692,O014731,2,sir galat product aaya very disappointed,2025-12-18
RV001277,DH-KID-00433,C01178,O010579,4,,2026-09-19
RV001278,DH-PAL-00336,C02578,O003739,5,beti ko bahut pasand aaya,2026-06-15
RV001279,DH-FRO-00405,C04991,O001033,1,"size small aaya, mera regular m h jaldi pickup karo",2026-03-28
RV001280,DH-MEN-00569,C05209,O007881,2,bhaiya fabric rough hai skin pe hcubhta hai,2026-03-01
RV001281,DH-KID-00436,C03938,O021499,5,perfect fit,2025-11-13
RV001282,DH-KID-00508,C00072,O009732,2,"sir material not as described, ye cotton nahi lagta",2026-04-25
RV001283,DH-FRO-00396,C00626,O016907,5,nice quality for the price,2026-08-15
RV001284,DH-KUR-00035,C01705,O018882,5,perfect fit,2026-09-26
RV001285,DH-SCH-00489,C01345,O005152,2,"loose fitting, mere size ka nahi lagta exchange nahi chahiye",2026-03-06
RV001286,DH-TOP-00272,C04863,O013605,4,loved it,2024-12-02
RV001287,DH-KUR-00043,C03644,O021449,2,bhaiya size se chota h pls return,2024-10-29
RV001288,DH-DRE-00198,C02468,O006099,3,bhaiya pehli dhulai me shrinnk ho gaya very disappointed,2024-11-22
RV001289,DH-KID-00462,C04901,O002112,4,perfect fit,2025-01-22
RV001290,DH-KUR-00025,C01441,O007527,1,sir quality chhi nahi hai,2026-01-07
RV001291,DH-SCH-00473,C02609,O004621,1,silai khuli hui thi aate hi exchange nahi chahiye,2025-09-07
RV001292,DH-KID-00430,C02559,O016311,4,value for money,2026-04-07
RV001293,DH-KUR-00052,C04343,O013481,5,perfect fit,2025-08-11
RV001294,DH-SCH-00488,C04847,O021066,4,nice quality for the price,2024-11-26
RV001295,DH-DRE-00231,C01456,O009866,5,nice quality for the price,2025-10-26
RV001296,DH-KID-00442,C00434,O018433,3,"hello, lengthb ahut zyada hai very disappointed",2026-03-10
RV001297,DH-KUR-00029,C01512,O008529,2,length bhi kam hai aur tight bhi jaldi pickup karo,2025-02-18
RV001298,DH-FRO-00400,C04110,O010375,4,loved it,2024-12-17
RV001299,DH-TOP-00268,C03164,O006302,2,RANG HALKA HAI BAHUT,2025-03-05
RV001300,DH-KID-00431,C00789,O008979,5,value for money,2024-10-26
RV001301,DH-CO--00351,C01425,O008556,5,colour same as photo,2026-07-18
RV001302,DH-MEN-00544,C05088,O013961,2,"hello, oversized lag raha hai abki regular fit likha tha 🙏",2025-10-14
RV001303,DH-DRE-00214,C05314,O014375,2,mam size chart se bada nikla refund chahiye,2026-03-15
RV001304,DH-DRE-00185,C01892,O016012,2,HI रंग फोटो से अलग है,2026-04-10
RV001305,DH-KID-00500,C01113,O023935,2,size chota hai,2025-02-17
RV001306,DH-CO--00345,C02930,O009588,5,bahut achha hai,2026-04-30
RV001307,DH-FRO-00418,C05040,O019238,2,pls fabricr ough hai skin pe chubhta hai pls return,2025-02-06
RV001308,DH-KUR-00152,C02152,O016172,4,kapda achha hai,2025-11-23
RV001309,DH-MEN-00585,C00586,O006509,2,pls size se chota h 🙏,2025-11-13
RV001310,DH-PAL-00332,C04045,O005271,3,quality achhi nahi hai,2026-07-04
RV001311,DH-SCH-00497,C01640,O022461,1,bhaiya sleeves  tight hai arms me,2025-04-02
RV001312,DH-KID-00504,C03254,O010456,4,mast hai 👍,2025-12-23
RV001313,DH-KUR-00125,C03026,O018006,1,hi sleeves tight hai arms me exchange nahi chahiye,2026-08-04
RV001314,DH-MEN-00561,C05345,O002404,4,office ke liye perfect,2025-01-17
RV001315,DH-SCH-00468,C05986,O004053,5,bahut achha hai,2026-07-29
RV001316,DH-FRO-00395,C03974,O020365,4,colour same as photo,2026-02-24
RV001317,DH-MEN-00588,C04487,O013978,1,"MATERIAL NOT AS DESCRIBED, YE COTTON NAHI LAGTA VERY DISAPPOINTED",2026-09-20
RV001318,DH-DRE-00184,C05491,O013912,2,MAM LEGNTH BAHUT ZYADA HAI,2026-02-24
RV001319,DH-TOP-00263,C01071,O020409,5,bahut achha hai,2026-02-10
RV001320,DH-KUR-00047,C04815,O023664,2,mam fabric cheap lag raha hai,2026-02-19
RV001321,DH-KUR-00047,C04869,O009056,5,,2025-07-20
RV001322,DH-FRO-00386,C02543,O010128,1,fabrric rough hai skin pe chubhta hai jaldi pickup karo,2025-03-27
RV001323,DH-MEN-00582,C01655,O011649,5,colour same as photo,2025-09-29
RV001324,DH-DRE-00221,C05959,O000225,4,comfortable hai,2026-03-05
RV001325,DH-KUR-00131,C02898,O006741,5,loved it,2024-12-06
RV001326,DH-DRE-00211,C04393,O005963,2,pls return pls return,2026-09-11
RV001327,DH-MEN-00581,C01227,O021574,5,loved it,2025-04-15
RV001328,DH-TOP-00256,C01040,O008226,5,beti ko bahut pasand aaya,2025-10-06
RV001329,DH-KID-00505,C00904,O002141,1,mam shoulders gir rahe hain itna loose jaldi pickup karo,2026-08-17
RV001330,DH-KUR-00167,C02840,O018497,5,beti ko bahut pasand aaya,2026-03-27
RV001331,DH-KUR-00022,C00854,O004824,5,comfortable hai,2025-09-17
RV001332,DH-KID-00434,C04468,O023637,4,comfortable hai,2025-06-12
RV001333,DH-MEN-00559,C04508,O022120,5,beti ko bahut pasand aaya,2025-03-25
RV001334,DH-DRE-00234,C02630,O007292,5,beti ko bahut pasand aaya,2026-05-31
RV001335,DH-KUR-00143,C05225,O005484,4,colour same as photo,2026-04-22
RV001336,DH-KUR-00017,C05792,O008517,4,colour same as photo,2025-10-01
RV001337,DH-FRO-00382,C05693,O008066,5,nice quality for the price,2025-10-18
RV001338,DH-KUR-00027,C03493,O014054,1,SIR QUALITY ACHHI NAHI HAI 🙏,2026-06-19
RV001339,DH-DRE-00218,C01904,O009221,5,bahut achha hai,2025-08-02
RV001340,DH-FRO-00388,C02243,O003026,5,,2024-11-30
RV001341,DH-DRE-00206,C00053,O000737,5,comfortable hai,2025-11-24
RV001342,DH-MEN-00581,C00417,O015571,1,MAM COLOUR ALAG HAI PHOTO SE,2025-03-05
RV001343,DH-FRO-00406,C01162,O006231,2,bhaiya no pls return,2025-12-23
RV001344,DH-KUR-00052,C02199,O019880,2,"pls stitching kharab hia, dhaage nikal rahe 🙏",2025-05-10
RV001345,DH-KUR-00174,C04358,O015113,3,bhaiya length bahu tzyada hai refund chahiye,2025-04-27
RV001346,DH-KUR-00104,C01623,O016624,2,hi bahut tight h shoulders pe,2026-05-31
RV001347,DH-KUR-00174,C04398,O004351,5,mast hai 👍,2026-05-08
RV001348,DH-TOP-00300,C01900,O003112,5,office ke liye perfect,2026-02-04
RV001349,DH-FRO-00393,C00270,O015588,3,"stitching kharab hai, dhaage nikal rahe",2025-09-16
RV001350,DH-FRO-00403,C02471,O022280,5,,2026-02-27
RV001351,DH-DRE-00216,C03667,O020763,1,PLS PRINT UTAR RAHA HAI VERY DISAPPOINTED,2026-03-07
RV001352,DH-DRE-00192,C05109,O009495,3,"bhaiya too small, chest pe fit nahi hua exchange nahi chahiye",2025-02-11
RV001353,DH-KID-00522,C05942,O017037,1,colour mismatch,2026-01-01
RV001354,DH-KUR-00133,C04846,O009956,2,quality ahhi nahi hai exchange nahi chahiye,2024-10-28
RV001355,DH-FRO-00371,C01083,O001923,4,bahut achha hai,2025-11-13
RV001356,DH-SCH-00476,C02443,O011011,2,size bada hai very disappointed,2026-03-20
RV001357,DH-KID-00509,C00953,O017951,5,value for money,2026-01-23
RV001358,DH-FRO-00365,C01659,O001735,1,rang bilkul alag hai jaldi pickup karo,2025-05-25
RV001359,DH-KUR-00153,C02740,O010368,5,mast hai 👍,2025-03-11
RV001360,DH-KUR-00034,C01918,O009439,4,value for money,2025-02-13
RV001361,DH-KID-00458,C00152,O011738,5,kapda achha hai,2026-03-23
RV001362,DH-FRO-00388,C05496,O001768,5,colour same as photo,2026-08-11
RV001363,DH-KUR-00112,C00095,O004735,1,mam quality bilkul bekar pls return,2025-01-12
RV001364,DH-KUR-00029,C05832,O004499,1,hi fitting bahut tight hai yaar,2024-10-17
RV001365,DH-KID-00443,C05986,O013073,2,bhaiya stain mila delivery pe exchange nahi chahiye,2025-10-16
RV001366,DH-KUR-00027,C02509,O006931,4,kapda achha hai,2026-05-18
RV001367,DH-DRE-00185,C05283,O001275,1,waist pe nhi aaya jaldi pickup karo,2026-06-28
RV001368,DH-KUR-00080,C04466,O014715,4,kapda achha hai,2026-05-04
RV001369,DH-KUR-00088,C00278,O000995,2,bacche ke liy ebahut bada hai refund chahiye,2026-04-12
RV001370,DH-MEN-00581,C05026,O020919,4,,2024-12-11
RV001371,DH-KID-00522,C00066,O012284,1,sir pehli hdulai me shrink ho gaya very disappointed,2026-06-25
RV001372,DH-FRO-00379,C01870,O010632,5,,2026-02-05
RV001373,DH-KID-00528,C00910,O005763,2,pls shoulders gir rahe haiin itna loose 🙏,2025-11-22
RV001374,DH-KUR-00094,C05112,O018805,5,loved it,2025-03-25
RV001375,DH-DRE-00213,C00387,O022347,5,office ke liye perfect,2025-12-24
RV001376,DH-CO--00343,C04942,O013724,5,,2026-06-20
RV001377,DH-KUR-00146,C00464,O000976,4,value for money,2026-01-01
RV001378,DH-PAL-00321,C05626,O000086,2,mam doosra colour bhej diya,2026-09-25
RV001379,DH-CO--00359,C05692,O008976,4,comfortable hai,2026-03-30
RV001380,DH-KUR-00168,C04025,O004578,5,nice quality for the price,2025-10-30
RV001381,DH-KUR-00103,C02136,O002592,4,perfect fit,2026-04-12
RV001382,DH-TRA-00597,C02353,O010790,1,PLS TIGHT HAI PLS RETURN,2026-05-12
RV001383,DH-FRO-00400,C04369,O002782,1,"kurti bahut fit hai, breathe nahi kar pa rahi",2025-09-17
RV001384,DH-KID-00517,C03140,O011958,5,beti ko bahut pasand aaya,2025-01-27
RV001385,DH-TOP-00305,C05698,O006853,2,"hello, waist pe nahi aaya !!",2026-04-24
RV001386,DH-MEN-00544,C05362,O007692,3,size chart se bada nikla exchange nahi chahiye,2026-05-27
RV001387,DH-FRO-00412,C02060,O017928,1,"hello, ek wash me rang chala gaya",2026-04-09
RV001388,DH-KUR-00149,C02592,O006063,5,bahut achha hai,2024-11-16
RV001389,DH-KUR-00017,C01804,O011401,4,comfortable hai,2026-08-07
RV001390,DH-FRO-00411,C05265,O020498,3,hi quality achhi nahi hai very disappointed,2025-10-01
RV001391,DH-MEN-00549,C02822,O010746,1,packet khula tha aur kapde pe daag hai !!,2025-09-29
RV001392,DH-KID-00435,C04223,O021381,4,kapda achha hai,2026-02-22
RV001393,DH-KUR-00105,C04403,O013263,3,bhaiya galat product aaya exchange nahi chahiye,2024-10-24
RV001394,DH-KID-00537,C04572,O018390,1,sir bahut loose hi exchange nahi chahiye,2025-12-05
RV001395,DH-MEN-00544,C03141,O008211,2,bhaiya packet khula tha aur kapde pe daag hai,2026-04-05
RV001396,DH-KUR-00129,C05044,O011679,1,hi very thin cloth !!,2025-02-17
RV001397,DH-DRE-00185,C05283,O001275,2,"too small, chest pe fit nahi hua !!",2026-07-14
RV001398,DH-KID-00499,C00916,O022924,5,mast hai 👍,2026-09-12
RV001399,DH-TOP-00293,C01039,O009915,3,ye mera order nahi hai jaldi pickup karo,2026-05-29
RV001400,DH-KID-00445,C04557,O015822,5,kapda achha hai,2025-01-27
RV001401,DH-FRO-00383,C00954,O023025,4,kapda achha hai,2026-02-15
RV001402,DH-PAL-00323,C04135,O005336,5,comfortable hai,2025-08-09
RV001403,DH-KUR-00153,C04675,O005825,1,"HELLO, RANGBILKUL ALAG HAI EXCHANGE NAHI CHAHIYE",2026-08-01
RV001404,DH-FRO-00388,C02072,O011731,4,office ke liye perfect,2025-05-15
RV001405,DH-FRO-00411,C03803,O013345,2,mam no refund chahiye,2026-04-10
RV001406,DH-PAL-00342,C01309,O004675,2,damaged piece received 🙏,2025-12-13
RV001407,DH-KID-00511,C05247,O021909,3,MAM LENGTH BAHUT ZYADA HAI EXCHANGE NAHI CHAHIYE,2025-12-18
RV001408,DH-KID-00537,C04034,O019991,5,loved it,2025-07-25
RV001409,DH-DRE-00229,C01715,O005833,1,hi waist pe nahi aaya very disappointed,2026-09-21
RV001410,DH-FRO-00375,C05114,O012499,5,loved it,2025-01-02
RV001411,DH-FRO-00419,C02451,O015058,4,value for money,2024-12-23
RV001412,DH-FRO-00401,C04886,O015851,1,"sir loose fitting, mere size ka nahi lagta !!",2024-12-13
RV001413,DH-KUR-00112,C02173,O009795,3,pls m mangaya tha bada aaya jaldi pickup karo,2024-12-04
RV001414,DH-DRE-00239,C04128,O021772,5,value for money,2026-09-27
RV001415,DH-KUR-00105,C03602,O004101,4,value for money,2025-08-20
RV001416,DH-KID-00422,C04609,O005941,5,,2025-11-09
RV001417,DH-DRE-00186,C03649,O007122,5,colour same as photo,2026-01-31
RV001418,DH-KUR-00017,C05915,O013680,2,"sir photo me maroon dikha, aaya brown",2026-01-27
RV001419,DH-FRO-00378,C03094,O000062,5,nice quality for the price,2026-04-07
RV001420,DH-KUR-00118,C04636,O014964,1,colour mismatch refund chahiye,2025-12-10
RV001421,DH-KUR-00100,C02748,O014118,4,value for money,2025-12-14
RV001422,DH-KID-00428,C00562,O009650,5,kapda achha hai,2024-12-09
RV001423,DH-KUR-00122,C01982,O021666,4,colour same as photo,2025-06-29
RV001424,DH-KUR-00042,C04131,O004039,5,perfect fit,2026-08-08
RV001425,DH-KUR-00016,C00516,O022442,4,beti ko bahut pasand aaya,2025-01-12
RV001426,DH-MEN-00559,C02036,O006695,4,colour same as photo,2025-12-23
RV001427,DH-TOP-00271,C05237,O023572,5,beti ko bahut pasand aaya,2025-02-27
RV001428,DH-TOP-00268,C03164,O006302,5,mast hai 👍,2025-02-21
RV001429,DH-KUR-00133,C01129,O022244,1,hi wron gitem received jaldi pickup karo,2025-10-29
RV001430,DH-TOP-00272,C05702,O005379,5,bahut achha hai,2024-11-06
RV001431,DH-KID-00428,C03165,O018178,3,packet khula tha aur kapde pe daag hai exchange nahi chahiye,2025-10-02
RV001432,DH-FRO-00386,C03191,O019087,5,,2026-09-16
RV001433,DH-KUR-00083,C02888,O006387,2,PLS BAHUT TIGHT H SHOULDERS PE !!,2025-08-15
RV001434,DH-TOP-00287,C00381,O002963,5,comfortable hai,2026-06-24
RV001435,DH-CO--00355,C03127,O014611,4,comfortable hai,2025-10-23
RV001436,DH-SCH-00488,C01744,O009817,5,office ke liye perfect,2025-01-04
RV001437,DH-DRE-00238,C01715,O005833,5,mast hai 👍,2026-09-21
RV001438,DH-TOP-00304,C04085,O010618,5,,2025-07-30
RV001439,DH-KUR-00163,C04474,O005773,5,comfortable hai,2025-08-15
RV001440,DH-KUR-00083,C05287,O009876,5,value for money,2026-03-01
RV001441,DH-KID-00501,C02725,O002272,5,office ke liye perfect,2026-01-01
RV001442,DH-DRE-00222,C04150,O002911,3,sir too loosee at waist exchange nahi chahiye,2025-09-24
RV001443,DH-FRO-00409,C04198,O010573,1,sir phata hua aaay 🙏,2025-11-19
RV001444,DH-KUR-00097,C01564,O018765,5,bahut achha hai,2026-05-04
RV001445,DH-SCH-00469,C04861,O022649,4,office ke liye perfect,2025-04-21
RV001446,DH-TOP-00297,C01164,O002784,2,mam size chart se bada nikla refund chahiye,2026-03-05
RV001447,DH-SCH-00468,C03544,O006054,5,office ke liye perfect,2025-12-14
RV001448,DH-FRO-00409,C00413,O002271,4,colour same as photo,2024-10-22
RV001449,DH-KUR-00124,C05743,O001292,4,kapda achha hai,2026-06-25
RV001450,DH-TOP-00304,C04085,O010618,5,beti ko bahut pasand aaya,2025-07-26
RV001451,DH-TOP-00265,C04872,O006130,4,value for money,2025-06-19
RV001452,DH-KUR-00178,C02116,O019901,5,perfect fit,2026-08-17
RV001453,DH-KID-00503,C00161,O023459,1,"hello, ye mera order nahi hai",2024-11-26
RV001454,DH-KUR-00125,C02464,O008493,5,kapda achha hai,2025-03-03
RV001455,DH-MEN-00575,C02593,O018607,1,pls bahut tight h shooulders pe,2026-03-02
RV001456,DH-FRO-00392,C00367,O010062,5,office ke liye perfect,2026-02-20
RV001457,DH-SCH-00473,C02703,O008148,5,comfortable hai,2025-07-30
RV001458,DH-KUR-00047,C00268,O007489,4,office ke liye perfect,2025-11-02
RV001459,DH-DRE-00230,C05233,O016034,4,colour same as photo,2025-10-20
RV001460,DH-CO--00351,C00963,O016150,2,mam अचछा नहीं लगा jaldi pickup karo,2025-06-30
RV001461,DH-KUR-00149,C00778,O002037,5,mast hai 👍,2026-05-24
RV001462,DH-FRO-00409,C04737,O005100,4,colour same as photo,2026-07-28
RV001463,DH-TOP-00284,C01187,O010347,2,"sir material not as described, ye cotton nahi lagta",2025-09-13
RV001464,DH-TOP-00270,C02384,O002550,5,loved it,2026-01-13
RV001465,DH-KID-00502,C05301,O022035,1,"size small aaya, mera regular m h !!",2025-10-24
RV001466,DH-DRE-00231,C02482,O013039,4,colour same as photo,2025-11-21
RV001467,DH-KUR-00022,C04578,O022860,5,kapda achha hai,2025-08-17
RV001468,DH-KID-00517,C02301,O005479,4,bahut achha hai,2025-11-17
RV001469,DH-TOP-00265,C03598,O013593,1,"bhaiya too small, chest ep fit nahi hua exchange nahi chahiye",2026-04-09
RV001470,DH-MEN-00542,C01564,O016416,2,hi very thin cloth,2026-02-24
RV001471,DH-SCH-00476,C02564,O015962,5,perfect fit,2025-11-13
RV001472,DH-KUR-00141,C00974,O009017,1,PACKET KHULA THA AUR KAPDE PE DAAG HAI 🙏,2025-10-16
RV001473,DH-PAL-00321,C03034,O004458,1,sir size se chota h refund chahiye,2025-03-04
RV001474,DH-SCH-00490,C04696,O006726,2,pls see through hai kapda 🙏,2025-02-20
RV001475,DH-FRO-00413,C05387,O019180,1,bhaiya same as before !!,2026-09-27
RV001476,DH-DRE-00202,C05521,O021283,5,colour same as photo,2026-05-09
RV001477,DH-TOP-00275,C05142,O023777,5,nice quality for the price,2026-09-21
RV001478,DH-FRO-00386,C05580,O009734,2,quality bilkul bekar exchange nahi chahiye,2024-11-18
RV001479,DH-TRA-00593,C03535,O014278,5,kapda achha hai,2024-10-31
RV001480,DH-KUR-00086,C01376,O000871,3,"mam chhota aa gaya, size chart galat hai exchange nahi chahiye",2025-07-11
RV001481,DH-FRO-00396,C01897,O004759,2,pls M mangaya tha bada aaya very disappointed,2025-11-28
RV001482,DH-DRE-00230,C01593,O005382,5,beti ko bahut pasand aaya,2025-09-20
RV001483,DH-MEN-00548,C01318,O022229,5,office ke liye perfect,2026-07-30
RV001484,DH-PAL-00313,C01660,O002307,5,,2026-03-23
RV001485,DH-SCH-00467,C05890,O020226,4,comfortable hai,2025-11-04
RV001486,DH-FRO-00404,C03278,O004676,4,colour same as photo,2025-11-04
RV001487,DH-TOP-00307,C02727,O000362,5,perfect fit,2026-08-23
RV001488,DH-KUR-00043,C02830,O023000,4,mast hai 👍,2026-04-07
RV001489,DH-SCH-00467,C04541,O012730,2,hi see through hai kapda 🙏,2026-03-23
RV001490,DH-TOP-00284,C02038,O015289,5,nice quality for the price,2025-11-26
RV001491,DH-KUR-00097,C01919,O011396,1,hi bacche ke liye bahut bada hai jaldi pickup karo,2025-08-13
RV001492,DH-KUR-00043,C02140,O003784,1,pls length bhi akm hai aur tight bhi very disappointed,2025-10-02
RV001493,DH-DRE-00202,C02342,O001009,1,ACHA NAHI LAGA !!,2025-02-16
RV001494,DH-KID-00524,C04456,O006624,3,bhaiya ek wash me rang chala gaya jaldi pickup karo,2026-07-10
RV001495,DH-TOP-00279,C03137,O015911,3,sir size se chota h refund chahiye,2024-11-30
RV001496,DH-SCH-00496,C04805,O004377,4,,2025-10-24
RV001497,DH-KUR-00047,C05613,O018378,4,loved it,2026-03-20
RV001498,DH-KID-00507,C01805,O012663,2,hi कपड़ा बहुत पतला है pls return,2025-05-30
RV001499,DH-KUR-00065,C02817,O014018,5,mast hai 👍,2026-06-05
RV001500,DH-KUR-00123,C05390,O019419,4,perfect fit,2025-06-07
RV001501,DH-KUR-00094,C00447,O005895,4,beti ko bahut pasand aaya,2026-04-26
RV001502,DH-KUR-00062,C03027,O017605,2,"mam kurti bahut fit hai, breathe nahi kar pa rahi",2025-12-27
RV001503,DH-KID-00436,C01660,O001493,5,perfect fit,2025-12-08
RV001504,DH-KUR-00097,C02259,O007237,5,kapda achha hai,2026-03-30
RV001505,DH-MEN-00586,C00669,O009230,4,beti ko bahut pasand aaya,2024-10-22
RV001506,DH-KUR-00029,C02450,O009131,3,XL bhi tight hai kya size h ye pls return,2024-10-20
RV001507,DH-KUR-00127,C05888,O003783,5,comfortable hai,2026-09-27
RV001508,DH-DRE-00214,C01586,O008983,5,colour same as photo,2025-10-31
RV001509,DH-KUR-00162,C01585,O019945,3,bhaiya maine kurti mangayi thi top aaya !!,2025-08-05
RV001510,DH-KUR-00066,C03908,O007574,2,"hello, quality bilkul bekar",2025-11-20
RV001511,DH-DRE-00213,C01967,O018289,5,comfortable hai,2026-05-03
RV001512,DH-MEN-00575,C02428,O020315,5,,2026-01-25
RV001513,DH-PAL-00336,C05314,O021858,5,loved it,2026-02-28
RV001514,DH-KUR-00055,C03407,O023427,1,"bhaiya photo me maroon dikha, aaya brown very disappointed",2025-09-23
RV001515,DH-KID-00431,C02501,O006630,5,loved it,2025-10-02
RV001516,DH-FRO-00395,C03920,O016684,5,colour same as photo,2026-01-15
RV001517,DH-KID-00526,C04042,O000839,5,value for money,2025-02-14
RV001518,DH-CO--00354,C02960,O001145,4,bahut achha hai,2025-10-27
RV001519,DH-KUR-00039,C05064,O013548,1,"mam size small aaya, mera regular m h very disappointed",2026-03-23
RV001520,DH-TOP-00268,C03901,O012334,1,pls same as before pls return,2026-04-03
RV001521,DH-SCH-00497,C01423,O016853,4,,2025-10-09
RV001522,DH-MEN-00553,C04954,O022318,3,sir ok,2025-04-30
RV001523,DH-FRO-00412,C02376,O011528,4,comfortable hai,2026-09-13
RV001524,DH-KUR-00018,C02481,O014281,1,pls color is differnt from image,2026-07-01
RV001525,DH-KID-00435,C00477,O019127,5,,2026-01-17
RV001526,DH-KID-00528,C05202,O023182,5,value for money,2025-02-16
RV001527,DH-TRA-00600,C03075,O014879,4,,2025-10-12
RV001528,DH-SCH-00481,C05965,O015637,2,ordered L but feels lke S,2026-05-11
RV001529,DH-DRE-00208,C02417,O019598,4,,2025-10-31
RV001530,DH-KID-00517,C02093,O010187,4,loved it,2025-09-11
RV001531,DH-FRO-00401,C00158,O011343,1,"pls kurti bahut fit hai, breathe nahi kar pa rahi pls return",2025-07-27
RV001532,DH-KUR-00029,C03387,O014805,1,"bhaiya chhota aa gaya, size chart galat hai jaldi pickup karo",2024-10-21
RV001533,DH-FRO-00388,C00647,O011104,3,mam rang halka hai bahut 🙏,2024-11-26
RV001534,DH-MEN-00577,C03613,O006503,4,bahut achha hai,2026-01-29
RV001535,DH-KID-00513,C00626,O011517,4,loved it,2025-07-06
RV001536,DH-TOP-00268,C03188,O000233,5,comfortable hai,2026-03-23
RV001537,DH-FRO-00406,C03704,O006289,1,hi colour mismatch 🙏,2026-01-02
RV001538,DH-FRO-00365,C02372,O008773,1,"material not as described, ye cotton nahi lagta 🙏",2025-05-24
RV001539,DH-SCH-00471,C05930,O013181,1,smaller than usual size,2024-12-21
RV001540,DH-PAL-00340,C04617,O003366,1,LENGTH BAHUT ZYADA HAI,2025-07-28
RV001541,DH-TOP-00298,C02074,O017276,4,colour same as photo,2026-07-19
RV001542,DH-SCH-00473,C02386,O023925,4,,2025-12-25
RV001543,DH-KUR-00133,C01104,O003597,1,different design aaya refund chahiye,2025-03-17
RV001544,DH-CO--00355,C02417,O019598,4,comfortable hai,2025-11-01
RV001545,DH-DRE-00216,C03667,O020763,1,MAM PLS RETRUN !!,2026-03-02
RV001546,DH-KUR-00093,C00513,O012859,2,tight hai jaldi pickup karo,2024-12-03
RV001547,DH-TOP-00262,C00634,O015049,4,,2025-01-25
RV001548,DH-KID-00445,C00517,O021519,4,office ke liye perfect,2024-12-12
RV001549,DH-KUR-00109,C00778,O000236,1,pls same as before !!,2025-06-18
RV001550,DH-PAL-00336,C02867,O009665,5,value for money,2026-09-27
RV001551,DH-TRA-00595,C03114,O021646,2,pls ordered L but feels like S !!,2024-12-03
RV001552,DH-TOP-00271,C02298,O015611,4,,2025-01-21
RV001553,DH-KUR-00043,C03649,O011903,3,"kurti bahut fit hai, breathe nahi kar pa rahi",2026-02-17
RV001554,DH-TOP-00311,C03224,O011667,4,comfortable hai,2025-03-02
RV001555,DH-FRO-00364,C00653,O005570,2,ek wash me ran gchala gaya pls return,2026-08-31
RV001556,DH-KID-00509,C03123,O004433,5,kapda achha hai,2025-05-27
RV001557,DH-SCH-00471,C04384,O013270,5,colour same as photo,2024-12-24
RV001558,DH-DRE-00218,C00136,O021416,4,nice quality for the price,2026-03-14
RV001559,DH-FRO-00401,C01412,O011668,5,,2024-11-10
RV001560,DH-SCH-00489,C05872,O020322,4,comfortable hai,2025-10-11
RV001561,DH-MEN-00585,C02065,O011042,1,no exchange nahi chahiye,2026-05-27
RV001562,DH-CO--00351,C02853,O020227,4,value for money,2025-01-10
RV001563,DH-MEN-00546,C03147,O002557,1,ek wash me rang chala gaya pls return,2024-11-04
RV001564,DH-FRO-00405,C02179,O016757,5,nice quality for the price,2025-12-21
RV001565,DH-KUR-00008,C01112,O003024,5,value for money,2024-11-05
RV001566,DH-MEN-00570,C05885,O002471,5,comfortable hai,2026-07-12
RV001567,DH-KUR-00078,C04955,O020233,2,sir ye wala shade nahi tha website pe,2025-11-08
RV001568,DH-KUR-00078,C01875,O002446,5,bahut achha hai,2026-09-27
RV001569,DH-KUR-00130,C05610,O023103,5,colour same as photo,2026-03-01
RV001570,DH-KID-00426,C00243,O000042,1,mam wasit pe nahi aaya 🙏,2026-09-09
RV001571,DH-PAL-00321,C00201,O009630,1,hi fabric rough hai skin pe chubhta hai,2026-09-26
RV001572,DH-MEN-00576,C03787,O019088,4,bahut achha hai,2025-12-08
RV001573,DH-KUR-00046,C00166,O020045,5,mast hai 👍,2026-08-19
RV001574,DH-SCH-00489,C01336,O016854,5,mast hai 👍,2025-08-26
RV001575,DH-FRO-00390,C02572,O013652,4,nice quality for the price,2026-07-06
RV001576,DH-FRO-00419,C03812,O020073,5,,2024-12-03
RV001577,DH-DRE-00239,C03546,O010854,1,"bhaiya too small, chest pe fit nahi hua",2025-03-29
RV001578,DH-SCH-00492,C03630,O014040,2,rang bilkul alag hai very disappointed,2026-05-04
RV001579,DH-KID-00517,C05710,O007033,5,colour same as photo,2025-04-14
RV001580,DH-SCH-00467,C00004,O000123,2,pls size chota hai,2026-01-13
RV001581,DH-TOP-00282,C05539,O021724,4,mast hai 👍,2026-08-11
RV001582,DH-SCH-00468,C05759,O014506,1,fabric cheap lag raha hai jaldi pickup karo,2024-11-09
RV001583,DH-TOP-00273,C00393,O020770,2,SIR COLOR IS DIFFERENT FROM IMAGE PLS RETURN,2025-06-23
RV001584,DH-DRE-00212,C02426,O014918,4,mast hai 👍,2026-06-02
RV001585,DH-TOP-00276,C04322,O000617,5,comfortable hai,2026-01-20
RV001586,DH-FRO-00405,C00240,O004771,3,"hello, print utar raha hai jaldi pickup karo",2026-06-21
RV001587,DH-DRE-00200,C01671,O006554,4,beti ko bahut pasand aaya,2026-06-22
RV001588,DH-DRE-00186,C01709,O007888,5,perfect fit,2026-05-27
RV001589,DH-MEN-00545,C05893,O021987,5,bahut achha hai,2025-11-02
RV001590,DH-KID-00522,C00996,O019892,4,value for money,2026-09-06
RV001591,DH-KUR-00133,C05334,O003918,4,value for money,2025-03-19
RV001592,DH-KUR-00124,C05708,O003780,1,"hello, bahut loose hai",2025-02-09
RV001593,DH-KUR-00088,C02462,O014835,5,value for money,2025-12-10
RV001594,DH-MEN-00579,C05118,O002675,5,nice quality for the price,2026-08-07
RV001595,DH-KUR-00022,C00854,O004824,2,bahut tight h shouldes pe 🙏,2025-09-23
RV001596,DH-KUR-00030,C00568,O021712,1,hi size se chota h,2025-11-03
RV001597,DH-KUR-00151,C03812,O009022,5,colour same as photo,2026-07-13
RV001598,DH-CO--00350,C02667,O002125,4,,2026-05-30
RV001599,DH-MEN-00542,C01419,O012001,5,bahut achha hai,2026-08-30
RV001600,DH-TOP-00281,C00677,O011858,1,sir ek wash me rang hala gaya !!,2025-06-26
RV001601,DH-SCH-00481,C01440,O012928,1,sir print utar rah hai exchange nahi chahiye,2026-07-28
RV001602,DH-MEN-00566,C04382,O022761,3,"hello, material not as described, ye cotton nahi lagta pls return",2025-03-16
RV001603,DH-FRO-00392,C00585,O015052,5,loved it,2026-02-01
RV001604,DH-KUR-00017,C00708,O011758,4,comfortable hai,2025-10-10
RV001605,DH-FRO-00382,C01720,O002357,5,value for money,2025-09-19
RV001606,DH-KUR-00079,C01089,O016125,3,QUALITY BLIKUL BEKAR !!,2025-11-06
RV001607,DH-KUR-00148,C00495,O000556,2,HI IMAGE ME BRIGHT THA REAL ME DULL HAI EXCHANGE NAHI CHAHIYE,2026-07-10
RV001608,DH-KUR-00088,C04737,O022133,2,pink mangaya tha peach aaya very disappointed,2025-05-22
RV001609,DH-PAL-00341,C03614,O017131,5,beti ko bahut pasand aaya,2026-05-22
RV001610,DH-KID-00514,C04297,O004691,4,value for money,2026-04-19
RV001611,DH-KUR-00112,C01401,O002805,3,image m ebright tha real me dull hai,2024-12-30
RV001612,DH-KUR-00003,C03956,O008126,4,bahut achha hai,2026-06-07
RV001613,DH-TOP-00288,C04596,O022443,4,beti ko bahut pasand aaya,2025-05-06
RV001614,DH-MEN-00544,C05143,O002910,5,bahut achha hai,2025-05-05
RV001615,DH-KUR-00014,C03643,O002671,5,mast hai 👍,2026-05-18
RV001616,DH-DRE-00186,C00964,O006682,4,kapda achha hai,2025-12-07
RV001617,DH-TOP-00253,C05582,O017356,1,mam ye wala shade nahi tha webssite pe,2025-09-04
RV001618,DH-FRO-00387,C04306,O011116,5,office ke liye perfect,2025-04-04
RV001619,DH-TRA-00595,C00931,O008248,2,"loose fiting, mere size ka nahi lagta",2025-10-11
RV001620,DH-FRO-00396,C03894,O020601,2,mam ordered L but feels like S,2026-08-23
RV001621,DH-TOP-00290,C05670,O015893,1,kapda bahut patla hai !!,2026-09-08
RV001622,DH-KID-00501,C00201,O022088,4,mast hai 👍,2026-09-05
RV001623,DH-DRE-00198,C03377,O022513,5,loved it,2024-11-10
RV001624,DH-KID-00431,C04010,O015097,4,loved it,2025-09-19
RV001625,DH-TOP-00285,C05397,O011344,4,colour same as photo,2025-02-18
RV001626,DH-PAL-00339,C00424,O008005,4,nice quality for the price,2026-04-05
RV001627,DH-FRO-00404,C00787,O013013,5,perfect fit,2026-06-15
RV001628,DH-KID-00433,C00707,O019688,5,,2026-03-11
RV001629,DH-MEN-00577,C00535,O000563,5,loved it,2025-11-28
RV001630,DH-MEN-00545,C00326,O018212,1,mam kapda bahut patla hai very disappointed,2026-01-05
RV001631,DH-TRA-00593,C04663,O001147,5,perfect fit,2024-11-27
RV001632,DH-KUR-00155,C01200,O009856,5,nice quality for the price,2025-04-04
RV001633,DH-SCH-00494,C04344,O005956,5,office ke liye perfect,2026-02-17
RV001634,DH-TOP-00262,C01131,O006579,1,very thin cloth refund chahiye,2025-01-11
RV001635,DH-DRE-00236,C03239,O013278,4,colour same as photo,2026-06-19
RV001636,DH-KUR-00134,C01514,O000437,5,office ke liye perfect,2026-08-31
RV001637,DH-KUR-00003,C05926,O003883,5,kapda achha hai,2026-07-25
RV001638,DH-DRE-00211,C03496,O009536,1,PLS BACCHE KE LIYE BAHUT BADA HAI JALDI PICKUP KARO,2026-07-14
RV001639,DH-PAL-00327,C02211,O005292,1,pls colour alag hai photo se,2026-02-10
RV001640,DH-KUR-00105,C00866,O023876,5,nice quality for the price,2024-12-21
RV001641,DH-MEN-00550,C02587,O013523,5,nice quality for the price,2026-03-29
RV001642,DH-KUR-00113,C03605,O007963,2,fitting bahut tight hai yaar very disappointed,2025-07-05
RV001643,DH-KUR-00113,C00902,O001478,1,"chhota aa gaya, size chart galat hai",2026-05-13
RV001644,DH-DRE-00182,C04251,O017577,1,"hello, bahut loose hai",2026-04-02
RV001645,DH-SCH-00474,C03962,O022193,2,"too big, ekdum dheela very disappointed",2024-11-30
RV001646,DH-KUR-00071,C00746,O004309,5,,2026-08-03
RV001647,DH-MEN-00555,C03169,O012238,4,nice quality for the price,2025-07-22
RV001648,DH-KID-00536,C02981,O014392,5,loved it,2025-06-16
RV001649,DH-TOP-00299,C02703,O021349,5,,2025-11-21
RV001650,DH-KID-00444,C05179,O003945,4,,2025-12-05
RV001651,DH-CO--00348,C05586,O007536,4,colour same as photo,2024-12-22
RV001652,DH-TOP-00299,C02703,O021349,1,sir size chart pe 38 likha tha but 36 jaisa hai,2025-11-23
RV001653,DH-DRE-00203,C04456,O014565,5,nice quality for the price,2025-12-04
RV001654,DH-TOP-00302,C03143,O009796,4,perfect fit,2024-10-25
RV001655,DH-SCH-00464,C00593,O004079,3,kapda bahut patla hai !!,2026-06-06
RV001656,DH-CO--00348,C03577,O023294,2,"HELLO, QUALITY ACHHI NAHI HAI",2025-07-14
RV001657,DH-TOP-00284,C05569,O009016,2,mam see through hai kapda !!,2025-11-26
RV001658,DH-KID-00445,C00396,O004720,2,mam phata hua aaya refund chahiye,2025-04-04
RV001659,DH-KUR-00133,C01104,O003597,5,perfect fit,2025-03-17
RV001660,DH-KUR-00049,C02327,O017851,4,value for money,2026-05-12
RV001661,DH-FRO-00375,C05660,O003603,3,"hello, damaged piece received !!",2024-12-30
RV001662,DH-SCH-00479,C03992,O019315,5,kapda achha hai,2026-03-03
RV001663,DH-KID-00525,C00793,O000154,4,comfortable hai,2025-11-30
RV001664,DH-KID-00512,C05054,O006374,4,bahut achha hai,2026-06-27
RV001665,DH-CO--00351,C05435,O014797,1,bhaiya waist pe naih aaya refund chahiye,2025-08-01
RV001666,DH-CO--00355,C01639,O005734,2,"hello, hole hai sleeve pe",2026-01-10
RV001667,DH-MEN-00581,C00194,O014326,5,,2026-03-04
RV001668,DH-TOP-00271,C05193,O000893,1,button toota hua tha pls return,2024-12-20
RV001669,DH-FRO-00401,C05181,O013626,1,"HELLO, MATERIAL NOT AS DESCRIBED, YE COTTON NAHI LAGTA !!",2025-11-10
RV001670,DH-KID-00435,C03946,O015667,5,perfect fit,2026-09-19
RV001671,DH-SCH-00489,C03402,O020962,4,perfect fit,2025-11-16
RV001672,DH-DRE-00236,C03239,O013278,4,bahut achha hai,2026-07-01
RV001673,DH-DRE-00219,C05497,O013376,4,colour same as photo,2025-11-01
RV001674,DH-SCH-00476,C00354,O019229,5,perfect fit,2025-01-27
RV001675,DH-MEN-00553,C03957,O000940,5,loved it,2025-11-09
RV001676,DH-KUR-00066,C03220,O013587,2,pls packet kula tha aur kapde pe daag hai !!,2025-09-12
RV001677,DH-KUR-00022,C01550,O005394,1,"mam loose fitting, mere size ka nahi lagta",2026-03-17
RV001678,DH-SCH-00468,C04599,O004182,3,sir quality achhi nahi hai refund chahiye,2025-04-27
RV001679,DH-TOP-00295,C01782,O005096,5,office ke liye perfect,2026-05-10
RV001680,DH-MEN-00550,C00324,O006889,3,mustard bola tha ye to green yellow hai,2026-07-06
RV001681,DH-SCH-00479,C03012,O008232,4,nice quality for the price,2026-02-01
RV001682,DH-KID-00445,C03373,O007462,3,hi pehli dhulai me shrink ho gaya jaldi pickup karo,2025-12-29
RV001683,DH-KID-00425,C04940,O012707,3,pls fittiing bahut tight hai yaar jaldi pickup karo,2024-12-25
RV001684,DH-MEN-00567,C00658,O003156,2,sir size se chota h very disappointed,2026-07-24
RV001685,DH-KUR-00130,C03979,O002217,5,office ke liye perfect,2026-05-04
RV001686,DH-FRO-00419,C01512,O007350,4,,2026-02-05
RV001687,DH-KID-00450,C04952,O018342,1,"bhaiya material not as described, ye cotton nahi lagta pls return",2026-08-01
RV001688,DH-KUR-00136,C03430,O017243,4,nice quality for the price,2025-04-03
RV001689,DH-DRE-00240,C04310,O012695,5,value for money,2025-11-22
RV001690,DH-FRO-00387,C00330,O021762,1,"bhaiya size M bahut tight hai, L lena padega",2024-11-03
RV001691,DH-KUR-00124,C04053,O015677,1,hi ek wash me rang chala gya,2025-05-09
RV001692,DH-DRE-00186,C05079,O001368,5,loved it,2026-05-07
RV001693,DH-TRA-00595,C02563,O003642,4,,2025-02-03
RV001694,DH-FRO-00401,C03725,O014863,5,comfortable hai,2024-11-25
RV001695,DH-KUR-00153,C05704,O019860,4,perfect fit,2024-12-07
RV001696,DH-KUR-00153,C00878,O020219,3,hi pink mangaya tha peach aaya 🙏,2026-06-13
RV001697,DH-KUR-00122,C03436,O004737,5,colour same as photo,2026-05-22
RV001698,DH-PAL-00332,C04051,O019068,5,perfect fit,2026-03-03
RV001699,DH-KUR-00043,C00217,O002253,4,bahut achha hai,2026-08-06
RV001700,DH-TOP-00261,C01054,O002726,4,comfortable hai,2025-10-24
RV001701,DH-KUR-00137,C02929,O001446,1,sir quality bilkul bekar 🙏,2024-10-21
RV001702,DH-KUR-00036,C03946,O018102,3,too loose at waist pls return,2025-11-01
RV001703,DH-MEN-00545,C01567,O006902,4,mast hai 👍,2026-02-14
RV001704,DH-FRO-00409,C05833,O003842,5,loved it,2025-06-01
RV001705,DH-CO--00359,C00794,O007147,5,value for money,2026-04-30
RV001706,DH-KUR-00012,C02142,O009305,2,SIR XL BHI TIGHT HAI KYA SIZE H YE,2026-09-09
RV001707,DH-KUR-00173,C04479,O017944,2,doosra colourb hej diya pls return,2025-04-02
RV001708,DH-FRO-00418,C01838,O017224,4,office ke liye perfect,2025-01-25
RV001709,DH-KUR-00041,C03212,O017050,2,hi length bhi km hai aur tight bhi pls return,2026-07-22
RV001710,DH-TRA-00600,C03202,O023343,5,,2026-02-17
RV001711,DH-FRO-00384,C05856,O019237,5,,2026-07-01
RV001712,DH-KID-00517,C04920,O018739,1,pls hole hai sleeve pe refund chahiye,2025-09-19
RV001713,DH-KUR-00160,C02591,O003054,2,pls fabric rough hai skin pe chubhta hai refund chahiye,2025-10-28
RV001714,DH-KID-00499,C00114,O019157,5,,2026-06-18
RV001715,DH-DRE-00239,C04356,O009711,3,hi sleeves tight hai arms me pls return,2025-07-18
RV001716,DH-MEN-00557,C05698,O010427,3,"mam wrong size bheja, M order kiya tha XL aaya refund chahiye",2025-11-28
RV001717,DH-FRO-00374,C01709,O023114,5,perfect fit,2026-04-24
RV001718,DH-KUR-00150,C02741,O006052,4,mast hai 👍,2025-08-25
RV001719,DH-KID-00434,C02627,O023238,2,bhaiya smaller than usual size,2026-05-02
RV001720,DH-FRO-00418,C03748,O023085,5,comfortable hai,2025-02-10
RV001721,DH-MEN-00541,C02135,O003398,2,bhaiya size se chta h very disappointed,2026-02-02
RV001722,DH-KID-00431,C05322,O021001,2,hi bacche ke liye bahut bada hai,2025-10-25
RV001723,DH-SCH-00476,C01579,O016378,5,loved it,2025-09-12
RV001724,DH-FRO-00387,C01873,O023424,2,mam size se chota h refund chahiye,2026-01-01
RV001725,DH-KUR-00008,C01555,O002061,5,office ke liye perfect,2025-11-22
RV001726,DH-DRE-00235,C04410,O014179,5,,2026-07-04
RV001727,DH-KUR-00100,C04424,O004219,4,loved it,2025-11-30
RV001728,DH-PAL-00327,C05551,O016831,5,mast hai 👍,2026-03-07
RV001729,DH-DRE-00245,C00642,O004272,5,perfect fit,2026-09-16
RV001730,DH-FRO-00375,C02842,O000987,5,perfect fit,2025-04-08
RV001731,DH-TOP-00289,C00839,O014453,1,pls size chart pe  38 likha tha but 36 jaisa hai jaldi pickup karo,2026-05-27
RV001732,DH-MEN-00544,C04752,O018065,2,bhaiya fabric rough hai skin pe chubhta hai,2025-03-29
RV001733,DH-KUR-00136,C05793,O012109,4,comfortable hai,2025-06-19
RV001734,DH-FRO-00367,C05378,O004365,3,hi smaller than usual size exchange nahi chahiye,2026-08-09
RV001735,DH-KUR-00160,C03880,O021577,5,comfortable hai,2025-10-31
RV001736,DH-KUR-00099,C05560,O011886,4,perfect fit,2026-04-15
RV001737,DH-FRO-00409,C02361,O002338,3,mam ek wash me rang chala gaya 🙏,2024-12-01
RV001738,DH-MEN-00585,C01330,O014025,1,printu tar raha hai pls return,2025-05-21
RV001739,DH-MEN-00577,C01630,O007014,5,beti ko bahut pasand aaya,2025-08-12
RV001740,DH-KUR-00052,C03511,O007080,5,nice quality for the price,2025-07-23
RV001741,DH-CO--00353,C02914,O019619,5,bahut achha hai,2026-03-13
RV001742,DH-SCH-00478,C05295,O019446,2,lengh bahut zyada hai !!,2026-06-04
RV001743,DH-KID-00443,C05673,O015712,1,HI HOLE HAI SLEEVE PE JALDI PICKUP KARO,2025-04-02
RV001744,DH-TOP-00285,C03122,O002765,3,too loose at waist pls return,2024-11-11
RV001745,DH-DRE-00213,C01088,O011717,4,bahut achha hai,2024-12-09
RV001746,DH-DRE-00227,C02517,O014090,3,SMALLER THAN USUAL SIEZ 🙏,2026-08-15
RV001747,DH-KUR-00123,C04122,O013177,1,see throuh hai kapda pls return,2025-09-26
RV001748,DH-KUR-00113,C02149,O021464,3,color is different from image !!,2025-01-12
RV001749,DH-KUR-00171,C02272,O021807,2,sir ek wash me rang chala gaya exchange nahi chahiye,2025-12-02
RV001750,DH-KID-00433,C02315,O017122,1,bhaiya bahut loosehai,2025-02-02
RV001751,DH-KUR-00039,C03927,O014697,2,print utar raha hai,2026-03-26
RV001752,DH-FRO-00370,C00768,O023476,2,pls packet geela tha apda kharab exchange nahi chahiye,2024-12-18
RV001753,DH-SCH-00465,C03795,O022082,4,nice quality for the price,2025-02-23
RV001754,DH-MEN-00545,C04053,O022700,5,mast hai 👍,2026-07-02
RV001755,DH-SCH-00468,C01179,O009401,2,mam कपड़ा बहुत पतला है exchange nahi chahiye,2026-06-29
RV001756,DH-KUR-00163,C04078,O001684,4,bahut achha hai,2025-09-22
RV001757,DH-FRO-00418,C01315,O000095,4,,2025-04-02
RV001758,DH-SCH-00482,C02765,O004422,4,office ke liye perfect,2026-04-19
RV001759,DH-KUR-00149,C05056,O001614,5,,2026-08-16
RV001760,DH-KUR-00097,C04256,O013145,3,"mam too smll, chest pe fit nahi hua 🙏",2025-08-23
RV001761,DH-DRE-00192,C03520,O011489,5,loved it,2025-04-13
RV001762,DH-PAL-00330,C00732,O007688,5,beti ko bahut pasand aaya,2025-04-13
RV001763,DH-KID-00434,C02397,O023475,2,mam galat product aaya,2025-03-17
RV001764,DH-FRO-00419,C02632,O016174,3,"SIZE SMALL AAYA, MERA REGULAR  H VERY DISAPPOINTED",2025-08-07
RV001765,DH-TOP-00253,C03872,O018492,2,sir beti ke liy eliya tha chhota pad gaya jaldi pickup karo,2026-06-08
RV001766,DH-KID-00430,C01465,O010570,2,mam bhaut loose hai 🙏,2025-03-31
RV001767,DH-KUR-00154,C03245,O005067,4,perfect fit,2025-08-22
RV001768,DH-CO--00354,C02445,O000253,5,colour same as photo,2024-10-22
RV001769,DH-KUR-00029,C03190,O003747,2,mam अच्छा नहीं लगा very disappointed,2025-07-01
RV001770,DH-FRO-00375,C02651,O014943,5,,2025-09-05
RV001771,DH-PAL-00328,C03917,O012679,1,mam अच्छा नहीं लगा !!,2025-03-21
RV001772,DH-DRE-00218,C00344,O015857,4,comfortable hai,2026-03-28
RV001773,DH-KID-00500,C04076,O018933,5,office ke liye perfect,2025-01-31
RV001774,DH-DRE-00191,C05982,O006166,4,loved it,2026-05-14
RV001775,DH-KUR-00088,C04494,O012517,2,"bhaiya wrong size bheja, m order kiya tha xl aaya pls return",2025-02-07
RV001776,DH-KID-00499,C00347,O009349,5,mast hai 👍,2025-12-28
RV001777,DH-MEN-00544,C00501,O022481,1,fabric cheap lag raha hai 🙏,2025-12-22
RV001778,DH-DRE-00239,C00812,O002535,2,PRITN UTAR RAHA HAI,2026-04-14
RV001779,DH-TRA-00595,C05679,O000722,2,colour alag hai photo se 🙏,2026-05-14
RV001780,DH-KID-00424,C02936,O001580,1,"pls chhota aa gaya, size chart galat hai exchange nahi chahiye",2025-10-04
RV001781,DH-PAL-00340,C01317,O014014,1,"HELLO, COLOUR FADE SA HAI PHOTO JAISA NAHI",2026-06-26
RV001782,DH-KUR-00086,C04522,O023600,2,NO REFUND CHAHIYE,2026-06-21
RV001783,DH-KUR-00087,C05298,O005171,4,office ke liye perfect,2025-05-11
RV001784,DH-KID-00431,C05957,O011845,5,nice quality for the price,2025-05-24
RV001785,DH-DRE-00181,C02776,O004486,5,office ke liye perfect,2025-01-25
RV001786,DH-FRO-00400,C04905,O000747,5,beti ko bahut pasand aaya,2026-03-16
RV001787,DH-KUR-00129,C02564,O016612,5,colour same as photo,2026-01-21
RV001788,DH-SCH-00477,C04759,O005088,2,colour alag ahi photo se jaldi pickup karo,2026-06-24
RV001789,DH-TOP-00309,C05614,O005240,4,office ke liye perfect,2026-07-09
RV001790,DH-DRE-00203,C00455,O003057,1,"hello, कपड़ा बहुत पतला है",2025-03-23
RV001791,DH-KUR-00166,C01050,O001911,2,"hello, pehli dhulai me shrink ho gyaa jaldi pickup karo",2025-11-12
RV001792,DH-DRE-00237,C00985,O020558,2,NO !!,2025-12-31
RV001793,DH-KUR-00125,C00876,O007467,5,mast hai 👍,2026-09-13
RV001794,DH-KUR-00113,C01115,O020267,2,hi beti ke liye liya tha chhota pad gayya 🙏,2026-09-17
RV001795,DH-SCH-00481,C05960,O018077,1,"hello, size bada haai 🙏",2025-04-11
RV001796,DH-KUR-00137,C01582,O014434,5,office ke liye perfect,2025-09-19
RV001797,DH-PAL-00332,C00230,O020609,2,"hi sze M bahut tight hai, L lena padega exchange nahi chahiye",2026-03-17
RV001798,DH-KUR-00109,C05710,O017234,3,print utar raha hai refund chahiye,2025-11-01
RV001799,DH-TRA-00589,C00962,O007911,1,"HELLO, KAPDA BAHUT PATLAHAI 🙏",2025-07-14
RV001800,DH-MEN-00557,C00430,O020931,4,loved it,2025-02-12
RV001801,DH-MEN-00582,C00892,O004447,2,size chart se bada nila,2024-11-22
RV001802,DH-FRO-00381,C02019,O012034,4,beti ko bahut pasand aaya,2025-08-12
RV001803,DH-DRE-00246,C04446,O008585,4,,2026-08-15
RV001804,DH-CO--00345,C00085,O015998,2,pls phata hua aaya !!,2025-03-16
RV001805,DH-FRO-00397,C00823,O002160,5,kapda achha hai,2025-06-09
RV001806,DH-FRO-00418,C05399,O023916,5,bahut achha hai,2025-03-23
RV001807,DH-KID-00424,C00150,O009816,2,"hello, too big, ekdum dheela",2026-01-30
RV001808,DH-DRE-00235,C00984,O023067,1,rang bilkul alag hai very disappointed,2024-12-29
RV001809,DH-FRO-00412,C00851,O005413,2,"pls loose fitting, mere size ka nahi lagta very disappointed",2026-03-25
RV001810,DH-FRO-00393,C03819,O005486,5,loved it,2026-01-31
RV001811,DH-MEN-00582,C02672,O013520,4,office ke liye perfect,2025-10-26
RV001812,DH-KUR-00125,C01710,O014244,1,image me bright th areal me dull hai !!,2025-02-07
RV001813,DH-DRE-00243,C01395,O002030,1,"size M bahut tight hai, L lena padega",2026-08-16
RV001814,DH-KUR-00137,C03251,O011977,2,"hi chhota aa gaya, size chart galat hai pls return",2025-08-30
RV001815,DH-KUR-00160,C00774,O014678,2,pink mangaya tha peach aaya,2025-10-03
RV001816,DH-PAL-00328,C03920,O022999,2,length bahut zyada hia refund chahiye,2025-08-13
RV001817,DH-KUR-00024,C02093,O020115,5,loved it,2025-11-25
RV001818,DH-MEN-00556,C01128,O021189,5,kapda achha hai,2026-04-12
RV001819,DH-KUR-00133,C00468,O003755,1,"hello, kurti bahut fit hai, breathe nahi kar pa rahi jaldi pickup karo",2025-01-29
RV001820,DH-CO--00351,C02029,O005831,1,"hello, ye wala shade nahi tha website pe",2025-06-19
RV001821,DH-FRO-00403,C00436,O002459,4,loved it,2026-08-04
RV001822,DH-KUR-00093,C02765,O011156,4,mast hai 👍,2025-04-19
RV001823,DH-KUR-00042,C01759,O020778,5,comfortable hai,2026-02-24
RV001824,DH-KUR-00029,C05092,O016704,4,kapda achha hai,2025-10-25
RV001825,DH-TRA-00595,C03116,O002282,2,pls image me bright tha real me dull hai,2025-07-19
RV001826,DH-KUR-00008,C03256,O012255,1,hi smaller than usual size very disappointed,2026-02-11
RV001827,DH-DRE-00208,C00461,O001598,2,ordered L but feels like S,2025-12-14
RV001828,DH-TOP-00302,C04350,O012614,5,perfect fit,2026-02-18
RV001829,DH-KID-00431,C00976,O010654,2,galat product aaya very disappointed,2026-09-22
RV001830,DH-CO--00354,C01417,O006279,3,"PLS STITCHING KHARAB HAI, DHAAGE NIKAL RAHE !!",2026-07-01
RV001831,DH-KID-00509,C03039,O006153,1,"stitching kharab hai, dhaage nikal rahe exchange nahi chahiye",2026-03-22
RV001832,DH-KUR-00018,C02105,O004947,5,beti ko bahut pasand aaya,2025-12-27
RV001833,DH-KUR-00032,C03508,O015852,5,beti ko bahut pasand aaya,2026-02-11
RV001834,DH-KUR-00112,C01254,O012580,3,साइज़ छोटा है jaldi pickup karo,2024-12-30
RV001835,DH-FRO-00382,C04250,O003363,1,bhaiya ek wash me rang chala gaya exchange nahi chahiye,2026-09-02
RV001836,DH-CO--00353,C00638,O004604,2,"HELLO, COLOUR MISMATCH PLS RETURN",2026-09-19
RV001837,DH-KID-00526,C02038,O006118,2,ek wash me rang chala gaya !!,2024-10-11
RV001838,DH-KUR-00087,C04628,O014595,4,bahut achha hai,2025-08-07
RV001839,DH-FRO-00377,C05746,O005083,4,bahut achha hai,2026-06-28
RV001840,DH-KUR-00114,C05586,O013951,1,mam pink mangyaa tha peach aaya exchange nahi chahiye,2026-05-12
RV001841,DH-DRE-00203,C05283,O020139,4,mast hai 👍,2025-12-20
RV001842,DH-KUR-00163,C00320,O017816,5,comfortable hai,2025-11-13
RV001843,DH-MEN-00541,C00712,O004306,5,,2025-01-23
RV001844,DH-KUR-00083,C02704,O006117,4,bahut achha hai,2026-05-31
RV001845,DH-KID-00510,C01090,O023814,5,loved it,2025-12-02
RV001846,DH-TOP-00277,C04685,O001278,4,mast hai 👍,2026-03-09
RV001847,DH-DRE-00184,C01422,O008917,5,kapda achha hai,2024-10-28
RV001848,DH-DRE-00203,C00692,O009452,5,value for money,2026-02-24
RV001849,DH-KUR-00066,C05192,O005201,2,pls fabric cheap lag raha hai very disappointed,2026-01-04
RV001850,DH-KID-00507,C01379,O002410,4,,2025-11-15
RV001851,DH-TOP-00302,C02829,O014846,5,office ke liye perfect,2025-02-12
RV001852,DH-FRO-00416,C00643,O015757,2,"hello, wrong size bheja, M order kiya tha XL aaya pls return",2026-09-02
RV001853,DH-KUR-00026,C00465,O006956,5,nice quality for the price,2026-01-20
RV001854,DH-KID-00502,C02765,O012051,4,,2026-03-27
RV001855,DH-DRE-00218,C05717,O006340,5,office ke liye perfect,2025-09-19
RV001856,DH-KID-00528,C04238,O012848,2,bhaiya mustard bola tha ye to green ylelow hai refund chahiye,2026-04-27
RV001857,DH-FRO-00361,C01215,O020602,2,different design aaya very disappointed,2026-09-27
RV001858,DH-TOP-00282,C04978,O016585,4,beti ko bahut pasand aaya,2025-09-21
RV001859,DH-TOP-00297,C04142,O010826,5,colour same as photo,2025-06-22
RV001860,DH-MEN-00581,C02151,O002988,5,kapda achha hai,2025-01-13
RV001861,DH-FRO-00398,C03072,O008867,2,quality achhi nahi hai,2025-07-27
RV001862,DH-FRO-00393,C03850,O006709,4,,2025-12-07
RV001863,DH-KUR-00094,C00583,O003346,4,loved it,2025-06-15
RV001864,DH-PAL-00337,C05621,O019836,4,beti ko bahut pasand aaya,2025-10-27
RV001865,DH-DRE-00231,C00895,O005469,5,beti ko bahut pasand aaya,2025-06-16
RV001866,DH-KID-00515,C05944,O021764,1,size bada hi pls return,2025-10-31
RV001867,DH-KUR-00116,C03817,O000778,3,रं फोटो से अलग है,2026-03-28
RV001868,DH-KUR-00120,C02906,O018030,4,comfortable hai,2025-10-31
RV001869,DH-KUR-00139,C02488,O002306,3,"mam size smalll aaya, mera regular m h",2024-12-18
RV001870,DH-KUR-00114,C04838,O017624,1,"hello, damaged piece received refund chahiye",2025-02-18
RV001871,DH-KUR-00132,C05877,O023195,2,ek wash me rang chala gaya very disappointed,2025-10-22
RV001872,DH-DRE-00213,C04982,O001972,4,beti ko bahut pasand aaya,2025-11-25
RV001873,DH-KUR-00078,C05542,O018374,2,mam quality bilkul bekar 🙏,2025-08-23
RV001874,DH-MEN-00546,C01497,O010013,4,office ke liye perfect,2026-02-02
RV001875,DH-DRE-00244,C05446,O000022,5,comfortable hai,2026-03-08
RV001876,DH-TOP-00306,C02970,O023321,5,bahut achha hai,2025-11-22
RV001877,DH-MEN-00542,C03463,O011296,5,office ke liye perfect,2025-09-25
RV001878,DH-DRE-00205,C01302,O012329,4,,2026-06-02
RV001879,DH-KID-00505,C03656,O009179,2,HI ORDERED L BUT FEELS LIKE S JALDI PICKUP KARO,2025-05-16
RV001880,DH-SCH-00470,C03684,O005969,1,sir quality bilkul bekar,2026-01-30
RV001881,DH-FRO-00392,C04179,O015213,2,ek wash me rang chala gaya refund chahiye,2026-06-12
RV001882,DH-TOP-00261,C05198,O004817,4,office ke liye perfect,2026-01-29
RV001883,DH-KUR-00119,C01523,O015535,5,perfect fit,2026-05-28
RV001884,DH-CO--00358,C01637,O013954,2,hi colour fade sa hai hoto jaisa nahi,2025-02-09
RV001885,DH-CO--00356,C04021,O001909,5,,2025-10-23
RV001886,DH-CO--00355,C03881,O001229,4,,2025-08-28
RV001887,DH-SCH-00476,C04270,O009585,2,pls print utar raha hai pls return,2026-05-02
RV001888,DH-CO--00350,C03021,O012899,4,bahut achha hai,2026-09-13
RV001889,DH-KUR-00105,C04568,O022715,1,sir doosra colour bhej diya,2025-03-02
RV001890,DH-KUR-00100,C00145,O012654,5,perfect fit,2025-10-05
RV001891,DH-FRO-00388,C03002,O010262,2,pls rang bilkul alag hai very disappointed,2025-04-02
RV001892,DH-MEN-00575,C01787,O013895,5,kapda achha hai,2025-11-24
RV001893,DH-KUR-00035,C01671,O007243,3,mam ordered l but feels like s,2024-12-26
RV001894,DH-DRE-00235,C01807,O007339,1,SMALLER THAN USUAL SIZE REFUND CHAHIYE,2025-06-03
RV001895,DH-KID-00504,C01438,O007835,2,sir packet geela tha kapda kharab refund chahiye,2026-09-17
RV001896,DH-KUR-00054,C04972,O004092,1,sir kapda bahut patla hai exchange nahi chahiye,2025-10-07
RV001897,DH-PAL-00333,C03755,O007588,1,sir length bahut zyada hai exchange nahi chahiye,2026-03-23
RV001898,DH-FRO-00364,C03990,O021344,5,perfect fit,2025-11-06
RV001899,DH-TOP-00267,C01900,O014150,4,loved it,2026-05-29
RV001900,DH-FRO-00384,C03034,O001912,5,,2026-01-05
RV001901,DH-KUR-00137,C04793,O020284,2,FABRIC ROUGH HAI SKIN PE CHUBHTA HAI EXCHANGE NAHI CHAHIYE,2024-10-19
RV001902,DH-FRO-00381,C05541,O012778,2,pls रंग फोटो से अलग है,2026-07-28
RV001903,DH-KUR-00090,C00093,O015012,1,sir bacche ke liye bahut bada hai jaldi pickup karo,2026-06-19
RV001904,DH-KUR-00040,C00707,O019688,1,mam colour mismatch,2026-03-17
RV001905,DH-KUR-00160,C02170,O002773,2,pls same as beore !!,2026-02-24
RV001906,DH-TOP-00267,C04019,O007038,5,mast hai 👍,2026-09-24
RV001907,DH-KUR-00037,C00035,O001748,4,perfect fit,2026-08-17
RV001908,DH-MEN-00568,C03275,O004762,4,value for money,2025-07-27
RV001909,DH-KUR-00017,C03557,O008137,4,loved it,2026-06-23
RV001910,DH-DRE-00204,C05281,O022870,2,"too big, ekdum dheeal",2025-12-09
RV001911,DH-FRO-00403,C00067,O008726,5,kapda achha hai,2026-07-10
RV001912,DH-KUR-00058,C04627,O020002,2,pls bekar jaldi pickup karo,2025-03-03
RV001913,DH-MEN-00545,C04709,O016383,4,value for money,2026-09-27
RV001914,DH-TOP-00262,C03077,O021733,5,loved it,2025-02-01
RV001915,DH-SCH-00480,C03602,O020439,5,perfect fit,2026-03-17
RV001916,DH-KUR-00152,C03267,O005610,2,pls return pls return,2025-11-11
RV001917,DH-SCH-00474,C01623,O015784,5,comfortable hai,2025-11-27
RV001918,DH-SCH-00471,C03085,O004671,5,colour same as photo,2025-02-10
RV001919,DH-TRA-00592,C02791,O006795,4,loved it,2026-08-30
RV001920,DH-SCH-00481,C05305,O019374,5,kapda achha hai,2025-03-08
RV001921,DH-SCH-00468,C05813,O008353,2,sir print utar raha hai,2026-08-10
RV001922,DH-MEN-00561,C05188,O004786,2,colour alag hai photo se 🙏,2024-11-19
RV001923,DH-TOP-00263,C00052,O006566,5,loved it,2025-08-29
RV001924,DH-KUR-00121,C00755,O023534,1,"loose fitting, mere size ka nahi lagta !!",2026-03-10
RV001925,DH-TRA-00597,C05236,O005514,3,mam pls return exchange nahi chahiye,2024-10-11
RV001926,DH-PAL-00333,C00971,O005803,4,nice quality for the price,2026-05-19
RV001927,DH-MEN-00575,C03045,O007137,2,bhaiya quality bilkul bekar exchange nahi chahiye,2026-09-03
RV001928,DH-TOP-00307,C04126,O003425,2,SIR SMALLER THAN USUAL SIZE VERY DISAPPOINTED,2025-11-13
RV001929,DH-CO--00358,C04434,O022972,3,zip kaam nahi kar rahi !!,2025-08-23
RV001930,DH-KUR-00118,C03331,O014398,4,kapda achha hai,2026-08-09
RV001931,DH-KID-00500,C02363,O003989,5,bahut achha hai,2024-11-25
RV001932,DH-KUR-00135,C01625,O013908,4,bahut achha hai,2025-06-24
RV001933,DH-DRE-00213,C05495,O008076,5,bahut achha hai,2026-05-29
RV001934,DH-FRO-00409,C05526,O005553,1,fabric rough hai skin pe chubhta hai jaldi pickup karo,2025-02-07
RV001935,DH-KUR-00154,C00038,O009389,5,nice quality for the price,2025-07-26
RV001936,DH-DRE-00217,C00164,O003930,5,comfortable hai,2024-12-11
RV001937,DH-FRO-00368,C02061,O019594,4,kapda achha hai,2026-06-11
RV001938,DH-KUR-00066,C05102,O001545,1,doosra colour bhej diya refund chahiye,2025-11-04
RV001939,DH-KUR-00021,C05441,O022975,5,,2025-03-14
RV001940,DH-KID-00445,C03160,O020408,3,too loose at waist very disappointed,2024-11-08
RV001941,DH-PAL-00341,C02679,O012165,5,perfect fit,2026-01-26
RV001942,DH-SCH-00478,C04506,O016678,2,hi pint utar raha hai exchange nahi chahiye,2026-06-16
RV001943,DH-SCH-00497,C03379,O023909,2,not as expected very disappointed,2025-10-10
RV001944,DH-CO--00358,C04143,O008371,2,"sir size M bahut tight hai, L lena padega pls return",2025-06-24
RV001945,DH-KUR-00114,C02441,O004013,5,mast hai 👍,2024-11-10
RV001946,DH-KUR-00051,C01375,O022413,4,value for money,2026-08-25
RV001947,DH-MEN-00546,C02804,O012765,3,hi no 🙏,2025-10-26
RV001948,DH-KUR-00136,C05805,O003665,1,mam bekar,2026-05-20
RV001949,DH-FRO-00383,C03231,O023952,3,pls very thin  cloth,2026-06-25
RV001950,DH-KUR-00137,C01098,O015370,3,"pls kurti bahut fit hia, breathe nahi kar pa rahi",2025-12-01
RV001951,DH-KUR-00166,C02855,O019192,5,perfect fit,2025-09-27
RV001952,DH-CO--00353,C05606,O000676,5,,2026-02-24
RV001953,DH-FRO-00376,C05446,O016256,5,beti ko bahut pasand aaya,2026-07-10
RV001954,DH-DRE-00249,C05858,O000726,1,"material not as described, ye cotton nahi lagta pls return",2025-12-01
RV001955,DH-TOP-00254,C00035,O007103,5,mast hai 👍,2025-12-06
RV001956,DH-TOP-00271,C05930,O018596,3,bhaiya packet geela tha kapda kharab jaldi pickup karo,2024-11-06
RV001957,DH-DRE-00243,C03936,O004409,4,kapda achha hai,2026-09-27
RV001958,DH-SCH-00465,C04003,O020807,2,"hello, length bahut zyada hai very disappointed",2025-03-31
RV001959,DH-DRE-00203,C00838,O004492,3,kapda bahhut patla hai,2025-11-02
RV001960,DH-DRE-00195,C02289,O007265,5,office ke liye perfect,2025-10-24
RV001961,DH-MEN-00582,C02711,O022580,1,mam sleeves tight hai arms me pls return,2026-05-15
RV001962,DH-KUR-00001,C04277,O023526,1,"hello, photo me maroon dikha, aaya brown 🙏",2026-09-11
RV001963,DH-FRO-00379,C04767,O013192,2,sir fabric cheap lag raha hai !!,2025-11-08
RV001964,DH-KUR-00079,C05689,O004700,5,mast hai 👍,2026-04-27
RV001965,DH-DRE-00209,C05116,O013859,5,comfortable hai,2024-11-17
RV001966,DH-KID-00430,C01790,O005366,5,office ke liye perfect,2025-02-26
RV001967,DH-KUR-00017,C00127,O013353,5,bahut achha hai,2026-02-02
RV001968,DH-MEN-00586,C00547,O020578,3,"material not as described, ye cotton nahi lagta pls return",2026-07-03
RV001969,DH-KUR-00060,C01682,O011606,5,office ke liye perfect,2026-05-29
RV001970,DH-TOP-00261,C02719,O003477,5,colour same as photo,2025-10-21
RV001971,DH-TOP-00311,C05362,O003317,5,,2025-12-06
RV001972,DH-KUR-00049,C00994,O010481,4,colour same as photo,2026-03-02
RV001973,DH-MEN-00582,C00190,O010970,5,comfortable hai,2026-08-19
RV001974,DH-KUR-00131,C03002,O010631,4,bahut achha hai,2026-01-01
RV001975,DH-FRO-00400,C02939,O010157,3,MAM YE MERA ORDER NAHI HAI,2026-05-11
RV001976,DH-SCH-00468,C00539,O011859,1,galat product aaya 🙏,2026-08-03
RV001977,DH-TOP-00297,C05744,O017873,4,nice quality for the price,2025-11-12
RV001978,DH-DRE-00188,C00067,O011426,4,loved it,2025-04-08
RV001979,DH-KUR-00133,C04846,O009956,4,comfortable hai,2024-10-17
RV001980,DH-KID-00516,C04168,O000348,2,ek wash me rang chala gaya very disappointed,2025-11-29
RV001981,DH-KID-00462,C04009,O016652,5,colour same as photo,2024-10-30
RV001982,DH-FRO-00405,C00685,O017668,5,kapda achha hai,2026-07-17
RV001983,DH-FRO-00404,C03053,O009704,5,loved it,2025-11-21
RV001984,DH-KUR-00006,C04741,O019379,4,mast hai 👍,2025-05-14
RV001985,DH-PAL-00326,C00741,O018059,4,bahut achha hai,2025-05-01
RV001986,DH-DRE-00230,C01593,O005382,2,sir stani mila delivery pe,2025-09-29
RV001987,DH-FRO-00401,C00900,O011810,3,"mam stitching kharab hai, dhaage nikal rahe",2024-12-28
RV001988,DH-KID-00452,C03878,O001818,5,nice quality for the price,2026-07-29
RV001989,DH-SCH-00481,C01304,O006654,5,bahut achha hai,2026-04-18
RV001990,DH-DRE-00229,C05626,O000086,4,colour same as photo,2026-09-26
RV001991,DH-KUR-00153,C04583,O005720,1,SIR रंग फोटो से अलग है JALDI PICKUP KARO,2025-11-16
RV001992,DH-TOP-00285,C05057,O019076,5,mast hai 👍,2025-10-05
RV001993,DH-FRO-00409,C03486,O023711,5,nice quality for the price,2026-07-24
RV001994,DH-KUR-00162,C01732,O002907,2,length bahut zyada hai 🙏,2026-01-24
RV001995,DH-SCH-00496,C00933,O018839,3,"LOOSE FITTING, MERE SIZE KA NAHI LAGTA REFUND CHAHIYE",2025-11-17
RV001996,DH-SCH-00494,C00710,O000271,5,kapda achha hai,2026-07-23
RV001997,DH-DRE-00196,C05236,O001466,2,bhaiya length bahut zyada ahi jaldi pickup karo,2025-11-25
RV001998,DH-TRA-00595,C01854,O020259,2,bhaiya shoulders gir rahe hain itna loose 🙏,2024-11-10
RV001999,DH-KUR-00137,C01098,O015370,1,see through hai kapda !!,2025-11-27
RV002000,DH-KUR-00092,C03830,O015030,2,see through hai  kapda,2025-04-04
RV002001,DH-FRO-00419,C03222,O007139,5,office ke liye perfect,2025-01-05
RV002002,DH-KID-00502,C05301,O022035,5,,2025-10-25
RV002003,DH-TOP-00276,C02206,O023676,1,quality achhi nahi hai,2026-04-19
RV002004,DH-KUR-00167,C00729,O016414,4,mast hai 👍,2026-01-06
RV002005,DH-TOP-00271,C02298,O015611,2,pls qality bilkul bekar very disappointed,2025-01-05
RV002006,DH-KID-00431,C00924,O001036,5,beti ko bahut pasand aaya,2024-10-21
RV002007,DH-KUR-00099,C00467,O004384,5,kapda achha hai,2026-06-18
RV002008,DH-CO--00348,C03483,O017942,2,sir theek nahi hai,2024-12-29
RV002009,DH-DRE-00249,C02918,O001083,5,office ke liye perfect,2025-09-25
RV002010,DH-FRO-00381,C05741,O018817,4,value for money,2025-10-18
RV002011,DH-DRE-00198,C04264,O015684,1,sir oversized lag raha hai jabki regular fit likha tha pls return,2024-12-14
RV002012,DH-KUR-00071,C05518,O010539,5,,2025-06-15
RV002013,DH-KID-00502,C00483,O017271,2,pls pehli dhulai me shhrink ho gaya,2026-01-10
RV002014,DH-TOP-00285,C01238,O023802,5,office ke liye perfect,2025-04-03
RV002015,DH-KID-00537,C02112,O016501,5,bahut achha hai,2025-12-20
RV002016,DH-KUR-00030,C00105,O004060,1,bhaiya ye mera order nahi hai refund chahiye,2026-03-12
RV002017,DH-KUR-00123,C00719,O007418,5,colour same as photo,2026-08-07
RV002018,DH-KID-00536,C04941,O016354,5,beti ko bahut pasand aaya,2025-06-22
RV002019,DH-KUR-00124,C00189,O015542,5,loved it,2025-01-13
RV002020,DH-DRE-00245,C01213,O016340,5,kapda achha hai,2026-09-20
RV002021,DH-FRO-00396,C02904,O008200,5,perfect fit,2026-03-01
RV002022,DH-MEN-00562,C04309,O011363,4,kapda achha hai,2026-03-28
RV002023,DH-KID-00510,C02058,O007580,5,mast hai 👍,2026-07-19
RV002024,DH-FRO-00387,C01138,O010971,5,nice quality for the price,2024-12-13
RV002025,DH-KUR-00006,C00569,O016182,5,perfect fit,2026-05-11
RV002026,DH-FRO-00402,C05134,O011061,5,perfect fit,2026-07-28
RV002027,DH-KUR-00066,C03908,O007574,3,rang halka hai bahut !!,2025-11-21
RV002028,DH-KID-00450,C05137,O009129,4,,2026-07-08
RV002029,DH-KID-00507,C01318,O003589,5,colour same as photo,2025-03-14
RV002030,DH-FRO-00400,C03440,O010759,2,"pls too big, ekdum deela pls return",2024-11-15
RV002031,DH-CO--00354,C04666,O022423,4,loved it,2024-11-02
RV002032,DH-KID-00509,C00664,O012800,2,"hello, loose fitting, mere size ka nahi lagta",2025-06-08
RV002033,DH-DRE-00219,C01473,O020882,1,ek wash me rang chala gaya jaldi pickup karo,2026-05-25
RV002034,DH-DRE-00185,C03637,O010237,2,mam return pls return,2025-12-21
RV002035,DH-TRA-00599,C02771,O011269,5,kapda achha hai,2025-08-27
RV002036,DH-KUR-00018,C00958,O010534,4,perfect fit,2026-01-31
RV002037,DH-TOP-00288,C01842,O005619,5,mast hai 👍,2025-10-24
RV002038,DH-TOP-00292,C01444,O017953,3,"hello, कपड़ा बहतु पतला है",2026-04-25
RV002039,DH-KUR-00140,C01498,O018976,5,mast hai 👍,2026-02-28
RV002040,DH-KID-00501,C00201,O022088,5,,2026-09-10
RV002041,DH-DRE-00235,C01003,O015961,3,mam beti ke liy eliya tha chhota pad gaya 🙏,2025-02-20
RV002042,DH-DRE-00209,C01222,O005347,2,fabric cheap lag raha hai !!,2024-11-08
RV002043,DH-DRE-00250,C05410,O001722,5,office ke liye perfect,2025-05-05
RV002044,DH-MEN-00557,C00744,O019168,1,hi lenght bhi kam hai aur tight bhi jaldi pickup karo,2025-03-10
RV002045,DH-TOP-00271,C02178,O006936,5,bahut achha hai,2025-10-16
RV002046,DH-TOP-00289,C02285,O009228,2,bacche ke liye bahut bada hai very disappointed,2025-09-03
RV002047,DH-DRE-00221,C05313,O007894,1,pls size bada hai pls return,2026-06-13
RV002048,DH-KUR-00004,C00079,O013648,3,hi see through hai kapda jaldi pickup karo,2026-08-18
RV002049,DH-KID-00441,C05594,O000776,4,,2026-05-08
RV002050,DH-KUR-00133,C02686,O001491,5,,2024-12-11
RV002051,DH-KUR-00131,C00130,O015039,4,perfect fit,2024-12-22
RV002052,DH-DRE-00240,C00434,O015547,1,bhaiya pehli dhulai me shrink ho gaya pls return,2026-03-30
RV002053,DH-KUR-00114,C01465,O022123,2,colour fade sa hai photo jaisa nahi,2026-05-14
RV002054,DH-KUR-00121,C02792,O002098,4,mast hai 👍,2025-03-21
RV002055,DH-SCH-00472,C03736,O010022,5,loved it,2025-11-22
RV002056,DH-DRE-00234,C02630,O007292,5,loved it,2026-06-10
RV002057,DH-FRO-00419,C04170,O019064,4,nice quality for the price,2024-11-27
RV002058,DH-MEN-00581,C01402,O006670,5,bahut achha hai,2024-11-18
RV002059,DH-KUR-00135,C01857,O011074,3,mam bahut loose hai very disappointed,2025-04-08
RV002060,DH-MEN-00556,C03586,O005577,4,bahut achha hai,2026-07-23
RV002061,DH-MEN-00581,C00822,O021212,5,kapda achha hai,2025-10-05
RV002062,DH-KUR-00125,C02284,O004981,5,comfortable hai,2024-12-25
RV002063,DH-MEN-00546,C03266,O001418,5,office ke liye perfect,2024-12-11
RV002064,DH-TOP-00311,C00166,O016560,5,bahut achha hai,2025-07-28
RV002065,DH-DRE-00192,C00956,O012631,1,"hello, image me bright tha real me dull hai",2025-04-18
RV002066,DH-FRO-00387,C03906,O020455,5,loved it,2025-01-26
RV002067,DH-KID-00448,C05732,O007175,4,perfect fit,2024-12-12
RV002068,DH-FRO-00369,C05846,O019999,5,,2026-06-28
RV002069,DH-KID-00521,C00647,O015201,5,colour same as photo,2025-10-29
RV002070,DH-KID-00462,C03590,O006291,5,kapda achha hai,2024-10-29
RV002071,DH-KID-00458,C05205,O021221,5,bahut achha hai,2025-06-06
RV002072,DH-KID-00422,C00100,O002058,5,beti ko bahut pasand aaya,2025-12-04
RV002073,DH-SCH-00465,C01614,O008961,2,sir ek wash me rang chala gaya 🙏,2025-11-18
RV002074,DH-TOP-00259,C05381,O012156,1,"hello, pehli dhulai me shrink ho gaya exchange nahi chahiye",2025-12-06
RV002075,DH-KUR-00149,C03626,O007823,4,perfect fit,2025-02-05
RV002076,DH-FRO-00371,C05234,O000104,5,office ke liye perfect,2025-05-22
RV002077,DH-TOP-00293,C05542,O018732,1,pls return !!,2025-06-13
RV002078,DH-DRE-00206,C04592,O001136,5,office ke liye perfect,2025-08-18
RV002079,DH-KUR-00154,C01484,O023311,1,kapda bahut patla hai refund chahiye,2024-10-19
RV002080,DH-KUR-00104,C03299,O018089,2,mam smaller than usual size refund chahiye,2026-08-30
RV002081,DH-KUR-00069,C01946,O003685,1,mam waist pe nahi aaya jaldi pickup karo,2026-09-27
RV002082,DH-PAL-00342,C01309,O004675,5,bahut achha hai,2025-12-12
RV002083,DH-SCH-00474,C05439,O015806,5,bahut achha hai,2024-12-15
RV002084,DH-FRO-00364,C01493,O008499,5,loved it,2026-08-01
RV002085,DH-KUR-00049,C00088,O022077,1,bhaiya print utar raha hai pls return,2026-09-27
RV002086,DH-DRE-00184,C03154,O004690,4,mast hai 👍,2025-10-25
RV002087,DH-KUR-00122,C03263,O013915,4,comfortable hai,2025-08-29
RV002088,DH-DRE-00189,C00863,O018848,1,SIR BAHUT LOOSE HAI 🙏,2025-12-22
RV002089,DH-KUR-00179,C04512,O022801,4,beti ko bahut pasand aaya,2025-02-15
RV002090,DH-TOP-00311,C02081,O017835,2,pls sleeves tight hai arms me refund chahiye,2025-01-31
RV002091,DH-TOP-00273,C02347,O013284,3,PLS TIGHT HAI,2025-07-14
RV002092,DH-KUR-00042,C00873,O004544,5,,2025-11-09
RV002093,DH-CO--00360,C05342,O006617,4,kapda achha hai,2025-11-16
RV002094,DH-PAL-00336,C05339,O017439,2,bahut loose hai !!,2026-03-17
RV002095,DH-PAL-00326,C02367,O005690,4,perfect fit,2024-11-14
RV002096,DH-KUR-00121,C02230,O023172,5,value for money,2026-05-02
RV002097,DH-KUR-00063,C04852,O005029,5,,2026-03-23
RV002098,DH-KUR-00149,C05001,O012370,5,office ke liye perfect,2026-08-15
RV002099,DH-TOP-00254,C03519,O023644,5,value for money,2026-06-23
RV002100,DH-KUR-00149,C03295,O000842,1,hi fabric rough hai skin pe chubhta hai jaldi pickup karo,2026-01-21
RV002101,DH-KUR-00149,C04648,O007641,5,comfortable hai,2026-02-28
RV002102,DH-KUR-00100,C01602,O007705,5,value for money,2024-12-29
RV002103,DH-TRA-00600,C02092,O021305,1,hi beti ke liye liya tha chhota pad gaya exchange nahi chahiye,2026-09-23
RV002104,DH-TOP-00285,C05106,O021928,1,MAM TIGHT HHAI !!,2024-10-29
RV002105,DH-KUR-00021,C01611,O007358,1,"hello, acha nahi laga",2024-11-18
RV002106,DH-KUR-00055,C01062,O002215,1,mam tight hai 🙏,2026-07-29
RV002107,DH-TOP-00266,C05391,O004821,5,,2026-07-15
RV002108,DH-KID-00425,C02597,O020988,5,kapda achha hai,2025-04-16
RV002109,DH-TOP-00271,C00172,O021124,3,ek wash me rang chala gaya very disappointed,2025-02-25
RV002110,DH-MEN-00557,C00413,O019846,5,beti ko bahut pasand aaya,2024-12-13
RV002111,DH-TOP-00307,C02727,O000362,4,colour same as photo,2026-08-31
RV002112,DH-TOP-00284,C01818,O013226,2,pls image me bright th real me dull hai very disappointed,2026-03-24
RV002113,DH-KID-00462,C05291,O017394,4,mast hai 👍,2025-11-13
RV002114,DH-KID-00455,C04457,O005252,4,value for money,2026-06-19
RV002115,DH-KUR-00093,C05029,O012244,3,bhaiya XL bhi tight hai kya size h ye 🙏,2026-05-24
RV002116,DH-MEN-00545,C05540,O002370,4,kapda achha hai,2026-01-27
RV002117,DH-KUR-00149,C04379,O013584,2,"hello, XL bhi tight hai kya size h ye refund chahiye",2025-09-14
RV002118,DH-TRA-00595,C00921,O000621,5,,2024-10-30
RV002119,DH-FRO-00368,C04545,O004660,5,mast hai 👍,2026-07-26
RV002120,DH-KID-00518,C04553,O022057,2,pls sleeves tight hai arms me !!,2025-07-13
RV002121,DH-FRO-00402,C05134,O011061,5,perfect fit,2026-07-22
RV002122,DH-FRO-00408,C01222,O015351,5,bahut achha hai,2026-09-23
RV002123,DH-CO--00360,C03099,O002354,5,nice quality for the price,2026-08-17
RV002124,DH-TOP-00263,C01719,O013093,4,perfect fit,2025-11-03
RV002125,DH-DRE-00202,C03540,O012992,3,"material not as described, ye cotton nahi lagta jaldi pickup karo",2025-01-13
RV002126,DH-FRO-00396,C05626,O019097,4,bahut achha hai,2026-02-06
RV002127,DH-KUR-00161,C00448,O001640,5,office ke liye perfect,2026-08-02
RV002128,DH-FRO-00401,C05828,O022211,3,quality bilkul bekar !!,2025-03-15
RV002129,DH-DRE-00184,C00273,O011456,1,SIZE CHART SE BADA NIKLA,2025-01-06
RV002130,DH-SCH-00467,C00726,O022342,2,bhaiya quality achhi nahi hai very disappointed,2025-03-28
RV002131,DH-KID-00444,C01619,O018860,5,comfortable hai,2025-04-09
RV002132,DH-FRO-00419,C01226,O002120,4,perfect fit,2025-04-11
RV002133,DH-DRE-00190,C03660,O012948,5,kapda achha hai,2025-04-16
RV002134,DH-SCH-00478,C05295,O019446,2,pls kapda bahut patla hai !!,2026-06-03
RV002135,DH-MEN-00581,C05788,O023621,4,bahut achha hai,2025-11-19
RV002136,DH-DRE-00250,C02883,O007108,5,,2025-03-13
RV002137,DH-PAL-00335,C05915,O017628,1,rang bilkul alag hai pls return,2026-07-09
RV002138,DH-DRE-00209,C01222,O005347,5,comfortable hai,2024-11-13
RV002139,DH-KID-00534,C01633,O015965,1,"sir size M bahut tight hai, L lena padega",2026-09-24
RV002140,DH-KUR-00063,C05649,O006027,5,beti ko bahut pasand aaya,2025-06-30
RV002141,DH-TOP-00282,C02593,O018910,5,loved it,2026-01-14
RV002142,DH-KUR-00013,C05686,O017723,2,"photo me maroon dikha, aaya brown very disappointed",2026-08-30
RV002143,DH-KID-00425,C00266,O012832,5,office ke liye perfect,2026-07-27
RV002144,DH-TOP-00298,C02074,O017276,5,colour same as photo,2026-07-17
RV002145,DH-DRE-00218,C03740,O013143,2,bahut loose hai pls return,2025-12-02
RV002146,DH-TRA-00591,C04271,O001301,5,mast hai 👍,2025-12-27
RV002147,DH-SCH-00497,C01640,O022461,4,value for money,2025-04-01
RV002148,DH-KUR-00149,C05848,O020626,5,beti ko bahut pasand aaya,2024-12-24
RV002149,DH-DRE-00235,C02230,O018853,5,loved it,2026-09-03
RV002150,DH-DRE-00210,C01296,O022292,3,"too small, chest pe fit nahi hua",2026-08-06
RV002151,DH-KID-00425,C03136,O002499,4,perfect fit,2025-03-17
RV002152,DH-PAL-00326,C03697,O003072,4,office ke liye perfect,2026-01-28
RV002153,DH-KID-00433,C01863,O021447,5,comfortable hai,2026-02-08
RV002154,DH-DRE-00213,C02946,O019589,5,office ke liye perfect,2024-11-25
RV002155,DH-KUR-00084,C04420,O008951,2,MAM LENGTH BAHUT ZYADA HAI VERY DISAPPOINTED,2026-03-04
RV002156,DH-SCH-00463,C01286,O018992,2,sir size chart se bada nikla very disappointed,2026-04-18
RV002157,DH-DRE-00211,C05183,O021821,5,colour same as photo,2026-05-09
RV002158,DH-KUR-00016,C03704,O019902,1,"chhota aa gaya, size chart galat hai jaldi pickup karo",2024-11-17
RV002159,DH-KID-00504,C05849,O010106,4,value for money,2025-11-03
RV002160,DH-KUR-00125,C00443,O022514,4,bahut achha hai,2025-03-04
RV002161,DH-TOP-00284,C04864,O005562,5,beti ko bahut pasand aaya,2026-09-26
RV002162,DH-KID-00528,C05528,O012609,5,beti ko bahut pasand aaya,2024-12-03
RV002163,DH-KID-00505,C03279,O003393,1,XL bhi tight hai kya size h ye very disappointed,2025-10-21
RV002164,DH-DRE-00223,C01777,O008356,1,hi quality achhi nahi hai,2026-07-05
RV002165,DH-KUR-00080,C01008,O000108,2,maine kurti mangayi thi top aaya,2026-04-26
RV002166,DH-KUR-00117,C01511,O004674,4,value for money,2026-09-09
RV002167,DH-KID-00529,C03204,O014205,5,mast hai 👍,2026-08-26
RV002168,DH-KUR-00114,C05419,O013600,1,rang halka hai bahut,2025-06-19
RV002169,DH-FRO-00418,C02395,O023215,5,,2025-01-15
RV002170,DH-KUR-00006,C04576,O007260,2,stain mila delivery pe exchange nahi chahiye,2026-03-12
RV002171,DH-SCH-00467,C01602,O017116,1,sir कपड़ा बहुत पतला है,2026-02-27
RV002172,DH-TOP-00266,C00906,O000550,2,different design aaya pls return,2024-11-15
RV002173,DH-DRE-00182,C04887,O002951,1,BHAIYA साइज़ छोटा है VERY DISAPPOINTED,2026-09-27
RV002174,DH-KID-00517,C03961,O020615,4,bahut achha hai,2026-05-26
RV002175,DH-KUR-00030,C03254,O007610,3,"SIR LOOSE FITTING, MERE SIZE KA NAHI LAGTA",2025-12-21
RV002176,DH-FRO-00386,C02123,O013236,4,kapda achha hai,2024-11-16
RV002177,DH-KUR-00111,C05820,O021743,5,,2025-11-06
RV002178,DH-MEN-00576,C05587,O021231,4,comfortable hai,2026-06-22
RV002179,DH-SCH-00480,C03978,O017981,2,too loose at waist,2025-05-21
RV002180,DH-KUR-00129,C05848,O022371,5,mast hai 👍,2024-10-26
RV002181,DH-KID-00528,C00774,O014678,5,perfect fit,2025-09-25
RV002182,DH-KUR-00165,C03151,O007185,4,comfortable hai,2026-05-20
RV002183,DH-KID-00539,C05082,O000986,4,bahut achha hai,2026-06-02
RV002184,DH-FRO-00379,C03716,O003206,1,कपड़ा बहुत पतला है jaldi pickup karo,2025-12-14
RV002185,DH-SCH-00496,C00933,O018839,5,mast hai 👍,2025-11-24
RV002186,DH-DRE-00243,C04001,O007590,3,pls ordered l but feels like s jaldi pickup karo,2026-09-18
RV002187,DH-TRA-00590,C03752,O005422,5,,2026-04-09
RV002188,DH-DRE-00251,C02867,O005303,4,loved it,2026-03-10
RV002189,DH-MEN-00567,C00658,O003156,2,pls same as before refund chahiye,2026-07-24
RV002190,DH-DRE-00215,C01044,O004810,5,mast hai 👍,2025-11-22
RV002191,DH-PAL-00337,C01295,O013670,5,,2026-02-01
RV002192,DH-SCH-00479,C05420,O004644,5,,2025-04-28
RV002193,DH-KID-00515,C05621,O012821,5,kapda achha hai,2025-11-05
RV002194,DH-SCH-00474,C05285,O022186,2,wrong item received,2024-12-14
RV002195,DH-KUR-00093,C04093,O000246,5,value for money,2025-09-29
RV002196,DH-KUR-00052,C03077,O013716,4,value for money,2026-03-27
RV002197,DH-TOP-00259,C04419,O020817,2,pls fabric rough hia skin pe chubhta hai jaldi pickup karo,2026-06-26
RV002198,DH-TOP-00263,C05703,O011411,2,print utar raha hai !!,2026-07-26
RV002199,DH-DRE-00204,C05735,O002228,3,sir ek wash me rang chala gaya !!,2025-07-09
RV002200,DH-FRO-00409,C04497,O003188,5,bahut achha hai,2025-06-13
RV002201,DH-MEN-00546,C02885,O023417,5,loved it,2024-10-23
RV002202,DH-TOP-00273,C00028,O004967,1,pls shoulders gir rahe hain itna loose jaldi pickup karo,2025-11-29
RV002203,DH-DRE-00188,C01056,O009728,2,sir very thni cloth very disappointed,2025-11-13
RV002204,DH-DRE-00204,C01979,O002807,2,bekar !!,2025-02-20
RV002205,DH-KID-00448,C01449,O018260,1,"HELLO, M MANGAYA THA BADA AAYA !!",2026-02-12
RV002206,DH-KID-00433,C00964,O008009,2,"too big, ekdum dheela exchange nahi chahiye",2026-07-10
RV002207,DH-PAL-00326,C05813,O009150,5,comfortable hai,2024-11-10
RV002208,DH-FRO-00399,C00766,O019841,5,perfect fit,2026-04-08
RV002209,DH-TOP-00310,C03958,O022259,5,bahut achha hai,2026-01-01
RV002210,DH-DRE-00198,C02939,O001764,2,HI SMALLER THAN USUAL IZE REFUND CHAHIYE,2024-11-25
RV002211,DH-PAL-00340,C05550,O008606,3,"hello, aha nahi laga !!",2025-02-28
RV002212,DH-KID-00462,C01509,O013463,4,bahut achha hai,2025-05-03
RV002213,DH-TOP-00291,C03702,O011213,4,colour same as photo,2026-03-25
RV002214,DH-KUR-00084,C03869,O011302,5,loved it,2026-01-07
RV002215,DH-KUR-00074,C03868,O002780,2,"pls too ibg, ekdum dheela very disappointed",2026-09-02
RV002216,DH-KUR-00129,C03470,O006992,5,,2025-03-12
RV002217,DH-CO--00348,C02004,O008955,3,quality achhi nahi hai,2025-11-10
RV002218,DH-TOP-00268,C03768,O009905,2,pls साइज़ छोटा है jaldi pickup karo,2025-08-24
RV002219,DH-DRE-00202,C00402,O009225,5,value for money,2024-10-26
RV002220,DH-TOP-00273,C02087,O012030,3,"SIR LOOSE FITTING, MERE SIZE KA NAHI LAGTA PLS RETURN",2025-03-06
RV002221,DH-KID-00431,C01123,O018300,5,,2024-10-30
RV002222,DH-TRA-00600,C00045,O023634,5,bahut achha hai,2026-09-27
RV002223,DH-FRO-00409,C01807,O011464,4,office ke liye perfect,2024-11-07
RV002224,DH-DRE-00202,C00994,O000549,4,beti ko bahut pasand aaya,2024-12-15
RV002225,DH-DRE-00213,C03691,O009421,2,length bahut zyada hai pls return,2025-08-24
RV002226,DH-KID-00503,C04741,O009198,4,value for money,2024-12-28
RV002227,DH-DRE-00192,C02816,O001451,1,colour fade sa hai phoot jaisa nahi jaldi pickup karo,2025-07-16
RV002228,DH-KUR-00113,C00297,O012796,5,beti ko bahut pasand aaya,2024-10-19
RV002229,DH-FRO-00406,C01289,O018692,4,,2026-02-19
RV002230,DH-KID-00504,C05224,O002447,4,comfortable hai,2025-08-18
RV002231,DH-KUR-00039,C05736,O012006,5,colour same as photo,2025-12-12
RV002232,DH-KUR-00108,C05218,O002235,3,"loose fitting, mere size ka nahi lagta 🙏",2025-08-30
RV002233,DH-FRO-00403,C03374,O009611,4,beti ko bahut pasand aaya,2025-12-25
RV002234,DH-KUR-00035,C02788,O002363,3,size chart pe 38 likha tha but 36 jaisa hai pls return,2026-04-25
RV002235,DH-KID-00426,C00586,O010821,4,office ke liye perfect,2026-06-06
RV002236,DH-KID-00455,C03790,O001219,5,mast hai 👍,2025-10-14
RV002237,DH-KID-00457,C04889,O009750,1,"hello, image me bright tha real me dull hai",2025-07-11
RV002238,DH-SCH-00465,C01558,O006671,3,mam quality achhi nahi hai,2025-02-22
RV002239,DH-TOP-00299,C01380,O020619,5,office ke liye perfect,2025-11-25
RV002240,DH-FRO-00383,C03231,O023952,1,nto good,2026-06-30
RV002241,DH-DRE-00230,C00143,O018999,1,mam size chota hai !!,2026-09-03
RV002242,DH-KUR-00016,C01595,O020622,1,sir packet geela tha kapda kharab exchange nahi chahiye,2024-12-07
RV002243,DH-FRO-00419,C02503,O010508,5,nice quality for the price,2024-12-04
RV002244,DH-DRE-00190,C01615,O003483,5,mast hai 👍,2025-04-23
RV002245,DH-TRA-00595,C03679,O009193,1,mam bahut loose hai,2024-12-16
RV002246,DH-DRE-00239,C04200,O009840,2,sir size choa hai !!,2025-10-11
RV002247,DH-MEN-00553,C01743,O010927,4,comfortable hai,2025-08-30
RV002248,DH-KID-00422,C03471,O018036,3,sir doosra colour bhej diya jaldi pickup karo,2025-10-08
RV002249,DH-MEN-00569,C01564,O000309,2,stain mila delivery pe,2026-07-13
RV002250,DH-KID-00509,C03274,O000982,4,colour same as photo,2025-09-25
RV002251,DH-KID-00502,C05242,O008052,2,shoulders gir rahe hain itna loose very disappointed,2025-07-07
RV002252,DH-KUR-00112,C00983,O000416,2,pls pehli dhulai me shrink ho gaya very disappointed,2025-05-15
RV002253,DH-KID-00524,C02463,O019502,3,hi tight hai exchange nahi chahiye,2026-08-31
RV002254,DH-DRE-00204,C05989,O014157,2,sir ordered L but feels like S pls return,2025-04-27
RV002255,DH-KID-00503,C04754,O007970,2,wrong item received refund chahiye,2025-01-17
RV002256,DH-TOP-00294,C03178,O020339,5,nice quality for the price,2026-08-03
RV002257,DH-KID-00514,C04297,O004691,4,nice quality for the price,2026-04-17
RV002258,DH-TOP-00297,C05920,O007552,5,perfect fit,2025-09-21
RV002259,DH-FRO-00389,C04686,O022468,5,loved it,2026-04-13
RV002260,DH-KID-00422,C05803,O021995,2,pls button toota hua tha 🙏,2026-04-29
RV002261,DH-FRO-00388,C01014,O010054,1,FABRIC CHEAP LAG RAHA HAI JALDI PICKUP KARO,2024-10-29
RV002262,DH-KID-00451,C00638,O014421,4,mast hai 👍,2025-08-31
RV002263,DH-KID-00499,C00706,O004120,5,colour same as photo,2025-10-26
RV002264,DH-CO--00355,C00221,O018690,2,bhaiya bekar,2025-03-21
RV002265,DH-TRA-00600,C00598,O001014,5,nice quality for the price,2025-04-04
RV002266,DH-DRE-00181,C03088,O017780,5,,2025-05-19
RV002267,DH-KUR-00137,C05688,O010670,3,mustard bola tha ye to green yellow hai exchange nahi chahiye,2025-04-02
RV002268,DH-KID-00522,C03477,O000207,1,packet khula tha aur kapde pe daag hai,2025-11-09
RV002269,DH-KUR-00023,C05289,O008784,4,nice quality for the price,2026-07-05
RV002270,DH-FRO-00368,C00284,O013058,1,BHAIYA RANG BILKUL ALAG HAI JALDI PICKUP KARO,2025-08-07
RV002271,DH-KID-00434,C04468,O023637,5,kapda achha hai,2025-06-20
RV002272,DH-SCH-00474,C04309,O011363,5,,2026-03-24
RV002273,DH-KUR-00053,C01862,O023229,5,bahut achha hai,2025-12-24
RV002274,DH-TOP-00301,C05143,O001718,5,loved it,2025-02-02
RV002275,DH-TOP-00273,C00891,O006240,2,"hi chhota aa gaa, size chart galat hai pls return",2026-03-27
RV002276,DH-KID-00506,C04812,O016791,4,value for money,2025-09-12
RV002277,DH-KID-00503,C05863,O015862,3,"bhaiya Size small aaya, mera regular M h !!",2025-02-12
RV002278,DH-FRO-00411,C03665,O009539,2,bhaiya size chart pe 38 likha tha but 36 jaisa hai 🙏,2026-05-08
RV002279,DH-KUR-00118,C04224,O019468,1,sir smaller tan usual size !!,2026-05-11
RV002280,DH-TOP-00293,C01039,O009915,5,colour same as photo,2026-05-29
RV002281,DH-KUR-00163,C04061,O000797,5,comfortable hai,2026-07-20
RV002282,DH-DRE-00252,C03773,O008681,4,comfortable hai,2026-04-27
RV002283,DH-CO--00348,C05937,O016113,2,reutrn 🙏,2024-11-18
RV002284,DH-FRO-00393,C00605,O006963,5,beti ko bahut pasand aaya,2026-02-04
RV002285,DH-KUR-00024,C05640,O017086,5,loved it,2026-06-08
RV002286,DH-KID-00521,C02288,O002710,2,hi length bahut zyada hai 🙏,2025-06-25
RV002287,DH-TOP-00253,C05411,O004083,1,sir fabricc cheap lag raha hai !!,2025-09-11
RV002288,DH-KID-00537,C02480,O010939,4,bahut achha hai,2025-12-27
RV002289,DH-KUR-00058,C01817,O019631,4,value for money,2026-04-30
RV002290,DH-KUR-00050,C01190,O012436,5,,2025-04-17
RV002291,DH-KUR-00137,C01188,O015782,1,"stitching kharab hai, dhaagenikal rahe exchange nahi chahiye",2026-01-12
RV002292,DH-TOP-00279,C00259,O020378,5,kapda achha hai,2025-04-16
RV002293,DH-KUR-00063,C05317,O008140,5,loved it,2025-08-10
RV002294,DH-KUR-00149,C01641,O010592,4,loved it,2026-09-27
RV002295,DH-SCH-00472,C05577,O022680,4,mast hai 👍,2025-05-01
RV002296,DH-FRO-00419,C05482,O010917,3,hi quality blikul bekar exchange nahi chahiye,2025-02-26
RV002297,DH-DRE-00189,C01299,O012423,3,bhaiya ran bilkul alag hai,2026-03-18
RV002298,DH-SCH-00466,C03559,O015386,5,office ke liye perfect,2026-01-27
RV002299,DH-FRO-00381,C03495,O002634,5,comfortable hai,2025-09-04
RV002300,DH-KUR-00136,C04446,O002529,5,,2025-10-18
RV002301,DH-KUR-00008,C01481,O021238,5,value for money,2025-01-15
RV002302,DH-FRO-00388,C01792,O018459,5,loved it,2025-03-27
RV002303,DH-PAL-00340,C01655,O002596,4,,2025-03-08
RV002304,DH-KUR-00169,C01249,O022908,4,loved it,2026-09-25
RV002305,DH-CO--00353,C04585,O019975,5,perfect fit,2025-05-14
RV002306,DH-KUR-00139,C00126,O002538,5,beti ko bahut pasand aaya,2025-04-15
RV002307,DH-DRE-00192,C05382,O006232,5,,2025-03-16
RV002308,DH-TOP-00282,C04629,O021402,5,value for money,2026-05-18
RV002309,DH-TRA-00595,C02113,O010177,2,"MAM PHOTO ME MAROON DIKHA, AAYA BROWN VERY DISAPPOINTED",2024-11-11
RV002310,DH-KUR-00052,C05227,O020915,4,loved it,2025-05-16
RV002311,DH-FRO-00403,C05487,O010608,1,"hello, रंग फोटो से अलग है",2026-02-16
RV002312,DH-KUR-00048,C02588,O019884,2,sir quality achhi nahi hai !!,2026-04-06
RV002313,DH-KUR-00052,C03654,O005076,5,mast hai 👍,2026-07-12
RV002314,DH-KID-00445,C00970,O013793,5,colour same as photo,2025-01-13
RV002315,DH-KID-00437,C05520,O005337,5,mast hai 👍,2026-09-24
RV002316,DH-KID-00507,C01561,O019510,5,value for money,2024-12-26
RV002317,DH-KUR-00163,C01513,O006479,5,,2025-11-12
RV002318,DH-KUR-00118,C00401,O020071,1,bhaiya ye mera order nahi hai jaldi pickup karo,2026-03-20
RV002319,DH-TRA-00595,C01509,O015726,4,bahut achha hai,2024-11-03
RV002320,DH-DRE-00190,C00945,O022363,1,pls oversiized lag raha hai jabki regular fit likha tha,2025-03-10
RV002321,DH-TRA-00599,C02006,O006691,2,pls see through hai kapda 🙏,2025-03-30
RV002322,DH-KID-00431,C00150,O003171,4,colour same as photo,2025-06-15
RV002323,DH-TOP-00265,C03598,O013593,3,hi pink mangaya tha peach aaya refund chahiye,2026-04-17
RV002324,DH-DRE-00193,C02447,O020590,2,"hello, size M bahut tight hai, L lena padega 🙏",2026-01-15
RV002325,DH-KUR-00092,C03906,O019946,2,hi lenght bahut zyada hai 🙏,2025-05-18
RV002326,DH-KID-00524,C00695,O005233,4,comfortable hai,2026-01-20
RV002327,DH-FRO-00381,C03988,O018682,3,rang halka hai bahut,2026-09-04
RV002328,DH-PAL-00313,C01660,O002307,5,colour same as photo,2026-03-27
RV002329,DH-KUR-00109,C05839,O022879,2,ordered l but feels like s 🙏,2025-12-08
RV002330,DH-DRE-00190,C03460,O015780,3,ver thin cloth 🙏,2025-06-17
RV002331,DH-TOP-00273,C02568,O005986,4,beti ko bahut pasand aaya,2026-04-11
RV002332,DH-TRA-00595,C01854,O020259,5,bahut achha hai,2024-11-02
RV002333,DH-FRO-00374,C04735,O003749,1,bhaiya kapda bahut patla hai 🙏,2026-09-27
RV002334,DH-KUR-00043,C00217,O002253,4,kapda achha hai,2026-07-29
RV002335,DH-DRE-00235,C05698,O021955,4,comfortable hai,2025-09-25
RV002336,DH-KUR-00133,C04846,O009956,1,"kurti bahut fit hai, breathe nahi kar pa rahi refund chahiye",2024-10-23
RV002337,DH-DRE-00217,C05619,O005874,4,beti ko bahut pasand aaya,2026-07-28
RV002338,DH-SCH-00470,C02574,O005888,5,kapda achha hai,2026-02-15
RV002339,DH-CO--00354,C04490,O005913,5,loved it,2024-11-20
RV002340,DH-KID-00451,C03314,O009172,4,colour same as photo,2024-12-10
RV002341,DH-CO--00348,C05342,O019429,5,,2026-05-14
RV002342,DH-FRO-00365,C03873,O005520,1,"pls material not as described, ye cotton nahi lagta",2025-10-20
RV002343,DH-MEN-00581,C03611,O010201,1,hi beti ke liye lia tha chhota pad gaya very disappointed,2024-11-08
RV002344,DH-TOP-00259,C02717,O014956,1,bhaiya too loose at waist !!,2026-04-16
RV002345,DH-FRO-00380,C01718,O023416,2,SIR GALAT PRODUCT AAYA EXCHANGE NAHI CHAHIYE,2026-05-01
RV002346,DH-PAL-00336,C01452,O022752,5,comfortable hai,2026-07-03
RV002347,DH-MEN-00544,C05716,O019208,4,beti ko bahut pasand aaya,2025-09-22
RV002348,DH-KID-00451,C04306,O023595,2,hi size chart pe 38 likha tha but 36 jaisa hai pls return,2025-12-24
RV002349,DH-FRO-00378,C03753,O016301,4,,2026-07-19
RV002350,DH-KUR-00151,C01409,O014116,5,beti ko bahut pasand aaya,2025-09-12
RV002351,DH-KUR-00101,C01448,O014155,5,kapda achha hai,2026-07-18
RV002352,DH-KUR-00050,C05330,O023053,5,,2025-10-29
RV002353,DH-KID-00445,C02316,O007181,5,,2024-12-27
RV002354,DH-DRE-00202,C02812,O003074,3,kadpa bahut patla hai pls return,2026-01-20
RV002355,DH-DRE-00221,C02512,O021411,1,"hello, ordered L but feels like S jaldi pickup karo",2025-12-10
RV002356,DH-PAL-00328,C04741,O008777,5,bahut achha hai,2025-04-15
RV002357,DH-PAL-00340,C00678,O008655,5,colour same as photo,2025-09-01
RV002358,DH-KUR-00042,C01027,O023309,5,colour same as photo,2026-03-15
RV002359,DH-KUR-00140,C00251,O003820,5,mast hai 👍,2026-08-20
RV002360,DH-KUR-00142,C00317,O018683,5,bahut achha hai,2025-12-14
RV002361,DH-KUR-00043,C00437,O003216,2,"wrong size bheja, m order kiya tha xl aaya !!",2026-09-27
RV002362,DH-FRO-00403,C01137,O012494,5,value for money,2026-09-15
RV002363,DH-TOP-00269,C05883,O000202,5,colour same as photo,2026-01-27
RV002364,DH-KUR-00024,C00369,O020547,1,pls color is different fom image,2026-01-04
RV002365,DH-TOP-00276,C00881,O006015,5,colour same as photo,2026-04-03
RV002366,DH-PAL-00324,C02501,O023960,3,SIR COLOUR MISMATCH EXCHANGE NAHI CHAHIYE,2026-05-21
RV002367,DH-FRO-00368,C05465,O019501,5,bahut achha hai,2026-09-03
RV002368,DH-KID-00430,C03807,O022595,1,hi tihgt hai,2025-06-26
RV002369,DH-MEN-00554,C02090,O017309,5,beti ko bahut pasand aaya,2026-04-10
RV002370,DH-KUR-00013,C01618,O001806,2,sir colour missmatch,2026-08-19
RV002371,DH-DRE-00221,C04672,O003389,4,comfortable hai,2026-09-07
RV002372,DH-KID-00454,C00834,O009836,5,nice quality for the price,2025-11-26
RV002373,DH-TOP-00277,C04859,O009969,2,mustard bola tha ye to green yello whai jaldi pickup karo,2026-04-02
RV002374,DH-KUR-00180,C04282,O017939,2,sir pink mangaya tha peach aaya jaldi pickup karo,2025-03-30
RV002375,DH-MEN-00576,C01985,O017265,4,kapda achha hai,2026-08-09
RV002376,DH-SCH-00489,C00642,O019642,5,colour same as photo,2025-01-03
RV002377,DH-KID-00428,C04162,O000038,5,,2025-10-23
RV002378,DH-DRE-00207,C01954,O010012,5,office ke liye perfect,2026-03-23
RV002379,DH-SCH-00468,C02332,O005131,4,loved it,2024-11-30
RV002380,DH-MEN-00557,C04474,O019230,1,"size M bahut tight hai, L lena padega jaldi pickup karo",2025-08-07
RV002381,DH-CO--00355,C05967,O017689,5,comfortable hai,2025-07-22
RV002382,DH-TOP-00306,C01720,O002357,4,comfortable hai,2025-09-11
RV002383,DH-FRO-00407,C01077,O004666,4,loved it,2025-11-25
RV002384,DH-TOP-00278,C04644,O013950,2,"hello, fabric rough hai skin pe chubhta hai",2025-12-07
RV002385,DH-KID-00511,C03594,O012957,5,bahut achha hai,2025-05-27
RV002386,DH-KUR-00171,C05096,O021094,3,"mam stitching kharab hai, dhaage nikal rahe refund chahiye",2024-12-21
RV002387,DH-FRO-00399,C01612,O023692,5,kapda achha hai,2026-07-04
RV002388,DH-KUR-00052,C03511,O007080,2,MAM VERY THIN CLOTH VERY DISAPPOINTED,2025-08-04
RV002389,DH-MEN-00555,C01220,O019256,5,mast hai 👍,2025-03-01
RV002390,DH-KUR-00094,C01910,O019167,4,office ke liye perfect,2025-11-05
RV002391,DH-TOP-00253,C05857,O013526,5,bahut achha hai,2026-08-31
RV002392,DH-KUR-00061,C02819,O006425,4,,2026-09-20
RV002393,DH-DRE-00245,C02261,O017888,4,colour same as photo,2026-01-22
RV002394,DH-DRE-00190,C03112,O018367,5,nice quality for the price,2026-02-24
RV002395,DH-DRE-00213,C05725,O012555,4,office ke liye perfect,2026-08-11
RV002396,DH-DRE-00220,C05524,O023388,5,nice quality for the price,2025-10-04
RV002397,DH-TOP-00302,C03391,O021483,2,hi ye wala shade nahi th website pe pls return,2025-01-09
RV002398,DH-MEN-00582,C00474,O013051,1,sir pehli dhulai me shrink ho gaya !!,2025-11-07
RV002399,DH-KID-00457,C04578,O012068,5,,2026-05-01
RV002400,DH-KUR-00047,C00388,O007852,5,loved it,2024-12-21
RV002401,DH-KID-00523,C05713,O005427,4,colour same as photo,2025-01-30
RV002402,DH-TRA-00600,C02092,O021305,5,kapda achha hai,2026-09-27
RV002403,DH-DRE-00200,C05696,O000827,3,hi m mangaya tha bada aaya,2026-04-17
RV002404,DH-TOP-00288,C05055,O014104,1,zip kaam nahi kar rahi very disappointed,2026-01-04
RV002405,DH-SCH-00492,C00938,O004789,4,value for money,2026-02-17
RV002406,DH-TOP-00259,C03494,O008610,2,HI HOLE HAI SLEEVE PE,2026-06-30
RV002407,DH-TOP-00302,C02812,O014790,5,mast hai 👍,2025-09-19
RV002408,DH-KID-00534,C00527,O004993,3,sir oversized lag raha hai jabki regular fit likha tha very disappointed,2026-02-04
RV002409,DH-DRE-00182,C04652,O009566,2,"kurti bahut fit hai, berathe nahi kar pa rahi",2026-01-22
RV002410,DH-MEN-00570,C00446,O002319,1,retunr exchange nahi chahiye,2026-05-11
RV002411,DH-KID-00455,C03031,O008515,5,nice quality for the price,2025-09-09
RV002412,DH-DRE-00249,C00956,O012018,5,,2026-02-13
RV002413,DH-SCH-00474,C01867,O018104,4,loved it,2024-10-11
RV002414,DH-TRA-00589,C02970,O017090,5,kapda achha hai,2025-08-10
RV002415,DH-MEN-00585,C04184,O004903,2,see through hai kapda very disappointed,2025-08-27
RV002416,DH-TOP-00308,C02893,O001449,5,value for money,2026-07-09
RV002417,DH-MEN-00573,C00172,O017974,5,nice quality for the price,2026-05-24
RV002418,DH-KUR-00141,C00088,O010725,2,bhaiya size chart pe 38 likha tha but 36 jaisa hai very disappointed,2025-11-23
RV002419,DH-KUR-00092,C02098,O005211,1,"hi chhota aa gaya, size chart galat hai exchange nahi chahiye",2025-12-06
RV002420,DH-DRE-00232,C03647,O023408,2,"TOO BIG, EKDUM DHEELA JALDI PICKUP KARO",2026-07-24
RV002421,DH-KUR-00022,C05980,O004230,3,fabric rough hai skin pe chubhta hai,2026-07-15
RV002422,DH-FRO-00420,C03381,O021614,4,nice quality for the price,2026-05-06
RV002423,DH-KID-00443,C04479,O011309,5,nice quality for the price,2025-08-12
RV002424,DH-KID-00503,C03610,O018887,5,loved it,2025-07-05
RV002425,DH-KID-00454,C04051,O002734,2,बहतु टाइट है pls return,2025-05-17
RV002426,DH-KID-00500,C02534,O023235,5,,2024-12-14
RV002427,DH-KUR-00130,C03979,O002217,4,bahut achha hai,2026-05-13
RV002428,DH-DRE-00219,C02279,O001882,1,return,2026-02-15
RV002429,DH-DRE-00192,C03484,O023517,5,loved it,2024-12-28
RV002430,DH-TRA-00591,C01654,O000063,4,value for money,2026-01-31
RV002431,DH-SCH-00474,C02117,O001601,2,"hello, XL bhi tight hai kya size h ye",2026-02-06
RV002432,DH-DRE-00181,C03427,O017212,1,fitting bahut tight hai yaar,2024-11-07
RV002433,DH-KUR-00021,C02012,O017686,5,comfortable hai,2025-01-13
RV002434,DH-PAL-00321,C05066,O005688,1,ye wala shade nahi tha wwebsite pe,2025-05-29
RV002435,DH-SCH-00468,C02822,O007276,1,smaller than usual size 🙏,2025-08-31
RV002436,DH-KUR-00035,C05126,O023649,4,,2025-09-20
RV002437,DH-MEN-00583,C00812,O023389,2,"sir material not as described, ye cotton nahi lagta",2026-07-08
RV002438,DH-KUR-00008,C02291,O022969,5,loved it,2025-12-19
RV002439,DH-KUR-00171,C02709,O012746,5,comfortable hai,2025-09-01
RV002440,DH-MEN-00564,C04874,O007735,2,xl bhi tgiht hai kya size h ye,2026-01-13
RV002441,DH-DRE-00217,C01208,O009535,1,pls XL bhi tight hi kya size h ye !!,2026-02-22
RV002442,DH-DRE-00192,C03972,O002553,1,sir length bhi kam hai aur tight bhi !!,2025-11-15
RV002443,DH-KID-00503,C02337,O001919,1,"chhota aagaya, size chart galat hai pls return",2024-11-08
RV002444,DH-DRE-00188,C03084,O017838,1,"hi material not as described, ye cottonnahi lagta 🙏",2025-01-19
RV002445,DH-KID-00436,C02276,O013501,5,value for money,2025-08-30
RV002446,DH-KUR-00131,C04485,O011953,5,mast hai 👍,2025-10-22
RV002447,DH-FRO-00379,C03716,O003206,3,QUALITY ACHHI NAHI HAI EXCHANGE NAHI CHAHIYE,2025-12-23
RV002448,DH-KID-00431,C01820,O012269,2,ordered L but feels like S,2024-10-25
RV002449,DH-KUR-00078,C05026,O011939,1,"bhaiya stitching kharab hai, dhaag nikal rahe jaldi pickup karo",2025-11-24
RV002450,DH-DRE-00242,C00692,O000712,2,beti ke liye lyia tha chhota pad gaya !!,2026-03-14
RV002451,DH-KUR-00063,C02579,O018935,5,loved it,2025-11-01
RV002452,DH-FRO-00374,C00357,O020703,5,perfect fit,2025-07-17
RV002453,DH-PAL-00334,C01438,O013273,2,"hello, XL bhi tight hai kya size h ye !!",2026-03-11
RV002454,DH-KID-00456,C03696,O009828,1,pink mangaya tha peach aaya pls return,2025-10-10
RV002455,DH-SCH-00465,C05642,O002326,1,hi rang bilkul alag hai,2024-12-28
RV002456,DH-MEN-00557,C05803,O019830,1,maine kurti mangayi thi top aaya very disappointed,2025-02-01
RV002457,DH-KUR-00129,C02843,O011499,1,mam size se chota h exchange nahi chahiye,2025-08-10
RV002458,DH-TOP-00259,C05974,O011199,3,"PHOTO ME MAROON DIKHA, AAYA BROWN VERY DISAPPOINTED",2026-08-27
RV002459,DH-KID-00448,C05113,O016136,1,"chhota aa gaya, size chart galat hai !!",2024-12-19
RV002460,DH-FRO-00374,C01643,O001414,4,kapda achha hai,2025-12-03
RV002461,DH-PAL-00314,C01150,O009512,3,bhaiya quality bilkul bekar pls return,2025-11-20
RV002462,DH-DRE-00192,C02732,O001408,4,perfect fit,2025-12-09
RV002463,DH-TRA-00593,C04830,O013090,4,bahut achha hai,2025-11-04
RV002464,DH-KID-00500,C01534,O002740,5,nice quality for the price,2024-12-08
RV002465,DH-KID-00430,C05361,O017218,5,office ke liye perfect,2026-01-23
RV002466,DH-KUR-00098,C05383,O004147,3,too loose at waist,2026-09-24
RV002467,DH-CO--00348,C00949,O017167,1,pls colour alag hai photo se jaldi pickup karo,2026-01-22
RV002468,DH-DRE-00247,C05477,O016718,2,hi size chart se bada nikla 🙏,2026-03-22
RV002469,DH-KID-00510,C04317,O007675,5,bahut achha hai,2025-12-24
RV002470,DH-KUR-00088,C01742,O015702,5,office ke liye perfect,2025-03-30
RV002471,DH-KUR-00100,C04474,O001230,4,colour same as photo,2024-12-26
RV002472,DH-DRE-00202,C05329,O010921,2,pehli dhulai me shrink ho gaya refund chahiye,2025-11-08
RV002473,DH-FRO-00388,C00336,O020965,5,office ke liye perfect,2025-05-17
RV002474,DH-MEN-00561,C00633,O016465,1,mam quality achhi nahi hai 🙏,2026-07-17
RV002475,DH-KUR-00040,C05047,O020178,2,mam बहुत टाइट ै 🙏,2026-03-07
RV002476,DH-SCH-00489,C04699,O012081,2,LENGTH BAHUT ZADA HAI 🙏,2025-06-15
RV002477,DH-KID-00528,C03907,O009646,5,nice quality for the price,2025-11-23
RV002478,DH-KID-00435,C00460,O005455,2,qualityy bilkul bekar 🙏,2025-12-18
RV002479,DH-DRE-00193,C00267,O012682,5,colour same as photo,2026-05-15
RV002480,DH-KUR-00088,C04920,O011502,1,"hello, sleeves tight hai arms me",2025-02-10
RV002481,DH-TOP-00278,C04178,O006534,4,kapda achha hai,2026-05-01
RV002482,DH-KUR-00039,C04999,O003612,4,loved it,2025-12-16
RV002483,DH-MEN-00575,C02593,O018607,2,pls साइज़ छोटा है pls return,2026-02-15
RV002484,DH-KUR-00160,C02340,O022334,2,"pls too small, chestpe fit nahi hua very disappointed",2026-06-04
RV002485,DH-KUR-00088,C04085,O020742,4,value for money,2025-04-26
RV002486,DH-KUR-00063,C00452,O004356,4,office ke liye perfect,2026-04-03
RV002487,DH-KUR-00057,C02878,O019590,2,"hello, pehli dhulai me shrink ho gaya",2026-07-28
RV002488,DH-KUR-00157,C01413,O006907,2,MAM GALAT PRODUCT AAYA,2025-08-12
RV002489,DH-TOP-00271,C03939,O017840,2,KAPDA BAHUT PATLA HAI EXCHANGE NAHI CHAHIYE,2026-05-17
RV002490,DH-KID-00529,C04140,O007455,5,colour same as photo,2026-06-15
RV002491,DH-KUR-00002,C04630,O014156,5,office ke liye perfect,2026-04-22
RV002492,DH-TOP-00271,C05451,O000544,5,loved it,2026-07-12
RV002493,DH-FRO-00383,C03006,O022207,4,,2025-02-20
RV002494,DH-TOP-00273,C02568,O005986,2,bahut loose hai 🙏,2026-04-11
RV002495,DH-KID-00507,C03890,O000653,3,STAIN MILA DELIVERY PE,2025-02-11
RV002496,DH-KUR-00155,C04406,O004997,2,ordered L but feels like S,2025-08-28
RV002497,DH-KUR-00113,C05373,O017721,3,bhaiya fitting bahut tight hai yaar 🙏,2024-12-06
RV002498,DH-KUR-00140,C00852,O007783,2,bhaiya bahut tight h shoulders pe 🙏,2026-09-12
RV002499,DH-KUR-00121,C02495,O000011,4,loved it,2025-06-17
RV002500,DH-KID-00445,C03967,O020418,3,hi maine kurti mangayi thi top aaya very disappointed,2024-10-18
RV002501,DH-CO--00348,C05158,O001638,4,colour same as photo,2024-11-04
RV002502,DH-KID-00442,C01412,O023852,5,colour same as photo,2026-09-11
RV002503,DH-SCH-00470,C02159,O016042,5,,2026-05-23
RV002504,DH-SCH-00479,C03210,O011914,1,silai khuli hui thi aate hi 🙏,2026-03-17
RV002505,DH-KUR-00068,C01923,O015971,4,,2025-12-23
RV002506,DH-SCH-00480,C05847,O012856,5,,2026-06-30
RV002507,DH-FRO-00371,C05234,O000104,3,"mam Size small aaya, mera regular M h jaldi pickup karo",2025-05-24
RV002508,DH-FRO-00418,C01144,O011609,5,nice quality for the price,2024-12-26
RV002509,DH-DRE-00190,C03173,O010444,2,return pls return,2025-11-09
RV002510,DH-KUR-00135,C05566,O020218,5,nice quality for the price,2025-03-10
RV002511,DH-MEN-00558,C02913,O005583,5,comfortable hai,2026-06-26
RV002512,DH-TRA-00600,C03061,O000698,1,"HELLO, CLOUR MISMATCH JALDI PICKUP KARO",2026-02-26
RV002513,DH-KUR-00082,C00972,O005864,4,,2026-02-17
RV002514,DH-CO--00354,C05658,O021134,4,colour same as photo,2025-10-31
RV002515,DH-SCH-00480,C00107,O005699,5,office ke liye perfect,2025-12-21
RV002516,DH-DRE-00249,C03018,O020859,4,nice quality for the price,2026-05-20
RV002517,DH-TOP-00304,C02481,O005571,4,kapda achha hai,2025-08-01
RV002518,DH-CO--00354,C04544,O005189,4,colour same as photo,2024-12-07
RV002519,DH-KUR-00024,C01463,O006059,5,kapda achha hai,2026-04-13
RV002520,DH-DRE-00216,C00852,O000757,3,"pls too big, ekdum dheela jaldi pickup karo",2026-01-01
RV002521,DH-TRA-00599,C02271,O018803,5,nice quality for the price,2025-12-28
RV002522,DH-MEN-00550,C02363,O022663,5,,2025-11-01
RV002523,DH-KUR-00129,C02066,O006104,2,quality achhi nahi hai,2026-05-18
RV002524,DH-DRE-00206,C04258,O012465,4,office ke liye perfect,2025-02-18
RV002525,DH-MEN-00555,C04786,O020722,5,mast hai 👍,2025-04-12
RV002526,DH-MEN-00561,C02058,O012362,3,too loose at waist very disappointed,2025-04-02
RV002527,DH-KID-00501,C03595,O001037,5,perfect fit,2026-03-25
RV002528,DH-TOP-00311,C01453,O008548,4,colour same as photo,2025-03-19
RV002529,DH-KUR-00158,C03957,O022965,2,mam quality bilkul bekar exchange nahi chahiye,2026-07-04
RV002530,DH-CO--00353,C01135,O007493,5,beti ko bahut pasand aaya,2025-12-08
RV002531,DH-KID-00519,C02493,O017831,2,mam sizze chart se bada nikla very disappointed,2026-08-18
RV002532,DH-KUR-00165,C01270,O016361,4,perfect fit,2026-03-02
RV002533,DH-CO--00345,C01283,O000458,2,pls very thin cloth exchange nahi chahiye,2025-08-19
RV002534,DH-KUR-00060,C01682,O011606,4,,2026-06-07
RV002535,DH-KUR-00021,C00228,O014246,5,loved it,2026-05-15
RV002536,DH-SCH-00465,C04678,O023580,2,bhaiya differrent design aaya exchange nahi chahiye,2024-12-06
RV002537,DH-TOP-00298,C01949,O014197,5,loved it,2026-04-17
RV002538,DH-PAL-00328,C05924,O007224,1,pls hole hai sleeve pe,2026-01-18
RV002539,DH-TOP-00282,C05960,O012884,2,"stitching kharab hai, dhaage nikal rahe very disappointed",2026-06-12
RV002540,DH-KUR-00154,C05839,O022879,4,bahut achha hai,2025-12-08
RV002541,DH-KUR-00116,C00318,O003633,5,,2026-06-07
RV002542,DH-PAL-00329,C00856,O015510,5,loved it,2026-08-15
RV002543,DH-TOP-00302,C01541,O013508,5,kapda achha hai,2025-03-29
RV002544,DH-TOP-00256,C02430,O013976,1,mam tight hai jaldi pickup karo,2025-09-19
RV002545,DH-KUR-00093,C04223,O003689,5,mast hai 👍,2025-03-15
RV002546,DH-DRE-00252,C03715,O023622,4,beti ko bahut pasand aaya,2026-09-06
RV002547,DH-PAL-00316,C05711,O023421,5,kapda achha hai,2025-11-20
RV002548,DH-FRO-00381,C03314,O008158,4,loved it,2026-04-06
RV002549,DH-DRE-00236,C00502,O008233,4,mast hai 👍,2026-08-30
RV002550,DH-CO--00345,C00013,O002593,3,pls pink mangaya tha peach aaya very disappointed,2025-06-03
RV002551,DH-FRO-00416,C00633,O011324,5,perfect fit,2025-04-25
RV002552,DH-KID-00448,C05652,O002268,1,BHAIYA PACKET GEELA THA KAPDA KHARAB EXCHANGE NAHI CHAHIYE,2026-02-14
RV002553,DH-FRO-00403,C02796,O012871,3,"hello, ye emra order nahi hai",2026-03-02
RV002554,DH-KUR-00026,C05507,O000656,5,comfortable hai,2025-11-23
RV002555,DH-KUR-00096,C04593,O009975,1,fabric cheap lag raha hai exchange nahi chahiye,2026-08-19
RV002556,DH-TOP-00303,C04430,O002900,1,print utar raha hai refund chahiye,2026-06-10
RV002557,DH-KUR-00083,C02625,O012184,5,kapda achha hai,2026-02-16
RV002558,DH-FRO-00409,C04259,O008518,3,print uar raha hai jaldi pickup karo,2025-07-30
RV002559,DH-MEN-00582,C05718,O006528,3,😞 !!,2025-11-30
RV002560,DH-TRA-00593,C03795,O023781,1,"too small, chest pe fit nahi hua pls return",2025-01-09
RV002561,DH-KUR-00083,C00114,O017586,1,HI SIZE CHART SE BADA NIKAL,2026-07-05
RV002562,DH-MEN-00555,C00552,O010774,2,"HELLO, COLOUR ALAG HAI PHOTO SE",2025-10-22
RV002563,DH-KUR-00066,C03537,O021074,5,loved it,2026-09-21
RV002564,DH-KUR-00169,C00111,O008391,2,sir packet khula tha aur kapde pe daag hai pls return,2026-09-27
RV002565,DH-TOP-00281,C02566,O003191,5,perfect fit,2025-03-14
RV002566,DH-DRE-00198,C03842,O020366,1,mam waist pe nahi aaya,2025-12-20
RV002567,DH-KUR-00012,C04475,O013885,4,office ke liye perfect,2025-11-28
RV002568,DH-FRO-00381,C04702,O021732,1,hi size chart pe 38 likha tha but 36 jaisa hai !!,2025-11-14
RV002569,DH-KID-00533,C02641,O010856,5,colour same as photo,2026-05-11
RV002570,DH-TRA-00595,C03116,O002282,4,colour same as photo,2025-07-13
RV002571,DH-MEN-00546,C01397,O009145,5,colour same as photo,2025-03-12
RV002572,DH-SCH-00472,C01336,O015978,5,colour same as photo,2025-02-16
RV002573,DH-DRE-00231,C02991,O015107,1,"material not as described, ye cotton nahi lagta !!",2024-11-11
RV002574,DH-PAL-00326,C04135,O008102,5,colour same as photo,2025-11-06
RV002575,DH-SCH-00476,C05338,O007669,5,comfortable hai,2025-02-02
RV002576,DH-DRE-00204,C00765,O005084,5,beti ko bahut pasand aaya,2025-02-25
RV002577,DH-DRE-00202,C05521,O021283,4,colour same as photo,2026-04-29
RV002578,DH-FRO-00396,C04331,O012420,4,bahut achha hai,2025-06-12
RV002579,DH-PAL-00318,C05559,O009542,5,kapda achha hai,2025-04-21
RV002580,DH-KUR-00094,C05112,O018805,1,zip kaam nahi kar rahi refund chahiye,2025-03-22
RV002581,DH-KUR-00116,C04671,O001194,2,hi ye wala shade nahi tha website pe,2026-03-28
RV002582,DH-FRO-00405,C01831,O014762,3,mam bekar,2026-04-22
RV002583,DH-KID-00430,C03120,O009278,1,fabric rough hai skin pe chubhta hai !!,2025-11-08
RV002584,DH-KUR-00099,C00972,O013842,2,hi smaller than usual size pls return,2026-02-04
RV002585,DH-KUR-00021,C02012,O017686,5,mast hai 👍,2025-01-26
RV002586,DH-PAL-00340,C04051,O002734,1,pls acha nahi laga pls return,2025-05-25
RV002587,DH-DRE-00184,C02873,O007907,5,perfect fit,2026-07-28
RV002588,DH-MEN-00549,C00205,O002619,4,comfortable hai,2026-01-09
RV002589,DH-KUR-00164,C05746,O021710,5,kapda achha hai,2025-06-29
RV002590,DH-DRE-00192,C00771,O020678,2,bhaiya colour alag hai photo se 🙏,2026-02-24
RV002591,DH-KUR-00159,C03900,O019932,5,,2026-05-26
RV002592,DH-KUR-00139,C05299,O006943,2,pls ye wala shade nahi tha wesite pe,2025-02-28
RV002593,DH-SCH-00481,C05938,O003909,5,perfect fit,2026-09-21
RV002594,DH-FRO-00396,C02141,O012439,2,SIR QUALITY ACHHI NAHI HAI,2026-03-01
RV002595,DH-KUR-00133,C00397,O003795,5,office ke liye perfect,2025-07-08
RV002596,DH-DRE-00243,C05334,O017757,4,nice quality for the price,2026-07-25
RV002597,DH-SCH-00464,C00097,O009559,4,value for money,2026-04-11
RV002598,DH-KID-00448,C03291,O011689,2,"HI SIZE SMALL AAYA, MERA REGULRA M H PLS RETURN",2025-08-17
RV002599,DH-TOP-00277,C05442,O020509,5,perfect fit,2025-09-29
RV002600,DH-MEN-00577,C00460,O004728,3,doosra colour bhej diya pls return,2025-06-08
RV002601,DH-KUR-00008,C04776,O004394,4,mast hai 👍,2024-10-24
RV002602,DH-TOP-00268,C05910,O010154,5,loved it,2025-04-06
RV002603,DH-MEN-00561,C05578,O004934,1,ORDERED L BUTF EELS LIKE S,2025-12-08
RV002604,DH-TOP-00285,C04205,O020908,2,mam quality  bilkul bekar,2025-06-23
RV002605,DH-KUR-00144,C03554,O023927,1,"hello, smaller tthan usual size exchange nahi chahiye",2026-09-11
RV002606,DH-KID-00434,C02204,O003895,1,PLS RANG BILKUL ALAG HAI 🙏,2026-09-11
RV002607,DH-KUR-00046,C00166,O020045,4,bahut achha hai,2026-08-16
RV002608,DH-TOP-00287,C01901,O016329,1,SIZE BADA HAI 🙏,2026-02-27
RV002609,DH-KUR-00029,C05180,O016864,1,"hello, ordered l but feels like s",2025-06-03
RV002610,DH-SCH-00474,C03576,O018169,1,pls hole hai sleeve pe jaldi pickup karo,2025-01-06
RV002611,DH-KUR-00025,C04263,O004833,4,kapda achha hai,2026-02-15
RV002612,DH-MEN-00553,C03034,O007679,4,bahut achha hai,2026-03-28
RV002613,DH-FRO-00368,C03769,O005418,5,loved it,2026-09-27
RV002614,DH-PAL-00316,C02770,O017897,4,kapda achha hai,2026-02-02
RV002615,DH-KUR-00178,C03255,O008775,4,office ke liye perfect,2026-08-04
RV002616,DH-KUR-00040,C02160,O012867,5,mast hai 👍,2025-12-24
RV002617,DH-FRO-00370,C02437,O013837,4,,2026-04-16
RV002618,DH-MEN-00586,C03489,O006808,4,,2025-02-07
RV002619,DH-KID-00453,C05229,O008800,2,pls length bahut zyada hai !!,2025-10-27
RV002620,DH-DRE-00198,C01129,O023369,1,fabric rough hai skin pe chubhta hai !!,2025-08-06
RV002621,DH-KUR-00027,C00620,O018520,5,comfortable hai,2025-04-18
RV002622,DH-KUR-00179,C00948,O000228,2,sir length bhi kam hai aur tight bhi jaldi pickup karo,2025-06-07
RV002623,DH-TOP-00311,C03551,O005228,5,mast hai 👍,2026-04-02
RV002624,DH-FRO-00393,C00197,O013240,4,beti ko bahut pasand aaya,2026-01-30
RV002625,DH-FRO-00375,C05802,O009965,3,kapda bahut  patla hai !!,2026-01-10
RV002626,DH-KUR-00066,C01057,O011140,1,"hi stitching kharab hai, dhaage nikal rahe jaldi pickup karo",2025-12-16
RV002627,DH-KUR-00169,C01734,O013707,3,"stitching kharab hai, dhaage nikal rahe very disappointed",2026-05-22
RV002628,DH-KUR-00100,C00849,O007838,4,beti ko bahut pasand aaya,2025-04-04
RV002629,DH-TOP-00306,C01079,O023470,2,bhaiya अच्छा नहीं लगा exchange nahi chahiye,2025-12-07
RV002630,DH-KID-00529,C02945,O011680,5,,2026-04-02
RV002631,DH-TOP-00258,C01302,O000031,1,bhaiya waist pe nahi aaya pls return,2026-09-01
RV002632,DH-KID-00527,C05278,O019703,5,bahut achha hai,2025-10-14
RV002633,DH-PAL-00318,C02798,O013360,5,beti ko bahut pasand aaya,2026-03-09
RV002634,DH-DRE-00235,C02305,O014986,1,COLOR IS DIFFERENT FROM IMAGE,2025-05-20
RV002635,DH-KUR-00165,C02750,O007861,4,bahut achha hai,2026-04-17
RV002636,DH-DRE-00188,C02914,O002534,1,hi image me bright tha real me dull hai,2025-01-30
RV002637,DH-SCH-00484,C03597,O008401,1,SIR LENGTHBAHUT ZYADA HAI,2026-09-04
RV002638,DH-TOP-00285,C03404,O023437,3,DAMAGED PIECE RECEIVDE REFUND CHAHIYE,2025-09-05
RV002639,DH-FRO-00365,C03944,O004541,1,fitting bahut tight hai yaar pls return,2026-09-15
RV002640,DH-KUR-00036,C01016,O022098,2,bhaiya size chota hai very disappointed,2026-09-27
RV002641,DH-CO--00343,C04423,O016119,5,loved it,2025-12-23
RV002642,DH-FRO-00406,C05238,O023770,5,,2026-08-09
RV002643,DH-SCH-00488,C03208,O020421,4,value for money,2024-11-07
RV002644,DH-SCH-00477,C04759,O005088,1,rang halka hai bahut very disappointed,2026-07-03
RV002645,DH-DRE-00181,C05488,O004248,5,bahut achha hai,2024-11-15
RV002646,DH-SCH-00491,C05604,O005165,4,mast hai 👍,2026-03-16
RV002647,DH-MEN-00583,C04308,O021531,3,xl bhi tight hai kya size h ye jaldi pickup karo,2026-03-07
RV002648,DH-TOP-00279,C03118,O021938,5,beti ko bahut pasand aaya,2025-02-23
RV002649,DH-TOP-00305,C04586,O012784,5,loved it,2026-07-05
RV002650,DH-FRO-00418,C02862,O008131,4,nice quality for the price,2025-07-17
RV002651,DH-TOP-00312,C02000,O000849,4,loved it,2025-10-12
RV002652,DH-KID-00503,C05359,O006761,2,printutar raha hai,2025-02-17
RV002653,DH-TOP-00275,C04210,O019849,3,😞,2026-04-10
RV002654,DH-DRE-00250,C03961,O022281,5,beti ko bahut pasand aaya,2026-08-28
RV002655,DH-TOP-00280,C02855,O015331,3,SIR SEE THROUGH HAI KAPDA !!,2026-07-17
RV002656,DH-KUR-00165,C02351,O001635,4,nice quality for the price,2025-08-02
RV002657,DH-CO--00351,C01545,O020492,2,"mam kurti bahut fit hai, breathe nahi kar pa rahi 🙏",2025-01-17
RV002658,DH-DRE-00203,C02388,O012404,2,"hello, material not as described, ye cotton nahi lagta",2025-05-16
RV002659,DH-KUR-00171,C04300,O007298,5,comfortable hai,2024-12-08
RV002660,DH-KUR-00051,C01375,O022413,5,value for money,2026-09-01
RV002661,DH-SCH-00489,C00934,O017676,2,very tin cloth very disappointed,2024-11-15
RV002662,DH-DRE-00182,C05629,O000339,5,loved it,2025-09-30
RV002663,DH-FRO-00393,C03171,O017407,1,"pls stitching kharab hai, dhaage nikal rahe",2025-01-06
RV002664,DH-SCH-00493,C01963,O017054,4,kapda achha hai,2026-01-18
RV002665,DH-KID-00503,C04029,O011695,5,bahut achha hai,2024-11-26
RV002666,DH-FRO-00402,C01555,O003746,5,colour same as photo,2026-06-24
RV002667,DH-MEN-00586,C02759,O012537,4,value for money,2024-12-19
RV002668,DH-KUR-00171,C05298,O021125,2,bahut loose hai refund chahiye,2024-12-07
RV002669,DH-KUR-00022,C00747,O005586,4,mast hai 👍,2025-10-14
RV002670,DH-KUR-00163,C04622,O003140,5,colour same as photo,2026-04-06
RV002671,DH-KUR-00043,C00489,O023378,2,hole hai sleevep e,2024-11-28
RV002672,DH-KUR-00057,C05317,O023751,4,office ke liye perfect,2026-01-03
RV002673,DH-KID-00421,C01867,O004315,1,rang bilkul alag hai very disappointed,2026-02-12
RV002674,DH-PAL-00335,C05208,O023291,4,bahut achha hai,2025-11-01
RV002675,DH-FRO-00403,C05487,O010608,5,loved it,2026-02-16
RV002676,DH-KUR-00008,C05984,O011167,4,loved it,2024-12-07
RV002677,DH-KUR-00180,C01951,O022750,3,"hello, quality achhi nahi hai refund chahiye",2025-01-06
RV002678,DH-FRO-00404,C03711,O002837,4,kapda achha hai,2025-05-03
RV002679,DH-DRE-00209,C01119,O007094,2,"hello, color s different from image very disappointed",2025-01-02
RV002680,DH-KUR-00068,C01845,O022389,3,bhaiya pehli dhulai me shrink ho gaya exchange nahi chahiye,2026-01-31
RV002681,DH-DRE-00204,C02718,O023923,5,,2026-03-20
RV002682,DH-DRE-00201,C02910,O015320,5,mast hai 👍,2026-07-10
RV002683,DH-KUR-00066,C03715,O008831,1,hi image me bright tha real me dull hai very disappointed,2025-11-30
RV002684,DH-KID-00430,C00046,O020910,5,value for money,2024-12-18
RV002685,DH-DRE-00213,C00738,O006110,4,beti ko bahut pasand aaya,2025-06-19
RV002686,DH-KUR-00087,C04149,O014465,2,see through hai kapda,2025-06-01
RV002687,DH-TOP-00260,C01989,O023898,2,fabric rough hai skin pe chubhta hai,2026-04-29
RV002688,DH-MEN-00572,C04937,O010694,5,office ke liye perfect,2026-09-24
RV002689,DH-FRO-00382,C05915,O001842,4,,2026-05-27
RV002690,DH-DRE-00204,C05281,O022870,5,perfect fit,2025-12-05
RV002691,DH-TOP-00279,C00342,O019881,4,loved it,2025-02-07
RV002692,DH-DRE-00251,C00784,O012419,5,value for money,2026-09-03
RV002693,DH-FRO-00420,C02488,O005000,5,office ke liye perfect,2026-09-08
RV002694,DH-KUR-00180,C03446,O004563,4,office ke liye perfect,2024-11-26
RV002695,DH-FRO-00386,C01222,O001127,2,bhaiya seee through hai kapda very disappointed,2026-01-08
RV002696,DH-TOP-00284,C03170,O014363,1,PLS RANG BILKUL ALAG HAI PLS RETURN,2025-11-28
RV002697,DH-DRE-00204,C01271,O015403,4,bahut achha hai,2024-11-28
RV002698,DH-KUR-00032,C04080,O015180,5,colour same as photo,2026-07-21
RV002699,DH-TRA-00593,C04573,O010448,4,comfortable hai,2024-11-07
RV002700,DH-DRE-00209,C02270,O016148,5,bahut achha hai,2025-07-20
RV002701,DH-MEN-00581,C03310,O007273,4,perfect fit,2026-04-29
RV002702,DH-KUR-00107,C02867,O009665,4,mast hai 👍,2026-09-27
RV002703,DH-FRO-00390,C04199,O009330,5,colour same as photo,2026-04-16
RV002704,DH-KID-00535,C05537,O006290,5,beti ko bahut pasand aaya,2026-06-14
RV002705,DH-KUR-00060,C04455,O018840,2,MAM PACKET GEELA THA KAPDA KHARAB,2026-07-12
RV002706,DH-DRE-00199,C00210,O018164,5,beti ko bahut pasand aaya,2026-03-07
RV002707,DH-MEN-00581,C05480,O004212,4,colour same as photo,2024-12-11
RV002708,DH-KUR-00109,C05118,O013082,1,pls colour fade sa hai photo jaisa nahi exchange nahi chahiye,2025-10-31
RV002709,DH-FRO-00390,C05309,O004542,5,loved it,2025-04-30
RV002710,DH-FRO-00405,C05536,O000853,5,kapda achha hai,2026-03-11
RV002711,DH-DRE-00244,C05955,O008677,5,comfortable hai,2025-10-30
RV002712,DH-TOP-00288,C04810,O022955,1,BHAIYA TIGHT HAI !!,2025-10-18
RV002713,DH-KID-00462,C01443,O011145,5,bahut achha hai,2025-07-29
RV002714,DH-PAL-00338,C00569,O004696,4,office ke liye perfect,2026-02-07
RV002715,DH-KID-00448,C00915,O002523,4,loved it,2025-04-27
RV002716,DH-SCH-00472,C04653,O001920,1,sir length bahut zyada hai very disappointed,2025-12-11
RV002717,DH-FRO-00370,C03799,O009444,5,value for money,2024-12-13
RV002718,DH-KID-00510,C00239,O005798,5,bahut achha hai,2025-11-04
RV002719,DH-TOP-00263,C04466,O013025,4,,2026-01-10
RV002720,DH-KUR-00129,C00350,O008177,5,bahut achha hai,2026-03-01
RV002721,DH-CO--00354,C00542,O017682,5,loved it,2026-02-01
RV002722,DH-MEN-00577,C01455,O006288,1,tight hai,2026-05-12
RV002723,DH-TRA-00597,C00017,O002797,4,beti ko bahut pasand aaya,2025-05-13
RV002724,DH-KUR-00139,C01148,O000935,4,kapda achha hai,2025-11-15
RV002725,DH-DRE-00198,C01109,O017527,3,sleeves tight hai arms me jaldi pickup karo,2026-02-04
RV002726,DH-SCH-00473,C01818,O019023,4,value for money,2025-08-23
RV002727,DH-KUR-00180,C05462,O011174,2,acha nahi laga exchange nahi chahiye,2025-01-27
RV002728,DH-KID-00436,C04446,O018005,4,nice quality for the price,2025-11-28
RV002729,DH-FRO-00420,C03381,O021614,5,comfortable hai,2026-04-29
RV002730,DH-KUR-00136,C00941,O020265,5,nice quality for the price,2026-02-25
RV002731,DH-KUR-00149,C05830,O009616,4,,2026-03-21
RV002732,DH-TOP-00309,C01977,O013432,5,colour same as photo,2026-08-21
RV002733,DH-TRA-00597,C01479,O005023,4,value for money,2026-03-06
RV002734,DH-KUR-00140,C03954,O015025,2,mam very thin cloth !!,2026-04-25
RV002735,DH-DRE-00248,C03535,O021863,1,bhaiya beti ke liye liya tha chhota pad gaya,2025-11-30
RV002736,DH-TOP-00281,C03600,O004137,4,mast hai 👍,2026-05-23
RV002737,DH-KID-00525,C05923,O011187,5,colour same as photo,2025-11-06
RV002738,DH-TRA-00591,C05818,O007741,4,nice quality for the price,2025-12-04
RV002739,DH-DRE-00188,C00559,O009785,1,hi doosra colour bhej diya,2024-10-28
RV002740,DH-FRO-00401,C04025,O008105,5,loved it,2026-06-09
RV002741,DH-KUR-00171,C04300,O007298,4,nice quality for the price,2024-12-11
RV002742,DH-KUR-00158,C03957,O022965,1,colour mismatch 🙏,2026-07-01
RV002743,DH-TOP-00284,C05580,O005311,3,mam ye wala shade nahi tha website pe 🙏,2026-06-28
RV002744,DH-KUR-00026,C01542,O015368,4,office ke liye perfect,2026-07-12
RV002745,DH-DRE-00198,C00778,O016828,2,ordered L but feels like S very disappointed,2026-04-11
RV002746,DH-SCH-00467,C02129,O001383,5,beti ko bahut pasand aaya,2025-11-16
RV002747,DH-KID-00455,C02811,O000844,4,office ke liye perfect,2025-12-05
RV002748,DH-MEN-00588,C00782,O004533,5,kapda achha hai,2026-07-28
RV002749,DH-KUR-00048,C00337,O008892,1,mam colou rmismatch refund chahiye,2026-06-14
RV002750,DH-KUR-00093,C03909,O019235,5,value for money,2025-04-07
RV002751,DH-KUR-00050,C05807,O020475,5,kapda achha hai,2024-11-14
RV002752,DH-MEN-00580,C05487,O006106,3,bhaiya ek wash me rang chala gaya,2025-12-04
RV002753,DH-KUR-00178,C01968,O000777,1,"PLS STITCHING KHARAB HAI, DHAAGE NIKAL RAHE !!",2026-03-22
RV002754,DH-SCH-00484,C05813,O003201,2,"too small, chest pe fit nahi hua",2026-02-25
RV002755,DH-KID-00437,C02922,O002622,2,mam ye wala shade ahi tha website pe,2026-01-05
RV002756,DH-KUR-00131,C01514,O000437,4,loved it,2026-08-17
RV002757,DH-TOP-00301,C04433,O009995,1,pls ok !!,2025-02-04
RV002758,DH-MEN-00560,C01792,O013161,5,beti ko bahut pasand aaya,2026-07-22
RV002759,DH-CO--00360,C02673,O017061,5,kapda achha hai,2025-05-09
RV002760,DH-SCH-00479,C00056,O015060,5,,2025-10-10
RV002761,DH-CO--00353,C01135,O007493,4,nice quality for the price,2025-12-21
RV002762,DH-DRE-00185,C02909,O010706,1,pehli dhulai me shrink ho gaya,2025-05-21
RV002763,DH-MEN-00555,C04314,O010949,5,perfect fit,2025-02-05
RV002764,DH-CO--00349,C04796,O019906,5,nice quality for the price,2025-06-26
RV002765,DH-MEN-00543,C01480,O022572,2,"hello, colour fade sa hai photo jaisa nahi exchange nahi chahiye",2026-04-02
RV002766,DH-KUR-00080,C02763,O001569,4,value for money,2026-07-01
RV002767,DH-KID-00425,C05259,O002677,4,kapda achha hai,2025-09-03
RV002768,DH-KUR-00120,C04095,O005695,2,hi smaller than usual size jaldi pickup karo,2026-06-02
RV002769,DH-KID-00500,C05077,O008455,3,sir print utar raha hai,2024-12-28
RV002770,DH-KUR-00129,C00672,O020001,4,loved it,2026-01-12
RV002771,DH-KUR-00021,C05859,O013628,5,bahut achha hai,2026-05-30
RV002772,DH-TOP-00272,C03084,O017838,5,loved it,2025-01-10
RV002773,DH-DRE-00183,C04199,O016930,4,,2026-05-15
RV002774,DH-KUR-00138,C02236,O020976,5,colour same as photo,2026-06-22
RV002775,DH-DRE-00198,C03845,O022706,4,colour same as photo,2025-06-15
RV002776,DH-KUR-00044,C04213,O013843,5,kapda achha hai,2026-06-22
RV002777,DH-TOP-00278,C03546,O018936,5,office ke liye perfect,2025-04-24
RV002778,DH-TOP-00281,C01480,O021218,4,loved it,2026-09-07
RV002779,DH-CO--00353,C02002,O018530,5,beti ko bahut pasand aaya,2025-08-14
RV002780,DH-KUR-00173,C00496,O012414,3,sir silai khuli hui thi aate hi pls return,2025-05-05
RV002781,DH-MEN-00557,C03908,O016215,5,value for money,2025-04-25
RV002782,DH-TOP-00281,C01014,O019159,5,bahut achha hai,2025-04-14
RV002783,DH-DRE-00188,C03088,O018695,5,perfect fit,2026-04-17
RV002784,DH-FRO-00401,C05755,O002724,4,kapda achha hai,2025-06-11
RV002785,DH-KUR-00105,C04568,O022715,5,bahut achha hai,2025-02-28
RV002786,DH-FRO-00386,C03700,O012890,4,perfect fit,2025-04-23
RV002787,DH-KUR-00027,C00937,O023292,5,kapda achha hai,2025-04-26
RV002788,DH-DRE-00181,C01946,O003061,5,nice quality for the price,2024-11-04
RV002789,DH-KUR-00072,C03765,O001565,2,mam bahut tight hs houlders pe pls return,2026-09-11
RV002790,DH-PAL-00313,C00277,O001948,5,beti ko bahut pasand aaya,2025-06-29
RV002791,DH-DRE-00192,C00601,O020214,5,loved it,2025-05-13
RV002792,DH-TOP-00285,C05990,O022885,2,sir maine kurti mangayi thi top aaya,2025-03-22
RV002793,DH-CO--00355,C02826,O017634,4,,2025-06-06
RV002794,DH-PAL-00327,C02760,O003417,5,nice quality for the price,2025-12-21
RV002795,DH-KUR-00034,C00683,O002718,5,kapda achha hai,2025-04-14
RV002796,DH-FRO-00383,C02948,O011633,5,comfortable hai,2025-10-31
RV002797,DH-DRE-00213,C00916,O017431,5,,2025-04-17
RV002798,DH-KID-00537,C05480,O011590,2,"hello, silai khuli hui thi aate hi refund chahiye",2025-09-06
RV002799,DH-DRE-00202,C03266,O013261,4,loved it,2025-02-03
RV002800,DH-TOP-00279,C02210,O011565,5,office ke liye perfect,2025-12-24
RV002801,DH-DRE-00192,C03871,O007199,1,mam packet geela tha kapda kharab very disappointed,2026-04-09
RV002802,DH-KID-00453,C00827,O023436,5,mast hai 👍,2025-10-28
RV002803,DH-KUR-00023,C01414,O009408,5,kapda achha hai,2026-09-27
RV002804,DH-KID-00462,C02684,O021496,4,mast hai 👍,2024-11-23
RV002805,DH-KUR-00125,C05106,O005196,4,beti ko bahut pasand aaya,2024-12-12
RV002806,DH-KID-00428,C01548,O016086,3,length bahut zyada hai,2024-12-18
RV002807,DH-MEN-00559,C00300,O009526,4,comfortable hai,2025-09-22
RV002808,DH-TOP-00275,C05142,O023777,1,sir quallity achhi nahi hai refund chahiye,2026-09-27
RV002809,DH-MEN-00546,C05215,O018623,3,bhaiya bacche ke liye bahut bada hai,2024-11-23
RV002810,DH-TOP-00304,C05707,O013775,5,mast hai 👍,2025-08-29
RV002811,DH-MEN-00542,C05606,O004369,5,nice quality for the price,2026-03-23
RV002812,DH-KUR-00017,C03949,O006242,4,bahut achha hai,2026-08-06
RV002813,DH-KID-00455,C00826,O011809,4,bahut achha hai,2024-11-20
RV002814,DH-KUR-00131,C02898,O006741,4,comfortable hai,2024-12-07
RV002815,DH-CO--00348,C05803,O012306,5,perfect fit,2025-12-24
RV002816,DH-KUR-00038,C04022,O016290,2,ek wash me rang chala gaya jaldi pickup karo,2025-10-26
RV002817,DH-KUR-00016,C01595,O020622,4,bahut achha hai,2024-12-12
RV002818,DH-DRE-00230,C02939,O012998,4,,2025-11-30
RV002819,DH-FRO-00419,C00001,O013972,5,bahut achha hai,2025-05-13
RV002820,DH-FRO-00392,C04053,O022275,4,perfect fit,2025-11-07
RV002821,DH-DRE-00235,C01304,O016826,2,hi bahut tight h shoulders pe !!,2025-10-01
RV002822,DH-FRO-00419,C01470,O008432,4,beti ko bahut pasand aaya,2024-11-24
RV002823,DH-CO--00353,C02384,O013997,1,color is different from image pls return,2025-06-07
RV002824,DH-DRE-00190,C01377,O021023,2,HI SIZE BADAHAI PLS RETURN,2025-02-07
RV002825,DH-MEN-00566,C02446,O011234,1,"mam photo me mroon dikha, aaya brown",2025-09-01
RV002826,DH-TOP-00269,C00783,O018626,5,comfortable hai,2026-09-27
RV002827,DH-DRE-00231,C04566,O011769,2,pink mangaya tha peach aaya 🙏,2026-03-20
RV002828,DH-TOP-00278,C05427,O001902,2,pls print utar raha hai,2025-08-02
RV002829,DH-KUR-00114,C01147,O004791,5,,2026-09-14
RV002830,DH-KUR-00112,C05841,O001935,1,sir print utarr raha hai !!,2025-01-28
RV002831,DH-KUR-00035,C00731,O019193,2,bhaiya color is different from image refund chahiye,2026-02-02
RV002832,DH-TRA-00593,C00126,O001265,1,bhaiya same as before exchange nahi chahiye,2025-04-24
RV002833,DH-PAL-00337,C00417,O004664,2,mam pehli dhulai me shrink ho gaya,2025-09-02
RV002834,DH-SCH-00472,C01158,O020860,4,loved it,2025-04-18
RV002835,DH-SCH-00463,C02369,O022152,5,value for money,2026-03-28
RV002836,DH-KUR-00166,C02466,O006180,2,sir not good very disappointed,2025-07-16
RV002837,DH-KID-00526,C00069,O018285,5,comfortable hai,2025-09-03
RV002838,DH-KID-00511,C01313,O009121,2,bhaiya stain imla delivery pe very disappointed,2026-07-30
RV002839,DH-DRE-00206,C04258,O012465,2,hi mustard bola tha ye to green yellow hai jaldi pickup karo,2025-02-07
RV002840,DH-DRE-00203,C01585,O001844,1,RETURN REFUND CHAHIYE,2025-11-07
RV002841,DH-SCH-00463,C03360,O006149,2,hi xl bhi tight hai kya siez h ye,2025-12-12
RV002842,DH-KUR-00021,C02792,O003864,2,lenth bahut zyada hai,2025-01-01
RV002843,DH-KID-00424,C02936,O001580,5,perfect fit,2025-09-25
RV002844,DH-SCH-00469,C04328,O010214,5,beti ko bahut pasand aaya,2026-06-16
RV002845,DH-DRE-00235,C01162,O002371,5,value for money,2026-01-28
RV002846,DH-KUR-00073,C01725,O002873,5,,2026-08-27
RV002847,DH-KUR-00111,C05995,O022845,5,comfortable hai,2025-12-29
RV002848,DH-SCH-00490,C04179,O014457,1,doosra colour bhej diya refund chahiye,2025-03-17
RV002849,DH-PAL-00321,C03933,O020649,5,beti ko bahut pasand aaya,2025-08-30
RV002850,DH-KID-00513,C01846,O008834,4,perfect fit,2025-07-02
RV002851,DH-KUR-00034,C03877,O002788,5,loved it,2026-06-19
RV002852,DH-FRO-00420,C00082,O002739,1,sir pehli dhhulai me shrink ho gaya jaldi pickup karo,2025-12-07
RV002853,DH-KUR-00031,C05906,O011563,1,theekk nahi hai refund chahiye,2026-09-27
RV002854,DH-FRO-00365,C02041,O013168,5,perfect fit,2025-10-14
RV002855,DH-KID-00431,C02076,O016620,1,FABRIC CHEP LAG RAHA HAI PLS RETURN,2024-11-08
RV002856,DH-KUR-00149,C00659,O011571,4,value for money,2026-02-18
RV002857,DH-PAL-00333,C04574,O020293,4,nice quality for the price,2026-05-11
RV002858,DH-FRO-00399,C05380,O022959,2,"hello, qualty bilkul bekar jaldi pickup karo",2025-10-16
RV002859,DH-FRO-00400,C03440,O010759,2,"sir material not as described, ye cotton nahi lagta jaldi pickup karo",2024-11-15
RV002860,DH-DRE-00205,C00986,O023191,1,pls fabirc cheap lag raha hai,2025-05-01
RV002861,DH-DRE-00239,C01293,O008404,2,साइज़ छोटा है refund chahiye,2025-11-23
RV002862,DH-KID-00443,C05986,O013073,5,beti ko bahut pasand aaya,2025-10-19
RV002863,DH-FRO-00391,C04326,O010410,4,value for money,2026-06-15
RV002864,DH-KID-00462,C01235,O018879,5,nice quality for the price,2025-10-13
RV002865,DH-KUR-00160,C03723,O014314,2,sir smaller than usual size pls return,2026-08-22
RV002866,DH-KID-00422,C03291,O012698,5,nice quality for the price,2025-12-22
RV002867,DH-SCH-00491,C01600,O013123,5,mast hai 👍,2025-11-30
RV002868,DH-KUR-00049,C03628,O017205,5,,2026-08-08
RV002869,DH-KUR-00123,C04780,O011891,5,,2025-07-10
RV002870,DH-SCH-00481,C01440,O012928,4,loved it,2026-08-05
RV002871,DH-MEN-00557,C05222,O009989,5,mast hai 👍,2025-11-03
RV002872,DH-SCH-00473,C01296,O019214,5,value for money,2026-01-13
RV002873,DH-MEN-00576,C04519,O013865,4,office ke liye perfect,2025-11-11
RV002874,DH-SCH-00468,C00363,O012064,3,bhaiya return 🙏,2025-02-05
RV002875,DH-SCH-00473,C00055,O006782,2,pls 😞 exchange nahi chahiye,2025-09-09
RV002876,DH-TOP-00290,C04046,O018556,3,pls size bada hai very disappointed,2026-09-24
RV002877,DH-MEN-00555,C03441,O002954,2,mam kapda bahut patla ahi !!,2026-01-17
RV002878,DH-KUR-00135,C02314,O015593,5,colour same as photo,2025-07-13
RV002879,DH-PAL-00328,C05209,O014082,4,bahut achha hai,2025-08-25
RV002880,DH-KID-00518,C01666,O004257,1,"material not as  described, ye cotton nahi lagta pls return",2025-11-07
RV002881,DH-KID-00424,C03147,O011088,4,bahut achha hai,2026-04-01
RV002882,DH-KUR-00111,C05995,O022845,4,loved it,2025-12-17
RV002883,DH-PAL-00323,C05142,O022303,2,pls quality bilkul bekar !!,2026-09-27
RV002884,DH-KUR-00008,C01898,O013813,5,,2025-09-04
RV002885,DH-KID-00462,C05684,O019452,4,kapda achha hai,2024-10-27
RV002886,DH-KID-00524,C05046,O003274,2,"hello, mustard bola tha ye to green yellow hai !!",2026-07-14
RV002887,DH-FRO-00415,C01406,O001820,5,,2025-12-20
RV002888,DH-MEN-00546,C05105,O005110,5,value for money,2025-06-17
RV002889,DH-KUR-00043,C02414,O000033,2,"SIZE M BAHUT TIGHT HAI, L LENA PADEGA 🙏",2025-01-07
RV002890,DH-KID-00434,C04798,O003410,1,"hello, size se cota h refund chahiye",2025-09-14
RV002891,DH-KUR-00080,C05138,O021356,4,nice quality for the price,2026-06-01
RV002892,DH-KUR-00114,C04249,O018412,1,bhaiya not good exchange nahi chahiye,2025-01-07
RV002893,DH-KID-00506,C04577,O018955,3,length bahut zyada hai !!,2025-11-20
RV002894,DH-TOP-00272,C00108,O017161,4,,2024-11-10
RV002895,DH-KID-00503,C05831,O008185,5,kapda achha hai,2025-03-26
RV002896,DH-TOP-00304,C00901,O012319,4,nice quality for the price,2025-09-29
RV002897,DH-KUR-00180,C01275,O013220,2,hi print utar raha hai 🙏,2025-02-20
RV002898,DH-DRE-00213,C05824,O013538,5,bahut achha hai,2024-12-28
RV002899,DH-KUR-00080,C01180,O002868,3,sir fabric cheap lag raha hai,2025-07-25
RV002900,DH-DRE-00224,C03250,O020386,2,ordered l but feels like s 🙏,2025-11-16
RV002901,DH-FRO-00417,C05247,O006446,2,PLS ACHA NAHI LAGA JALDI PICKUP KARO,2026-07-19
RV002902,DH-PAL-00326,C03836,O003926,1,"hello, stitching kharab hai, dhaage nikal rahe pls return",2026-01-17
RV002903,DH-KID-00523,C03749,O011660,4,value for money,2025-11-13
RV002904,DH-DRE-00234,C04323,O008866,5,beti ko bahut pasand aaya,2025-01-02
RV002905,DH-FRO-00399,C03169,O019553,1,"material not as described, ye cotton nahi lagta pls return",2025-04-14
RV002906,DH-FRO-00419,C01264,O009157,1,BHAIYA PRINT UTAR RAHA HAI VERY DISAPPOINTED,2025-11-19
RV002907,DH-KUR-00001,C02079,O018915,4,perfect fit,2026-06-02
RV002908,DH-MEN-00586,C01065,O004598,4,value for money,2024-11-26
RV002909,DH-KUR-00015,C00968,O023565,4,kapda achha hai,2026-06-13
RV002910,DH-KUR-00155,C05400,O008644,5,mast hai 👍,2025-06-07
RV002911,DH-TOP-00304,C04237,O008896,1,bhaiya print utar raha hai,2025-06-25
RV002912,DH-KUR-00027,C00132,O019111,4,,2025-08-28
RV002913,DH-DRE-00223,C04401,O001886,5,loved it,2026-03-19
RV002914,DH-KID-00510,C05037,O023940,3,sir damaged piece received,2025-12-04
RV002915,DH-DRE-00209,C00170,O011160,4,kapda achha hai,2024-12-30
RV002916,DH-KUR-00006,C01152,O018744,1,pls silai khuli hui thi aate hi,2026-07-20
RV002917,DH-FRO-00393,C03372,O002918,5,colour same as photo,2025-06-13
RV002918,DH-KID-00456,C02656,O020208,4,kapda achha hai,2026-03-21
RV002919,DH-PAL-00318,C01393,O012434,2,"sir too small, chest pe fit nahi hua exchange nahi chahiye",2026-03-21
RV002920,DH-TRA-00593,C03094,O019484,2,sir ye wala shade nahi tha website pe jaldi pickup karo,2025-07-08
RV002921,DH-DRE-00218,C00639,O016511,1,mam silai khuli hui thi aate hi exchange nahi chahiye,2026-05-03
RV002922,DH-KUR-00008,C03298,O022583,5,bahut achha hai,2024-11-03
RV002923,DH-PAL-00335,C03145,O023210,5,colour same as photo,2026-07-27
RV002924,DH-KID-00431,C00002,O007709,5,,2025-10-08
RV002925,DH-FRO-00418,C05550,O023665,5,loved it,2025-01-05
RV002926,DH-KUR-00162,C02441,O004736,5,,2025-10-29
RV002927,DH-CO--00348,C01880,O023838,2,ek wash me rang chala gaya very disappointed,2024-11-17
RV002928,DH-SCH-00496,C00933,O018839,4,bahut achha hai,2025-11-25
RV002929,DH-CO--00354,C02526,O016630,4,mast hai 👍,2024-11-24
RV002930,DH-CO--00348,C04992,O018335,1,mam nahi chahiye bas refund chahiye,2026-08-30
RV002931,DH-DRE-00251,C03371,O009215,5,bahut achha hai,2026-03-13
RV002932,DH-TRA-00591,C00547,O003360,5,comfortable hai,2026-01-31
RV002933,DH-DRE-00198,C00778,O016828,3,"hi Size small aaya, mera regular M h very disappointed",2026-04-09
RV002934,DH-MEN-00581,C03536,O004612,5,,2024-10-18
RV002935,DH-TOP-00281,C03956,O006504,2,"SIR WRONG SIZE BHEJA, M ORDER KIYA THA XL AAYA EXCHANGE NAHI CHAHIYE",2025-12-06
RV002936,DH-KID-00451,C01084,O020677,5,colour same as photo,2025-06-21
RV002937,DH-KUR-00133,C01129,O022244,5,,2025-11-05
RV002938,DH-KUR-00113,C03352,O011336,3,size chota hai,2025-08-21
RV002939,DH-DRE-00217,C00460,O022409,2,oversized lag raha hai jabki regular fit likha tha refund chahiye,2025-07-09
RV002940,DH-FRO-00386,C01962,O011022,1,hi silai khuli hui thi aate hi 🙏,2024-12-02
RV002941,DH-DRE-00208,C00814,O016063,1,BHAIYA SLEEVES TIGHT HAI ARM SME REFUND CHAHIYE,2025-11-26
RV002942,DH-FRO-00409,C02657,O012569,3,size chart pe 38 likha tha but 36 jaisa hai,2025-01-16
RV002943,DH-SCH-00497,C00864,O017030,5,kapda achha hai,2025-10-21
RV002944,DH-KID-00430,C00046,O020910,2,pls see through hai kapda exchange nahi chahiye,2024-12-11
RV002945,DH-KUR-00066,C05091,O009293,2,bhaiya pink mangyaa tha peach aaya very disappointed,2025-12-25
RV002946,DH-KUR-00179,C00949,O002196,4,comfortable hai,2025-04-08
RV002947,DH-KID-00448,C01782,O014794,4,mast hai 👍,2026-09-27
RV002948,DH-KUR-00104,C04085,O022350,3,"sir stitching kharab hai, dhaage nikal rahe exchange nahi chahiye",2026-03-20
RV002949,DH-TOP-00287,C01124,O003045,3,very thin clth pls return,2026-03-01
RV002950,DH-KUR-00157,C03045,O018332,5,bahut achha hai,2025-04-30
RV002951,DH-KID-00518,C03847,O018436,1,return,2026-03-19
RV002952,DH-CO--00354,C03965,O017083,4,office ke liye perfect,2025-04-29
RV002953,DH-MEN-00586,C05778,O021999,5,nice quality for the price,2024-10-31
RV002954,DH-KUR-00080,C01180,O002868,5,,2025-08-05
RV002955,DH-SCH-00494,C00681,O021767,4,office ke liye perfect,2026-08-08
RV002956,DH-MEN-00582,C02512,O002023,5,value for money,2025-03-28
RV002957,DH-DRE-00188,C05299,O006238,1,hi shoulders gir rahe hain itna loose very disappointed,2024-10-28
RV002958,DH-PAL-00330,C04185,O018691,1,sir fitting bahut tight hai yaar,2025-12-10
RV002959,DH-PAL-00318,C00109,O021544,2,hi smaller tan usual size,2026-03-26
RV002960,DH-KUR-00097,C00561,O008056,2,fabric cheap lag raha hai jaldi pickup karo,2025-06-02
RV002961,DH-TOP-00304,C03044,O014660,5,kapda achha hai,2025-08-08
RV002962,DH-DRE-00190,C05893,O009366,5,kapda achha hai,2025-03-04
RV002963,DH-SCH-00490,C01833,O022370,5,,2026-03-27
RV002964,DH-DRE-00181,C05348,O023173,4,kapda achha hai,2025-09-14
RV002965,DH-KUR-00058,C00677,O019066,5,bahut achha hai,2026-07-09
RV002966,DH-KUR-00079,C00823,O018031,5,perfect fit,2025-10-16
RV002967,DH-DRE-00209,C05116,O013859,5,kapda achha hai,2024-11-15
RV002968,DH-SCH-00466,C01356,O016856,5,comfortable hai,2026-05-21
RV002969,DH-KUR-00178,C01124,O022541,5,,2026-03-27
RV002970,DH-KUR-00105,C02449,O013338,5,bahut achha hai,2024-11-23
RV002971,DH-FRO-00392,C00950,O013207,5,mast hai 👍,2026-02-17
RV002972,DH-KUR-00088,C05472,O014238,5,kapda achha hai,2025-01-27
RV002973,DH-DRE-00244,C04179,O012684,1,siz chota hai,2025-10-17
RV002974,DH-KUR-00043,C01446,O007914,3,HI SIZE CHART PE 38 LIKHA THA BUT 36 JAISA HAI,2026-09-27
RV002975,DH-DRE-00204,C00295,O003643,3,nahi chaahiye bas,2026-06-02
RV002976,DH-TOP-00289,C02067,O021512,2,pehli dhulaim e shrink ho gaya,2025-05-26
RV002977,DH-KUR-00114,C01253,O001175,1,M MANGAYA THA BADA AAYA JALDI PICKUP KARO,2024-10-24
RV002978,DH-KUR-00122,C03918,O009909,1,size se chota h,2025-10-09
RV002979,DH-TRA-00593,C01575,O015532,5,,2026-06-22
RV002980,DH-KUR-00031,C01122,O002239,3,pls pink manngaya tha peach aaya exchange nahi chahiye,2025-12-20
RV002981,DH-TOP-00268,C05141,O017905,2,"hello, very thin cloth",2026-09-19
RV002982,DH-KID-00518,C01103,O008525,5,bahut achha hai,2025-02-15
RV002983,DH-KUR-00066,C02614,O001726,5,kapda achha hai,2025-09-25
RV002984,DH-FRO-00409,C04187,O001824,1,no,2024-12-09
RV002985,DH-KUR-00093,C04651,O016807,4,mast hai 👍,2025-01-21
RV002986,DH-FRO-00371,C02468,O000984,4,comfortable hai,2025-06-05
RV002987,DH-FRO-00405,C00280,O000171,5,nice quality for the price,2026-03-22
RV002988,DH-MEN-00546,C04326,O000319,1,sir बहुत टाइट है,2024-12-07
RV002989,DH-MEN-00559,C02499,O001582,4,colour same as photo,2026-03-10
RV002990,DH-KUR-00122,C00889,O016106,4,nice quality for the price,2025-12-21
RV002991,DH-DRE-00202,C00844,O016837,5,colour same as photo,2025-03-08
RV002992,DH-KID-00507,C01318,O003589,5,loved it,2025-03-26
RV002993,DH-KUR-00050,C01427,O014887,5,value for money,2025-09-24
RV002994,DH-KUR-00063,C01677,O009657,3,PLS YE MERA ORDER NAHI HAI EXCHANGE NAHI CHAHIYE,2026-03-07
RV002995,DH-DRE-00228,C03281,O020664,2,bhaiya size chart se bada inkla very disappointed,2025-10-19
RV002996,DH-CO--00355,C05967,O017689,3,mam ordered L but feels like S very disappointed,2025-07-16
RV002997,DH-KUR-00042,C03734,O019330,4,,2025-07-07
RV002998,DH-FRO-00387,C03731,O001998,3,"Size small aaya, mera regular M h pls return",2026-06-24
RV002999,DH-KUR-00087,C00363,O000720,5,office ke liye perfect,2026-09-24
RV003000,DH-MEN-00565,C03949,O019520,1,sir size chota hai !!,2026-04-23
RV003001,DH-KUR-00162,C00752,O001845,2,bhaiya mustard bola tha ye to green yellow hai pls return,2026-07-24
RV003002,DH-PAL-00340,C01699,O020090,2,mam tight hai jaldi pickup karo,2025-06-04
RV003003,DH-KUR-00001,C04277,O023526,5,loved it,2026-09-01
RV003004,DH-KUR-00180,C02586,O012385,2,"size small aaya, mera regular m h",2025-05-16
RV003005,DH-FRO-00419,C01757,O016611,4,nice quality for the price,2025-07-20
RV003006,DH-MEN-00541,C00213,O015812,1,NOT GOOD REFUND CHAHIYE,2025-02-26
RV003007,DH-KUR-00044,C00703,O009777,4,nice quality for the price,2025-08-31
RV003008,DH-TOP-00276,C02468,O013029,5,mast hai 👍,2026-01-18
RV003009,DH-TOP-00271,C00958,O000547,2,bhaiya fabric cheap lag raha hai jaldi pickup karo,2026-06-01
RV003010,DH-KUR-00093,C02588,O005838,5,kapda achha hai,2025-10-18
RV003011,DH-KUR-00016,C04080,O011623,1,beti ke liye liya tha chhota pad gaya !!,2024-12-12
RV003012,DH-MEN-00545,C01455,O013953,5,bahut achha hai,2026-07-05
RV003013,DH-DRE-00202,C02150,O021945,4,loved it,2024-10-26
RV003014,DH-KUR-00146,C05422,O021374,2,"pls size small aaya, mera regular m h !!",2025-12-03
RV003015,DH-FRO-00387,C02123,O008395,4,,2025-03-13
RV003016,DH-KUR-00090,C01770,O007275,4,loved it,2025-07-01
RV003017,DH-KID-00431,C01317,O014014,2,hi size chart pe 38 likha tha but 36 jaisa hai very disappointed,2026-07-08
RV003018,DH-TOP-00301,C03488,O009619,4,bahut achha hai,2025-05-23
RV003019,DH-KUR-00105,C00526,O011482,5,mast hai 👍,2026-02-23
RV003020,DH-KUR-00088,C05952,O014201,1,bhaiya fitting bahut tiht hai yaar exchange nahi chahiye,2025-02-02
RV003021,DH-KID-00454,C03812,O022405,5,,2026-03-15
RV003022,DH-DRE-00190,C05537,O019435,4,kapda achha hai,2025-01-07
RV003023,DH-SCH-00489,C02310,O000507,2,length bhi kam hai aur tight bhi very disappointed,2024-11-07
RV003024,DH-CO--00356,C01905,O006938,2,SIR QUALITY BILKUL BEKAR EXCHANGE NAHI CHAHIYE,2026-04-18
RV003025,DH-TOP-00304,C02258,O016449,5,loved it,2026-06-19
RV003026,DH-SCH-00467,C04249,O000073,4,,2025-02-20
RV003027,DH-CO--00348,C05485,O019138,4,perfect fit,2025-12-26
RV003028,DH-CO--00348,C01934,O004940,4,colour same as photo,2024-11-15
RV003029,DH-KUR-00029,C03038,O014410,1,bhaiya size chart pe 38 likha tha but 36 jaisa hai !!,2024-10-29
RV003030,DH-FRO-00386,C04845,O020253,2,"size M bahut tigh thai, L lena padega pls return",2025-10-29
RV003031,DH-SCH-00474,C04515,O004931,3,size chart se bada nikla very disappointed,2026-03-23
RV003032,DH-MEN-00578,C05210,O012020,2,bacche ke liye bahut bada hai,2025-12-16
RV003033,DH-KUR-00173,C00050,O006468,4,nice quality for the price,2025-01-15
RV003034,DH-KUR-00056,C04386,O013499,2,"hello, stitching kharab hai, hdaage nikal rahe !!",2026-01-30
RV003035,DH-SCH-00491,C01228,O003275,5,mast hai 👍,2026-02-16
RV003036,DH-FRO-00371,C04044,O018629,4,kapda achha hai,2025-10-26
RV003037,DH-KID-00434,C03978,O004948,4,,2025-05-27
RV003038,DH-SCH-00486,C00927,O002046,5,nice quality for the price,2026-07-12
RV003039,DH-TOP-00305,C03388,O005215,3,hi theek nahi hai 🙏,2026-03-11
RV003040,DH-FRO-00370,C01429,O016287,5,,2024-11-25
RV003041,DH-CO--00348,C03483,O017942,2,"hello, tight hai",2025-01-05
RV003042,DH-MEN-00546,C05709,O023333,2,MAM NO 🙏,2024-11-06
RV003043,DH-KID-00503,C03928,O012901,5,,2026-04-08
RV003044,DH-KID-00510,C02327,O017851,5,office ke liye perfect,2026-05-14
RV003045,DH-KUR-00111,C03580,O019029,4,colour same as photo,2026-05-06
RV003046,DH-MEN-00542,C00088,O010725,5,mast hai 👍,2025-11-12
RV003047,DH-KID-00509,C05138,O020996,5,loved it,2025-08-12
RV003048,DH-TOP-00307,C02433,O014484,3,hi hole hai sleeve pe pls return,2026-01-31
RV003049,DH-DRE-00236,C00414,O011092,5,kapda achha hai,2026-07-28
RV003050,DH-TRA-00589,C05186,O001566,4,comfortable hai,2026-09-01
RV003051,DH-CO--00345,C00011,O010490,5,perfect fit,2025-10-21
RV003052,DH-KID-00428,C02771,O010254,1,sir size se chota h 🙏,2025-07-03
RV003053,DH-KID-00535,C00470,O007067,1,ek wash me rang chala gaya very disappointed,2026-02-02
RV003054,DH-MEN-00561,C03023,O002659,1,hi ek wash me rang chala gaya very disappointed,2025-12-16
RV003055,DH-DRE-00218,C00688,O017448,2,"hello, rang bilkul alag hai",2026-03-19
RV003056,DH-KUR-00129,C00350,O008177,4,office ke liye perfect,2026-03-04
RV003057,DH-KUR-00039,C02042,O014987,5,mast hai 👍,2026-08-29
RV003058,DH-DRE-00249,C00460,O003764,4,mast hai 👍,2025-12-23
RV003059,DH-KUR-00098,C02914,O010988,3,"bhaiya material not as described, ye cotton nahi lagta refund chahiye",2025-11-22
RV003060,DH-DRE-00182,C01069,O004662,1,"hi size M bahut tight hai, L lena padega very disappointed",2025-08-03
RV003061,DH-SCH-00471,C04606,O015114,4,comfortable hai,2025-08-20
RV003062,DH-DRE-00240,C04071,O013450,1,"HELLO, SIZE BADA HAI REFUND CHAHIYE",2026-08-20
RV003063,DH-TOP-00275,C02662,O009973,4,beti ko bahut pasand aaya,2026-08-09
RV003064,DH-CO--00354,C03878,O015742,2,pls issue hai pls return,2025-09-03
RV003065,DH-SCH-00479,C02643,O018329,5,comfortable hai,2025-11-14
RV003066,DH-KID-00442,C00471,O014436,5,beti ko bahut pasand aaya,2026-03-13
RV003067,DH-KUR-00050,C05650,O009794,2,"PLS PHOO ME MAROON DIKHA, AAYA BROWN !!",2025-03-15
RV003068,DH-KUR-00027,C03103,O023433,5,office ke liye perfect,2026-03-18
RV003069,DH-FRO-00396,C02904,O008200,5,,2026-02-25
RV003070,DH-DRE-00244,C00941,O021164,1,pls beti ke liye liya tha chhota pad gaya exchange nahi chahiye,2026-02-01
RV003071,DH-FRO-00390,C04805,O004377,5,,2025-10-15
RV003072,DH-KUR-00033,C03384,O019504,2,sir m mangaya tha bada aaya,2026-07-30
RV003073,DH-KUR-00173,C05041,O006192,5,comfortable hai,2025-09-20
RV003074,DH-TOP-00288,C01669,O007702,2,hi quality bilkul bekar very disappointed,2025-12-31
RV003075,DH-FRO-00419,C00001,O013972,4,kapda achha hai,2025-05-06
RV003076,DH-KUR-00057,C02084,O016955,2,hi tight hai,2026-03-11
RV003077,DH-MEN-00557,C01020,O001706,5,comfortable hai,2025-08-03
RV003078,DH-FRO-00382,C02378,O013559,5,bahut achha hai,2025-05-10
RV003079,DH-FRO-00397,C00215,O000753,5,nice quality for the price,2026-03-22
RV003080,DH-KUR-00044,C04745,O005466,4,,2025-09-24
RV003081,DH-KUR-00105,C04403,O013263,1,kapda bahut patla hai,2024-11-05
RV003082,DH-KUR-00031,C01828,O023385,3,sir ok very disappointed,2026-04-06
RV003083,DH-KUR-00133,C04024,O015673,2,bhaiya not as expected pls return,2025-04-26
RV003084,DH-FRO-00365,C03873,O005520,1,pehli dhulai me shrink ho gaya jaldi pickup karo,2025-10-11
RV003085,DH-KID-00425,C00298,O022197,1,hi button toota hua tha very disappointed,2025-11-30
RV003086,DH-TRA-00597,C03830,O000634,4,nice quality for the price,2025-06-27
RV003087,DH-FRO-00386,C02194,O009133,1,pls quality bilkul bekar refund chahiye,2025-11-26
RV003088,DH-KUR-00139,C02853,O017760,1,bhaiya very thin cloth pls return,2024-12-24
RV003089,DH-KID-00500,C04366,O001599,3,fabric cheap lag raha hai jaldi pickup karo,2025-02-17
RV003090,DH-KUR-00079,C04336,O009913,5,,2026-06-24
RV003091,DH-KUR-00124,C04295,O000965,4,,2024-12-23
RV003092,DH-PAL-00316,C04408,O020034,5,loved it,2025-08-20
RV003093,DH-KID-00507,C02667,O017391,3,"too small, chest pe fit nahi hua",2025-01-21
RV003094,DH-MEN-00542,C02459,O001615,5,value for money,2025-11-23
RV003095,DH-KUR-00020,C03426,O021459,5,office ke liye perfect,2025-11-07
RV003096,DH-TOP-00270,C03739,O022488,5,kapda achha hai,2025-12-20
RV003097,DH-FRO-00419,C01752,O011030,4,office ke liye perfect,2024-12-09
RV003098,DH-KUR-00141,C00859,O008290,4,loved it,2025-02-20
RV003099,DH-KUR-00129,C05655,O021514,4,colour same as photo,2025-07-30
RV003100,DH-TOP-00302,C05577,O012593,4,bahut achha hai,2025-03-08
RV003101,DH-TOP-00254,C05864,O005750,5,loved it,2026-03-29
RV003102,DH-KUR-00093,C03821,O018323,5,value for money,2026-05-09
RV003103,DH-KID-00517,C05104,O007656,2,mam print utar raha hai !!,2025-12-27
RV003104,DH-DRE-00195,C02289,O007265,3,packet khula tha aur kapde pe daag hai,2025-10-30
RV003105,DH-KUR-00008,C04572,O008047,2,mam maine kurti mangayi thi top aaya,2024-12-11
RV003106,DH-DRE-00210,C05976,O000695,5,colour same as photo,2026-05-02
RV003107,DH-KID-00507,C04300,O002874,5,loved it,2026-08-07
RV003108,DH-KUR-00157,C01496,O010753,5,bahut achha hai,2025-10-17
RV003109,DH-KID-00503,C01492,O018671,1,"size M bahut tight hai, L lena padega 🙏",2026-06-20
RV003110,DH-FRO-00409,C04187,O001824,2,doosra colour bhej diya,2024-12-09
RV003111,DH-DRE-00238,C04872,O006987,5,bahut achha hai,2026-09-27
RV003112,DH-DRE-00229,C01300,O002056,3,"HI KURTI BAHUT FIT HAI, BREATHE NAHI KAR PA RAHI 🙏",2026-01-03
RV003113,DH-FRO-00382,C05414,O017765,2,colour alag hai poto se,2026-07-23
RV003114,DH-MEN-00582,C00391,O005618,4,,2024-11-22
RV003115,DH-SCH-00474,C02972,O012082,5,nice quality for the price,2025-12-30
RV003116,DH-DRE-00246,C03540,O015886,4,perfect fit,2025-10-16
RV003117,DH-KUR-00112,C02761,O009371,2,bahut loose hai,2024-11-18
RV003118,DH-DRE-00208,C00191,O014576,3,SIR PRINT UTAR RAHA HAI REFUND CHAHIYE,2025-08-30
RV003119,DH-KUR-00105,C02291,O002325,5,beti ko bahut pasand aaya,2024-11-01
RV003120,DH-KUR-00006,C01712,O008350,1,sir phaat hua aaya pls return,2026-04-14
RV003121,DH-KID-00515,C02817,O022176,4,beti ko bahut pasand aaya,2025-10-11
RV003122,DH-DRE-00217,C05393,O020595,4,perfect fit,2026-06-06
RV003123,DH-KID-00502,C04011,O008467,2,ek wash me rang chaal gaya !!,2026-03-19
RV003124,DH-KUR-00026,C01118,O009227,5,colour same as photo,2024-12-11
RV003125,DH-MEN-00542,C02459,O001615,3,hi see through hai kapda,2025-11-09
RV003126,DH-FRO-00373,C00954,O008770,5,mast hai 👍,2026-07-25
RV003127,DH-KID-00516,C01887,O020478,2,fabric heap lag raha hai 🙏,2026-01-19
RV003128,DH-FRO-00369,C00980,O011273,1,hi wrong item received 🙏,2026-08-12
RV003129,DH-TRA-00591,C03955,O016727,5,loved it,2026-04-22
RV003130,DH-TOP-00300,C01095,O004653,4,beti ko bahut pasand aaya,2026-03-17
RV003131,DH-KID-00537,C01422,O011661,5,nice quality for the price,2025-08-07
RV003132,DH-KUR-00137,C03356,O020102,1,bhaiya colour alag hai photo se 🙏,2024-11-23
RV003133,DH-KID-00462,C03883,O011288,4,loved it,2024-11-27
RV003134,DH-KID-00452,C02106,O023913,2,"hello, बहुत टाइट है !!",2026-03-13
RV003135,DH-KUR-00154,C05582,O018729,1,pls ordered L but feels like S 🙏,2025-01-03
RV003136,DH-DRE-00230,C05305,O007987,4,,2025-10-17
RV003137,DH-SCH-00489,C02245,O010627,5,nice quality for the price,2024-12-09
RV003138,DH-FRO-00419,C00219,O009917,5,comfortable hai,2026-05-09
RV003139,DH-DRE-00206,C05552,O021055,5,colour same as photo,2025-08-06
RV003140,DH-DRE-00197,C00965,O014432,5,kapda achha hai,2026-05-01
RV003141,DH-TRA-00597,C04055,O013326,5,perfect fit,2025-03-20
RV003142,DH-KID-00540,C04424,O023279,3,"sir sittching kharab hai, dhaage nikal rahe exchange nahi chahiye",2025-09-15
RV003143,DH-TOP-00296,C02976,O010787,4,kapda achha hai,2025-07-02
RV003144,DH-KUR-00129,C04821,O019650,4,kapda achha hai,2024-11-10
RV003145,DH-KID-00536,C05728,O016139,5,value for money,2025-04-26
RV003146,DH-KUR-00112,C02173,O009795,1,hi ye wala shaed nahi tha website pe !!,2024-11-30
RV003147,DH-SCH-00466,C02298,O003975,1,"hi loose fitting, mere size ka nahi lagta",2025-12-09
RV003148,DH-DRE-00231,C02991,O015107,1,button toota hua tha exchange nahi chahiye,2024-11-15
RV003149,DH-KUR-00046,C01119,O012094,5,kapda achha hai,2026-01-29
RV003150,DH-SCH-00471,C05676,O010893,5,mast hai 👍,2025-02-11
RV003151,DH-KID-00500,C01988,O021688,1,pls fabric cheap lag raha hai jaldi pickup karo,2026-05-29
RV003152,DH-CO--00351,C03836,O014288,5,value for money,2025-01-26
RV003153,DH-KID-00518,C01787,O012521,4,,2025-10-30
RV003154,DH-TOP-00265,C05138,O009829,4,mast hai 👍,2026-03-11
RV003155,DH-TRA-00600,C01566,O004429,4,perfect fit,2025-08-20
RV003156,DH-MEN-00575,C00371,O019333,4,colour same as photo,2026-08-17
RV003157,DH-KUR-00080,C04122,O010720,5,nice quality for the price,2026-08-25
RV003158,DH-KID-00455,C00826,O011809,1,😞 jaldi pickup karo,2024-11-13
RV003159,DH-KUR-00137,C01474,O018400,1,mam image me bright tha real me dull hai,2024-11-22
RV003160,DH-DRE-00203,C03166,O019385,1,hi bahut tight h shoulders pe !!,2025-07-18
RV003161,DH-DRE-00235,C03860,O007136,4,comfortable hai,2025-07-10
RV003162,DH-KID-00425,C04018,O001797,5,bahut achha hai,2025-01-04
RV003163,DH-KUR-00060,C04581,O009239,5,office ke liye perfect,2025-10-11
RV003164,DH-DRE-00181,C05518,O010539,4,nice quality for the price,2025-06-13
RV003165,DH-KUR-00171,C03533,O001477,5,loved it,2025-01-10
RV003166,DH-SCH-00465,C04683,O013603,5,,2025-10-02
RV003167,DH-FRO-00400,C02826,O021625,5,perfect fit,2026-07-26
RV003168,DH-MEN-00578,C05210,O012020,4,beti ko bahut pasand aaya,2025-12-20
RV003169,DH-KUR-00122,C05105,O023760,2,theek nahi hai,2025-08-04
RV003170,DH-KUR-00004,C02784,O013718,4,value for money,2026-03-11
RV003171,DH-KUR-00093,C04345,O011910,5,bahut achha hai,2025-11-19
RV003172,DH-TOP-00312,C02693,O008732,1,pls print utar raha hai exchange nahi chahiye,2025-09-30
RV003173,DH-MEN-00582,C00391,O005618,3,"SIR MATERIAL NOT AS DESCRIBED, YE COTTON NAHI LAGTA",2024-11-20
RV003174,DH-KID-00518,C01994,O004965,5,bahut achha hai,2025-10-20
RV003175,DH-KID-00500,C01113,O023935,1,hi button toota hua thha,2025-02-19
RV003176,DH-KID-00515,C05842,O020698,5,comfortable hai,2025-12-11
RV003177,DH-TOP-00263,C02855,O011084,1,mam damaged piece recived pls return,2026-01-17
RV003178,DH-KUR-00009,C01711,O019018,4,comfortable hai,2026-08-04
RV003179,DH-SCH-00482,C02765,O004422,1,maine kurti mangayi thi top aaya,2026-04-10
RV003180,DH-FRO-00365,C00360,O010021,4,value for money,2025-06-04
RV003181,DH-TOP-00261,C04445,O017147,4,,2025-07-23
RV003182,DH-MEN-00581,C03731,O020286,5,,2024-11-11
RV003183,DH-DRE-00192,C05228,O011534,5,,2025-07-06
RV003184,DH-KID-00511,C01014,O019341,5,kapda achha hai,2025-10-14
RV003185,DH-DRE-00235,C00658,O019819,3,bhaiya pink mangyaa tha peach aaya 🙏,2026-09-27
RV003186,DH-TOP-00285,C01967,O016751,1,"PHOTO ME MAROON DIKHA, AAYA BROWN !!",2025-01-20
RV003187,DH-FRO-00370,C03089,O017272,4,beti ko bahut pasand aaya,2025-10-30
RV003188,DH-TOP-00306,C02198,O013983,3,mam rang bilkul alag hai very disappointed,2026-06-26
RV003189,DH-SCH-00463,C03245,O008190,2,"mam material not as described, ye cotton nahi lagta",2026-06-15
RV003190,DH-KUR-00076,C05041,O000414,2,hi बहुत टाइट है !!,2026-01-19
RV003191,DH-CO--00343,C01441,O007527,5,,2026-01-17
RV003192,DH-CO--00348,C00949,O017167,3,mam very thin cloth,2026-02-04
RV003193,DH-CO--00350,C04123,O020704,4,comfortable hai,2026-04-03
RV003194,DH-KID-00458,C01909,O000335,4,bahut achha hai,2025-10-25
RV003195,DH-KUR-00156,C04581,O004332,5,value for money,2026-08-29
RV003196,DH-CO--00345,C01295,O012676,1,quality bilkul bekar !!,2025-07-01
RV003197,DH-SCH-00490,C01696,O007164,5,beti ko bahut pasand aaya,2025-11-17
RV003198,DH-DRE-00215,C01907,O019909,4,value for money,2026-05-10
RV003199,DH-KUR-00006,C01152,O018744,5,,2026-07-22
RV003200,DH-DRE-00182,C01368,O001756,5,nice quality for the price,2026-05-12
RV003201,DH-FRO-00363,C02414,O012097,3,pls M mangaya tha bada aaya very disappointed,2026-09-08
RV003202,DH-FRO-00386,C04647,O012033,1,image me bright tha real me dull hai !!,2025-03-23
RV003203,DH-DRE-00181,C05682,O014272,5,loved it,2026-06-18
RV003204,DH-KUR-00031,C03414,O003271,1,"hi stitching kharab hai, dhaage nikal rahe",2025-10-19
RV003205,DH-KUR-00123,C01460,O011842,5,bahut achha hai,2026-04-03
RV003206,DH-SCH-00468,C01400,O022361,2,MAM TIGH HAI VERY DISAPPOINTED,2026-02-25
RV003207,DH-FRO-00386,C04845,O020253,1,... refund chahiye,2025-11-08
RV003208,DH-SCH-00470,C00110,O014327,3,pehli dhulai me shrink ho gaya,2026-06-23
RV003209,DH-MEN-00586,C04638,O004153,5,kapda achha hai,2025-04-21
RV003210,DH-MEN-00569,C00710,O023465,4,mast hai 👍,2026-05-01
RV003211,DH-SCH-00471,C01666,O020994,1,"stitching kharab hai, dhaage nikal rahe pls return",2024-11-22
RV003212,DH-TOP-00253,C00479,O009574,1,sir ek wash me rang chala gaya refund chahiye,2025-07-30
RV003213,DH-TRA-00595,C04942,O010185,4,value for money,2025-12-05
RV003214,DH-MEN-00564,C01271,O003891,5,colour same as photo,2026-03-26
RV003215,DH-PAL-00340,C04290,O005849,5,comfortable hai,2025-09-12
RV003216,DH-TOP-00295,C03374,O009611,1,bhaiya size chota hai jaldi pickup karo,2025-12-27
RV003217,DH-KUR-00008,C02157,O011318,5,colour same as photo,2025-04-09
RV003218,DH-CO--00351,C02890,O000364,2,fabric cheap lag raha hai pls return,2025-12-04
RV003219,DH-FRO-00387,C02123,O008395,5,perfect fit,2025-03-11
RV003220,DH-KUR-00180,C02427,O001019,2,FITTING BAHUT TIGHT HAI YAAR REFUND CHAHIYE,2024-11-16
RV003221,DH-FRO-00419,C02115,O005259,1,PLS साइज़ छोटा है,2026-04-30
RV003222,DH-CO--00360,C04737,O009770,3,bhaiya shoulders gir rahe hain itna loose jaldi pickup karo,2026-05-18
RV003223,DH-FRO-00401,C03725,O014863,1,pls see through hai kapda pls return,2024-12-05
RV003224,DH-DRE-00186,C03649,O007122,5,,2026-02-02
RV003225,DH-MEN-00581,C01082,O023458,1,bhaiya fabric cheap lag raha hai !!,2025-11-22
RV003226,DH-CO--00354,C03663,O013903,2,"hello, issue hai",2025-06-02
RV003227,DH-KUR-00057,C04790,O021575,3,print utar raha hai 🙏,2025-12-22
RV003228,DH-MEN-00549,C02041,O008429,2,PRINT UTA RAHA HAI 🙏,2026-02-26
RV003229,DH-KID-00526,C05638,O019513,5,kapda achha hai,2025-11-09
RV003230,DH-KUR-00114,C01460,O020019,4,mast hai 👍,2024-10-26
RV003231,DH-SCH-00465,C02490,O011053,2,hi rng halka hai bahut very disappointed,2025-01-23
RV003232,DH-SCH-00474,C02631,O008882,1,quality bilkul bekar,2025-04-29
RV003233,DH-FRO-00393,C04018,O006457,5,comfortable hai,2024-11-08
RV003234,DH-KUR-00105,C00561,O017231,4,,2025-11-22
RV003235,DH-PAL-00320,C03554,O020466,4,office ke liye perfect,2026-02-25
RV003236,DH-CO--00356,C01905,O006938,4,value for money,2026-04-13
RV003237,DH-FRO-00384,C00696,O014613,2,"hello, same as before 🙏",2026-05-28
RV003238,DH-MEN-00586,C00866,O006268,4,office ke liye perfect,2026-01-15
RV003239,DH-TRA-00597,C03879,O012148,3,sir quality achhi nahi hai,2024-11-21
RV003240,DH-DRE-00216,C01816,O016541,1,pls pehli dhulai me shrink ho gaya refund chahiye,2026-02-09
RV003241,DH-KUR-00068,C05140,O003071,1,packet geela tha kapda kharab,2026-06-01
RV003242,DH-SCH-00467,C05951,O000952,2,mam color s different from image exchange nahi chahiye,2025-03-14
RV003243,DH-PAL-00329,C03046,O018938,2,nahi chahiye bas,2025-10-02
RV003244,DH-DRE-00214,C01738,O019013,4,bahut achha hai,2026-09-11
RV003245,DH-PAL-00340,C03098,O014360,5,mast hai 👍,2025-05-25
RV003246,DH-KUR-00179,C04369,O014444,2,"hello, ek wash me rang chala gaya 🙏",2025-09-06
RV003247,DH-KID-00540,C04672,O005373,4,kapda achha hai,2025-09-07
RV003248,DH-FRO-00404,C03517,O022287,4,,2025-08-23
RV003249,DH-KID-00540,C04709,O004497,1,SIZE CHART PE 38 LIKHA THA BUT 36 JAISA HAI,2026-06-18
RV003250,DH-KUR-00122,C02620,O002008,5,kapda achha hai,2025-06-30
RV003251,DH-FRO-00397,C00529,O018142,5,beti ko bahut pasand aaya,2025-06-30
RV003252,DH-PAL-00338,C03878,O015176,1,tight hai,2025-09-24
RV003253,DH-KUR-00132,C03403,O017447,4,bahut achha hai,2026-04-27
RV003254,DH-KUR-00161,C05141,O021317,4,bahut achha hai,2026-07-30
RV003255,DH-TRA-00595,C02150,O015692,4,nice quality for the price,2024-11-15
RV003256,DH-KUR-00121,C02792,O002098,1,"stitching kharab hai, dhaage nikal rahe",2025-03-24
RV003257,DH-KUR-00140,C04656,O004551,2,"hello, beeti ke liye liya tha chhota pad gaya",2026-07-28
RV003258,DH-FRO-00387,C01138,O010971,3,ek wash me rang chala gaya,2024-12-16
RV003259,DH-KUR-00028,C04952,O004665,1,length bhi kam hi aur tight bhi exchange nahi chahiye,2026-08-04
RV003260,DH-KID-00458,C00798,O005650,2,qualitybilkul bekar jaldi pickup karo,2025-05-12
RV003261,DH-KID-00449,C02549,O015255,1,sir kapda bahut patla hai very disappointed,2026-02-27
RV003262,DH-KUR-00018,C01573,O017375,1,PRINT UTAR RAHA HI EXCHANGE NAHI CHAHIYE,2026-01-02
RV003263,DH-SCH-00470,C00110,O014327,4,comfortable hai,2026-06-14
RV003264,DH-KID-00431,C04842,O010813,1,bhaiya smaller than usual size very disappointed,2025-10-13
RV003265,DH-FRO-00386,C05949,O018238,1,pls image me bright tha real me dull hai !!,2025-01-03
RV003266,DH-KUR-00097,C03224,O002533,5,colour same as photo,2026-06-18
RV003267,DH-DRE-00204,C00450,O011879,4,value for money,2024-12-05
RV003268,DH-KUR-00067,C01638,O012264,5,bahut achha hai,2026-07-10
RV003269,DH-DRE-00209,C02818,O023853,4,loved it,2025-02-22
RV003270,DH-SCH-00493,C02311,O021707,2,"hello, ek wash me rang chala gaya exchange nahi chahiye",2026-09-02
RV003271,DH-MEN-00549,C00205,O002619,2,not as expected,2026-01-18
RV003272,DH-SCH-00494,C05898,O016769,3,"hi too big ,ekdum dheela refund chahiye",2026-06-02
RV003273,DH-KUR-00080,C00946,O009434,3,mam ek wwash me rang chala gaya very disappointed,2026-08-22
RV003274,DH-KID-00526,C04197,O014643,5,office ke liye perfect,2024-11-08
RV003275,DH-FRO-00400,C02981,O008508,3,mam very thin cloth pls return,2025-12-17
RV003276,DH-FRO-00365,C02435,O014695,5,,2026-01-12
RV003277,DH-KUR-00060,C00215,O021291,5,bahut achha hai,2026-02-18
RV003278,DH-DRE-00216,C01985,O022357,2,"material not as described, ye cotton nahi lagta jaldi pickup karo",2026-06-22
RV003279,DH-FRO-00364,C02503,O018561,4,,2026-08-25
RV003280,DH-KID-00536,C00136,O019014,5,kapda achha hai,2026-02-21
RV003281,DH-KUR-00062,C00417,O020232,2,ek wash me rang chala gaya jaldi pickup karo,2026-05-02
RV003282,DH-DRE-00249,C01139,O009255,5,loved it,2026-01-13
RV003283,DH-DRE-00235,C00984,O023067,1,doosra colour bhej diya very disappointed,2024-12-21
RV003284,DH-KID-00526,C03017,O020187,2,not as expected very disappointed,2025-12-11
RV003285,DH-SCH-00489,C03579,O002305,5,perfect fit,2024-12-01
RV003286,DH-KID-00532,C03331,O014273,4,value for money,2026-04-27
RV003287,DH-FRO-00394,C04588,O008648,5,kapda achha hai,2026-06-09
RV003288,DH-FRO-00395,C00694,O004111,4,colour same as photo,2025-12-30
RV003289,DH-KUR-00113,C04225,O007039,1,mam issue hai very disappointed,2025-01-13
RV003290,DH-SCH-00479,C03210,O011914,4,beti ko bahut pasand aaya,2026-03-13
RV003291,DH-KUR-00094,C05112,O018805,5,,2025-03-31
RV003292,DH-TOP-00273,C01174,O023463,5,loved it,2025-11-11
RV003293,DH-CO--00354,C05019,O018661,3,HI ACHA NAHI LAGA,2026-02-26
RV003294,DH-KUR-00042,C02058,O012894,5,office ke liye perfect,2025-12-06
RV003295,DH-TOP-00289,C05474,O005093,4,bahut achha hai,2025-11-22
RV003296,DH-KUR-00029,C00873,O023810,5,bahut achha hai,2024-11-11
RV003297,DH-KUR-00094,C02589,O013045,5,,2025-05-11
RV003298,DH-KUR-00111,C04593,O009975,5,comfortable hai,2026-09-05
RV003299,DH-KUR-00059,C00569,O005032,5,,2026-07-15
RV003300,DH-KUR-00135,C01861,O004589,4,perfect fit,2026-03-25
RV003301,DH-KID-00458,C04958,O020345,4,perfect fit,2025-05-27
RV003302,DH-CO--00345,C05338,O005717,1,waist pe nahi aaya pls return,2025-01-29
RV003303,DH-TOP-00276,C03132,O022206,3,"hello, size chart se bada nikla",2025-06-19
RV003304,DH-KUR-00023,C04752,O009850,4,bahut achha hai,2026-04-21
RV003305,DH-KID-00448,C03604,O011045,1,"mam tooo small, chest pe fit nahi hua refund chahiye",2025-01-23
RV003306,DH-KID-00537,C02878,O018551,2,"hello, size M bahut tihgt hai, L lena padega very disappointed",2026-01-25
RV003307,DH-KUR-00028,C02337,O007929,5,nice quality for the price,2026-09-09
RV003308,DH-KUR-00146,C04060,O022325,5,colour same as photo,2026-09-27
RV003309,DH-CO--00355,C01728,O017848,4,,2025-06-09
RV003310,DH-KID-00511,C03419,O003304,2,PLS SIZE SE CHOA H VERY DISAPPOINTED,2025-09-26
RV003311,DH-PAL-00339,C00383,O021111,5,colour same as photo,2026-01-04
RV003312,DH-KUR-00043,C04795,O003414,1,sir ordered L but feels like S jaldi pickup karo,2026-03-02
RV003313,DH-TOP-00275,C04681,O018792,1,hi shoulders gir rahe hain itna loose exchange nahi chahiye,2026-08-02
RV003314,DH-KUR-00125,C03280,O010200,1,sir no,2025-11-09
RV003315,DH-TRA-00599,C02233,O017237,2,"mam size small aaya, mera regualr m h",2025-12-13
RV003316,DH-DRE-00215,C02623,O021826,4,office ke liye perfect,2025-11-30
RV003317,DH-FRO-00390,C01334,O004974,5,colour same as photo,2025-02-24
RV003318,DH-DRE-00194,C03937,O005842,2,mam tgiht hai very disappointed,2026-05-26
RV003319,DH-KUR-00026,C02620,O015587,1,mam length bhikam hai aur tight bhi exchange nahi chahiye,2024-10-20
RV003320,DH-DRE-00239,C02967,O001181,2,bhaiya bahtu tight h shoulders pe,2025-01-05
RV003321,DH-KUR-00045,C05718,O015232,5,beti ko bahut pasand aaya,2026-07-09
RV003322,DH-KUR-00088,C02462,O014835,2,sir size chota hai jaldi pickup karo,2025-12-23
RV003323,DH-KID-00425,C04801,O010452,1,"hello, pls returrn jaldi pickup karo",2025-09-24
RV003324,DH-DRE-00198,C04462,O009404,4,bahut achha hai,2025-11-03
RV003325,DH-DRE-00185,C03159,O000267,1,hi साइज़ छोटा है,2026-06-16
RV003326,DH-MEN-00542,C04052,O006687,5,perfect fit,2025-02-28
RV003327,DH-PAL-00328,C05959,O022878,5,,2025-08-30
RV003328,DH-TOP-00295,C02314,O002129,1,sir button oota hua tha refund chahiye,2026-04-13
RV003329,DH-KUR-00035,C03546,O018936,1,sir size chota hai,2025-04-17
RV003330,DH-DRE-00213,C00105,O023482,5,mast hai 👍,2025-09-09
RV003331,DH-KUR-00092,C01548,O012673,5,bahut achha hai,2025-11-18
RV003332,DH-KUR-00131,C04254,O018450,5,,2025-02-20
RV003333,DH-FRO-00396,C03747,O018086,5,,2026-07-02
RV003334,DH-FRO-00400,C00230,O000398,1,"hello, size chart pe 38 likha tha but 36 jaisa hai !!",2026-04-20
RV003335,DH-MEN-00577,C05140,O008945,5,perfect fit,2026-05-26
RV003336,DH-DRE-00245,C02565,O004694,1,"hello, maine kurti mangayii thi top aaya refund chahiye",2025-12-31
RV003337,DH-KUR-00111,C03668,O013272,4,office ke liye perfect,2026-07-22
RV003338,DH-KUR-00151,C00975,O023722,4,bahut achha hai,2025-10-21
RV003339,DH-KUR-00105,C00418,O022941,5,colour same as photo,2024-11-28
RV003340,DH-KID-00448,C03432,O008934,1,bhaiya size chart pe 38 likha tha but 36 jaisa hai,2024-11-13
RV003341,DH-KUR-00152,C04275,O003476,5,value for money,2025-06-18
RV003342,DH-KUR-00066,C01475,O023323,1,sir xl bhi tight hai kya size h ye jaldi pickup karo,2026-04-03
RV003343,DH-FRO-00371,C05575,O006591,5,bahut achha hai,2025-10-20
RV003344,DH-SCH-00468,C00733,O016913,5,office ke liye perfect,2024-11-29
RV003345,DH-PAL-00317,C03433,O017948,5,comfortable hai,2026-09-27
RV003346,DH-KUR-00136,C03805,O009085,1,bhaiya rang halka hai bahhut exchange nahi chahiye,2025-06-03
RV003347,DH-DRE-00231,C03895,O017762,5,kapda achha hai,2026-03-06
RV003348,DH-KUR-00036,C01897,O009554,1,XL BHI TIGTH HAI KYA SIZE H YE PLS RETURN,2026-08-27
RV003349,DH-CO--00353,C01357,O004831,5,office ke liye perfect,2026-08-27
RV003350,DH-KUR-00104,C03242,O023799,4,nice quality for the price,2026-04-11
RV003351,DH-SCH-00468,C01749,O012365,5,kapda achha hai,2025-01-14
RV003352,DH-DRE-00204,C03109,O020313,5,kapda achha hai,2025-04-16
RV003353,DH-DRE-00231,C04820,O023581,5,loved it,2024-11-03
RV003354,DH-DRE-00209,C03962,O007215,1,see through hai apda !!,2024-10-10
RV003355,DH-CO--00345,C02930,O009588,1,sir doosra colour bhej diya very disappointed,2026-04-25
RV003356,DH-TOP-00297,C05352,O020056,5,value for money,2025-01-14
RV003357,DH-TOP-00256,C04914,O001974,4,beti ko bahut pasand aaya,2025-08-24
RV003358,DH-DRE-00222,C01455,O004790,1,pls oversized lag raha hai jabki regular fit likha tha !!,2026-02-10
RV003359,DH-KUR-00006,C04062,O007594,5,kapda achha hai,2025-05-29
RV003360,DH-FRO-00375,C05874,O011576,2,"bhaiya too big, ekdum dheela exchange nahi chahiye",2026-02-08
RV003361,DH-SCH-00469,C04939,O011944,5,,2025-06-10
RV003362,DH-KID-00448,C00922,O016423,5,colour same as photo,2024-12-06
RV003363,DH-KUR-00029,C00389,O000400,3,BHAIYA KAPDA BAHUT PATLA HAI REFUND CHAHIYE,2024-12-08
RV003364,DH-KID-00453,C02831,O012880,4,office ke liye perfect,2026-01-05
RV003365,DH-MEN-00582,C05267,O001849,1,bhaiya ek wash me rang chala gaya,2024-11-09
RV003366,DH-KUR-00135,C00563,O013367,4,comfortable hai,2026-08-20
RV003367,DH-KID-00537,C00443,O015159,5,kapda achha hai,2025-08-01
RV003368,DH-MEN-00585,C05668,O023051,5,perfect fit,2025-06-13
RV003369,DH-KID-00456,C05033,O002464,3,pls quality bilkul bekar 🙏,2026-01-17
RV003370,DH-DRE-00198,C03408,O003893,3,HI SEE THROUGH HAI KAPDA,2024-12-07
RV003371,DH-KUR-00039,C02861,O007076,3,hi hole hai sleeve pe,2025-02-13
RV003372,DH-KUR-00055,C05488,O003599,1,quality bilkul bekar very disappointed,2026-05-15
RV003373,DH-KID-00445,C03373,O007462,5,nice quality for the price,2026-01-02
RV003374,DH-KID-00453,C01480,O021058,5,value for money,2025-08-17
RV003375,DH-MEN-00561,C01088,O002492,4,,2024-10-28
RV003376,DH-DRE-00202,C03691,O009421,5,value for money,2025-09-04
RV003377,DH-MEN-00545,C05049,O018826,3,hi quality achhi nahih ai,2026-09-02
RV003378,DH-FRO-00386,C03780,O013195,2,ach nahi laga refund chahiye,2024-10-30
RV003379,DH-TOP-00279,C05439,O015806,5,,2024-12-05
RV003380,DH-KID-00518,C01124,O020929,5,perfect fit,2025-03-11
RV003381,DH-TOP-00281,C03088,O018695,5,mast hai 👍,2026-04-19
RV003382,DH-FRO-00387,C04864,O005120,2,hi nahi chahiye bas jaldi pickup karo,2024-11-17
RV003383,DH-MEN-00549,C03272,O022086,5,,2026-08-07
RV003384,DH-KUR-00079,C05585,O017540,2,"hi too small, chest pe fit nahi hua exchange nahi chahiye",2026-01-03
RV003385,DH-KID-00504,C05129,O008948,3,...,2025-12-13
RV003386,DH-KUR-00125,C04774,O023575,3,"PLS WRONG SIZE BHEEJA, M ORDER KIYA THA XL AAYA EXCHANGE NAHI CHAHIYE",2024-11-21
RV003387,DH-FRO-00408,C05630,O022297,1,PLS GALAT PRODUCT AAYA REFUND CHAHIYE,2026-05-27
RV003388,DH-KID-00445,C05714,O015775,5,mast hai 👍,2025-11-23
RV003389,DH-KUR-00054,C00343,O011907,2,beti ke liye liya tha chhota pad gaya exchange nahi chahiye,2025-11-02
RV003390,DH-MEN-00581,C02474,O001341,5,mast hai 👍,2024-12-19
RV003391,DH-KUR-00121,C00126,O004475,4,loved it,2026-05-01
RV003392,DH-KID-00421,C01960,O003041,4,nice quality for the price,2025-10-20
RV003393,DH-DRE-00195,C03546,O023860,5,,2026-09-17
RV003394,DH-TOP-00272,C03448,O020512,1,"hello, XL bhi tiht hai kya size h ye 🙏",2024-11-20
RV003395,DH-KUR-00077,C01654,O021338,5,colour same as photo,2026-05-23
RV003396,DH-KUR-00132,C00109,O013635,3,pls bacche ke liye bahut bada hai 🙏,2025-05-31
RV003397,DH-MEN-00546,C03266,O001418,5,,2024-12-15
RV003398,DH-KID-00460,C05788,O021752,1,doosra colour bhej ddiya 🙏,2025-11-22
RV003399,DH-DRE-00202,C05521,O021283,1,silia khuli hui thi aate hi 🙏,2026-04-29
RV003400,DH-KUR-00163,C04467,O013969,2,pls ek wash me rang chala gaya,2025-08-25
RV003401,DH-DRE-00239,C02350,O015438,4,perfect fit,2025-11-08
RV003402,DH-TOP-00311,C02607,O016211,4,office ke liye perfect,2026-02-04
RV003403,DH-KUR-00021,C04835,O005324,4,mast hai 👍,2024-10-18
RV003404,DH-CO--00351,C04512,O003183,5,bahut achha hai,2026-01-04
RV003405,DH-TOP-00307,C02282,O020257,3,hi size chart pe 38 likha tha but 36 jaisa hai,2026-05-13
RV003406,DH-TOP-00271,C04224,O012575,5,,2026-01-30
RV003407,DH-KUR-00061,C02566,O015328,5,,2026-07-02
RV003408,DH-MEN-00557,C00744,O019168,2,mam quality achhi nahi hai refund chahiye,2025-03-22
RV003409,DH-DRE-00244,C01151,O011924,5,,2025-11-05
RV003410,DH-CO--00358,C02693,O004844,5,perfect fit,2026-03-26
RV003411,DH-CO--00355,C04132,O018502,5,mast hai 👍,2026-04-16
RV003412,DH-DRE-00213,C00663,O018297,2,"Size small aaya, mera regular M h !!",2024-12-05
RV003413,DH-KID-00508,C04893,O001222,5,beti ko bahut pasand aaya,2026-05-18
RV003414,DH-DRE-00243,C03212,O017050,2,mam quality achhi nahi  hai,2026-07-19
RV003415,DH-KUR-00153,C05704,O019860,2,"hello, size chaart se bada nikla exchange nahi chahiye",2024-12-12
RV003416,DH-FRO-00363,C01449,O011800,5,mast hai 👍,2026-05-02
RV003417,DH-KID-00518,C02048,O023784,5,loved it,2025-09-01
RV003418,DH-KID-00424,C02936,O001580,4,value for money,2025-09-19
RV003419,DH-KUR-00116,C03399,O008937,2,sir not as expected 🙏,2025-09-30
RV003420,DH-FRO-00369,C00738,O018697,1,"hello, print utar raha hai",2026-07-08
RV003421,DH-FRO-00409,C01548,O012710,5,loved it,2024-12-12
RV003422,DH-MEN-00546,C00482,O004426,1,mam see through hai kapda,2024-10-29
RV003423,DH-KID-00505,C03109,O015439,1,PEHLI DHULAI ME SHRINK HO GAYA,2025-05-31
RV003424,DH-MEN-00578,C05000,O006521,4,office ke liye perfect,2026-05-09
RV003425,DH-KID-00462,C05141,O022757,5,value for money,2024-12-16
RV003426,DH-FRO-00394,C01656,O014399,5,loved it,2026-06-23
RV003427,DH-KUR-00004,C00863,O014778,1,image me bright tha real me dull hai,2025-11-13
RV003428,DH-DRE-00250,C03961,O022281,4,bahut achha hai,2026-08-19
RV003429,DH-FRO-00419,C01308,O012596,4,bahut achha hai,2024-11-15
RV003430,DH-SCH-00488,C04610,O009599,4,colour same as photo,2024-11-15
RV003431,DH-FRO-00381,C02404,O011697,1,hi xl bhi tight hai kya size h ye exchange nahi chahiye,2026-05-27
RV003432,DH-KUR-00121,C02792,O002098,4,bahut achha hai,2025-03-19
RV003433,DH-KUR-00133,C02142,O018688,1,sir pehli dhulai me shrink ho gaya 🙏,2025-11-30
RV003434,DH-DRE-00217,C05068,O010986,2,pls ek wash me rang chala aya,2026-02-06
RV003435,DH-MEN-00570,C05628,O019019,5,beti ko bahut pasand aaya,2026-04-04
RV003436,DH-SCH-00469,C00726,O022880,1,"hello, bacche ke liye bahut bada hai 🙏",2026-09-14
RV003437,DH-KID-00502,C05292,O007912,5,mast hai 👍,2026-06-14
RV003438,DH-CO--00349,C03552,O010308,4,kapda achha hai,2026-05-05
RV003439,DH-DRE-00182,C04806,O015062,4,,2025-11-16
RV003440,DH-TRA-00597,C03620,O023730,5,perfect fit,2025-01-01
RV003441,DH-KUR-00043,C03649,O011903,2,कपड़ा बहुत पतला है refund chahiye,2026-02-25
RV003442,DH-KUR-00033,C00661,O002690,2,"hello, ek wash me rang chal agaya very disappointed",2025-11-22
RV003443,DH-KID-00436,C00971,O006485,3,pls see through hai kapda very disappointed,2025-07-27
RV003444,DH-CO--00357,C01649,O017232,2,hi colour mismatch pls return,2026-09-06
RV003445,DH-FRO-00393,C00553,O003143,1,mam shoulders  gir rahe hain itna loose pls return,2025-12-14
RV003446,DH-KUR-00063,C05264,O018747,5,mast hai 👍,2025-07-19
RV003447,DH-KUR-00021,C04667,O008430,4,colour same as photo,2025-06-06
RV003448,DH-DRE-00209,C04206,O013851,4,loved it,2025-03-27
RV003449,DH-SCH-00479,C03210,O011914,4,colour same as photo,2026-03-24
RV003450,DH-FRO-00397,C00175,O021924,4,kapda achha hai,2025-11-02
RV003451,DH-KID-00528,C00179,O001717,5,loved it,2025-01-13
RV003452,DH-KID-00507,C01805,O012663,5,beti ko bahut pasand aaya,2025-06-02
RV003453,DH-PAL-00318,C05226,O017879,5,office ke liye perfect,2025-10-28
RV003454,DH-KUR-00050,C02526,O006000,1,"pls too big, ekdum dheela",2025-03-04
RV003455,DH-KUR-00125,C01597,O015147,5,nice quality for the price,2026-01-10
RV003456,DH-MEN-00561,C01025,O016295,3,"too small, chest pe fit anhi hua",2024-12-10
RV003457,DH-KUR-00126,C04657,O001980,4,,2025-12-03
RV003458,DH-PAL-00323,C05142,O022303,4,,2026-09-27
RV003459,DH-KUR-00118,C00667,O021703,3,mam colour alag hai photo se,2025-11-09
RV003460,DH-KUR-00028,C01647,O019615,5,bahut achha hai,2026-05-20
RV003461,DH-KID-00429,C05888,O005870,5,loved it,2025-11-16
RV003462,DH-KID-00429,C02953,O009514,2,bhaiya ordered L but feels like S,2026-01-17
RV003463,DH-KUR-00125,C05792,O008765,1,"mam Size small aaya, mera regular M h",2025-04-05
RV003464,DH-FRO-00375,C03376,O001501,5,perfect fit,2025-01-22
RV003465,DH-PAL-00313,C04319,O021989,4,,2026-01-18
RV003466,DH-PAL-00313,C00718,O018641,2,hi see through hai kapda jaldi pickup karo,2026-07-28
RV003467,DH-TOP-00304,C00604,O002904,5,comfortable hai,2026-01-06
RV003468,DH-KUR-00008,C03256,O012255,4,,2026-02-14
RV003469,DH-KID-00513,C04676,O023347,5,nice quality for the price,2025-03-05
RV003470,DH-DRE-00235,C05456,O022153,4,,2025-02-10
RV003471,DH-TOP-00256,C02478,O009015,5,colour same as photo,2026-04-16
RV003472,DH-TRA-00599,C05972,O002185,1,very thiin cloth exchange nahi chahiye,2026-05-26
RV003473,DH-CO--00359,C01615,O010597,2,"bhaiya size M bahut tight hai, L lena ppadega refund chahiye",2026-05-03
RV003474,DH-SCH-00470,C00126,O014167,2,oversized lag raha hai jabki regular fit likha tha very disappointed,2026-04-24
RV003475,DH-DRE-00211,C00958,O000547,3,bhaiya tight hai pls return,2026-06-14
RV003476,DH-KUR-00063,C02175,O017162,4,nice quality for the price,2026-02-28
RV003477,DH-DRE-00201,C02910,O015320,5,loved it,2026-07-07
RV003478,DH-KUR-00033,C03143,O002289,2,"chhota aa gaya, size chart galat hai jaldi pickup karo",2025-11-03
RV003479,DH-FRO-00384,C04036,O011124,2,galat product aaya 🙏,2026-07-09
RV003480,DH-FRO-00418,C05775,O015976,5,,2025-09-22
RV003481,DH-MEN-00560,C04249,O023028,5,colour same as photo,2026-04-23
RV003482,DH-DRE-00231,C04122,O005051,2,pls packet geela tha kapda kharab 🙏,2025-10-01
RV003483,DH-KID-00511,C00681,O003418,2,bhaiya tight hai jaldi pickup karo,2026-07-24
RV003484,DH-DRE-00204,C02453,O006385,5,nice quality for the price,2025-05-01
RV003485,DH-DRE-00213,C05725,O012555,1,mam rang bilkul alag hai !!,2026-08-24
RV003486,DH-KUR-00152,C03906,O019946,2,sir length bahut zyada hai jaldi pickup karo,2025-05-09
RV003487,DH-MEN-00586,C03822,O006886,2,"hi size M bahut tight hai, L lena padega refund chahiye",2025-11-25
RV003488,DH-PAL-00338,C02986,O023212,2,sir fabric rough hai skin pe chubhta hai,2025-11-19
RV003489,DH-KUR-00090,C03096,O016539,1,MAM YE MERA ORDER NAHI HAI VERY DISAPPOINTED,2026-07-08
RV003490,DH-KID-00436,C05322,O001180,5,mast hai 👍,2025-10-17
RV003491,DH-KID-00428,C00367,O004215,2,"hello, zip kaam nahi kar rahi exchange nahi chahiye",2024-12-13
RV003492,DH-DRE-00213,C03633,O002321,4,colour same as photo,2024-12-31
RV003493,DH-KUR-00088,C04712,O020943,1,"hello, ... 🙏",2025-06-03
RV003494,DH-DRE-00192,C05956,O005316,4,value for money,2026-02-18
RV003495,DH-CO--00359,C05686,O002811,5,,2025-12-12
RV003496,DH-KUR-00125,C04076,O001854,5,kapda achha hai,2025-06-23
RV003497,DH-FRO-00387,C04064,O007278,5,perfect fit,2024-11-19
RV003498,DH-TOP-00270,C02384,O002550,4,comfortable hai,2026-01-06
RV003499,DH-TOP-00284,C01187,O010347,1,MAM M MANGAYA THA BADA AAYA,2025-08-30
RV003500,DH-SCH-00488,C03271,O022037,4,bahut achha hai,2025-04-09
RV003501,DH-KUR-00038,C00252,O023484,2,bhaiya very thin cloth,2025-11-25
RV003502,DH-KID-00456,C02656,O020208,5,loved it,2026-03-18
RV003503,DH-PAL-00318,C03121,O012231,4,value for money,2026-05-08
RV003504,DH-KID-00526,C04422,O019848,1,wrong item received pls return,2026-02-21
RV003505,DH-DRE-00198,C00182,O002107,5,kapda achha hai,2025-01-08
RV003506,DH-FRO-00379,C01696,O019686,1,"bhaiya too big, ekdum dheela exchange nahi chahiye",2026-07-11
RV003507,DH-KUR-00090,C03096,O016539,2,pls size bada hai jaldi pickup karo,2026-07-04
RV003508,DH-MEN-00575,C00647,O014546,5,beti ko bahut pasand aaya,2026-07-31
RV003509,DH-FRO-00393,C02912,O018741,5,office ke liye perfect,2026-03-09
RV003510,DH-KUR-00097,C02201,O021719,5,loved it,2025-12-06
RV003511,DH-KID-00457,C00694,O011558,2,"stitching kharab hai, dhaage nikal rahe !!",2026-09-03
RV003512,DH-KUR-00026,C05085,O005334,1,bhaiya mustard bola tha ye to green yellow hai !!,2025-12-10
RV003513,DH-DRE-00207,C02332,O000704,1,not as expected,2026-02-19
RV003514,DH-KUR-00079,C04986,O002433,1,sir sleeves tight hai arms me refund chahiye,2026-02-23
RV003515,DH-MEN-00561,C03556,O009673,5,,2025-08-27
RV003516,DH-KUR-00008,C05488,O004248,5,kapda achha hai,2024-11-18
RV003517,DH-TRA-00592,C04153,O013281,4,nice quality for the price,2026-09-15
RV003518,DH-KUR-00094,C04883,O007115,3,sir ordered l but feels lik es,2025-03-16
RV003519,DH-KUR-00039,C03854,O002449,4,perfect fit,2025-02-17
RV003520,DH-KUR-00105,C00205,O022657,5,beti ko bahut pasand aaya,2024-10-16
RV003521,DH-FRO-00393,C03360,O007161,5,kapda achha hai,2025-01-13
RV003522,DH-TOP-00256,C01608,O005889,1,pls bacche ke liye bahut bada hai !!,2026-05-11
RV003523,DH-KUR-00149,C01057,O001450,2,"hello, hole hai sleeve pe",2025-02-16
RV003524,DH-SCH-00466,C01944,O009314,4,beti ko bahut pasand aaya,2026-09-18
RV003525,DH-KID-00507,C02495,O000011,4,beti ko bahut pasand aaya,2025-06-07
RV003526,DH-KUR-00048,C00337,O008892,3,hi कपड़ा बहुत पतला है refund chahiye,2026-06-06
RV003527,DH-KUR-00139,C05717,O019113,5,mast hai 👍,2025-08-11
RV003528,DH-DRE-00205,C01697,O011453,5,office ke liye perfect,2026-04-21
RV003529,DH-TOP-00281,C03367,O022497,4,nice quality for the price,2025-10-23
RV003530,DH-KUR-00008,C05466,O011158,5,nice quality for the price,2025-03-20
RV003531,DH-KUR-00044,C03221,O022661,4,perfect fit,2026-08-04
RV003532,DH-KUR-00137,C05880,O016079,4,loved it,2025-12-13
RV003533,DH-MEN-00581,C05776,O014899,4,perfect fit,2024-12-04
RV003534,DH-SCH-00468,C05219,O017837,2,sir size char tse bada nikla,2025-08-17
RV003535,DH-TOP-00304,C05346,O006020,5,kapda achha hai,2026-04-28
RV003536,DH-DRE-00184,C03154,O004690,4,comfortable hai,2025-10-23
RV003537,DH-FRO-00418,C00466,O023460,4,value for money,2025-01-09
RV003538,DH-SCH-00497,C01437,O004389,5,colour same as photo,2025-12-17
RV003539,DH-DRE-00213,C01261,O014271,4,beti ko bahut pasand aaya,2024-12-18
RV003540,DH-DRE-00181,C04261,O002148,5,comfortable hai,2025-06-21
RV003541,DH-FRO-00400,C00076,O003941,4,colour same as photo,2024-11-30
RV003542,DH-DRE-00245,C05432,O010855,5,colour same as photo,2026-05-16
RV003543,DH-TRA-00591,C00513,O015750,3,PACKET KHULA THA AUR KAPDE PE DAAG HAI !!,2026-02-04
RV003544,DH-FRO-00375,C05802,O009965,4,office ke liye perfect,2026-01-19
RV003545,DH-TOP-00276,C04022,O019588,2,pls oversized lag raha hai jabki regular fit likha tha refund chahiye,2026-09-27
RV003546,DH-PAL-00320,C03496,O009223,5,value for money,2026-04-09
RV003547,DH-KUR-00094,C02130,O001539,5,comfortable hai,2025-12-05
RV003548,DH-KID-00447,C00568,O011268,3,sir size chota hai jaldi pickup karo,2026-09-26
RV003549,DH-TOP-00279,C02414,O010083,4,perfect fit,2024-11-17
RV003550,DH-KID-00531,C05226,O017119,1,print utar raha hai pls return,2026-04-09
RV003551,DH-DRE-00209,C04849,O017460,2,pls bahut tight h shoulders pe exchange nahi chahiye,2025-01-09
RV003552,DH-MEN-00542,C01095,O002519,5,comfortable hai,2025-03-23
RV003553,DH-KUR-00093,C05029,O012244,1,bhaiya smaller than usual size,2026-06-11
RV003554,DH-FRO-00409,C00014,O013414,1,pls bahut tight h shoulders pe !!,2024-10-29
RV003555,DH-TOP-00263,C00017,O007347,2,hi रगं फोटो से अलग है,2025-12-28
RV003556,DH-DRE-00228,C05711,O001488,5,loved it,2025-10-11
RV003557,DH-KUR-00131,C01867,O021450,4,nice quality for the price,2026-07-21
RV003558,DH-FRO-00370,C01300,O007850,5,,2026-07-15
RV003559,DH-KID-00431,C01067,O006482,1,hi sizebada hai refund chahiye,2024-11-05
RV003560,DH-KUR-00030,C00969,O017564,2,SEE THROUGH HAI KAPA PLS RETURN,2026-09-27
RV003561,DH-CO--00355,C04514,O012936,5,value for money,2025-04-30
RV003562,DH-FRO-00372,C00967,O018611,2,pehli dhulai me shrink ho gaya,2026-02-23
RV003563,DH-KUR-00038,C00699,O012331,1,"hello, rang bilkul alag hai very disappointed",2025-08-22
RV003564,DH-FRO-00388,C02201,O012530,5,,2024-11-12
RV003565,DH-DRE-00186,C00411,O000197,3,PLS FABRIC ROUGH HAI SKIN PE CHUBHTA HAI EXCHANGE NAHI CHAHIYE,2026-04-01
RV003566,DH-MEN-00544,C03781,O009815,5,beti ko bahut pasand aaya,2025-04-14
RV003567,DH-KUR-00028,C01139,O011261,5,bahut achha hai,2026-04-14
RV003568,DH-CO--00348,C02158,O017889,5,,2026-04-14
RV003569,DH-MEN-00541,C03616,O006193,5,beti ko bahut pasand aaya,2025-08-28
RV003570,DH-DRE-00203,C00838,O004492,2,bhaiya कपडड़ा बहुत पतला है !!,2025-11-10
RV003571,DH-KID-00424,C05795,O021506,2,"hi stitching kharab hai, dhaage nikal rahe very disappointed",2026-07-17
RV003572,DH-TOP-00307,C04977,O020426,5,colour same as photo,2026-08-31
RV003573,DH-MEN-00581,C00719,O017591,2,"HELLO, QUALITY BILKUL BEKAR REFUND CHAHIYE",2025-08-28
RV003574,DH-SCH-00488,C01129,O022076,4,mast hai 👍,2024-10-22
RV003575,DH-KID-00505,C00377,O005538,4,bahut achha hai,2025-06-11
RV003576,DH-FRO-00387,C00168,O011255,2,"HELLO, QUALITY ACHHI NAHI HAI 🙏",2025-10-19
RV003577,DH-KUR-00140,C05567,O015932,3,bhaiya size chota hai,2025-06-30
RV003578,DH-PAL-00330,C01092,O017940,5,perfect fit,2025-01-13
RV003579,DH-TOP-00283,C04960,O004114,5,bahut achha hai,2026-08-18
RV003580,DH-KID-00517,C01773,O019172,5,colour same as photo,2025-05-31
RV003581,DH-TOP-00288,C02363,O006381,5,value for money,2026-06-17
RV003582,DH-TOP-00288,C02786,O018538,4,beti ko bahut pasand aaya,2025-07-10
RV003583,DH-DRE-00204,C04510,O022115,5,loved it,2025-03-16
RV003584,DH-PAL-00339,C00487,O003541,1,shoulders gir rahe hain itna loose refund chahiye,2026-01-16
RV003585,DH-CO--00354,C04666,O022423,1,rang bilkul alag hai 🙏,2024-10-24
RV003586,DH-DRE-00205,C01166,O010724,2,hi XL bhi tight hai kya size h ye,2026-08-24
RV003587,DH-FRO-00416,C01451,O001866,5,colour same as photo,2025-05-14
RV003588,DH-MEN-00545,C02578,O007784,1,hi image me bright tha real me dull hai pls return,2025-03-16
RV003589,DH-TOP-00302,C02633,O016284,4,comfortable hai,2024-12-10
RV003590,DH-KID-00429,C02953,O009514,5,colour same as photo,2026-01-31
RV003591,DH-DRE-00188,C03397,O003775,4,,2026-02-11
RV003592,DH-TOP-00269,C03899,O020534,5,mast hai 👍,2025-08-10
RV003593,DH-KID-00516,C01891,O013564,4,value for money,2025-12-25
RV003594,DH-KID-00540,C01836,O007659,4,,2026-02-20
RV003595,DH-PAL-00332,C04054,O016433,1,PACKET GEELA THA KAPDA KHARAB PLS RETURN,2025-12-17
RV003596,DH-CO--00360,C04241,O013623,4,value for money,2025-11-29
RV003597,DH-CO--00343,C01606,O013960,5,,2025-12-18
RV003598,DH-TOP-00271,C00848,O000584,4,mast hai 👍,2024-12-04
RV003599,DH-FRO-00390,C05890,O020226,5,comfortable hai,2025-10-25
RV003600,DH-KUR-00038,C03473,O003601,3,"too small, chest pe fit nahhi hua",2026-05-06
RV003601,DH-TOP-00306,C01720,O002357,5,,2025-09-13
RV003602,DH-KUR-00097,C03342,O021309,4,colour same as photo,2025-10-13
RV003603,DH-TOP-00276,C00150,O012649,2,fitting bbahut tight hai yaar jaldi pickup karo,2026-03-17
RV003604,DH-PAL-00326,C01584,O005736,4,perfect fit,2025-10-20
RV003605,DH-MEN-00547,C02701,O021641,4,bahut achha hai,2026-04-07
RV003606,DH-KID-00451,C00529,O008441,5,loved it,2025-05-04
RV003607,DH-FRO-00384,C05911,O003518,4,value for money,2026-05-22
RV003608,DH-MEN-00581,C05275,O017396,5,loved it,2025-02-01
RV003609,DH-KUR-00137,C04562,O014471,2,"hello, packet khula tha aur kapde pe daag hai",2024-12-06
RV003610,DH-FRO-00418,C04642,O008590,4,perfect fit,2025-12-31
RV003611,DH-FRO-00400,C02231,O004418,2,sir fabric rough hai sin pe chubhta hai,2026-08-28
RV003612,DH-KUR-00115,C01316,O022487,3,colou ralag hai photo se exchange nahi chahiye,2026-05-26
RV003613,DH-KUR-00097,C05982,O006166,3,mam damaged piece received pls return,2026-05-09
RV003614,DH-KUR-00035,C00307,O006524,1,smallerr than usual size exchange nahi chahiye,2026-07-21
RV003615,DH-FRO-00390,C01804,O012032,4,colour same as photo,2025-11-30
RV003616,DH-KID-00528,C00173,O016926,2,"mam too small, chest pe fit nahi hua refund chahiye",2024-10-25
RV003617,DH-KID-00528,C04856,O015937,5,beti ko bahut pasand aaya,2024-10-26
RV003618,DH-KID-00526,C01104,O012415,1,plsreturn refund chahiye,2025-01-21
RV003619,DH-MEN-00586,C04170,O020404,5,comfortable hai,2025-09-28
RV003620,DH-KUR-00035,C04818,O017459,2,ye mera order nahi hai !!,2025-01-17
RV003621,DH-MEN-00563,C02464,O004465,5,,2026-08-05
RV003622,DH-CO--00348,C02378,O007817,3,"hello, stitching kharab hai, dhaage nikal rahe very disappointed",2026-02-18
RV003623,DH-SCH-00469,C04939,O011944,2,see through hai kapda exchange nahi chahiye,2025-06-14
RV003624,DH-MEN-00556,C01853,O017588,1,"hello, beti ke liye liya tha chhota pad gaya",2026-01-23
RV003625,DH-DRE-00224,C00110,O010691,5,mast hai 👍,2025-10-12
RV003626,DH-SCH-00472,C04683,O020228,2,ek wash me rang chala gaya exchange nahi chahiye,2026-02-01
RV003627,DH-DRE-00213,C00906,O011630,5,,2024-11-16
RV003628,DH-DRE-00244,C05060,O009628,1,YE WALA SHADE NAHI THA WEBSITE PE,2025-12-04
RV003629,DH-TOP-00276,C02090,O015531,5,beti ko bahut pasand aaya,2025-07-08
RV003630,DH-FRO-00364,C02203,O021967,4,value for money,2026-03-10
RV003631,DH-DRE-00184,C00395,O006402,4,nice quality for the price,2026-02-15
RV003632,DH-CO--00351,C02853,O020227,5,loved it,2025-01-06
RV003633,DH-FRO-00388,C05229,O010717,1,size chart se badaa nikla 🙏,2025-06-04
RV003634,DH-FRO-00374,C02790,O004245,4,,2025-08-02
RV003635,DH-MEN-00561,C04060,O005402,5,office ke liye perfect,2024-11-09
RV003636,DH-FRO-00368,C02071,O008557,4,kapda achha hai,2026-05-18
RV003637,DH-SCH-00474,C04537,O011821,5,,2024-10-24
RV003638,DH-DRE-00182,C01279,O023765,2,"hi Size small aaya, mera regular M h",2025-12-03
RV003639,DH-DRE-00186,C03668,O005841,5,colour same as photo,2025-12-06
RV003640,DH-MEN-00560,C04249,O023028,4,beti ko bahut pasand aaya,2026-04-15
RV003641,DH-PAL-00329,C05684,O009081,1,mam fitting bahut tight hai yaar refund chahiye,2025-05-21
RV003642,DH-KUR-00145,C04224,O019468,5,,2026-04-30
RV003643,DH-KUR-00103,C03610,O004095,2,"sir chhota aa gaaya, size chart galat hai exchange nahi chahiye",2026-06-06
RV003644,DH-SCH-00496,C00617,O017572,5,mast hai 👍,2026-04-17
RV003645,DH-KUR-00140,C03954,O015025,4,,2026-04-23
RV003646,DH-MEN-00586,C01977,O000862,4,nice quality for the price,2025-04-28
RV003647,DH-KID-00445,C04106,O006776,5,,2025-02-15
RV003648,DH-DRE-00244,C00947,O019447,1,"KURTI BAHUT FIT HAI, BREATHE AHI KAR PA RAHI",2025-11-30
RV003649,DH-KUR-00035,C03821,O002673,2,"kurti bahut fit hai, breathe nahi kar pa rahi",2025-10-09
RV003650,DH-PAL-00331,C04429,O019102,1,"photo me maroon dikha, aayabrown",2026-07-24
RV003651,DH-DRE-00235,C02029,O007186,5,beti ko bahut pasand aaya,2025-12-28
RV003652,DH-MEN-00575,C02060,O014872,4,comfortable hai,2025-11-26
RV003653,DH-DRE-00213,C00100,O020312,2,too loose at waist !!,2026-07-20
RV003654,DH-FRO-00376,C03895,O001245,1,MAM SLEEVES TIGHT HAI ARMS ME,2025-10-07
RV003655,DH-DRE-00186,C01100,O015292,5,loved it,2026-03-18
RV003656,DH-KID-00434,C03034,O018373,1,"hello, colour alag hai photo se very disappointed",2026-07-30
RV003657,DH-KUR-00154,C01727,O014231,3,bhaiya smaller than usual size !!,2024-10-29
RV003658,DH-KUR-00088,C05186,O009844,5,bahut achha hai,2025-10-11
RV003659,DH-KID-00500,C02518,O020657,4,colour same as photo,2026-09-21
RV003660,DH-DRE-00181,C02623,O014095,2,hi kapda bahut patla hai very disappointed,2026-08-21
RV003661,DH-TOP-00301,C05470,O007545,5,colour same as photo,2025-03-29
RV003662,DH-SCH-00468,C05759,O014506,4,office ke liye perfect,2024-11-19
RV003663,DH-DRE-00185,C04635,O002364,3,pls bahut loose hai 🙏,2025-11-17
RV003664,DH-MEN-00544,C00501,O022481,4,mast hai 👍,2025-12-27
RV003665,DH-KUR-00030,C01160,O009012,2,mam see through hai kapda,2026-01-27
RV003666,DH-SCH-00491,C02535,O004704,1,mustard bola tha ye to green yellow hai exchange nahi chahiye,2025-10-30
RV003667,DH-FRO-00364,C01102,O019240,5,beti ko bahut pasand aaya,2025-08-31
RV003668,DH-TRA-00600,C01345,O005333,2,QUALITY BILKUL BEKAR EXCHANGE NAHI CHAHIYE,2026-09-17
RV003669,DH-DRE-00203,C00956,O006126,2,mam रंग फोटो से अलग है refund chahiye,2025-01-29
RV003670,DH-KUR-00026,C03682,O013308,1,bhaiya image me bright tha rreal me dull hai !!,2024-11-05
RV003671,DH-FRO-00393,C05386,O003960,5,nice quality for the price,2025-07-02
RV003672,DH-MEN-00547,C01595,O006572,5,mast hai 👍,2026-01-08
RV003673,DH-KUR-00038,C04275,O008884,2,bhaiya button toota hua tha,2026-02-27
RV003674,DH-TOP-00307,C00240,O007289,4,bahut achha hai,2025-11-01
RV003675,DH-KUR-00059,C04590,O000365,4,,2025-10-12
RV003676,DH-PAL-00321,C00201,O009630,2,same as before pls return,2026-09-27
RV003677,DH-FRO-00419,C00654,O019267,4,mast hai 👍,2025-11-10
RV003678,DH-KUR-00114,C05391,O000626,4,colour same as photo,2024-10-18
RV003679,DH-FRO-00401,C02142,O012422,5,perfect fit,2025-09-04
RV003680,DH-SCH-00481,C02693,O006456,3,pls zip kaam nhai kar rahi very disappointed,2025-03-07
RV003681,DH-KUR-00050,C03065,O013848,4,value for money,2025-01-28
RV003682,DH-KID-00445,C01866,O003901,3,size se chota h,2025-08-07
RV003683,DH-KUR-00100,C05256,O002181,1,bhaiya tight hai pls return,2025-03-04
RV003684,DH-MEN-00557,C00602,O011570,1,sir zip kaam nahi kar rahi very disappointed,2026-08-07
RV003685,DH-PAL-00337,C04710,O017417,5,,2025-12-22
RV003686,DH-KID-00515,C05944,O021764,2,mam quality achhi nahi hai !!,2025-11-02
RV003687,DH-KID-00528,C05760,O021632,2,hi length bahut zyada hai pls return,2025-03-15
RV003688,DH-DRE-00231,C05803,O010700,2,stain mila delivery pe refund chahiye,2026-09-04
RV003689,DH-FRO-00409,C00936,O022824,5,,2024-10-13
RV003690,DH-KUR-00180,C05256,O006191,5,mast hai 👍,2025-01-17
RV003691,DH-KUR-00033,C01468,O019938,2,see trough hai kapda 🙏,2025-04-02
RV003692,DH-KUR-00114,C02930,O011960,5,beti ko bahut pasand aaya,2024-11-24
RV003693,DH-KUR-00025,C02917,O017998,5,mast hai 👍,2026-01-18
RV003694,DH-TRA-00593,C04689,O017185,5,kapda achha hai,2024-11-05
RV003695,DH-DRE-00209,C01222,O005347,4,colour same as photo,2024-11-09
RV003696,DH-KUR-00137,C02929,O001446,1,"hello, colour alag hai photo se",2024-10-19
RV003697,DH-KUR-00029,C03208,O011614,5,beti ko bahut pasand aaya,2025-07-04
RV003698,DH-KID-00533,C04060,O022325,5,,2026-09-27
RV003699,DH-KUR-00050,C00225,O023089,2,"bhaiya stitching kharab hai, dhaage nikal rahe refund chahiye",2024-11-23
RV003700,DH-MEN-00576,C05085,O020471,4,kapda achha hai,2026-09-27
RV003701,DH-KUR-00122,C00042,O023577,5,bahut achha hai,2026-06-26
RV003702,DH-PAL-00316,C00626,O021686,5,beti ko bahut pasand aaya,2026-06-03
RV003703,DH-DRE-00190,C02326,O007568,5,value for money,2026-03-20
RV003704,DH-KID-00424,C04558,O022686,5,,2025-08-07
RV003705,DH-MEN-00559,C01558,O020480,5,,2025-04-29
RV003706,DH-TRA-00593,C02470,O005818,5,nice quality for the price,2026-06-02
RV003707,DH-DRE-00216,C01985,O022357,1,"MATERIAL NOT AS DESCRIBED, YE COTTON NAHI ALGTA",2026-06-26
RV003708,DH-TRA-00595,C04994,O016645,5,,2024-10-20
RV003709,DH-KID-00452,C00576,O019400,2,"hello, fabric cheap lag raa hai",2025-10-26
RV003710,DH-CO--00358,C04646,O018655,4,colour same as photo,2025-08-15
RV003711,DH-TOP-00285,C05241,O013138,4,beti ko bahut pasand aaya,2026-01-23
RV003712,DH-DRE-00181,C03088,O017780,5,,2025-05-23
RV003713,DH-SCH-00474,C01867,O018104,1,mam bacche kel iye bahut bada hai,2024-10-24
RV003714,DH-TOP-00271,C00975,O017258,2,sir btton toota hua tha refund chahiye,2024-12-09
RV003715,DH-FRO-00396,C00552,O015908,5,nice quality for the price,2026-08-16
RV003716,DH-KUR-00162,C01688,O018662,1,no 🙏,2025-09-04
RV003717,DH-TOP-00295,C00115,O019120,4,value for money,2025-09-21
RV003718,DH-KUR-00092,C01985,O005010,5,,2025-08-03
RV003719,DH-MEN-00561,C01554,O019722,5,kapda achha hai,2025-04-23
RV003720,DH-KID-00451,C04947,O011658,3,"pls tooo big, ekdum dheela jaldi pickup karo",2026-08-07
RV003721,DH-PAL-00313,C03620,O004517,1,MAM PHATA HUA AAYA !!,2025-07-15
RV003722,DH-KUR-00170,C05522,O007548,5,perfect fit,2026-02-26
RV003723,DH-KUR-00155,C02633,O017984,2,stain mila delivery pe,2025-05-23
RV003724,DH-KID-00453,C02139,O005627,5,office ke liye perfect,2025-11-01
RV003725,DH-DRE-00204,C05181,O011437,4,bahut achha hai,2025-03-07
RV003726,DH-CO--00356,C05508,O018549,5,nice quality for the price,2026-05-02
RV003727,DH-KUR-00043,C02830,O023000,5,,2026-03-30
RV003728,DH-SCH-00471,C04765,O016409,1,KAPDA BAHUT PATLA HAI JALDI PICKUP KARO,2024-11-13
RV003729,DH-TOP-00310,C00388,O004935,5,loved it,2025-12-06
RV003730,DH-CO--00358,C02693,O004844,2,"sir too small, chest pe fit nahi hua very disappointed",2026-03-17
RV003731,DH-DRE-00231,C03781,O006013,5,office ke liye perfect,2025-01-25
RV003732,DH-FRO-00390,C02589,O000919,5,perfect fit,2025-02-21
RV003733,DH-FRO-00396,C00302,O010404,4,comfortable hai,2025-08-12
RV003734,DH-KUR-00026,C01899,O022605,3,sleeves tight hai arms me very disappointed,2025-09-01
RV003735,DH-DRE-00238,C04113,O008182,1,bhaiya tight hai pls return,2026-03-18
RV003736,DH-DRE-00188,C04484,O016003,1,"PLS SIZE SMALL AAYA, MERA REGULAR M H",2026-09-13
RV003737,DH-KUR-00135,C04276,O014033,5,bahut achha hai,2025-05-14
RV003738,DH-DRE-00237,C04054,O002057,4,mast hai 👍,2026-03-02
RV003739,DH-KID-00500,C05684,O009563,5,kapda achha hai,2026-01-25
RV003740,DH-SCH-00473,C03137,O010153,5,value for money,2026-06-18
RV003741,DH-FRO-00409,C02291,O002325,1,nhi chahiye bas jaldi pickup karo,2024-11-05
RV003742,DH-SCH-00477,C02217,O013142,5,colour same as photo,2025-07-24
RV003743,DH-DRE-00218,C02453,O022867,5,,2025-02-22
RV003744,DH-CO--00359,C05692,O008976,5,value for money,2026-04-09
RV003745,DH-TOP-00275,C04720,O016942,5,colour same as photo,2026-06-02
RV003746,DH-TOP-00295,C00115,O019120,4,,2025-09-12
RV003747,DH-CO--00354,C00005,O005873,5,beti ko bahut pasand aaya,2026-01-27
RV003748,DH-KUR-00133,C02045,O014182,4,beti ko bahut pasand aaya,2025-02-03
RV003749,DH-KID-00521,C02011,O021328,2,"hello, M mangaya tha bada aaya",2025-04-16
RV003750,DH-SCH-00473,C05653,O005565,5,loved it,2026-08-17
RV003751,DH-KUR-00049,C03628,O017205,1,sir size chota hai 🙏,2026-07-26
RV003752,DH-KUR-00092,C05482,O019794,1,mam XL bhi tight hai kya size h ye,2025-05-11
RV003753,DH-DRE-00195,C02910,O008568,2,hi colour alag hai photo se,2025-11-07
RV003754,DH-DRE-00192,C04300,O021415,1,colour alag hai photo se,2025-03-17
RV003755,DH-TOP-00271,C00936,O016815,5,kapda achha hai,2024-11-13
RV003756,DH-KUR-00044,C04157,O018464,4,mast hai 👍,2025-10-19
RV003757,DH-KID-00424,C05267,O002972,5,beti ko bahut pasand aaya,2026-08-28
RV003758,DH-KUR-00143,C03021,O023282,1,hi kapda bahut pattla hai,2025-06-14
RV003759,DH-CO--00356,C04894,O000054,2,"pls size small aya, mera regular m h exchange nahi chahiye",2025-12-21
RV003760,DH-KID-00434,C02204,O003895,2,pls damaged piece received !!,2026-08-25
RV003761,DH-TOP-00281,C00618,O020755,3,pls fabric rogh hai skin pe chubhta hai !!,2025-03-01
RV003762,DH-KID-00536,C03789,O000272,4,loved it,2025-03-23
RV003763,DH-KUR-00106,C00290,O022857,3,ye walla shade nahi tha website pe !!,2026-09-27
RV003764,DH-DRE-00204,C01081,O004774,5,kapda achha hai,2025-05-07
RV003765,DH-MEN-00550,C05912,O009137,4,,2026-07-18
RV003766,DH-SCH-00476,C03848,O002341,5,nice quality for the price,2025-09-10
RV003767,DH-KUR-00105,C05967,O003754,4,nice quality for the price,2024-10-21
RV003768,DH-TOP-00267,C02344,O017383,5,comfortable hai,2026-08-23
RV003769,DH-TOP-00295,C05230,O007723,3,size bada hai pls return,2025-08-17
RV003770,DH-TRA-00591,C03577,O013927,1,hi XL bhi tight hai kya size h ye jaldi pickup karo,2025-12-13
RV003771,DH-MEN-00541,C02760,O005927,3,pls beti ke liye liya tha chhota pad gaya jaldi pickup karo,2026-06-11
RV003772,DH-KUR-00034,C01108,O007128,5,colour same as photo,2025-09-15
RV003773,DH-DRE-00228,C03557,O018190,5,kapda achha hai,2025-12-29
RV003774,DH-FRO-00370,C03089,O017272,5,nice quality for the price,2025-11-06
RV003775,DH-TOP-00304,C02422,O001608,4,,2026-08-28
RV003776,DH-MEN-00554,C05938,O003909,3,hi ek wash me rang chala gaya exchange nahi chahiye,2026-09-19
RV003777,DH-KUR-00180,C01494,O013502,5,loved it,2026-07-13
RV003778,DH-FRO-00399,C01462,O008709,1,bhaiya XL bhi tight hai kya size h ye,2025-11-16
RV003779,DH-MEN-00542,C01664,O013816,2,sir beti ke liye liya tha chhota pad gaya jaldi pickup karo,2026-06-05
RV003780,DH-KUR-00140,C05130,O003130,5,nice quality for the price,2026-06-21
RV003781,DH-TOP-00279,C04282,O012927,3,same as before jaldi pickup karo,2025-03-11
RV003782,DH-SCH-00489,C00590,O019428,4,colour same as photo,2024-11-12
RV003783,DH-TOP-00288,C03500,O011205,4,office ke liye perfect,2026-01-18
RV003784,DH-KUR-00034,C03796,O018584,5,comfortable hai,2025-08-17
RV003785,DH-FRO-00368,C04154,O002961,1,"HI SIZE M BAHUT TIGHT HAI, L LENA PADEGA 🙏",2025-08-08
RV003786,DH-DRE-00210,C00385,O002399,5,comfortable hai,2025-06-07
RV003787,DH-KUR-00149,C04980,O006510,4,perfect fit,2025-01-06
RV003788,DH-CO--00349,C05328,O003815,5,bahut achha hai,2026-09-13
RV003789,DH-MEN-00543,C03960,O006209,1,"sir loose fitting, mere size  ka nahi lagta pls return",2026-01-08
RV003790,DH-CO--00343,C01606,O013960,4,colour same as photo,2025-12-24
RV003791,DH-KUR-00030,C03254,O007610,5,nice quality for the price,2025-12-16
RV003792,DH-DRE-00204,C04510,O022115,4,mast hai 👍,2025-03-25
RV003793,DH-FRO-00387,C04267,O008449,4,nice quality for the price,2024-11-08
RV003794,DH-MEN-00581,C00719,O017591,5,,2025-09-11
RV003795,DH-KUR-00157,C03102,O021401,1,sir siz ebada hai exchange nahi chahiye,2025-09-08
RV003796,DH-KUR-00024,C00419,O015870,4,beti ko bahut pasand aaya,2026-08-04
RV003797,DH-TOP-00271,C02206,O017317,5,,2025-08-04
RV003798,DH-TOP-00253,C03873,O018622,4,value for money,2025-05-10
RV003799,DH-KUR-00047,C01797,O023859,5,perfect fit,2026-01-07
RV003800,DH-TOP-00303,C02735,O012240,5,comfortable hai,2026-08-20
RV003801,DH-FRO-00420,C03415,O010906,5,mast hai 👍,2026-09-15
RV003802,DH-TOP-00266,C02830,O018419,5,value for money,2025-11-07
RV003803,DH-KUR-00112,C05171,O007885,5,bahut achha hai,2025-09-17
RV003804,DH-DRE-00246,C04446,O008585,4,mast hai 👍,2026-08-12
RV003805,DH-SCH-00475,C03665,O018610,5,office ke liye perfect,2026-01-15
RV003806,DH-SCH-00495,C04225,O008146,5,nice quality for the price,2026-08-03
RV003807,DH-KUR-00027,C01124,O008153,2,MAINE KURTI MANNGAYI THI TOP AAYA EXCHANGE NAHI CHAHIYE,2025-07-13
RV003808,DH-SCH-00486,C04852,O017921,1,"hello, print utar raha hai",2026-09-16
RV003809,DH-KID-00525,C03364,O022539,4,beti ko bahut pasand aaya,2025-10-17
RV003810,DH-TOP-00273,C02058,O014658,4,kapda achha hai,2026-07-28
RV003811,DH-KUR-00017,C00292,O015330,4,mast hai 👍,2026-04-25
RV003812,DH-SCH-00490,C04261,O001359,2,smaller than usual size pls return,2025-12-24
RV003813,DH-TOP-00261,C05198,O004817,5,mast hai 👍,2026-01-20
RV003814,DH-FRO-00386,C00794,O022869,4,nice quality for the price,2025-01-10
RV003815,DH-DRE-00231,C03474,O004788,2,fitting bahut tight hai yaar pls return,2024-12-09
RV003816,DH-KUR-00151,C05395,O019336,1,m mangaya tha bada aaya pls return,2026-07-30
RV003817,DH-TOP-00312,C02631,O000738,2,shoulders gir rahe hain itna loose jaldi pickup karo,2025-11-20
RV003818,DH-DRE-00239,C00324,O002786,5,colour same as photo,2025-07-22
RV003819,DH-DRE-00192,C02951,O001077,1,"bhaiya loose fitting, mere size ka nahi lagta",2025-12-19
RV003820,DH-DRE-00194,C03088,O011087,1,sir too loose at waist exchange nahi chahiye,2026-02-26
RV003821,DH-MEN-00581,C02579,O006570,2,bhaiya return,2025-06-14
RV003822,DH-KUR-00125,C05588,O008506,3,sir bacche ke liye bahut bada hai very disappointed,2026-06-04
RV003823,DH-DRE-00213,C02379,O004692,4,value for money,2024-10-25
RV003824,DH-FRO-00400,C03094,O022127,2,"sir stitching kharab hai, dhaage nikal rahe",2025-09-29
RV003825,DH-KUR-00105,C02291,O005921,5,loved it,2025-08-15
RV003826,DH-KUR-00171,C00173,O000234,4,,2026-03-23
RV003827,DH-SCH-00481,C05004,O006651,3,"hello, shoulders gir rahe hain itna loose exchange nahi chahiye",2024-12-06
RV003828,DH-CO--00355,C04735,O000964,5,,2025-05-03
RV003829,DH-KID-00517,C00299,O001524,5,value for money,2025-09-26
RV003830,DH-KUR-00017,C00825,O014220,5,,2025-01-10
RV003831,DH-KUR-00161,C05730,O005107,4,,2026-05-20
RV003832,DH-TOP-00307,C00240,O007289,2,very thi ncloth,2025-10-18
RV003833,DH-KUR-00131,C04275,O003741,4,,2025-05-21
RV003834,DH-FRO-00388,C01014,O010054,1,sir rang bilkul alag hai refund chahiye,2024-10-31
RV003835,DH-KID-00500,C00649,O017722,1,hi pnik mangaya tha peach aaya very disappointed,2025-12-14
RV003836,DH-KUR-00149,C02238,O005421,1,M MANGAYA THA BADA AAYA 🙏,2025-03-04
RV003837,DH-FRO-00384,C05475,O009386,2,bhaiya pehli dhulai me shrink ho gaya pls return,2025-05-29
RV003838,DH-KID-00448,C05198,O023522,4,nice quality for the price,2024-11-02
RV003839,DH-FRO-00404,C03302,O017380,1,MAM BAHUT TIGHT H SHOULDERS PE JALDI PICKUP KARO,2026-03-13
RV003840,DH-KUR-00153,C01768,O011215,5,,2025-07-11
RV003841,DH-FRO-00393,C03911,O012394,5,kapda achha hai,2025-08-19
RV003842,DH-TOP-00300,C05256,O022902,5,mast hai 👍,2025-12-24
RV003843,DH-KUR-00172,C03416,O023406,3,PLS BETI KE LIYE LIYA THA CHHOTA PAD GAYA,2026-08-30
RV003844,DH-KUR-00007,C02841,O012056,5,,2026-09-21
RV003845,DH-SCH-00471,C03079,O018966,3,bhaiya कपड़ा बहुत पतला है,2024-10-26
RV003846,DH-KID-00428,C01394,O004886,5,nice quality for the price,2026-03-14
RV003847,DH-DRE-00181,C04241,O007212,5,nice quality for the price,2025-06-30
RV003848,DH-CO--00349,C01683,O012984,4,comfortable hai,2025-05-14
RV003849,DH-KUR-00137,C04885,O010800,2,bhaiya rang halka hai bahhut very disappointed,2025-01-20
RV003850,DH-KUR-00097,C05646,O006549,4,nice quality for the price,2025-03-23
RV003851,DH-KUR-00093,C01253,O012587,1,"hello, waist pe nahi aaya 🙏",2025-03-14
RV003852,DH-KUR-00174,C00664,O012800,3,hi size chota hai pls return,2025-06-02
RV003853,DH-TOP-00272,C05126,O002637,4,value for money,2026-07-25
RV003854,DH-DRE-00195,C04046,O007330,1,bhaiya damaged piece received,2026-07-06
RV003855,DH-KID-00526,C01548,O018498,3,PLS QUALITY BILKUL BEKAR,2025-11-23
RV003856,DH-CO--00353,C00322,O022309,5,mast hai 👍,2025-11-06
RV003857,DH-KID-00510,C01090,O023814,5,loved it,2025-11-28
RV003858,DH-DRE-00227,C04215,O013889,1,PLS FITTING BAHUT TIGHT HAI YAAR JALDI PICKUP KARO,2025-07-19
RV003859,DH-TOP-00278,C03397,O015339,5,colour same as photo,2025-05-16
RV003860,DH-PAL-00321,C01848,O002442,2,smaller than usual size,2026-09-27
RV003861,DH-KUR-00154,C05582,O018729,4,bahut achha hai,2024-12-27
RV003862,DH-SCH-00473,C00616,O006442,5,colour same as photo,2026-01-21
RV003863,DH-KUR-00044,C05518,O012412,5,mast hai 👍,2025-08-11
RV003864,DH-FRO-00394,C02928,O005844,1,sir button toota hua tha,2026-04-07
RV003865,DH-FRO-00387,C02239,O008877,5,comfortable hai,2024-11-26
RV003866,DH-KUR-00131,C02415,O004955,5,kapda achha hai,2024-12-14
RV003867,DH-KUR-00043,C05365,O002571,1,pls size se chota h,2024-11-13
RV003868,DH-PAL-00340,C05002,O004481,1,hi fabric rough hia skin pe chubhta hai exchange nahi chahiye,2025-08-10
RV003869,DH-FRO-00368,C02071,O008557,5,office ke liye perfect,2026-05-09
RV003870,DH-DRE-00236,C04700,O003905,4,,2026-07-30
RV003871,DH-CO--00356,C00041,O015038,2,colour mismatch refund chahiye,2026-01-17
RV003872,DH-KUR-00039,C00817,O004049,4,colour same as photo,2025-11-20
RV003873,DH-MEN-00581,C02122,O007142,2,"hi too small, chest pe fit nahi hhua 🙏",2025-12-27
RV003874,DH-DRE-00188,C03740,O016289,3,pls bahut loose hai jaldi pickup karo,2026-04-16
RV003875,DH-FRO-00419,C00764,O000427,5,office ke liye perfect,2026-01-06
RV003876,DH-KUR-00006,C00748,O019003,1,"hello, material not as described, ye cotton nahi lagta",2025-11-24
RV003877,DH-KUR-00165,C03537,O005195,4,comfortable hai,2025-10-14
RV003878,DH-PAL-00320,C03554,O020466,4,mast hai 👍,2026-02-23
RV003879,DH-TRA-00591,C00984,O003012,4,value for money,2025-10-16
RV003880,DH-KID-00433,C01390,O005302,5,mast hai 👍,2025-11-19
RV003881,DH-KID-00538,C00324,O001662,5,value for money,2026-06-02
RV003882,DH-KUR-00038,C04242,O002893,5,beti ko bahut pasand aaya,2025-08-17
RV003883,DH-DRE-00184,C03103,O005799,1,pls quality achhi nahi hai 🙏,2025-01-14
RV003884,DH-KUR-00084,C01277,O003675,4,office ke liye perfect,2026-06-03
RV003885,DH-KUR-00086,C01632,O006966,2,BHAIYA PACKET KHULA THA AUR KAPDE PE DAAG HAI EXCHANGE NAHI CHAHIYE,2025-04-05
RV003886,DH-KUR-00116,C03536,O016310,4,comfortable hai,2025-07-22
RV003887,DH-PAL-00326,C02280,O012137,2,"pls too small, chest pe fit nahi hua very disappointed",2024-10-26
RV003888,DH-FRO-00386,C00619,O023143,2,MAM COLOUR FADE SA HAI PHOTO JAISA NAHI 🙏,2026-08-26
RV003889,DH-KUR-00122,C01745,O014147,4,value for money,2025-05-29
RV003890,DH-FRO-00386,C01222,O001127,2,quality bilkul bekar,2026-01-09
RV003891,DH-PAL-00338,C00634,O022593,5,mast hai 👍,2026-01-29
RV003892,DH-CO--00354,C01468,O016078,5,mast hai 👍,2025-08-18
RV003893,DH-SCH-00490,C03278,O005119,3,hi अच्छा नहीं लगा pls return,2025-11-03
RV003894,DH-KUR-00157,C03458,O014933,5,,2025-04-22
RV003895,DH-TOP-00272,C00790,O005804,2,sir length bahutz yada hai refund chahiye,2025-04-02
RV003896,DH-KUR-00139,C01952,O009375,5,office ke liye perfect,2026-05-18
RV003897,DH-MEN-00582,C05969,O000817,5,mast hai 👍,2024-11-14
RV003898,DH-KUR-00122,C05967,O011224,4,mast hai 👍,2025-05-29
RV003899,DH-KUR-00017,C05831,O006890,3,साइज़ छोटा है exchange nahi chahiye,2025-06-12
RV003900,DH-KID-00430,C02062,O021623,3,bhaiya ...,2024-11-26
RV003901,DH-KUR-00141,C01821,O021306,4,nice quality for the price,2026-08-29
RV003902,DH-CO--00345,C02111,O011613,5,mast hai 👍,2026-05-15
RV003903,DH-MEN-00561,C00913,O001371,5,value for money,2024-12-08
RV003904,DH-DRE-00250,C01923,O016267,5,office ke liye perfect,2025-02-28
RV003905,DH-DRE-00234,C04016,O019837,2,sir fabric rough ha skin pe chubhta hai refund chahiye,2026-04-29
RV003906,DH-TOP-00287,C00605,O006963,4,nice quality for the price,2026-02-07
RV003907,DH-SCH-00481,C03731,O019871,4,perfect fit,2024-11-22
RV003908,DH-DRE-00206,C04027,O012735,5,mast hai 👍,2026-09-27
RV003909,DH-SCH-00477,C03170,O014829,1,PRINT UTAR RAHA HAI !!,2025-05-23
RV003910,DH-KID-00447,C00038,O013840,5,bahut achha hai,2026-06-19
RV003911,DH-SCH-00472,C02839,O001388,5,bahut achha hai,2025-05-25
RV003912,DH-MEN-00561,C00980,O001490,4,bahut achha hai,2024-12-04
RV003913,DH-DRE-00240,C00434,O015547,3,very thin cloth,2026-03-26
RV003914,DH-SCH-00473,C03456,O017980,2,print utar raha hai !!,2025-07-22
RV003915,DH-KUR-00082,C05496,O008021,4,value for money,2026-06-03
RV003916,DH-KUR-00154,C00014,O005501,4,colour same as photo,2026-08-07
RV003917,DH-KUR-00141,C01669,O004042,2,pls ekw ash me rang chala gaya !!,2025-05-05
RV003918,DH-TOP-00284,C01540,O016392,3,"pls photo me maroon dikha, aaya brown very disappointed",2025-11-26
RV003919,DH-DRE-00190,C03112,O018367,4,nice quality for the price,2026-02-18
RV003920,DH-DRE-00197,C03324,O008399,5,mast hai 👍,2026-09-11
RV003921,DH-KID-00436,C05587,O020821,4,value for money,2025-09-11
RV003922,DH-MEN-00553,C02440,O018480,5,comfortable hai,2026-07-23
RV003923,DH-KUR-00021,C00042,O003413,5,nice quality for the price,2024-11-08
RV003924,DH-FRO-00371,C03690,O016892,2,bacche ke liye bahut baad hai,2026-06-01
RV003925,DH-KUR-00109,C00717,O011597,5,bahut achha hai,2026-08-21
RV003926,DH-MEN-00586,C04325,O015044,5,beti ko bahut pasand aaya,2026-01-18
RV003927,DH-KID-00536,C01453,O018789,3,hi fabric cheap lag raha hai pls return,2025-08-16
RV003928,DH-KUR-00084,C01424,O010889,4,nice quality for the price,2026-05-12
RV003929,DH-MEN-00560,C04249,O023028,5,comfortable hai,2026-04-26
RV003930,DH-DRE-00227,C01738,O023942,1,bhaiya beti ke liye liya tha chhota pad gaya pls return,2026-03-06
RV003931,DH-PAL-00342,C05245,O009307,1,HI ... 🙏,2026-06-12
RV003932,DH-TRA-00593,C02127,O015379,5,,2026-06-25
RV003933,DH-KID-00457,C03982,O023306,4,perfect fit,2026-08-14
RV003934,DH-TOP-00301,C01263,O021194,4,,2025-04-16
RV003935,DH-KUR-00044,C03355,O005428,5,mast hai 👍,2025-06-28
RV003936,DH-MEN-00557,C01527,O001512,1,"bhaiya loose fitting, mere size ka nahi lagta very disappointed",2025-07-03
RV003937,DH-TOP-00299,C00541,O004349,4,,2026-01-28
RV003938,DH-KUR-00149,C04936,O011874,4,office ke liye perfect,2025-05-07
RV003939,DH-KUR-00027,C04540,O013773,5,,2026-08-31
RV003940,DH-KUR-00152,C03740,O006460,5,mast hai 👍,2025-04-19
RV003941,DH-DRE-00202,C00186,O017531,5,bahut achha hai,2025-02-09
RV003942,DH-TOP-00288,C03792,O022490,4,kapda achha hai,2025-05-22
RV003943,DH-MEN-00573,C04532,O001694,5,mast hai 👍,2026-05-18
RV003944,DH-KUR-00012,C04279,O002528,2,sir wrong item received pls return,2026-03-28
RV003945,DH-KUR-00021,C02667,O013444,4,perfect fit,2025-06-26
RV003946,DH-SCH-00491,C00145,O001511,4,perfect fit,2025-10-11
RV003947,DH-SCH-00467,C00145,O008118,5,beti ko bahut pasand aaya,2025-02-18
RV003948,DH-KID-00445,C01919,O006598,5,perfect fit,2025-09-18
RV003949,DH-KUR-00161,C01725,O013076,1,pls shoulders gir rahe hain itna loose 🙏,2026-07-10
RV003950,DH-KUR-00027,C04963,O022026,5,kapda achha hai,2025-11-09
RV003951,DH-KID-00505,C03822,O006886,4,comfortable hai,2025-11-17
RV003952,DH-KUR-00098,C01392,O012965,5,loved it,2026-06-16
RV003953,DH-TRA-00593,C01006,O020192,2,mam mustard bola tha ye to green yellow hai pls return,2025-01-17
RV003954,DH-KID-00423,C04454,O001858,4,perfect fit,2026-09-09
RV003955,DH-PAL-00321,C01749,O005377,1,bhaiya अच्छा नहीं लगा exchange nahi chahiye,2025-02-26
RV003956,DH-TRA-00597,C05919,O022787,5,,2025-09-29
RV003957,DH-TOP-00263,C02753,O016587,4,,2026-02-15
RV003958,DH-DRE-00188,C05933,O000620,3,bhaiya oversized lag raha hai jabki regular fit likha tha refund chahiye,2025-02-10
RV003959,DH-KUR-00027,C01365,O014088,5,mast hai 👍,2026-08-18
RV003960,DH-KID-00430,C04883,O016272,4,office ke liye perfect,2024-11-27
RV003961,DH-KUR-00105,C03249,O019320,5,colour same as photo,2026-01-21
RV003962,DH-PAL-00321,C03034,O004458,2,see throughhai kapda,2025-02-25
RV003963,DH-FRO-00399,C04192,O019721,5,,2025-08-31
RV003964,DH-PAL-00328,C00006,O014621,3,EK WASH ME RANG CHALA GAYA EXCHANGE NAHI CHAHIYE,2025-04-25
RV003965,DH-KUR-00002,C02258,O014148,4,perfect fit,2026-03-30
RV003966,DH-TRA-00597,C05051,O012281,2,length bhi kam hai aur tight bhi jaldi pickup karo,2025-01-25
RV003967,DH-TOP-00299,C01490,O009443,5,bahut achha hai,2025-12-26
RV003968,DH-SCH-00468,C01922,O007013,5,,2026-07-26
RV003969,DH-TOP-00284,C02305,O016406,1,hi mustard bola tha ye to green yellow hai 🙏,2026-01-10
RV003970,DH-DRE-00184,C05879,O006523,5,,2024-12-12
RV003971,DH-KID-00502,C01487,O008494,5,beti ko bahut pasand aaya,2026-02-21
RV003972,DH-KUR-00065,C03671,O006211,2,no very disappointed,2026-08-04
RV003973,DH-FRO-00379,C03969,O001205,2,hi siz echart se bada nikla,2026-04-23
RV003974,DH-KID-00431,C04133,O007166,1,pls silai khuli hui thi aate hi jaldi pickup karo,2024-10-17
RV003975,DH-CO--00351,C01425,O008556,4,perfect fit,2026-07-20
RV003976,DH-KUR-00083,C02704,O006117,1,pls colour fade sa hai photo jaisa nahi exchange nahi chahiye,2026-06-06
RV003977,DH-MEN-00545,C01079,O018702,5,office ke liye perfect,2025-11-04
RV003978,DH-KUR-00094,C01910,O019167,5,beti ko bahut pasand aaya,2025-11-18
RV003979,DH-DRE-00182,C00164,O009511,1,"mam size M bahut tight hai, L lena padega exchange nahi chahiye",2026-07-08
RV003980,DH-TOP-00281,C04342,O018531,2,"pls stitching kharab hai, dhaage nikal rahe !!",2025-11-21
RV003981,DH-PAL-00336,C01025,O014037,5,perfect fit,2026-02-28
RV003982,DH-KUR-00149,C02552,O019225,5,nice quality for the price,2024-12-20
RV003983,DH-KUR-00114,C04208,O016861,3,hi ek wash me rang chala gaya !!,2024-12-31
RV003984,DH-DRE-00188,C02210,O013723,4,kapda achha hai,2026-05-07
RV003985,DH-KUR-00100,C04105,O004794,4,colour same as photo,2026-07-18
RV003986,DH-KID-00425,C00130,O017607,2,fitting bahut tight hai yaar very disappointed,2025-12-12
RV003987,DH-KUR-00004,C05551,O015511,3,bhaiya image me bright tha real me dull hai pls return,2026-04-03
RV003988,DH-TOP-00275,C02998,O020367,4,value for money,2026-06-07
RV003989,DH-KID-00540,C05881,O010804,4,,2026-04-05
RV003990,DH-CO--00351,C03274,O003971,5,value for money,2025-04-20
RV003991,DH-SCH-00493,C00213,O009346,5,,2026-04-16
RV003992,DH-KUR-00180,C04919,O017158,2,fabric rough hai skin pe chubhta hai,2025-02-25
RV003993,DH-KID-00500,C02808,O011518,4,loved it,2026-04-02
RV003994,DH-MEN-00582,C01481,O012734,2,"HI KURTI BAHUT FIT HAI, BREATHE NAHI KAR PA RAHI !!",2026-08-27
RV003995,DH-PAL-00339,C00383,O021111,1,FABRIC ROUGH HAI SKIN PE CHUBHTA HAI VERY DISAPPOINTED,2025-12-21
RV003996,DH-KUR-00135,C03761,O019478,5,beti ko bahut pasand aaya,2026-05-18
RV003997,DH-TOP-00253,C04575,O008179,5,bahut achha hai,2025-10-27
RV003998,DH-KUR-00012,C00583,O003346,3,bhaiya pata hua aaya pls return,2025-06-18
RV003999,DH-KUR-00121,C04977,O008214,1,pehli dhulai me shrink ho gaya refund chahiye,2025-02-18
RV004000,DH-MEN-00582,C00257,O009269,2,mam fabric rough hai skin pe chubhta hai jaldi pickup karo,2024-10-29
RV004001,DH-KUR-00003,C00526,O015717,3,bhaiya size se chota h very disappointed,2025-05-15
RV004002,DH-KUR-00124,C02573,O022465,5,bahut achha hai,2026-07-01
RV004003,DH-KUR-00136,C00386,O008625,4,,2025-03-24
RV004004,DH-TOP-00288,C00021,O023317,1,sir phata hua aaya very disappointed,2025-03-15
RV004005,DH-KUR-00076,C02170,O002773,1,"PLS TOO SMALL, CHEST PE FITT NAHI HUA PLS RETURN",2026-02-08
RV004006,DH-DRE-00214,C00005,O009501,5,value for money,2025-12-07
RV004007,DH-SCH-00474,C04417,O019596,4,office ke liye perfect,2024-11-02
RV004008,DH-KUR-00038,C03043,O006223,2,image me bright tha real me dull hai,2025-10-30
RV004009,DH-TOP-00262,C04113,O017195,1,HI VERY THIN CLOTH,2025-09-03
RV004010,DH-SCH-00488,C03337,O020180,1,pls fitting bahut tight hai yaar,2025-03-07
RV004011,DH-FRO-00365,C04960,O009545,1,"hello, silai khuli hui thi aate hi 🙏",2026-06-13
RV004012,DH-FRO-00406,C05832,O023797,4,perfect fit,2026-07-06
RV004013,DH-CO--00345,C05803,O012306,5,kapda achha hai,2025-12-21
RV004014,DH-KID-00425,C04801,O010452,2,sir too loose at waist,2025-09-25
RV004015,DH-KUR-00005,C04569,O006845,4,,2026-09-22
RV004016,DH-DRE-00250,C02886,O009128,2,"mam loose fitting, mere size ka nahi lagta pls return",2025-03-28
RV004017,DH-KUR-00027,C00668,O008281,4,beti ko bahut pasand aaya,2026-04-20
RV004018,DH-KID-00511,C01045,O010460,3,hi see throuugh hai kapda jaldi pickup karo,2026-02-11
RV004019,DH-FRO-00388,C02421,O022427,4,beti ko bahut pasand aaya,2025-08-13
RV004020,DH-CO--00360,C02453,O016355,1,"HI MATERIAL NOT AS DESCRIBED, YE COTTON NAHI LAGTA !!",2025-05-31
RV004021,DH-DRE-00205,C03493,O014054,5,perfect fit,2026-06-06
RV004022,DH-FRO-00366,C03094,O019484,3,mam too loose at waist 🙏,2025-07-08
RV004023,DH-SCH-00471,C05312,O010042,5,beti ko bahut pasand aaya,2024-11-25
RV004024,DH-DRE-00244,C03155,O018204,2,shoulders gir rahe hain itna loose,2025-04-01
RV004025,DH-DRE-00231,C01275,O013220,5,,2025-02-11
RV004026,DH-KUR-00173,C04770,O005640,4,comfortable hai,2025-09-25
RV004027,DH-DRE-00203,C01139,O019146,3,ek wash me rang chala gaya exchange nahi chahiye,2026-02-19
RV004028,DH-FRO-00420,C03381,O021614,1,bhaiya bahut loose hai pls return,2026-05-01
RV004029,DH-CO--00358,C01064,O011423,4,perfect fit,2025-02-06
RV004030,DH-KUR-00169,C04436,O004547,1,pls ye wala shade nahi tha website pe jaldi pickup karo,2026-03-11
RV004031,DH-SCH-00471,C04765,O016409,5,colour same as photo,2024-11-14
RV004032,DH-TOP-00293,C04074,O008324,5,perfect fit,2026-03-11
RV004033,DH-KUR-00155,C03374,O009611,5,office ke liye perfect,2026-01-01
RV004034,DH-KID-00502,C05917,O015814,5,,2025-07-14
RV004035,DH-FRO-00396,C02879,O011392,4,colour same as photo,2026-04-18
RV004036,DH-KUR-00155,C03664,O003488,4,loved it,2025-05-06
RV004037,DH-KID-00523,C02856,O014540,5,comfortable hai,2026-03-03
RV004038,DH-TOP-00291,C05444,O003362,4,value for money,2025-08-04
RV004039,DH-CO--00358,C00632,O012967,3,bhaiya fitting bahutt ight hai yaar refund chahiye,2026-03-22
RV004040,DH-TOP-00297,C00007,O000755,5,bahut achha hai,2025-12-29
RV004041,DH-TOP-00256,C02430,O013976,5,bahut achha hai,2025-09-20
RV004042,DH-SCH-00476,C00354,O019229,2,"pls too small, chest pe fit nahi hua pls return",2025-02-11
RV004043,DH-TOP-00275,C05666,O015661,5,office ke liye perfect,2026-07-22
RV004044,DH-DRE-00188,C02914,O002534,5,perfect fit,2025-02-07
RV004045,DH-KID-00535,C00048,O012601,5,nice quality for the price,2026-04-11
RV004046,DH-MEN-00557,C00153,O016514,1,sir beti ke liye liya tha chhota pad gaya refund chahiye,2024-11-16
RV004047,DH-TOP-00297,C05107,O001094,3,pls doosra coloru bhej diya !!,2025-01-28
RV004048,DH-KUR-00017,C05792,O008517,1,साइज़ छोटा है,2025-09-26
RV004049,DH-KID-00424,C04856,O000624,4,colour same as photo,2025-10-29
RV004050,DH-PAL-00337,C05746,O012857,1,"wrong size bheja, M order kiya tha XL aaya",2025-10-12
RV004051,DH-PAL-00327,C05551,O016831,4,,2026-03-15
RV004052,DH-PAL-00340,C04084,O016296,3,"hello, colour fade sa hai photo jaisa nahi jaldi pickup karo",2025-05-08
RV004053,DH-DRE-00244,C01477,O012854,5,mast hai 👍,2025-09-13
RV004054,DH-SCH-00468,C05586,O011103,5,comfortable hai,2024-11-14
RV004055,DH-FRO-00384,C04950,O005909,4,bahut achha hai,2025-12-27
RV004056,DH-DRE-00181,C00965,O017247,1,pls waist pe nahi aaya,2025-02-25
RV004057,DH-KUR-00067,C04983,O017519,2,sir colour fade sa hai photo jaisa nahi exchange nahi chahiye,2025-11-27
RV004058,DH-KUR-00093,C01117,O001770,1,"hello, smaller than usual size",2025-12-09
RV004059,DH-TOP-00258,C05413,O011105,4,loved it,2026-06-16
RV004060,DH-CO--00351,C03531,O006031,5,comfortable hai,2025-03-21
RV004061,DH-TOP-00291,C05710,O000813,4,nice quality for the price,2025-03-29
RV004062,DH-DRE-00196,C01124,O008495,1,coolr is different from image 🙏,2026-06-08
RV004063,DH-SCH-00475,C05223,O023325,5,comfortable hai,2026-02-07
RV004064,DH-TOP-00285,C05005,O016870,1,"hello, length bahut zyada hai !!",2025-02-26
RV004065,DH-SCH-00477,C02895,O012786,2,SHOULDERS GIR RAHE HAIN ITNA LOOSE 🙏,2026-07-18
RV004066,DH-KUR-00004,C04570,O014547,2,size bad hai very disappointed,2025-10-24
RV004067,DH-MEN-00586,C02658,O004240,2,"hello, print utar raha hai pls return",2024-12-24
RV004068,DH-FRO-00418,C04793,O013754,1,bhaiya no,2025-08-25
RV004069,DH-TOP-00287,C01907,O019682,4,bahut achha hai,2026-01-27
RV004070,DH-CO--00355,C00412,O005795,4,mast hai 👍,2026-06-04
RV004071,DH-TOP-00277,C02083,O018722,4,value for money,2026-03-28
RV004072,DH-DRE-00209,C04158,O022232,5,office ke liye perfect,2024-12-26
RV004073,DH-MEN-00542,C01664,O013816,5,office ke liye perfect,2026-06-07
RV004074,DH-KUR-00044,C05695,O020169,5,,2025-06-23
RV004075,DH-SCH-00473,C05033,O003204,5,nice quality for the price,2025-08-11
RV004076,DH-PAL-00330,C03335,O022988,4,,2025-04-07
RV004077,DH-TOP-00278,C00162,O014993,2,"too small, chest pe fit nahi hua 🙏",2025-12-09
RV004078,DH-FRO-00396,C01424,O001723,1,BAHUT TIGHT H SHOULDERS PE 🙏,2026-04-10
RV004079,DH-KUR-00138,C02652,O009716,2,sir quality bilkul bekar,2026-09-27
RV004080,DH-KUR-00149,C04044,O011237,4,loved it,2026-01-10
RV004081,DH-TOP-00284,C01705,O007866,5,comfortable hai,2026-04-20
RV004082,DH-KID-00530,C05186,O023955,2,TIGHT HAI,2026-09-27
RV004083,DH-MEN-00542,C01419,O012001,5,comfortable hai,2026-09-06
RV004084,DH-KUR-00163,C04078,O001684,1,ek wash me rang chala gaya,2025-09-23
RV004085,DH-DRE-00192,C02951,O001077,1,hi color is different from image very disappointed,2025-12-09
RV004086,DH-KUR-00122,C00699,O022387,5,,2025-04-18
RV004087,DH-DRE-00234,C00798,O003654,4,beti ko bahut pasand aaya,2025-02-21
RV004088,DH-TOP-00278,C04071,O022495,1,HI PRINT UTAR RAHA HAI !!,2026-09-27
RV004089,DH-TOP-00309,C05614,O005240,1,mam return refund chahiye,2026-06-26
RV004090,DH-KUR-00076,C02130,O021946,4,value for money,2026-05-24
RV004091,DH-SCH-00472,C01584,O019382,4,loved it,2026-01-25
RV004092,DH-SCH-00470,C03665,O018610,5,bahut achha hai,2026-01-11
RV004093,DH-TOP-00288,C03016,O006286,4,value for money,2025-12-10
RV004094,DH-KUR-00179,C05390,O008616,1,PEHLI DHULAI ME SHRIN HO GAYA VERY DISAPPOINTED,2026-03-03
RV004095,DH-TRA-00597,C05707,O023130,2,sir return refund chahiye,2026-04-21
RV004096,DH-PAL-00318,C00262,O000148,5,perfect fit,2026-01-08
RV004097,DH-KID-00528,C01937,O000245,2,length bahut zyada hai very disappointed,2025-04-21
RV004098,DH-TRA-00597,C04302,O014816,1,hol ehai sleeve pe 🙏,2025-01-06
RV004099,DH-KUR-00130,C01756,O012937,5,loved it,2026-09-27
RV004100,DH-MEN-00580,C00010,O023754,4,nice quality for the price,2025-08-12
RV004101,DH-KUR-00154,C00692,O020137,5,bahut achha hai,2025-01-02
RV004102,DH-KID-00424,C01981,O018167,5,kapda achha hai,2025-04-27
RV004103,DH-CO--00355,C02826,O017634,1,shoulders gir rahe hain itna loose,2025-06-12
RV004104,DH-SCH-00497,C04586,O001096,5,,2026-08-16
RV004105,DH-SCH-00479,C02004,O001533,5,nice quality for the price,2025-11-09
RV004106,DH-FRO-00406,C03089,O003730,5,beti ko bahut pasand aaya,2026-07-03
RV004107,DH-TRA-00599,C03003,O014228,5,beti ko bahut pasand aaya,2025-03-04
RV004108,DH-FRO-00419,C05645,O022344,3,pls rang bilkul alag hai exchange nahi chahiye,2025-08-20
RV004109,DH-KUR-00094,C00305,O020542,4,loved it,2025-04-23
RV004110,DH-DRE-00250,C05822,O013170,5,mast hai 👍,2025-04-10
RV004111,DH-CO--00347,C04908,O009294,5,colour same as photo,2026-09-06
RV004112,DH-FRO-00409,C03330,O022476,2,"pls too big, ekdum dheela jaldi pickup karo",2024-10-17
RV004113,DH-KUR-00125,C01464,O007399,4,beti ko bahut pasand aaya,2025-01-16
RV004114,DH-CO--00359,C00365,O020504,4,nice quality for the price,2026-08-22
RV004115,DH-TOP-00260,C04636,O003005,4,beti ko bahut pasand aaya,2026-07-24
RV004116,DH-KUR-00008,C04776,O004394,5,beti ko bahut pasand aaya,2024-11-03
RV004117,DH-DRE-00184,C03697,O006697,3,sir not good pls return,2024-12-31
RV004118,DH-KUR-00126,C05468,O001263,3,pls ok very disappointed,2026-01-12
RV004119,DH-TOP-00278,C03519,O006706,5,perfect fit,2025-04-20
RV004120,DH-KID-00504,C03254,O010456,1,sir fitting bahut tight hhai yaar very disappointed,2026-01-01
RV004121,DH-TOP-00271,C00712,O020945,4,mast hai 👍,2024-11-20
RV004122,DH-MEN-00559,C02036,O006695,4,,2025-12-14
RV004123,DH-KUR-00129,C05279,O011026,4,office ke liye perfect,2026-02-17
RV004124,DH-FRO-00399,C05630,O015722,1,"hello, material not as described, ye cotton nahi lagta 🙏",2025-06-09
RV004125,DH-MEN-00555,C03895,O001555,4,colour same as photo,2025-10-20
RV004126,DH-KUR-00026,C02816,O001451,2,"bhaiya kurti bahut fit hai, breathe nahi kar pa rahi",2025-07-08
RV004127,DH-MEN-00576,C01366,O021796,2,return !!,2025-11-18
RV004128,DH-KID-00451,C02920,O023533,4,comfortable hai,2026-03-16
RV004129,DH-KUR-00180,C03158,O004830,1,pink mangaya tha peach aaya exchange nahi chahiye,2024-12-08
RV004130,DH-SCH-00477,C04718,O004300,1,"hello, M mangaya tha bada ayaa pls return",2026-01-22
RV004131,DH-TRA-00595,C05679,O000722,1,mam shoulders gir rahe hain itna loose pls return,2026-05-08
RV004132,DH-KUR-00088,C00604,O005433,3,hi acha nahi laga exchange nahi chahiye,2025-01-10
RV004133,DH-KID-00443,C00681,O014409,1,"BHAIYA TOO BIG, EKDUM DHEELA",2026-08-06
RV004134,DH-KUR-00149,C02189,O012581,2,"photo me maroon dikha, aaya brown",2025-02-27
RV004135,DH-DRE-00209,C01812,O002372,1,bhaiya अच्छा नहीं लगा exchange nahi chahiye,2025-09-01
RV004136,DH-KID-00458,C01159,O020934,4,nice quality for the price,2026-01-09
RV004137,DH-DRE-00202,C02506,O001058,5,mast hai 👍,2025-06-24
RV004138,DH-KID-00429,C05888,O005870,5,bahut achha hai,2025-11-14
RV004139,DH-FRO-00387,C05497,O020438,4,kapda achha hai,2025-08-14
RV004140,DH-KID-00442,C04200,O018912,1,sir packet khula tha aur kapde pe daag hai refund chahiye,2026-04-15
RV004141,DH-SCH-00489,C00995,O004119,5,office ke liye perfect,2024-11-19
RV004142,DH-PAL-00324,C05622,O012392,3,pink mangaya tha peach aaya refund chahiye,2026-04-05
RV004143,DH-KUR-00030,C02554,O006151,2,"size small aaya, mera regular m h exchange nahi chahiye",2026-08-24
RV004144,DH-KID-00433,C05163,O000221,4,nice quality for the price,2025-10-11
RV004145,DH-KUR-00054,C00675,O008998,1,hi साइज़ छोटा है very disappointed,2026-08-23
RV004146,DH-MEN-00586,C02538,O010353,5,loved it,2024-11-15
RV004147,DH-FRO-00405,C05130,O005045,4,beti ko bahut pasand aaya,2026-03-31
RV004148,DH-KUR-00135,C03430,O015623,5,loved it,2026-08-12
RV004149,DH-MEN-00555,C00230,O020850,5,loved it,2025-05-08
RV004150,DH-PAL-00330,C02947,O016965,4,perfect fit,2024-12-23
RV004151,DH-MEN-00547,C01637,O009633,3,pls length bahut zyada hai pls return,2026-04-16
RV004152,DH-TOP-00306,C01602,O013209,1,mam ye wala shade nahi tha ewbsite pe exchange nahi chahiye,2025-10-29
RV004153,DH-KUR-00039,C02861,O007076,4,kapda achha hai,2025-02-12
RV004154,DH-MEN-00541,C01410,O018385,5,mast hai 👍,2026-08-19
RV004155,DH-PAL-00316,C05540,O019832,4,office ke liye perfect,2026-02-04
RV004156,DH-FRO-00374,C03210,O004800,2,sir too loos at waist very disappointed,2025-09-05
RV004157,DH-KUR-00081,C00628,O017307,4,office ke liye perfect,2026-06-21
RV004158,DH-KUR-00131,C03761,O014209,4,perfect fit,2025-08-26
RV004159,DH-TRA-00599,C02950,O007761,5,colour same as photo,2025-11-05
RV004160,DH-KUR-00113,C04783,O016551,5,,2025-12-11
RV004161,DH-MEN-00556,C01948,O010176,1,"hello, image me bright tha real me dull hai exchange nahi chahiye",2026-07-11
RV004162,DH-KUR-00139,C02175,O013930,4,kapda achha hai,2026-04-15
RV004163,DH-PAL-00316,C02933,O007441,4,comfortable hai,2026-06-14
RV004164,DH-KUR-00035,C02965,O018035,5,perfect fit,2025-03-31
RV004165,DH-PAL-00341,C00681,O003418,5,bahut achha hai,2026-07-20
RV004166,DH-KID-00441,C05971,O019376,5,mast hai 👍,2025-12-31
RV004167,DH-PAL-00330,C02453,O018176,4,value for money,2024-12-28
RV004168,DH-KUR-00148,C04323,O009264,5,loved it,2026-05-26
RV004169,DH-KUR-00138,C03921,O017812,4,loved it,2026-07-22
RV004170,DH-TOP-00288,C03164,O006302,3,mam colour alag hai phot se refund chahiye,2025-02-24
RV004171,DH-SCH-00471,C05003,O009405,5,mast hai 👍,2024-11-20
RV004172,DH-FRO-00415,C05041,O018052,1,"mam photo me maroon dikha, aaya brown pls return",2025-09-11
RV004173,DH-MEN-00583,C04308,O021531,1,BHAIYA FITTING BAHUT TIGHT HAI YAAR VERY DISAPPOINTED,2026-03-04
RV004174,DH-FRO-00370,C01658,O006292,4,perfect fit,2026-01-25
RV004175,DH-KUR-00082,C04093,O014524,4,loved it,2026-09-27
RV004176,DH-SCH-00488,C04151,O002294,5,kapda achha hai,2025-03-04
RV004177,DH-KUR-00022,C00854,O004824,1,रंग फोटो से अलग है exchange nahi chahiye,2025-09-18
RV004178,DH-KID-00520,C00665,O019012,4,perfect fit,2026-02-16
RV004179,DH-MEN-00553,C01603,O003209,1,"HELLO, BACCHE KE LIYE BAHUT BADA HAI 🙏",2025-11-16
RV004180,DH-KUR-00008,C00451,O011535,1,hi fabric rough hai skin pe chubhta hai 🙏,2024-12-11
RV004181,DH-KUR-00048,C03660,O021704,1,"hello, ye wala shade nahi tha website pe 🙏",2026-08-04
RV004182,DH-TOP-00272,C02628,O014367,1,sir very thin cloth refund chahiye,2025-02-19
RV004183,DH-KID-00528,C05528,O012609,5,,2024-12-07
RV004184,DH-MEN-00549,C03573,O003458,3,"hello, damaged pece received",2026-07-10
RV004185,DH-KUR-00111,C05820,O021743,3,pehli dhulai me shrink ho gaya !!,2025-11-17
RV004186,DH-KUR-00040,C01550,O009247,5,bahut achha hai,2026-06-20
RV004187,DH-PAL-00329,C04317,O007675,5,kapda achha hai,2025-12-13
RV004188,DH-KUR-00063,C00712,O023237,1,pls ek wash me rang chala gaya !!,2026-09-14
RV004189,DH-KID-00517,C05978,O012668,5,beti ko bahut pasand aaya,2025-07-27
RV004190,DH-KUR-00050,C04060,O015512,3,bhaiya wrong tem received exchange nahi chahiye,2025-11-14
RV004191,DH-KUR-00168,C00250,O022300,4,loved it,2026-08-12
RV004192,DH-KUR-00139,C03922,O023679,1,BHAIYA PEHLI DHULAI ME SHRINK HO GAYA !!,2026-09-23
RV004193,DH-KID-00429,C03383,O015680,3,bacchek e liye bahut bada hai,2026-05-27
RV004194,DH-FRO-00366,C00865,O011373,5,comfortable hai,2025-12-01
RV004195,DH-SCH-00489,C01336,O016854,5,loved it,2025-08-29
RV004196,DH-TOP-00276,C05307,O018776,5,colour same as photo,2025-08-12
RV004197,DH-KUR-00162,C05248,O022177,5,colour same as photo,2026-06-07
RV004198,DH-MEN-00559,C03958,O015709,5,comfortable hai,2025-11-21
RV004199,DH-MEN-00562,C04174,O008854,4,kapda achha hai,2026-05-29
RV004200,DH-KUR-00154,C02042,O000828,4,beti ko bahut pasand aaya,2025-08-13
RV004201,DH-KUR-00061,C05539,O022772,4,loved it,2026-03-11
RV004202,DH-SCH-00474,C04241,O013623,4,loved it,2025-12-01
RV004203,DH-KUR-00103,C02610,O023691,5,comfortable hai,2026-09-17
RV004204,DH-KUR-00035,C05081,O016982,5,kapda achha hai,2025-10-01
RV004205,DH-KID-00518,C01599,O003557,1,"HELLO, BAHUT TIGHT H SHOULDERS PE",2025-01-14
RV004206,DH-KID-00526,C03411,O008864,4,bahut achha hai,2024-11-26
RV004207,DH-FRO-00405,C01404,O013860,4,,2026-07-18
RV004208,DH-KUR-00094,C04105,O011760,5,beti ko bahut pasand aaya,2025-09-07
RV004209,DH-KID-00505,C00118,O011094,3,SIR OVERSIZED LAG RAHA HAI JABKI REGULAR FIT LIKHA THA,2025-11-25
RV004210,DH-KUR-00050,C05621,O006804,2,"hello, quality achh nahi hai",2025-08-27
RV004211,DH-SCH-00480,C03355,O011361,5,colour same as photo,2026-09-18
RV004212,DH-DRE-00250,C05809,O002207,4,loved it,2025-12-04
RV004213,DH-SCH-00487,C00783,O013521,5,bahut achha hai,2026-07-19
RV004214,DH-DRE-00228,C01693,O011079,2,"hello, too msall, chest pe fit nahi hua pls return",2025-10-25
RV004215,DH-KID-00448,C02944,O019537,1,pls fabric cheap lag raha hai jaldi pickup karo,2025-08-14
RV004216,DH-PAL-00323,C05403,O012426,3,bhaiya sleeves tight hai arms me very disappointed,2026-01-01
RV004217,DH-KUR-00094,C02990,O004023,2,bhaiya nahi chahiye bas,2026-03-05
RV004218,DH-KID-00458,C01909,O000335,4,mast hai 👍,2025-11-03
RV004219,DH-SCH-00475,C00493,O022967,2,pls bacche ke liye bahut bada hai exchange nahi chahiye,2025-12-05
RV004220,DH-DRE-00196,C04212,O011370,1,ek wash me rang chala gaya refund chahiye,2025-12-07
RV004221,DH-CO--00351,C02537,O013992,5,perfect fit,2026-02-10
RV004222,DH-CO--00353,C04967,O003585,2,MAM SIZE BADA HIA,2025-09-26
RV004223,DH-CO--00359,C02427,O003080,2,BHAIYA PRINT UTAR RAH HAI JALDI PICKUP KARO,2026-03-31
RV004224,DH-FRO-00406,C05405,O012063,2,अच्छा नहीं लगा !!,2025-11-21
RV004225,DH-KUR-00112,C02786,O020955,2,"pls kurti bahut fit hai, breathe nahi kar pa rahi",2025-04-14
RV004226,DH-TOP-00258,C00077,O022855,2,bahut loose hai 🙏,2026-09-10
RV004227,DH-CO--00345,C02338,O011699,5,colour same as photo,2025-12-08
RV004228,DH-KID-00500,C05473,O023669,2,pls very thin cloth very disappointed,2026-09-27
RV004229,DH-KUR-00008,C05299,O006238,3,bhaiya fabric rough hai skin pe chubhta ai pls return,2024-11-06
RV004230,DH-FRO-00379,C04574,O017136,4,value for money,2026-03-31
RV004231,DH-FRO-00401,C03181,O019274,2,ekwash me rang chala gaya very disappointed,2025-04-27
RV004232,DH-KUR-00120,C04593,O002393,2,size chart se bada nikla !!,2025-11-04
RV004233,DH-KID-00428,C00367,O004215,5,office ke liye perfect,2024-12-16
RV004234,DH-FRO-00409,C05085,O013108,4,bahut achha hai,2024-11-28
RV004235,DH-TRA-00595,C02761,O001099,2,mam ek wash me ran gchala gaya,2024-12-20
RV004236,DH-KUR-00155,C03365,O023313,5,perfect fit,2025-10-06
RV004237,DH-KUR-00088,C02254,O019883,5,office ke liye perfect,2026-08-28
RV004238,DH-FRO-00406,C04573,O022687,4,loved it,2026-03-01
RV004239,DH-KUR-00016,C03092,O017373,3,tight hai pls return,2025-06-01
RV004240,DH-KUR-00034,C02361,O018034,4,kapda achha hai,2025-12-11
RV004241,DH-KUR-00151,C00122,O014738,4,beti ko bahut pasand aaya,2025-09-27
RV004242,DH-FRO-00394,C00916,O019139,5,colour same as photo,2026-07-09
RV004243,DH-KID-00425,C02071,O021620,5,office ke liye perfect,2026-02-21
RV004244,DH-TRA-00598,C00860,O005558,5,mast hai 👍,2026-08-07
RV004245,DH-CO--00360,C03405,O012219,5,colour same as photo,2025-06-19
RV004246,DH-KUR-00162,C02451,O022724,5,value for money,2025-11-08
RV004247,DH-KID-00421,C04053,O011153,1,sir waist pe nahi aaya very disappointed,2026-07-10
RV004248,DH-KID-00457,C00676,O004787,5,nice quality for the price,2025-11-01
RV004249,DH-DRE-00192,C00051,O018405,1,colour laag hai photo se,2025-08-11
RV004250,DH-MEN-00556,C01403,O010215,4,bahut achha hai,2026-04-05
RV004251,DH-DRE-00206,C01620,O007533,2,bhaiya bacche ke lyie bahut bada hai pls return,2025-02-28
RV004252,DH-KID-00528,C04258,O012465,4,kapda achha hai,2025-02-13
RV004253,DH-DRE-00202,C00402,O009225,2,"hello, colour mismatch refund chahiye",2024-10-16
RV004254,DH-KUR-00139,C04243,O014537,4,nice quality for the price,2025-02-06
RV004255,DH-KUR-00155,C00494,O005219,2,sir size chota hai pls return,2025-08-24
RV004256,DH-KID-00462,C00354,O019229,4,kapda achha hai,2025-02-07
RV004257,DH-FRO-00371,C02807,O022048,4,,2025-12-08
RV004258,DH-MEN-00582,C02512,O002023,4,,2025-03-29
RV004259,DH-FRO-00409,C04846,O009825,5,bahut achha hai,2025-03-26
RV004260,DH-PAL-00333,C00116,O006353,1,"sir size m bahut tight hai, l lena padega very disappointed",2026-02-18
RV004261,DH-KUR-00031,C00350,O008177,2,hi colour fade sa hai photo jaisa nahi !!,2026-03-07
RV004262,DH-FRO-00371,C02624,O016609,4,,2026-03-03
RV004263,DH-KUR-00100,C01144,O014746,4,colour same as photo,2026-09-17
RV004264,DH-KID-00439,C04343,O021713,5,mast hai 👍,2026-07-22
RV004265,DH-KID-00513,C05082,O015525,1,XL bhi tight hai kya size h ye,2026-03-10
RV004266,DH-KUR-00062,C00417,O020232,4,beti ko bahut pasand aaya,2026-05-02
RV004267,DH-KUR-00166,C03203,O013826,4,perfect fit,2026-02-17
RV004268,DH-FRO-00393,C02423,O020238,5,,2025-01-26
RV004269,DH-KID-00439,C04343,O021713,5,comfortable hai,2026-07-18
RV004270,DH-KID-00428,C02976,O019338,5,comfortable hai,2025-09-06
RV004271,DH-KUR-00129,C01336,O000974,5,loved it,2024-11-06
RV004272,DH-FRO-00388,C03580,O010550,1,HI M MANGAYA THA BADA AAYA PLS RETURN,2024-11-08
RV004273,DH-KUR-00098,C03331,O003445,2,print utar raha hai jaldi pickup karo,2026-01-09
RV004274,DH-DRE-00190,C00638,O014421,1,bhaiya phata hua aaya !!,2025-09-12
RV004275,DH-DRE-00202,C04947,O016307,4,mast hai 👍,2026-05-20
RV004276,DH-MEN-00555,C01401,O008127,1,PACKET KHULA THA AUR KAPDEP E DAAG HAI,2025-11-29
RV004277,DH-KUR-00083,C02616,O003644,2,mam quality achhi nahi hai refund chahiye,2025-07-01
RV004278,DH-TRA-00596,C04185,O009301,3,sir print utar raha hai,2026-08-24
RV004279,DH-DRE-00217,C03953,O015567,4,nice quality for the price,2026-09-25
RV004280,DH-DRE-00202,C00269,O014305,5,mast hai 👍,2025-02-05
RV004281,DH-TOP-00276,C05430,O011632,4,kapda achha hai,2025-06-05
RV004282,DH-KUR-00180,C05844,O020194,2,mam damaged piece received jaldi pickup karo,2025-06-13
RV004283,DH-KID-00430,C02720,O021199,3,bhaiya nahi chahiye bas exchange nahi chahiye,2026-03-21
RV004284,DH-FRO-00371,C05362,O021106,5,,2025-07-06
RV004285,DH-PAL-00321,C01312,O000399,5,,2026-01-25
RV004286,DH-KUR-00078,C04546,O019054,1,hi print utar raha hai !!,2025-11-07
RV004287,DH-KUR-00010,C03436,O000640,5,loved it,2026-08-03
RV004288,DH-FRO-00400,C01073,O004966,2,pehli dhulai me shrink ho gaya !!,2026-06-19
RV004289,DH-KUR-00035,C00731,O019193,1,mam ye wala shade nahi tha website pe very disappointed,2026-02-09
RV004290,DH-TOP-00285,C05397,O011344,4,perfect fit,2025-02-23
RV004291,DH-KID-00538,C03949,O006242,4,bahut achha hai,2026-07-28
RV004292,DH-TOP-00304,C01721,O006688,5,colour same as photo,2025-11-13
RV004293,DH-MEN-00585,C01771,O022178,1,sir packet geela tha kapda kharab jaldi pickup karo,2026-03-11
RV004294,DH-SCH-00469,C03949,O006242,1,sir color is different from image exchange nahi chahiye,2026-07-26
RV004295,DH-DRE-00206,C03913,O001422,3,size se chota h refund chahiye,2025-02-18
RV004296,DH-KUR-00149,C00768,O013738,5,colour same as photo,2024-11-26
RV004297,DH-KUR-00056,C00382,O010033,4,value for money,2026-06-26
RV004298,DH-SCH-00492,C01171,O019432,2,"hello, quality bilkul bekar 🙏",2026-07-26
RV004299,DH-KUR-00033,C04231,O019277,3,pls very thin cloth very disappointed,2026-04-26
RV004300,DH-TOP-00304,C00604,O002904,1,zip kaamm nahi kar rahi jaldi pickup karo,2026-01-05
RV004301,DH-FRO-00402,C04315,O005258,4,,2026-09-21
RV004302,DH-KID-00518,C04162,O022012,5,kapda achha hai,2026-03-14
RV004303,DH-FRO-00401,C02124,O011340,2,HI कपड़ा बहुत पतला है EXCHANGE NAHI CHAHIYE,2026-08-24
RV004304,DH-KID-00537,C00718,O015160,5,colour same as photo,2025-09-21
RV004305,DH-KUR-00020,C05461,O014947,2,hi bacche ke liye bahut bada hai very disappointed,2025-06-01
RV004306,DH-KUR-00002,C00680,O013988,5,,2026-08-24
RV004307,DH-KID-00520,C02497,O001346,5,colour same as photo,2025-09-02
RV004308,DH-PAL-00321,C04272,O016998,2,sir print utar raha hai exchange nahi chahiye,2026-08-24
RV004309,DH-TOP-00276,C04322,O000617,4,beti ko bahut pasand aaya,2026-02-04
RV004310,DH-TOP-00271,C05748,O016398,5,nice quality for the price,2024-12-13
RV004311,DH-KID-00458,C05054,O006263,4,,2026-08-04
RV004312,DH-KUR-00078,C04955,O020233,4,office ke liye perfect,2025-11-05
RV004313,DH-PAL-00335,C05252,O019645,4,beti ko bahut pasand aaya,2025-09-28
RV004314,DH-FRO-00411,C02871,O007118,5,nice quality for the price,2026-05-17
RV004315,DH-TRA-00589,C05811,O012740,1,mam mustard bola tha ye to green yellow hai pls return,2025-06-17
RV004316,DH-MEN-00566,C01909,O019783,1,rnag halka hai bahut jaldi pickup karo,2025-02-08
RV004317,DH-KUR-00166,C00858,O000760,2,pls ahca nahi laga,2026-05-15
RV004318,DH-KUR-00015,C02237,O013085,5,value for money,2026-04-05
RV004319,DH-KUR-00113,C01474,O018400,5,nice quality for the price,2024-11-14
RV004320,DH-KUR-00133,C03071,O019453,4,colour same as photo,2026-03-04
RV004321,DH-DRE-00202,C00834,O022673,4,perfect fit,2024-10-27
RV004322,DH-KID-00422,C01403,O022899,5,loved it,2026-01-22
RV004323,DH-KUR-00179,C00166,O019591,5,value for money,2025-07-28
RV004324,DH-DRE-00181,C01753,O012566,5,,2026-05-09
RV004325,DH-KUR-00042,C05000,O012361,2,bhaiya phata hua aaya jaldi pickup karo,2025-12-26
RV004326,DH-DRE-00216,C02822,O014580,4,colour same as photo,2025-12-03
RV004327,DH-SCH-00495,C02357,O005173,5,beti ko bahut pasand aaya,2026-09-27
RV004328,DH-TOP-00284,C02038,O015289,2,rang bilkul alag hai refund chahiye,2025-12-01
RV004329,DH-KID-00500,C02632,O021516,5,,2024-12-05
RV004330,DH-DRE-00192,C00252,O022164,1,"stitching kharab hai, dhaage nikal rahe",2025-01-22
RV004331,DH-KUR-00100,C04721,O003003,4,office ke liye perfect,2026-01-09
RV004332,DH-KID-00521,C02011,O021328,5,office ke liye perfect,2025-04-28
RV004333,DH-KID-00448,C04847,O012042,5,kapda achha hai,2026-03-17
RV004334,DH-KUR-00141,C01224,O009863,5,loved it,2025-02-27
RV004335,DH-KUR-00058,C05393,O019073,5,colour same as photo,2026-08-09
RV004336,DH-FRO-00403,C00067,O008726,4,office ke liye perfect,2026-07-08
RV004337,DH-DRE-00195,C05961,O000990,5,,2026-08-23
RV004338,DH-FRO-00379,C00030,O021203,2,"stitching kharab hai, dhaage nikal rahe",2026-08-17
RV004339,DH-KID-00510,C04435,O015859,1,MAM DAMAGED PIECE RECEIVED REFUND CHAHIYE,2025-07-24
RV004340,DH-MEN-00545,C02891,O000230,2,pls कपड़ा बहुत पतला है,2025-09-23
RV004341,DH-KID-00504,C01822,O013823,5,office ke liye perfect,2026-06-02
RV004342,DH-DRE-00250,C00494,O016127,5,value for money,2026-01-06
RV004343,DH-KID-00436,C01474,O011054,1,sleeves tight hai rams me,2025-11-04
RV004344,DH-KID-00451,C03157,O013217,1,fabric cheap lag raha hai 🙏,2026-03-21
RV004345,DH-KUR-00055,C05711,O001488,1,sir xl bhi tight hai kya size h ye pls return,2025-10-11
RV004346,DH-CO--00358,C04443,O019463,4,nice quality for the price,2026-03-13
RV004347,DH-SCH-00491,C03095,O005638,5,value for money,2025-10-09
RV004348,DH-MEN-00553,C00783,O004208,1,wrong item rceeived,2026-04-04
RV004349,DH-KUR-00114,C05418,O002183,5,comfortable hai,2024-10-27
RV004350,DH-KID-00436,C00971,O006485,1,bhaiya M mangaya tha bada aaya !!,2025-07-29
RV004351,DH-KUR-00153,C02365,O014916,5,nice quality for the price,2025-06-27
RV004352,DH-FRO-00411,C05265,O020498,1,pls fabric cheap lag raha hai,2025-10-08
RV004353,DH-KUR-00168,C04366,O003347,1,pls size bada hai,2026-08-30
RV004354,DH-CO--00343,C01657,O007694,2,sir size chart pe 38 likha tha but 36 jaisa ai,2026-03-01
RV004355,DH-SCH-00472,C02939,O001764,5,mast hai 👍,2024-11-30
RV004356,DH-KUR-00009,C01711,O019018,5,perfect fit,2026-07-27
RV004357,DH-DRE-00197,C03618,O013315,5,office ke liye perfect,2026-07-14
RV004358,DH-TOP-00302,C03168,O000269,2,hi shouders gir rahe hain itna loose pls return,2024-12-22
RV004359,DH-KUR-00164,C04675,O010052,5,office ke liye perfect,2025-07-12
RV004360,DH-CO--00355,C03975,O004538,5,bahut achha hai,2026-01-04
RV004361,DH-KUR-00164,C02939,O003469,3,sir very thin cloth exchange nahi chahiye,2025-10-15
RV004362,DH-KID-00526,C04376,O001139,5,kapda achha hai,2024-10-30
RV004363,DH-KID-00523,C01795,O016555,5,perfect fit,2026-07-19
RV004364,DH-FRO-00381,C05741,O018817,5,perfect fit,2025-10-16
RV004365,DH-DRE-00181,C03650,O011894,5,value for money,2024-12-06
RV004366,DH-CO--00348,C05586,O007536,1,size chart pe 38 likha tha but 36 jaisa hai very disappointed,2024-12-18
RV004367,DH-DRE-00215,C04249,O017674,5,,2025-11-07
RV004368,DH-CO--00358,C00673,O017726,5,nice quality for the price,2026-04-18
RV004369,DH-KUR-00043,C03982,O006413,4,mast hai 👍,2024-10-20
RV004370,DH-KUR-00034,C00282,O009608,2,hi fabric cheap lag raha hai refund chahiye,2025-01-04
RV004371,DH-SCH-00479,C02004,O001533,2,pls कपड़ा बहत पतला है,2025-11-05
RV004372,DH-DRE-00184,C04283,O014941,4,bahut achha hai,2026-09-12
RV004373,DH-PAL-00330,C01778,O006014,5,comfortable hai,2025-01-06
RV004374,DH-SCH-00488,C05583,O016124,5,kapda achha hai,2025-06-03
RV004375,DH-KUR-00114,C02510,O022795,2,size chart se bada nikla refund chahiye,2025-11-14
RV004376,DH-TOP-00298,C05021,O003243,5,,2026-05-28
RV004377,DH-TOP-00312,C01823,O002670,2,"chhota aa gaya, size chart galat hai",2026-07-06
RV004378,DH-KID-00533,C02830,O021397,3,hi bahut tight h shoulders pe,2026-04-28
RV004379,DH-KUR-00097,C01607,O022313,5,perfect fit,2025-04-29
RV004380,DH-KID-00518,C05341,O022621,1,seee through hai kapda,2025-07-03
RV004381,DH-KUR-00065,C03749,O003717,2,"size M bahut tight hai, L lena padega",2026-07-12
RV004382,DH-KUR-00043,C05207,O013647,4,comfortable hai,2025-03-28
RV004383,DH-KUR-00035,C01771,O017571,3,"HELLO, PHATA HUA AAYA REFUND CHAHIYE",2025-09-27
RV004384,DH-SCH-00473,C03837,O009485,5,,2025-11-20
RV004385,DH-MEN-00554,C03482,O009879,4,bahut achha hai,2026-08-04
RV004386,DH-SCH-00480,C02548,O001942,5,comfortable hai,2026-06-29
RV004387,DH-KUR-00166,C03203,O013826,1,MAM BETI KE LIYE LIYA THA CHHOTA PAD GAYA PLS RETURN,2026-02-14
RV004388,DH-FRO-00418,C03756,O017102,3,"hello, size M bahut tight hai, L lena padega jaldi pickup karo",2024-12-18
RV004389,DH-FRO-00418,C03748,O023085,5,value for money,2025-02-24
RV004390,DH-CO--00351,C01598,O000168,1,bhaiya very thin cloth exchange nahi chahiye,2025-08-13
RV004391,DH-KUR-00112,C00402,O017880,1,mam कपड़ा बहुत पतला है,2024-10-21
RV004392,DH-TRA-00593,C05519,O012323,5,,2025-01-01
RV004393,DH-MEN-00570,C01378,O021503,1,hi silai khuli hui thi aate hi,2026-06-17
RV004394,DH-DRE-00209,C05932,O008358,4,kapda achha hai,2025-06-11
RV004395,DH-KID-00503,C05222,O002255,4,value for money,2026-01-19
RV004396,DH-TOP-00301,C02554,O009895,5,loved it,2026-03-31
RV004397,DH-KUR-00132,C03403,O017447,5,value for money,2026-04-28
RV004398,DH-FRO-00419,C05157,O018605,5,mast hai 👍,2025-08-25
RV004399,DH-TOP-00285,C05133,O017293,4,beti ko bahut pasand aaya,2024-11-09
RV004400,DH-FRO-00419,C03999,O007435,5,comfortable hai,2024-12-14
RV004401,DH-KID-00425,C00949,O018286,5,,2025-07-19
RV004402,DH-KUR-00136,C03748,O012532,3,see through hai kapda refund chahiye,2026-08-24
RV004403,DH-FRO-00401,C01229,O009103,4,nice quality for the price,2025-02-24
RV004404,DH-DRE-00184,C03188,O002069,2,bhaiya fabric cheap lag raha hai very disappointed,2024-10-25
RV004405,DH-KUR-00042,C05114,O004924,2,MAM BAHUT LOOSE HAI EXCHANGE NAHI CHAHIYE,2025-08-30
RV004406,DH-TRA-00597,C01999,O014237,5,,2025-03-15
RV004407,DH-TOP-00285,C05005,O016870,5,loved it,2025-02-22
RV004408,DH-FRO-00375,C00705,O021517,5,beti ko bahut pasand aaya,2025-04-15
RV004409,DH-TRA-00597,C02585,O013294,5,loved it,2025-02-23
RV004410,DH-KUR-00052,C03519,O015474,5,loved it,2025-12-02
RV004411,DH-KID-00526,C05312,O008461,1,MAM PAHTA HUA AAYA !!,2024-11-04
RV004412,DH-DRE-00198,C02388,O013529,1,hole hai sleeve pe 🙏,2024-11-11
RV004413,DH-KID-00507,C05838,O018583,2,"hello, material not as described, ye cotton nahi lagta pls return",2026-01-25
RV004414,DH-KUR-00066,C01284,O022754,5,bahut achha hai,2026-02-12
RV004415,DH-TOP-00271,C01325,O008760,4,mast hai 👍,2025-08-06
RV004416,DH-DRE-00249,C05260,O014485,4,value for money,2026-04-27
RV004417,DH-KID-00528,C05397,O012144,2,VERY THIN CLOTH !!,2025-11-26
RV004418,DH-SCH-00489,C03579,O002305,4,kapda achha hai,2024-12-12
RV004419,DH-MEN-00553,C01603,O003209,4,beti ko bahut pasand aaya,2025-11-03
RV004420,DH-FRO-00411,C02871,O007118,1,"hello, material not as described, ye cotton nahi lagta",2026-05-12
RV004421,DH-KUR-00068,C02448,O019799,1,MAM ISSUEHAI REFUND CHAHIYE,2025-07-17
RV004422,DH-SCH-00467,C02129,O001383,1,print utar raha hai exchange nahi chahiye,2025-11-09
RV004423,DH-KUR-00006,C02650,O021197,5,colour same as photo,2025-08-16
RV004424,DH-TRA-00600,C01336,O009714,4,value for money,2026-09-06
RV004425,DH-KUR-00017,C00295,O001345,3,ordered L but feels like S,2026-04-21
RV004426,DH-KUR-00050,C01521,O020282,5,value for money,2025-06-02
RV004427,DH-TOP-00268,C04924,O013107,5,mast hai 👍,2026-01-06
RV004428,DH-KUR-00016,C04441,O016388,4,loved it,2026-05-11
RV004429,DH-MEN-00588,C04059,O003034,1,hi waist pe nahi aaya,2026-08-01
RV004430,DH-TOP-00271,C00950,O009655,4,beti ko bahut pasand aaya,2025-04-09
RV004431,DH-KID-00438,C04619,O022997,1,mam tight hai !!,2026-03-29
RV004432,DH-KID-00433,C01126,O022464,4,office ke liye perfect,2026-09-27
RV004433,DH-PAL-00339,C05650,O018044,1,"hi loose fitting, mere isze ka nahi lagta 🙏",2026-07-09
RV004434,DH-KUR-00179,C01860,O000263,2,mam size chart pe 38 likha tha but 36 jaisa hai jaldi pickup karo,2025-07-27
RV004435,DH-PAL-00332,C05699,O023579,1,pls quality achhi nahi hai exchange nahi chahiye,2026-05-06
RV004436,DH-DRE-00190,C03352,O018085,4,value for money,2026-09-07
RV004437,DH-KID-00451,C04975,O015688,3,bhaiya M mangaya tha bada aaya 🙏,2025-01-29
RV004438,DH-KID-00439,C05409,O007193,4,value for money,2026-06-26
RV004439,DH-TOP-00256,C02430,O013976,2,pls different design aaya,2025-09-13
RV004440,DH-PAL-00320,C00052,O015123,4,,2026-08-19
RV004441,DH-SCH-00497,C05013,O014403,4,colour same as photo,2025-05-09
RV004442,DH-PAL-00326,C00586,O006509,5,nice quality for the price,2025-11-26
RV004443,DH-KUR-00017,C03243,O005876,1,hi fabric cheap lagraha hai pls return,2025-01-26
RV004444,DH-SCH-00485,C02272,O008059,5,kapda achha hai,2026-06-29
RV004445,DH-KUR-00029,C03190,O003747,4,office ke liye perfect,2025-06-27
RV004446,DH-MEN-00555,C02045,O008736,5,,2025-09-25
RV004447,DH-MEN-00586,C04766,O006923,5,value for money,2024-12-30
RV004448,DH-KUR-00078,C02226,O017415,5,,2026-05-26
RV004449,DH-DRE-00191,C04932,O009744,5,office ke liye perfect,2026-09-27
RV004450,DH-DRE-00213,C04484,O013419,3,sir packet khula tha aur kapde pe daag hai very disappointed,2025-11-05
RV004451,DH-KID-00505,C02540,O012807,5,,2025-05-07
RV004452,DH-FRO-00384,C00181,O017884,2,"hello, साइज़ छोट है refund chahiye",2025-05-15
RV004453,DH-KID-00537,C02017,O009524,5,bahut achha hai,2025-11-08
RV004454,DH-KUR-00113,C01606,O011992,5,bahut achha hai,2026-04-19
RV004455,DH-KUR-00122,C01287,O011226,5,value for money,2025-09-29
RV004456,DH-KUR-00141,C05814,O012808,5,mast hai 👍,2025-03-04
RV004457,DH-DRE-00216,C02673,O005877,5,nice quality for the price,2026-01-04
RV004458,DH-PAL-00328,C03345,O006046,4,kapda achha hai,2026-08-21
RV004459,DH-SCH-00497,C05949,O015055,5,bahut achha hai,2026-07-04
RV004460,DH-DRE-00202,C01109,O004225,3,pink mangaay tha peach aaya,2026-01-12
RV004461,DH-DRE-00184,C04005,O001861,4,bahut achha hai,2024-12-28
RV004462,DH-MEN-00581,C03737,O011797,5,loved it,2024-11-09
RV004463,DH-DRE-00234,C00454,O018143,2,fabric rough hai skin pe chubhta hai,2025-05-10
RV004464,DH-DRE-00239,C00041,O011574,5,bahut achha hai,2026-02-27
RV004465,DH-TRA-00597,C03594,O009587,1,ok,2026-03-22
RV004466,DH-KUR-00004,C00617,O003419,4,loved it,2026-03-13
RV004467,DH-DRE-00188,C01394,O002932,1,pls packet geela tha kapda kharab exchange nahi chahiye,2024-11-07
RV004468,DH-SCH-00470,C03665,O018610,5,beti ko bahut pasand aaya,2026-01-27
RV004469,DH-KUR-00105,C03792,O022490,5,perfect fit,2025-05-29
RV004470,DH-SCH-00471,C02110,O023629,3,sir smaller than usual size,2026-01-06
RV004471,DH-KUR-00055,C05368,O019103,4,colour same as photo,2026-05-10
RV004472,DH-MEN-00559,C00872,O003982,1,QUALITY ACHHI NAHI HAI REFUND CHAHIYE,2025-08-23
RV004473,DH-KID-00528,C04596,O006259,5,perfect fit,2024-11-28
RV004474,DH-FRO-00416,C02891,O003105,2,"hello, ek wash me rang chaala gaya 🙏",2025-04-08
RV004475,DH-FRO-00402,C01121,O009124,1,mam hole hai sleeve pe 🙏,2026-07-26
RV004476,DH-DRE-00228,C04900,O014566,1,hi bacche ke liye bahu bada hai,2026-01-19
RV004477,DH-KUR-00017,C04878,O013981,4,,2026-06-07
RV004478,DH-KID-00462,C04470,O007663,5,colour same as photo,2025-11-05
RV004479,DH-KUR-00180,C03050,O000582,4,office ke liye perfect,2024-11-27
RV004480,DH-FRO-00403,C02126,O016809,4,nice quality for the price,2025-10-10
RV004481,DH-MEN-00559,C02321,O017104,5,,2026-07-31
RV004482,DH-KID-00444,C03197,O023698,5,mast hai 👍,2025-12-12
RV004483,DH-SCH-00488,C03272,O001252,2,length bahtu zyada hai 🙏,2025-04-15
RV004484,DH-DRE-00192,C03593,O011427,4,office ke liye perfect,2025-08-14
RV004485,DH-KID-00510,C03803,O001069,5,perfect fit,2026-03-30
RV004486,DH-TOP-00279,C05274,O019731,2,quality biklul bekar exchange nahi chahiye,2026-01-25
RV004487,DH-DRE-00207,C02782,O004878,1,"material not as described, ye cotton nahi lagta",2025-12-29
RV004488,DH-CO--00358,C04897,O013881,5,value for money,2025-06-17
RV004489,DH-CO--00355,C03917,O019766,2,hi image me bright tha real me dull hai !!,2025-06-13
RV004490,DH-TOP-00302,C02354,O019408,1,MAM ZIP KAAM NAHI KAR RAHI EXCHANGE NAHI CHAHIYE,2026-09-27
RV004491,DH-KUR-00140,C01956,O007883,2,"HELLO, XL BHI TIGHT HAI KYA SIZE H YE",2025-12-08
RV004492,DH-CO--00354,C01607,O013178,1,button toota hua tah jaldi pickup karo,2026-05-19
RV004493,DH-KUR-00090,C04980,O021975,1,pls colouur fade sa hai photo jaisa nahi 🙏,2025-12-10
RV004494,DH-SCH-00467,C01046,O016574,2,bhaiya ordered L but feels lik S,2026-03-19
RV004495,DH-KID-00517,C05104,O007656,4,colour same as photo,2026-01-04
RV004496,DH-TOP-00279,C00420,O018258,1,bhaiya colour mismatch pls return,2025-03-10
RV004497,DH-CO--00351,C05487,O019798,5,,2025-04-20
RV004498,DH-FRO-00411,C01130,O013989,1,hi length bhi kam hai aur tight bhi,2026-04-09
RV004499,DH-SCH-00471,C03745,O000350,5,colour same as photo,2024-12-16
RV004500,DH-TOP-00299,C00771,O020166,1,"hi wrong siz ebheja, M order kiya tha XL aaya refund chahiye",2025-12-05
RV004501,DH-KUR-00139,C01318,O010571,5,bahut achha hai,2025-12-09
RV004502,DH-KUR-00027,C00490,O012293,4,colour same as photo,2025-03-15
RV004503,DH-SCH-00488,C03444,O015953,5,bahut achha hai,2026-02-25
RV004504,DH-TOP-00276,C01259,O016689,3,बहत टाइट है pls return,2026-04-19
RV004505,DH-KUR-00076,C01417,O012280,1,pls ye wala shade nahi tha website pe,2026-09-09
RV004506,DH-MEN-00545,C03942,O021395,5,comfortable hai,2026-08-20
RV004507,DH-KUR-00106,C05092,O015402,4,beti ko bahut pasand aaya,2026-07-14
RV004508,DH-DRE-00206,C03132,O023618,5,loved it,2025-09-16
RV004509,DH-FRO-00395,C05027,O022458,4,comfortable hai,2026-08-31
RV004510,DH-KID-00424,C05267,O002972,4,bahut achha hai,2026-09-03
RV004511,DH-DRE-00188,C05437,O017179,3,sir fabric cheap lag raha hai !!,2026-08-11
RV004512,DH-KID-00445,C03415,O015066,2,pls smaller than ussual size 🙏,2025-06-27
RV004513,DH-TOP-00288,C01611,O007055,1,"chhota aa gaya, size chart galat hai 🙏",2026-03-05
RV004514,DH-KUR-00026,C00634,O016175,5,mast hai 👍,2025-08-07
RV004515,DH-FRO-00384,C00199,O001971,5,mast hai 👍,2026-09-11
RV004516,DH-KID-00511,C02203,O016393,2,M mangaya tha bada aaya,2026-09-27
RV004517,DH-KID-00456,C03025,O015503,5,value for money,2026-06-10
RV004518,DH-DRE-00230,C03228,O020072,2,BHAIYA 😞 EXCHANGE NAHI CHAHIYE,2026-06-14
RV004519,DH-DRE-00231,C01815,O019078,5,beti ko bahut pasand aaya,2024-12-19
RV004520,DH-KID-00435,C02917,O017033,2,LENGTH BAHUT ZYADA HAI JALDI PICKUP KARO,2026-01-19
RV004521,DH-KUR-00008,C01112,O003024,5,beti ko bahut pasand aaya,2024-11-08
RV004522,DH-KUR-00088,C02069,O011046,4,,2026-09-25
RV004523,DH-KUR-00137,C03083,O014143,5,perfect fit,2026-01-16
RV004524,DH-DRE-00202,C02929,O011864,5,,2025-04-05
RV004525,DH-FRO-00399,C04274,O011173,1,"hello, maine kurti mangayi thi top aaya refund chahiye",2025-04-27
RV004526,DH-FRO-00416,C01531,O014877,4,mast hai 👍,2025-05-17
RV004527,DH-TOP-00266,C02386,O007240,3,sir size se chota h refund chahiye,2026-06-12
RV004528,DH-TRA-00597,C03620,O023730,5,perfect fit,2024-12-25
RV004529,DH-KUR-00043,C03982,O006413,2,"hello, ek wash me rang chala gaya",2024-10-23
RV004530,DH-KUR-00034,C03614,O021386,5,bahut achha hai,2025-02-19
RV004531,DH-DRE-00250,C05557,O013119,5,loved it,2026-05-22
RV004532,DH-FRO-00412,C01593,O005652,5,loved it,2025-07-09
RV004533,DH-KUR-00075,C02435,O018786,5,,2026-05-23
RV004534,DH-KID-00444,C01874,O014996,5,value for money,2025-04-06
RV004535,DH-SCH-00470,C05783,O005411,3,sir phata hua aaa exchange nahi chahiye,2026-05-27
RV004536,DH-KUR-00093,C04352,O008774,5,beti ko bahut pasand aaya,2026-09-13
RV004537,DH-KID-00499,C01461,O018728,1,bahut loose hai very disappointed,2026-03-17
RV004538,DH-CO--00358,C02399,O009374,1,"hello, doosra colour bhej diya jaldi pickup karo",2026-04-09
RV004539,DH-FRO-00420,C03039,O007890,5,,2025-10-27
RV004540,DH-SCH-00493,C04513,O003157,5,perfect fit,2026-03-28
RV004541,DH-FRO-00400,C02165,O013064,2,"sir material not  as described, ye cotton nahi lagta",2026-08-26
RV004542,DH-TRA-00599,C02380,O010513,2,RANG HALKA HAI BAHUT,2026-09-20
RV004543,DH-DRE-00198,C01109,O017527,4,colour same as photo,2026-02-21
RV004544,DH-FRO-00419,C02886,O023846,5,bahut achha hai,2025-05-14
RV004545,DH-KID-00518,C01478,O020160,1,"HELLO, SIZE BADA HAI REFUND CHAHIYE",2025-05-18
RV004546,DH-KUR-00044,C04267,O023872,4,bahut achha hai,2026-05-05
RV004547,DH-KID-00499,C03818,O013218,5,kapda achha hai,2026-01-27
RV004548,DH-KUR-00055,C02553,O010007,4,kapda achha hai,2026-01-01
RV004549,DH-FRO-00401,C02923,O007951,1,mam smaller than usual size 🙏,2025-06-25
RV004550,DH-CO--00349,C03167,O007105,1,packet geela tha kapda kharab,2025-10-26
RV004551,DH-DRE-00202,C05013,O000743,5,,2024-12-14
RV004552,DH-KUR-00023,C04752,O009850,2,sir m mangaya tha bada aaya pls return,2026-04-18
RV004553,DH-FRO-00393,C03372,O002918,1,bhaiya fabric cheap lag raha hai very disappointed,2025-06-13
RV004554,DH-KID-00518,C02675,O017954,5,colour same as photo,2025-01-26
RV004555,DH-SCH-00481,C02805,O018943,1,beti ke liy eliya tha chhota pad gaya,2025-04-09
RV004556,DH-TRA-00596,C04884,O019540,4,beti ko bahut pasand aaya,2026-08-29
RV004557,DH-PAL-00342,C05393,O005660,5,kapda achha hai,2025-11-16
RV004558,DH-KUR-00076,C03536,O004368,5,comfortable hai,2026-07-27
RV004559,DH-SCH-00472,C04700,O010548,4,beti ko bahut pasand aaya,2026-06-02
RV004560,DH-MEN-00580,C05775,O006533,1,size chota hai 🙏,2026-03-05
RV004561,DH-SCH-00489,C05763,O021621,5,nice quality for the price,2025-01-28
RV004562,DH-DRE-00213,C04744,O003869,4,,2024-12-22
RV004563,DH-KID-00430,C01664,O002793,4,nice quality for the price,2025-01-17
RV004564,DH-KID-00525,C00746,O020095,3,"bhaiya size M bahut tight hai, L lena padega jaldi pickup karo",2026-08-02
RV004565,DH-CO--00349,C02106,O013053,5,kapda achha hai,2025-04-05
RV004566,DH-KUR-00040,C05743,O017959,5,,2026-07-04
RV004567,DH-FRO-00388,C05791,O023947,1,very thin cloth,2025-03-17
RV004568,DH-KUR-00018,C01209,O014016,3,hi tigt hai,2026-01-11
RV004569,DH-DRE-00226,C02875,O008452,4,perfect fit,2026-07-31
RV004570,DH-DRE-00222,C05096,O000721,5,,2025-08-25
RV004571,DH-KUR-00052,C04343,O013481,2,quality bilukl bekar,2025-08-19
RV004572,DH-KUR-00006,C00878,O000493,5,office ke liye perfect,2026-04-18
RV004573,DH-KUR-00067,C05308,O023539,2,bhaiya color is different from image refund chahiye,2025-12-07
RV004574,DH-MEN-00586,C03634,O017404,5,mast hai 👍,2024-12-05
RV004575,DH-SCH-00495,C00927,O003596,3,sleeves tight hai arms me,2026-03-18
RV004576,DH-KID-00514,C05333,O016991,5,mast hai 👍,2025-11-09
RV004577,DH-DRE-00217,C02832,O015005,3,bhaiya print utar rahha hai refund chahiye,2024-12-02
RV004578,DH-KID-00503,C00072,O000508,5,mast hai 👍,2024-12-27
RV004579,DH-KID-00526,C04157,O014535,1,mam M mangayaa tha bada aaya jaldi pickup karo,2024-11-06
RV004580,DH-FRO-00411,C02981,O020964,2,"hello, see through hai kpada refund chahiye",2026-03-28
RV004581,DH-DRE-00206,C02677,O001326,2,pls length bahut zyada hai,2025-02-14
RV004582,DH-KID-00500,C02534,O023235,2,"hello, ek wash me rang chala gaya !!",2024-12-13
RV004583,DH-KUR-00152,C05542,O018732,2,oversized lag raha hai jabk iregular fit likha tha,2025-06-17
RV004584,DH-SCH-00471,C01207,O013717,3,bhaiya theek nahi hai refund chahiye,2024-10-29
RV004585,DH-KUR-00157,C01031,O009254,5,nice quality for the price,2026-01-09
RV004586,DH-KID-00524,C00486,O000494,4,,2026-03-24
RV004587,DH-TRA-00593,C00133,O009049,4,bahut achha hai,2025-06-22
RV004588,DH-DRE-00196,C01124,O008495,4,kapda achha hai,2026-06-15
RV004589,DH-TOP-00278,C01678,O004065,1,pls quality achhi nahi hai jaldi pickup karo,2026-07-03
RV004590,DH-TOP-00308,C00404,O012267,4,,2025-11-08
RV004591,DH-MEN-00557,C00153,O016514,5,bahut achha hai,2024-11-20
RV004592,DH-KUR-00171,C05591,O008055,4,office ke liye perfect,2025-08-31
RV004593,DH-PAL-00339,C01529,O022022,5,,2025-11-04
RV004594,DH-PAL-00341,C02450,O016857,2,TIGHT HAI REFUND CHAHIYE,2026-01-23
RV004595,DH-KUR-00024,C03833,O019368,2,image me bright tha real me dull hai pls return,2026-02-02
RV004596,DH-TOP-00271,C05451,O000544,4,beti ko bahut pasand aaya,2026-07-14
RV004597,DH-FRO-00374,C01173,O019944,1,hi size se chota h exchange nahi chahiye,2025-04-10
RV004598,DH-FRO-00394,C00916,O019139,1,hi bahut loose hai 🙏,2026-07-14
RV004599,DH-SCH-00493,C04513,O003157,5,beti ko bahut pasand aaya,2026-03-25
RV004600,DH-KUR-00092,C03647,O020067,3,sir print utar raha hai !!,2025-08-01
RV004601,DH-KUR-00123,C01501,O023675,4,value for money,2026-02-16
RV004602,DH-DRE-00181,C04424,O021216,5,perfect fit,2025-07-07
RV004603,DH-TOP-00301,C04632,O012278,5,nice quality for the price,2025-02-05
RV004604,DH-DRE-00196,C05201,O016288,3,"hello, length bahut zyada hai",2026-02-02
RV004605,DH-KUR-00080,C01823,O020695,2,phata hua aaya 🙏,2025-08-30
RV004606,DH-KUR-00166,C03506,O000420,5,kapda achha hai,2026-07-13
RV004607,DH-FRO-00393,C05595,O002609,5,mast hai 👍,2026-01-24
RV004608,DH-FRO-00418,C01894,O009268,4,loved it,2026-03-03
RV004609,DH-KUR-00003,C05848,O021337,5,,2026-05-05
RV004610,DH-TOP-00281,C01577,O008282,4,perfect fit,2025-07-17
RV004611,DH-KID-00426,C01540,O023242,4,,2026-07-08
RV004612,DH-KUR-00146,C01803,O011540,5,loved it,2026-08-27
RV004613,DH-DRE-00250,C02767,O016597,5,mast hai 👍,2025-12-22
RV004614,DH-KUR-00043,C01837,O013074,2,"hello, color is different frmo image exchange nahi chahiye",2024-12-21
RV004615,DH-TOP-00289,C01277,O017946,5,,2025-05-15
RV004616,DH-CO--00358,C03377,O003697,4,,2025-03-17
RV004617,DH-FRO-00384,C02067,O011869,2,mam galat product aaya,2026-08-30
RV004618,DH-KID-00517,C00517,O015394,5,bahut achha hai,2026-09-10
RV004619,DH-MEN-00575,C02593,O018607,1,pls hole hai sleeve pe refund chahiye,2026-02-21
RV004620,DH-KUR-00129,C00344,O015857,5,loved it,2026-03-21
RV004621,DH-TOP-00297,C05251,O022712,4,beti ko bahut pasand aaya,2026-09-22
RV004622,DH-TOP-00266,C05772,O007947,4,bahut achha hai,2025-11-14
RV004623,DH-CO--00350,C00353,O001500,5,,2026-04-19
RV004624,DH-PAL-00329,C01670,O005176,1,sir kapda bahut patla hai,2025-07-07
RV004625,DH-DRE-00195,C05902,O012424,5,perfect fit,2025-10-12
RV004626,DH-KUR-00112,C05368,O015396,5,nice quality for the price,2025-09-12
RV004627,DH-DRE-00204,C00295,O003643,1,sir rang halka hai bahut refund chahiye,2026-06-04
RV004628,DH-DRE-00235,C04032,O022270,4,comfortable hai,2026-05-25
RV004629,DH-TOP-00287,C05349,O006769,1,कपड़ा बहुत पतला है,2026-04-18
RV004630,DH-DRE-00209,C03365,O002639,5,kapda achha hai,2024-12-05
RV004631,DH-KUR-00080,C00174,O000524,3,hi color is different from image,2025-08-01
RV004632,DH-KUR-00120,C04252,O006005,4,,2025-08-04
RV004633,DH-FRO-00409,C02601,O011163,1,ok,2025-12-03
RV004634,DH-TOP-00285,C01742,O021905,4,kapda achha hai,2026-03-15
RV004635,DH-CO--00353,C03225,O015860,5,,2025-06-01
RV004636,DH-FRO-00365,C04566,O020916,1,"hello, ek wash me rang chalagaya",2025-09-21
RV004637,DH-KUR-00143,C03645,O001830,1,hi image me bright tha real me dull hai,2025-08-07
RV004638,DH-FRO-00375,C04708,O021860,4,perfect fit,2026-08-22
RV004639,DH-KUR-00155,C02270,O001624,1,hi bahut tight h shoulders pe pls return,2026-04-09
RV004640,DH-KUR-00154,C03017,O017209,4,beti ko bahut pasand aaya,2025-07-11
RV004641,DH-MEN-00541,C00652,O002260,2,MAM SEE THROUGH HAI KAPDA JALDI PICKUP KARO,2025-09-08
RV004642,DH-MEN-00581,C03306,O004472,4,perfect fit,2025-04-10
RV004643,DH-KUR-00155,C04398,O003611,2,mam fitting bahut tight hai yaar exchange nahi chahiye,2026-03-08
RV004644,DH-TRA-00595,C01509,O015726,1,qualitya chhi nahi hai,2024-10-17
RV004645,DH-TOP-00276,C03463,O014767,5,colour same as photo,2026-03-03
RV004646,DH-KUR-00097,C02242,O018900,5,mast hai 👍,2025-03-05
RV004647,DH-FRO-00412,C00851,O005413,2,MAM TIGHT HAI EXCHANGE NAHI CHAHIYE,2026-04-06
RV004648,DH-KUR-00157,C04243,O013931,1,length bhi kam hai aur tight bhi pls return,2025-07-08
RV004649,DH-CO--00344,C04726,O009635,5,office ke liye perfect,2026-06-21
RV004650,DH-FRO-00370,C03877,O006887,4,mast hai 👍,2025-02-20
RV004651,DH-SCH-00495,C04263,O019775,4,,2026-05-22
RV004652,DH-FRO-00383,C05359,O011701,4,value for money,2025-09-14
RV004653,DH-SCH-00488,C04260,O015832,4,value for money,2025-10-23
RV004654,DH-KUR-00113,C03866,O021588,5,,2025-02-11
RV004655,DH-KID-00511,C05943,O012294,1,pls बहुत टाटइ है refund chahiye,2025-01-19
RV004656,DH-MEN-00561,C05188,O004786,2,"hello, rang bilkul alag hai pls return",2024-11-21
RV004657,DH-SCH-00474,C00204,O013735,3,bhaiya tight hai exchange nahi chahiye,2025-06-09
RV004658,DH-KID-00432,C03155,O014867,1,अच्छा नहीं लगा 🙏,2026-08-28
RV004659,DH-KUR-00105,C00960,O007171,4,loved it,2024-10-14
RV004660,DH-FRO-00406,C00291,O010350,1,"hello, fabric cehap lag raha hai !!",2025-09-10
RV004661,DH-MEN-00561,C01763,O007473,5,,2024-10-19
RV004662,DH-CO--00360,C03591,O021799,5,comfortable hai,2025-05-21
RV004663,DH-DRE-00210,C03031,O009647,4,value for money,2025-11-26
RV004664,DH-KUR-00073,C05670,O015893,5,kapda achha hai,2026-08-29
RV004665,DH-FRO-00396,C05633,O013037,4,,2025-12-25
RV004666,DH-KID-00443,C00159,O020757,5,perfect fit,2025-03-28
RV004667,DH-SCH-00479,C03268,O003093,1,mam hole hai sleve pe refund chahiye,2025-09-06
RV004668,DH-MEN-00586,C02759,O012537,4,office ke liye perfect,2024-12-21
RV004669,DH-KUR-00097,C05772,O011232,1,mam fabric cheap lag raha hai,2025-07-19
RV004670,DH-KID-00448,C00517,O007464,5,office ke liye perfect,2025-04-28
RV004671,DH-KID-00433,C05647,O010091,4,nice quality for the price,2025-05-05
RV004672,DH-KUR-00175,C01782,O005096,5,office ke liye perfect,2026-05-10
RV004673,DH-KID-00430,C02489,O022631,5,bahut achha hai,2025-04-18
RV004674,DH-TOP-00269,C02364,O004345,5,value for money,2025-11-16
RV004675,DH-CO--00348,C03834,O008536,2,size chart se bada nikla,2025-10-02
RV004676,DH-DRE-00250,C02432,O010107,5,value for money,2025-07-12
RV004677,DH-DRE-00209,C05814,O009904,2,PLS FABRIC CHEAP LAG RAHA HAI,2026-09-25
RV004678,DH-KID-00428,C04711,O001683,2,BHAIYA IMAGE ME BRIGHT THA REAL ME DULL HAI VERY DISAPPOINTED,2026-06-13
RV004679,DH-MEN-00545,C05049,O018826,5,bahut achha hai,2026-08-28
RV004680,DH-KUR-00021,C05850,O001994,5,,2024-11-03
RV004681,DH-FRO-00400,C03466,O018393,4,colour same as photo,2026-06-14
RV004682,DH-KUR-00160,C00774,O014678,2,hi fabric rough hai skin pe chubhta hai,2025-10-06
RV004683,DH-FRO-00409,C04066,O021339,1,wrong item received !!,2026-03-09
RV004684,DH-TRA-00597,C05001,O023119,4,mast hai 👍,2025-08-02
RV004685,DH-PAL-00324,C02625,O016752,5,,2026-09-21
RV004686,DH-DRE-00210,C04162,O006357,1,bahut tight h shoulders pe jaldi pickup karo,2025-04-14
RV004687,DH-FRO-00418,C01315,O000095,2,hi silai khuli hui thi aate hi,2025-04-03
RV004688,DH-PAL-00313,C04905,O017025,3,pls size s chota h !!,2026-03-14
RV004689,DH-SCH-00467,C00829,O010788,1,pls beti ke liye liya tha chhota pad gaya 🙏,2026-05-14
RV004690,DH-FRO-00401,C01049,O023984,5,,2025-01-31
RV004691,DH-KID-00540,C04424,O023279,5,,2025-09-25
RV004692,DH-KID-00428,C02976,O019338,4,,2025-09-10
RV004693,DH-CO--00354,C05527,O013785,2,"stitching kharab hai, dhaage nikal rahe 🙏",2024-11-21
RV004694,DH-FRO-00365,C04177,O016761,1,quality bilkul bekar refund chahiye,2025-06-08
RV004695,DH-KUR-00120,C02819,O010997,2,tight hia !!,2026-09-27
RV004696,DH-MEN-00555,C01217,O020979,2,MAM NAIH CHAHIYE BAS,2025-03-01
RV004697,DH-TRA-00592,C01949,O002153,2,"hello, fabric rough hai skin pe chubhta hai",2026-07-24
RV004698,DH-KUR-00092,C02679,O021994,4,bahut achha hai,2026-01-21
RV004699,DH-KUR-00105,C00089,O010880,5,loved it,2024-11-20
RV004700,DH-KUR-00016,C01602,O017583,5,colour same as photo,2025-06-15
RV004701,DH-KUR-00090,C03458,O002259,4,value for money,2025-07-15
RV004702,DH-DRE-00193,C03216,O001178,1,HI QUALITY BILKUL BEAKR VERY DISAPPOINTED,2026-08-23
RV004703,DH-KID-00430,C05652,O012789,3,pls very thin cloth,2025-03-03
RV004704,DH-TRA-00595,C04370,O010973,4,,2026-06-06
RV004705,DH-KUR-00008,C00801,O022336,4,kapda achha hai,2026-06-04
RV004706,DH-KUR-00139,C00166,O011567,5,mast hai 👍,2025-04-23
RV004707,DH-DRE-00239,C04909,O004827,4,comfortable hai,2026-08-25
RV004708,DH-TOP-00302,C02161,O018712,5,perfect fit,2025-03-16
RV004709,DH-FRO-00393,C04322,O021183,2,bhaiya pink mangaya tha peach aaya refund chahiye,2025-02-09
RV004710,DH-MEN-00586,C04164,O005200,1,pls tight hai exchange nahi chahiye,2024-12-03
RV004711,DH-KUR-00016,C04091,O012878,4,comfortable hai,2025-04-17
RV004712,DH-KUR-00131,C02629,O000102,4,colour same as photo,2025-12-12
RV004713,DH-KUR-00017,C01249,O019905,1,mam not good,2025-09-03
RV004714,DH-KUR-00034,C03328,O014917,5,,2024-11-17
RV004715,DH-PAL-00328,C00574,O022305,1,hi ek wash me raang chala gaya jaldi pickup karo,2025-01-26
RV004716,DH-KUR-00044,C05518,O012412,5,colour same as photo,2025-08-18
RV004717,DH-KID-00431,C04808,O015297,5,comfortable hai,2024-11-07
RV004718,DH-CO--00349,C05322,O017039,4,beti ko bahut pasand aaya,2025-08-03
RV004719,DH-KID-00509,C00529,O016545,5,value for money,2026-08-26
RV004720,DH-KUR-00028,C02584,O017047,5,,2026-05-18
RV004721,DH-CO--00360,C01472,O000442,3,see through hai kapda very disappointed,2026-06-10
RV004722,DH-KUR-00105,C04098,O000040,5,,2026-08-17
RV004723,DH-KUR-00049,C04514,O019403,1,"PHOTO ME MAROON DIKHA, AAYA BROWN",2026-09-21
RV004724,DH-DRE-00239,C05897,O010750,5,nice quality for the price,2025-01-31
RV004725,DH-DRE-00198,C03842,O020366,5,comfortable hai,2025-12-21
RV004726,DH-KUR-00004,C05898,O016769,2,SIR PEHLI DHULAI ME SHRINK HO GAYA JALDI PICKUP KARO,2026-06-01
RV004727,DH-SCH-00497,C04924,O003720,2,"hello, ye wala shade nahi tha wesite pe very disappointed",2025-12-12
RV004728,DH-KUR-00021,C01493,O002397,3,PLS FITTING BAHUT TIGHT HAI YAAR JALDI PICKUP KARO,2025-01-27
RV004729,DH-KUR-00088,C00489,O012550,4,kapda achha hai,2024-11-20
RV004730,DH-KUR-00043,C05939,O016218,1,pls fabric cheap lag raha hai,2025-04-02
RV004731,DH-KUR-00109,C04420,O008951,1,"photo me maroon dikha, aaya brown",2026-03-16
RV004732,DH-FRO-00374,C02963,O005166,4,perfect fit,2026-03-26
RV004733,DH-FRO-00410,C04842,O011297,5,office ke liye perfect,2026-03-29
RV004734,DH-FRO-00409,C03183,O003968,5,loved it,2025-07-24
RV004735,DH-MEN-00574,C02729,O017584,5,beti ko bahut pasand aaya,2026-09-27
RV004736,DH-TOP-00288,C03164,O006302,3,fitting bahut tight hai yaar,2025-03-01
RV004737,DH-PAL-00330,C04131,O012228,5,kapda achha hai,2024-11-27
RV004738,DH-SCH-00480,C03355,O011361,3,"hello, shoulders gri rahe hain itna loose 🙏",2026-09-20
RV004739,DH-DRE-00231,C04237,O017742,3,mam galatproduct aaya very disappointed,2024-11-04
RV004740,DH-KUR-00035,C04051,O022101,5,bahut achha hai,2024-11-23
RV004741,DH-SCH-00472,C05234,O000104,4,colour same as photo,2025-05-26
RV004742,DH-KUR-00152,C05064,O012942,4,perfect fit,2025-08-04
RV004743,DH-TOP-00271,C03108,O022811,4,,2026-01-25
RV004744,DH-DRE-00196,C02291,O014292,5,bahut achha hai,2025-11-29
RV004745,DH-DRE-00248,C05960,O012910,1,sir length bhi kam hai aur tight bhi,2026-04-30
RV004746,DH-TOP-00277,C04863,O014961,5,loved it,2026-09-27
RV004747,DH-DRE-00185,C03072,O003681,5,comfortable hai,2025-07-10
RV004748,DH-TOP-00285,C05990,O022885,4,office ke liye perfect,2025-03-29
RV004749,DH-KID-00454,C03656,O014083,1,"hello, color is different from image",2026-03-06
RV004750,DH-DRE-00188,C04484,O016003,5,,2026-09-26
RV004751,DH-FRO-00393,C03494,O000768,4,bahut achha hai,2025-02-14
RV004752,DH-MEN-00554,C02454,O003145,2,bhaiya quality bilkul bekar !!,2026-09-17
RV004753,DH-KID-00518,C03377,O000257,5,perfect fit,2025-02-03
RV004754,DH-KUR-00180,C03756,O010587,5,value for money,2024-10-21
RV004755,DH-TOP-00271,C01415,O013836,5,nice quality for the price,2024-11-04
RV004756,DH-DRE-00223,C04226,O015630,3,"hello, not as expected",2026-01-07
RV004757,DH-KID-00531,C05226,O017119,5,,2026-04-07
RV004758,DH-KUR-00131,C02275,O016067,5,kapda achha hai,2026-02-08
RV004759,DH-TOP-00276,C04711,O004157,5,comfortable hai,2025-09-15
RV004760,DH-KUR-00160,C01823,O020043,3,"sir stitching kharab hai, dhaage nikal rahe 🙏",2026-03-14
RV004761,DH-TRA-00597,C02959,O019052,5,value for money,2025-02-08
RV004762,DH-KUR-00145,C03698,O005182,5,,2026-07-23
RV004763,DH-KUR-00173,C00050,O006468,4,comfortable hai,2025-01-17
RV004764,DH-KUR-00020,C05359,O015325,4,perfect fit,2026-07-02
RV004765,DH-KUR-00075,C02878,O010134,3,mam stani mila delivery pe jaldi pickup karo,2026-05-25
RV004766,DH-TOP-00265,C02494,O023008,4,loved it,2025-10-24
RV004767,DH-KUR-00006,C04576,O007260,5,nice quality for the price,2026-03-09
RV004768,DH-DRE-00188,C03084,O017838,5,mast hai 👍,2025-01-22
RV004769,DH-KUR-00082,C00185,O002328,4,value for money,2026-03-26
RV004770,DH-KUR-00113,C04038,O016485,3,bhaiya not good,2025-03-03
RV004771,DH-DRE-00188,C03824,O021015,4,office ke liye perfect,2025-01-24
RV004772,DH-PAL-00342,C03496,O014855,2,rang halka hai bahut,2026-05-14
RV004773,DH-KID-00421,C00992,O023275,3,pls fabric cheap lag raha hai pls return,2026-03-30
RV004774,DH-DRE-00198,C04462,O009404,1,pls oversized lag raha hai jabki regular fit likha tha refund chahiye,2025-11-03
RV004775,DH-MEN-00582,C01711,O008683,2,bhaiya too loose at waist 🙏,2026-09-27
RV004776,DH-KID-00523,C02734,O013731,4,office ke liye perfect,2025-10-23
RV004777,DH-TOP-00288,C00868,O012427,2,mam bekar jaldi pickup karo,2025-08-23
RV004778,DH-DRE-00236,C05811,O019712,2,phata hua aaya,2026-06-25
RV004779,DH-CO--00359,C00365,O020504,4,perfect fit,2026-08-13
RV004780,DH-SCH-00489,C00590,O019428,5,colour same as photo,2024-11-06
RV004781,DH-PAL-00330,C03714,O000180,5,perfect fit,2025-08-30
RV004782,DH-DRE-00237,C01322,O013873,3,sir ordered L but feels like S exchange nahi chahiye,2026-06-23
RV004783,DH-PAL-00318,C03423,O008064,2,"bhaiya loose fitting, mere size ka nahi lagta jaldi pickup karo",2025-09-04
RV004784,DH-KID-00425,C01735,O003017,5,value for money,2025-03-16
RV004785,DH-MEN-00582,C02514,O010471,2,pls smaller than usual size 🙏,2025-07-09
RV004786,DH-TOP-00262,C02488,O022085,5,value for money,2025-02-26
RV004787,DH-KID-00448,C05679,O020663,5,office ke liye perfect,2025-06-21
RV004788,DH-KUR-00113,C00217,O007856,3,PLS SIZE CHART PE 38 LIKHA THA BUT 36 JAISA HAI VERY DISAPPOINTED,2025-05-17
RV004789,DH-KUR-00179,C01974,O014983,3,sir pehli dhulai me shrink ho gaya jaldi pickup karo,2024-12-23
RV004790,DH-KID-00428,C01195,O002344,4,comfortable hai,2024-12-05
RV004791,DH-KID-00462,C05141,O022757,5,,2024-12-27
RV004792,DH-MEN-00586,C00931,O014504,4,,2024-10-23
RV004793,DH-FRO-00401,C02003,O003878,4,kapda achha hai,2025-07-24
RV004794,DH-TRA-00592,C04153,O013281,3,KAPDA BAHUT PATLA HAI,2026-09-10
RV004795,DH-DRE-00251,C02159,O016224,4,perfect fit,2025-12-03
RV004796,DH-MEN-00542,C01662,O013497,5,value for money,2025-12-19
RV004797,DH-DRE-00219,C01520,O011479,4,,2025-08-12
RV004798,DH-KUR-00133,C04904,O015369,2,bhaiya theek nahi hai exchange nahi chahiye,2024-11-29
RV004799,DH-TOP-00279,C04053,O016734,5,value for money,2026-07-06
RV004800,DH-PAL-00329,C04609,O005941,4,value for money,2025-11-22
RV004801,DH-KUR-00171,C00542,O022678,3,RANG BILKUL ALAG HAI !!,2025-10-18
RV004802,DH-TOP-00284,C01661,O012991,3,hi pink mangaya tha pecah aaya 🙏,2025-10-05
RV004803,DH-KUR-00125,C01090,O023814,3,"too big, ekdum dheela refund chahiye",2025-11-23
RV004804,DH-DRE-00228,C05404,O008549,5,loved it,2025-10-25
RV004805,DH-CO--00358,C03377,O003697,3,packet khula tha aur kapde pe daag hai very disappointed,2025-03-10
RV004806,DH-DRE-00246,C04749,O013759,1,"hello, रंग फोटो से अलग है refund chahiye",2025-06-24
RV004807,DH-CO--00345,C02225,O008071,5,value for money,2025-12-10
RV004808,DH-KID-00511,C02221,O018251,4,kapda achha hai,2025-05-29
RV004809,DH-MEN-00549,C02673,O021568,4,value for money,2025-10-30
RV004810,DH-TOP-00289,C03498,O009758,1,hi size chart pe 38 likha tha but 36 jaisa hai,2025-07-28
RV004811,DH-KUR-00047,C01482,O019491,4,nice quality for the price,2025-02-28
RV004812,DH-TOP-00269,C04462,O004344,4,kapda achha hai,2025-09-04
RV004813,DH-KID-00451,C01300,O016084,4,colour same as photo,2025-01-13
RV004814,DH-CO--00354,C00803,O003111,4,nice quality for the price,2024-11-12
RV004815,DH-TOP-00284,C05120,O003624,1,MAM STAIN MILA DELIVERY PE 🙏,2025-07-15
RV004816,DH-KUR-00180,C04956,O020591,1,"size M bahut tight hai, L lena padega 🙏",2025-01-13
RV004817,DH-PAL-00332,C03209,O018631,5,nice quality for the price,2026-09-27
RV004818,DH-KUR-00033,C03607,O017804,5,beti ko bahut pasand aaya,2026-04-01
RV004819,DH-KID-00521,C02052,O018050,1,sir colour alag ai photo se,2025-07-19
RV004820,DH-KUR-00137,C03879,O000877,5,,2025-05-25
RV004821,DH-MEN-00577,C02328,O004097,4,value for money,2026-04-29
RV004822,DH-DRE-00220,C01063,O021307,5,mast hai 👍,2026-09-27
RV004823,DH-TOP-00282,C02593,O018910,4,kapda achha hai,2026-01-21
RV004824,DH-KUR-00164,C04516,O000483,1,"sir size M bahut tight hai, L lena padega !!",2025-09-29
RV004825,DH-SCH-00472,C03900,O017140,4,colour same as photo,2025-04-15
RV004826,DH-KUR-00127,C04286,O010931,5,loved it,2026-02-26
RV004827,DH-MEN-00551,C02597,O011107,2,bhaiya return 🙏,2026-05-05
RV004828,DH-PAL-00321,C00616,O010483,1,print utar raha hai jaldi pickup karo,2025-05-12
RV004829,DH-KUR-00177,C00451,O018679,2,mam M mangaya tha bada aaya !!,2026-05-20
RV004830,DH-DRE-00231,C00116,O003582,4,office ke liye perfect,2025-03-21
RV004831,DH-KUR-00026,C02623,O016473,4,office ke liye perfect,2024-10-25
RV004832,DH-TRA-00593,C02055,O005686,5,loved it,2026-07-09
RV004833,DH-KUR-00016,C05698,O008650,1,"hello, kapda bahut patla hai pls return",2026-05-30
RV004834,DH-KUR-00125,C01181,O022720,2,"hello, zip kaam nahi kar rahi",2026-05-27
RV004835,DH-KID-00431,C03240,O009345,1,hi too loose at waist jaldi pickup karo,2026-05-05
RV004836,DH-FRO-00386,C03838,O000527,4,bahut achha hai,2026-03-24
RV004837,DH-PAL-00320,C02858,O017616,1,ye mera order nahi hai pls return,2026-03-13
RV004838,DH-KUR-00047,C00188,O003023,2,HI MUSTARD BOLA THA YE TO GREEN YELLOW HAI,2025-11-10
RV004839,DH-KID-00452,C00375,O021847,1,hole ai sleeve pe exchange nahi chahiye,2026-02-18
RV004840,DH-FRO-00409,C03536,O014073,2,mam ek wash me rang chala gaya 🙏,2024-12-08
RV004841,DH-DRE-00240,C00921,O013555,1,bekar !!,2026-07-13
RV004842,DH-KUR-00129,C03580,O019029,5,perfect fit,2026-05-23
RV004843,DH-DRE-00226,C00180,O020865,3,sir see through hai kapda pls return,2026-09-27
RV004844,DH-SCH-00490,C04749,O009107,4,bahut achha hai,2026-09-08
RV004845,DH-KID-00509,C02578,O018949,4,bahut achha hai,2025-12-23
RV004846,DH-KUR-00145,C04467,O000203,4,bahut achha hai,2026-08-27
RV004847,DH-KID-00499,C03924,O005272,1,bhaiya fabric cheap lag raha hai refund chahiye,2025-11-12
RV004848,DH-KUR-00088,C01382,O009621,4,mast hai 👍,2025-10-11
RV004849,DH-KUR-00003,C01617,O006356,5,bahut achha hai,2025-05-25
RV004850,DH-DRE-00236,C04700,O003905,4,beti ko bahut pasand aaya,2026-08-09
RV004851,DH-PAL-00325,C02808,O016394,5,office ke liye perfect,2026-08-02
RV004852,DH-SCH-00494,C00246,O020145,5,loved it,2025-10-31
RV004853,DH-KUR-00142,C04321,O004244,2,pls print utr raha hai very disappointed,2025-11-04
RV004854,DH-KID-00441,C03534,O022089,3,mam XL bhi tight hai kya sizeh ye,2026-03-29
RV004855,DH-KID-00429,C02967,O019595,5,loved it,2025-07-09
RV004856,DH-KUR-00153,C00878,O020219,5,,2026-06-11
RV004857,DH-PAL-00321,C05066,O005688,2,sir ye wala shade nahi tha website pe very disappointed,2025-05-28
RV004858,DH-MEN-00583,C04553,O023270,2,"Size small aaya, mera regular M h !!",2026-03-02
RV004859,DH-FRO-00398,C02583,O010204,3,BACCHE KE LIYE BAHUT BADA HAI EXCHANGE NAHI CHAHIYE,2025-10-22
RV004860,DH-KUR-00097,C00529,O018142,5,nice quality for the price,2025-07-02
RV004861,DH-KUR-00169,C03120,O012009,4,nice quality for the price,2026-03-20
RV004862,DH-DRE-00202,C01270,O020013,4,,2025-01-17
RV004863,DH-TRA-00589,C01306,O005242,5,colour same as photo,2025-05-15
RV004864,DH-KID-00527,C03671,O008984,2,silai khuli hui thi aate hi refund chahiye,2025-11-23
RV004865,DH-FRO-00386,C04279,O017256,4,,2025-09-22
RV004866,DH-KUR-00141,C03765,O016275,5,value for money,2025-10-01
RV004867,DH-DRE-00181,C02300,O006183,1,hi fitting bahut tight hai yaar,2024-12-15
RV004868,DH-KUR-00042,C05448,O023423,5,loved it,2026-03-22
RV004869,DH-KID-00526,C01548,O018498,2,pls vey thin cloth,2025-12-10
RV004870,DH-CO--00353,C00661,O002889,5,bahut achha hai,2025-04-10
RV004871,DH-KUR-00043,C05745,O022485,2,hi quality achhi nahi hai !!,2024-10-27
RV004872,DH-CO--00348,C03904,O020130,3,"hello, bacche ke liye bahut bada hai",2024-11-22
RV004873,DH-KID-00448,C03604,O011045,5,comfortable hai,2025-01-25
RV004874,DH-KUR-00063,C04940,O006668,5,kapda achha hai,2026-05-15
RV004875,DH-KUR-00068,C05243,O020105,2,"sir chhota aa gaya, size chhart galat hai !!",2025-10-09
RV004876,DH-DRE-00219,C04785,O020058,5,colour same as photo,2025-08-20
RV004877,DH-KUR-00133,C01641,O009805,4,nice quality for the price,2026-05-11
RV004878,DH-KUR-00024,C03106,O022856,4,beti ko bahut pasand aaya,2025-11-22
RV004879,DH-KID-00518,C03507,O000946,5,,2025-02-21
RV004880,DH-KID-00444,C05685,O003250,5,bahut achha hai,2026-07-08
RV004881,DH-KID-00431,C04010,O015097,1,"hello, kurti bahut fit hai, breathe nahi kar pa rahi",2025-09-23
RV004882,DH-KUR-00097,C01189,O007939,5,bahut achha hai,2026-04-09
RV004883,DH-KID-00430,C00578,O006441,5,kapda achha hai,2026-01-08
RV004884,DH-MEN-00570,C04735,O002062,2,"hi material not as described, ey cotton nahi lagta very disappointed",2026-04-20
RV004885,DH-KID-00429,C03827,O021174,5,beti ko bahut pasand aaya,2026-01-10
RV004886,DH-SCH-00498,C02127,O002330,4,,2026-06-02
RV004887,DH-KUR-00008,C02017,O000902,4,beti ko bahut pasand aaya,2024-10-24
RV004888,DH-TOP-00291,C04979,O014944,1,sir fabric  cheap lag raha hai jaldi pickup karo,2025-06-21
RV004889,DH-KUR-00006,C02210,O006988,4,beti ko bahut pasand aaya,2025-05-01
RV004890,DH-KID-00425,C05332,O000359,5,value for money,2026-03-20
RV004891,DH-MEN-00586,C02658,O004240,5,beti ko bahut pasand aaya,2025-01-01
RV004892,DH-PAL-00321,C04272,O016998,3,shoulders gir rahe hain itna loose 🙏,2026-08-30
RV004893,DH-DRE-00186,C05398,O006047,4,loved it,2025-12-14
RV004894,DH-DRE-00231,C02369,O009173,1,MAM KAPDA BAHUT PATLA HAI 🙏,2024-11-01
RV004895,DH-DRE-00248,C01500,O015000,5,value for money,2026-08-17
RV004896,DH-FRO-00415,C01614,O005800,2,sir print utar raha hai jaldi pickup karo,2026-04-09
RV004897,DH-TOP-00288,C04304,O001100,5,comfortable hai,2025-11-28
RV004898,DH-KUR-00172,C05511,O021936,4,perfect fit,2026-09-14
RV004899,DH-PAL-00340,C03079,O000497,5,nice quality for the price,2025-08-21
RV004900,DH-DRE-00192,C00072,O022641,2,"hello, bacche ke liye bahut bada hai 🙏",2025-08-27
RV004901,DH-TOP-00304,C02361,O002604,5,kapda achha hai,2025-12-04
RV004902,DH-DRE-00184,C00078,O022782,5,value for money,2025-05-07
RV004903,DH-FRO-00367,C00201,O020671,4,mast hai 👍,2026-03-28
RV004904,DH-KUR-00171,C00782,O017060,4,beti ko bahut pasand aaya,2026-03-17
RV004905,DH-KUR-00039,C02347,O009360,3,mam acha nahi laga,2025-08-03
RV004906,DH-KID-00445,C01551,O002244,4,value for money,2024-10-24
RV004907,DH-KUR-00171,C04453,O007759,5,loved it,2026-09-18
RV004908,DH-MEN-00545,C01542,O018453,4,perfect fit,2026-06-01
RV004909,DH-SCH-00464,C05112,O012626,5,beti ko bahut pasand aaya,2026-09-04
RV004910,DH-KID-00517,C01878,O004648,2,sir colour mismatch pls return,2025-04-17
RV004911,DH-DRE-00220,C01455,O000875,2,hi XL bhi tight hai kya size h ye very disappointed,2025-09-23
RV004912,DH-KUR-00021,C04566,O017482,1,different design aaya jaldi pickup karo,2026-03-06
RV004913,DH-FRO-00399,C00529,O016545,5,colour same as photo,2026-09-01
RV004914,DH-TRA-00600,C01039,O019286,5,loved it,2026-06-13
RV004915,DH-MEN-00561,C01045,O006379,4,nice quality for the price,2024-12-21
RV004916,DH-PAL-00338,C02986,O023212,1,hi size chart se bada nikla 🙏,2025-11-25
RV004917,DH-CO--00354,C01467,O003110,4,loved it,2025-12-23
RV004918,DH-KUR-00036,C00720,O010011,3,"hello, print utar raha hai",2026-03-15
RV004919,DH-KUR-00124,C05031,O004591,5,nice quality for the price,2025-01-28
RV004920,DH-KID-00505,C02091,O007993,1,"hi stitching kharab haii, dhaage nikal rahe jaldi pickup karo",2025-11-10
RV004921,DH-SCH-00488,C03391,O007368,4,mast hai 👍,2025-10-24
RV004922,DH-KUR-00088,C04293,O022698,4,perfect fit,2025-07-11
RV004923,DH-KUR-00155,C00530,O012317,1,"hello, issue hai 🙏",2025-08-14
RV004924,DH-KID-00428,C03244,O008530,4,mast hai 👍,2026-09-27
RV004925,DH-SCH-00479,C04133,O008719,4,mast hai 👍,2025-04-19
RV004926,DH-KID-00445,C04611,O023829,4,loved it,2025-12-14
RV004927,DH-KUR-00153,C00300,O012402,2,pls different design aaya exchange nahi chahiye,2026-09-18
RV004928,DH-KUR-00166,C02841,O008600,5,beti ko bahut pasand aaya,2025-11-23
RV004929,DH-KUR-00099,C01247,O019904,5,,2025-12-15
RV004930,DH-PAL-00318,C02070,O017475,2,ordered l but feels like s 🙏,2026-09-05
RV004931,DH-SCH-00471,C05603,O022524,5,colour same as photo,2025-11-27
RV004932,DH-KUR-00122,C05105,O023760,5,colour same as photo,2025-08-04
RV004933,DH-KID-00424,C05267,O002972,5,colour same as photo,2026-08-30
RV004934,DH-FRO-00386,C01434,O004521,4,office ke liye perfect,2024-11-16
RV004935,DH-KUR-00016,C01999,O014237,5,,2025-03-04
RV004936,DH-KID-00512,C05874,O019058,5,loved it,2026-07-22
RV004937,DH-PAL-00330,C03665,O018610,4,loved it,2026-01-11
RV004938,DH-KID-00431,C04688,O001192,2,pls size chart se bada nikla,2025-11-08
RV004939,DH-DRE-00195,C05996,O022915,4,mast hai 👍,2025-10-20
RV004940,DH-SCH-00474,C02265,O023544,5,value for money,2024-11-12
RV004941,DH-KID-00511,C05247,O021909,1,pls packet geela tha kapda kharab !!,2025-12-16
RV004942,DH-KUR-00035,C00587,O022036,4,,2024-12-10
RV004943,DH-KID-00503,C01660,O002307,5,value for money,2026-03-29
RV004944,DH-TOP-00301,C03537,O001618,1,mam issue hai very disappointed,2025-03-23
RV004945,DH-KUR-00070,C05715,O016687,4,comfortable hai,2026-01-31
RV004946,DH-DRE-00202,C05248,O014404,5,colour same as photo,2025-10-13
RV004947,DH-KUR-00046,C03519,O016703,3,fitting bahut tight hai yaar very disappointed,2026-03-14
RV004948,DH-KUR-00105,C04631,O016363,2,"HELLO, FITTING BAHUT TIHGT HAI YAAR EXCHANGE NAHI CHAHIYE",2024-10-31
RV004949,DH-KUR-00088,C00489,O012550,4,,2024-11-12
RV004950,DH-DRE-00184,C01911,O017790,2,bhaiya pehli dhulai me shrink ho gaya,2026-08-02
RV004951,DH-KID-00526,C01090,O001890,4,perfect fit,2025-01-29
RV004952,DH-FRO-00409,C02221,O000093,2,size chota  hai very disappointed,2026-01-03
RV004953,DH-SCH-00476,C04938,O020207,1,bhaiya fabric rough hai skin pe chubhta hai 🙏,2025-10-25
RV004954,DH-PAL-00340,C02189,O016952,4,value for money,2026-06-23
RV004955,DH-DRE-00242,C02267,O008283,5,kapda achha hai,2026-06-06
RV004956,DH-TOP-00297,C00506,O001425,1,HI RANG BILKUL ALAG HAI JALDI PICKUP KARO,2025-07-16
RV004957,DH-DRE-00205,C02262,O022769,4,mast hai 👍,2025-12-29
RV004958,DH-KID-00433,C01990,O016516,4,bahut achha hai,2025-08-07
RV004959,DH-DRE-00230,C00361,O021368,5,mast hai 👍,2025-11-15
RV004960,DH-KID-00520,C01410,O003766,4,,2025-10-25
RV004961,DH-KID-00424,C01292,O020706,4,value for money,2025-06-23
RV004962,DH-KUR-00137,C02263,O010820,5,bahut achha hai,2025-11-27
RV004963,DH-KID-00505,C00176,O017806,5,nice quality for the price,2025-06-17
RV004964,DH-DRE-00188,C01977,O003657,1,"hello, fabric ough hai skin pe chubhta hai exchange nahi chahiye",2025-05-20
RV004965,DH-KUR-00154,C05529,O013482,4,,2024-11-10
RV004966,DH-KID-00500,C00007,O011877,4,kapda achha hai,2025-02-21
RV004967,DH-TRA-00593,C05181,O011437,5,value for money,2025-03-05
RV004968,DH-FRO-00386,C02123,O013236,1,SIR SIZE BADA HAI,2024-11-08
RV004969,DH-KUR-00082,C03147,O012697,4,value for money,2026-04-17
RV004970,DH-KID-00435,C04120,O013413,2,pls ... exchange nahi chahiye,2025-12-28
RV004971,DH-DRE-00250,C03260,O002351,1,hi image me bright tha real me dull hai jaldi pickup karo,2025-02-18
RV004972,DH-KUR-00087,C05137,O021766,2,"hello, kapda bahut patla hai refund chahiye",2026-05-09
RV004973,DH-MEN-00548,C02295,O000601,2,sir size chota hai,2026-09-11
RV004974,DH-KID-00431,C02918,O011592,5,bahut achha hai,2024-11-03
RV004975,DH-KUR-00167,C00859,O003818,2,sir quality bilkul bekar jaldi pickup karo,2026-09-21
RV004976,DH-PAL-00314,C00956,O013442,4,bahut achha hai,2026-07-26
RV004977,DH-TOP-00293,C03339,O000514,4,office ke liye perfect,2025-06-23
RV004978,DH-KID-00428,C03366,O016237,5,colour same as photo,2026-04-19
RV004979,DH-TRA-00595,C00921,O000621,4,kapda achha hai,2024-10-16
RV004980,DH-KID-00426,C00243,O000042,3,bhaiya bahut loose hai 🙏,2026-09-13
RV004981,DH-KUR-00020,C02435,O003529,4,perfect fit,2025-08-01
RV004982,DH-DRE-00192,C00051,O018405,5,,2025-08-18
RV004983,DH-KUR-00014,C03017,O019301,5,office ke liye perfect,2026-09-05
RV004984,DH-DRE-00203,C02111,O015622,5,beti ko bahut pasand aaya,2026-02-25
RV004985,DH-KID-00509,C00171,O019223,2,"hello, too loose at waist pls return",2025-10-13
RV004986,DH-KID-00462,C01106,O003616,5,comfortable hai,2025-12-01
RV004987,DH-CO--00352,C05227,O018797,4,bahut achha hai,2026-08-03
RV004988,DH-KUR-00154,C01830,O008723,4,kapda achha hai,2025-03-10
RV004989,DH-KUR-00135,C01432,O010029,1,"pls chhota aa gaya, size chart galat hai 🙏",2026-09-02
RV004990,DH-CO--00351,C03274,O003971,3,mam shoulders gir rahe hain itna looose 🙏,2025-04-10
RV004991,DH-CO--00358,C02860,O018651,5,value for money,2025-11-29
RV004992,DH-KID-00526,C04376,O001139,5,beti ko bahut pasand aaya,2024-11-06
RV004993,DH-KUR-00017,C01804,O011401,5,mast hai 👍,2026-08-16
RV004994,DH-KUR-00124,C02180,O013121,5,loved it,2025-06-20
RV004995,DH-KID-00504,C00088,O019008,5,kapda achha hai,2026-07-20
RV004996,DH-MEN-00550,C05812,O023816,5,kapda achha hai,2026-05-24
RV004997,DH-KID-00445,C00854,O008348,5,loved it,2025-04-30
RV004998,DH-DRE-00231,C00129,O008436,5,,2025-02-05
RV004999,DH-MEN-00554,C04879,O005500,1,shoulders gir rahe hain itna loose !!,2025-09-16
RV005000,DH-KUR-00030,C00956,O021879,4,perfect fit,2026-01-24
RV005001,DH-FRO-00398,C03965,O009764,5,loved it,2026-03-17
RV005002,DH-DRE-00245,C01329,O016713,1,"bhaiya chhota aa gaya, size chart galat hai jaldi pickup karo",2025-11-14
RV005003,DH-KID-00508,C05172,O007192,5,colour same as photo,2026-05-21
RV005004,DH-KUR-00108,C03613,O000983,5,colour same as photo,2025-06-27
RV005005,DH-SCH-00476,C02900,O017730,1,"loose fitting, mere size ka nahi lagta !!",2025-03-17
RV005006,DH-KID-00454,C01441,O023812,1,size chota hai pls return,2026-08-13
RV005007,DH-KUR-00139,C03518,O009183,1,"too small, chest pe fit nahi hua",2026-09-27
RV005008,DH-FRO-00388,C05229,O010717,5,nice quality for the price,2025-06-14
RV005009,DH-DRE-00206,C00537,O004978,4,perfect fit,2026-09-27
RV005010,DH-CO--00351,C02589,O002388,4,beti ko bahut pasand aaya,2026-06-23
RV005011,DH-SCH-00497,C01689,O019260,5,value for money,2025-09-22
RV005012,DH-KUR-00092,C03830,O015030,2,sir see through hai kapda,2025-04-15
RV005013,DH-PAL-00337,C01316,O020369,3,HI BETI KE LIYE LIYA THA CHHOTA PAD GAYA !!,2025-09-10
RV005014,DH-KID-00525,C04026,O020967,4,comfortable hai,2025-11-26
RV005015,DH-KUR-00120,C00662,O013440,2,sir very thin cloth refund chahiye,2025-07-23
RV005016,DH-KUR-00159,C02158,O009143,5,comfortable hai,2026-09-10
RV005017,DH-SCH-00489,C00223,O015166,1,कपड़ा बहुत पतला है,2024-12-01
RV005018,DH-SCH-00489,C04264,O002201,4,loved it,2026-03-15
RV005019,DH-KID-00431,C05318,O008062,5,nice quality for the price,2025-11-04
RV005020,DH-DRE-00213,C02667,O017391,5,colour same as photo,2025-01-13
RV005021,DH-KID-00451,C02920,O023533,4,comfortable hai,2026-03-15
RV005022,DH-KID-00462,C01106,O003616,5,comfortable hai,2025-11-22
RV005023,DH-MEN-00560,C04920,O000204,5,comfortable hai,2026-08-04
RV005024,DH-KID-00431,C01558,O018428,5,bahut achha hai,2025-10-04
RV005025,DH-SCH-00473,C03837,O009485,1,mam rang bilkul alag hai,2025-11-18
RV005026,DH-SCH-00472,C05823,O016460,5,,2026-01-13
RV005027,DH-KUR-00154,C04085,O011397,2,hi kapda bahut patlla hai,2024-11-03
RV005028,DH-CO--00349,C05322,O017039,5,bahut achha hai,2025-08-14
RV005029,DH-KUR-00081,C02128,O023915,1,pls colour alag hai phtoo se !!,2026-09-23
RV005030,DH-KUR-00118,C00195,O017348,3,colour mismatch pls return,2025-07-09
RV005031,DH-PAL-00340,C01699,O020090,3,bhaiya rang halka hai bahut,2025-05-23
RV005032,DH-KUR-00024,C01663,O006690,5,mast hai 👍,2026-07-08
RV005033,DH-SCH-00465,C02413,O015433,2,mam button toota hua tha !!,2025-09-24
RV005034,DH-DRE-00203,C00599,O002178,5,value for money,2025-01-31
RV005035,DH-TOP-00281,C03470,O011192,2,"Size small aaya, mera rregular M h very disappointed",2025-02-08
RV005036,DH-CO--00349,C05580,O001382,1,mam fabric rough hai skin pe chubhta hai jaldi pickup karo,2026-06-12
RV005037,DH-KUR-00042,C05502,O008026,4,loved it,2026-01-04
RV005038,DH-DRE-00188,C00067,O011426,4,nice quality for the price,2025-04-07
RV005039,DH-DRE-00210,C04641,O016229,5,bahut achha hai,2026-06-26
RV005040,DH-KID-00454,C04851,O005758,2,bhaiya silai khuli hui thi aate hi refund chahiye,2025-05-27
RV005041,DH-FRO-00395,C00709,O013435,4,perfect fit,2026-09-27
RV005042,DH-MEN-00577,C01455,O006288,5,nice quality for the price,2026-05-09
RV005043,DH-FRO-00409,C03708,O020331,2,sir color is different from image jaldi pickup karo,2025-03-28
RV005044,DH-DRE-00192,C03593,O011427,4,office ke liye perfect,2025-08-15
RV005045,DH-KUR-00021,C04990,O002234,3,farbic rough hai skin pe chubhta hai,2024-10-27
RV005046,DH-KUR-00056,C05944,O000284,5,mast hai 👍,2026-07-10
RV005047,DH-MEN-00546,C03147,O002557,1,sir ...,2024-11-03
RV005048,DH-KUR-00106,C03862,O015537,4,mast hai 👍,2026-07-29
RV005049,DH-FRO-00411,C00514,O016192,2,fitting bahut tight hai yaar jaldi pickup karo,2026-09-22
RV005050,DH-KUR-00108,C01031,O004188,5,,2025-11-15
RV005051,DH-FRO-00370,C00836,O023086,2,MAM SHOULDERS GIR RAHE HAIN ITNA LOOSE,2024-10-27
RV005052,DH-KUR-00143,C03645,O001830,1,"sir phtoo me maroon dikha, aaya brown",2025-08-08
RV005053,DH-FRO-00409,C03288,O014011,4,loved it,2025-03-10
RV005054,DH-TOP-00297,C05050,O012324,3,"Size small aaya, mera regular M h !!",2025-12-02
RV005055,DH-KUR-00123,C03077,O004069,4,bahut achha hai,2025-07-26
RV005056,DH-KUR-00083,C03088,O010898,5,comfortable hai,2025-08-24
RV005057,DH-KUR-00133,C01096,O007537,5,perfect fit,2024-11-19
RV005058,DH-KUR-00095,C00317,O021101,4,bahut achha hai,2026-09-17
RV005059,DH-DRE-00206,C04577,O000395,4,colour same as photo,2026-07-15
RV005060,DH-KID-00436,C05322,O001180,5,beti ko bahut pasand aaya,2025-09-29
RV005061,DH-KID-00425,C05709,O016595,2,"kurti bahut fit hai, breathe nahi kar pa rahi !!",2024-12-24
RV005062,DH-DRE-00202,C02680,O015600,4,beti ko bahut pasand aaya,2025-01-04
RV005063,DH-KUR-00138,C03472,O009883,5,bahut achha hai,2026-08-14
RV005064,DH-FRO-00409,C01081,O019748,5,kapda achha hai,2025-10-18
RV005065,DH-DRE-00182,C01472,O018676,1,szie se chota h,2025-07-24
RV005066,DH-KUR-00144,C04161,O012980,1,"mam material not as described, ye cotton nahi lagta",2026-04-16
RV005067,DH-TOP-00282,C00762,O021223,2,pls quality achhhi nahi hai very disappointed,2025-07-12
RV005068,DH-KID-00451,C04525,O018985,4,colour same as photo,2025-02-14
RV005069,DH-KUR-00087,C01734,O013707,4,comfortable hai,2026-05-25
RV005070,DH-TOP-00282,C05320,O015258,4,perfect fit,2025-08-14
RV005071,DH-KID-00454,C04851,O005758,2,very thin cloth,2025-05-30
RV005072,DH-PAL-00316,C03538,O002504,5,comfortable hai,2025-07-05
RV005073,DH-DRE-00235,C03825,O000748,5,colour same as photo,2025-01-24
RV005074,DH-MEN-00553,C04570,O010496,3,"size M bahut tight hai, L lena padega 🙏",2025-11-25
RV005075,DH-KID-00499,C03519,O015474,4,,2025-11-21
RV005076,DH-KUR-00068,C02737,O003692,4,kapda achha hai,2025-06-23
RV005077,DH-KUR-00023,C04752,O009850,5,value for money,2026-04-22
RV005078,DH-KUR-00149,C04577,O017743,1,bhaiya ek wash me rang chala gaya exchange nahi chahiye,2024-10-25
RV005079,DH-KUR-00113,C01986,O006500,2,sir quality bilkul bbekar very disappointed,2025-03-21
RV005080,DH-CO--00349,C01683,O012984,5,colour same as photo,2025-05-09
RV005081,DH-KUR-00043,C02581,O015488,5,perfect fit,2026-04-19
RV005082,DH-SCH-00482,C01180,O015267,4,kapda achha hai,2026-04-23
RV005083,DH-DRE-00181,C05122,O015610,5,value for money,2024-11-13
RV005084,DH-TRA-00589,C05940,O021505,2,QUALITY BILKUL BEKAR,2025-08-09
RV005085,DH-KUR-00153,C00179,O011683,4,nice quality for the price,2026-07-05
RV005086,DH-SCH-00496,C03039,O011399,5,,2025-10-11
RV005087,DH-KUR-00088,C01792,O009454,5,,2024-11-10
RV005088,DH-KUR-00078,C01875,O002446,5,,2026-09-27
RV005089,DH-KUR-00090,C03061,O001039,4,kapda achha hai,2025-09-26
RV005090,DH-MEN-00581,C05223,O009123,1,fabric rough hai skin pe chubhta hai !!,2025-08-02
RV005091,DH-KID-00421,C01449,O000646,2,bhaiya smaller than usual size,2026-01-11
RV005092,DH-SCH-00484,C00219,O008049,4,bahut achha hai,2026-09-27
RV005093,DH-TOP-00302,C01960,O000052,2,pls pehli dhulai me shrnik ho gaya,2025-06-16
RV005094,DH-KUR-00085,C04541,O009410,1,bhaiya pehli dhulai me shrink ho gaya 🙏,2026-07-24
RV005095,DH-KUR-00121,C05425,O002379,4,value for money,2025-04-24
RV005096,DH-CO--00353,C01860,O000263,4,loved it,2025-07-13
RV005097,DH-DRE-00246,C00569,O004371,1,length bahut zyada hai,2026-09-01
RV005098,DH-KID-00528,C05768,O011507,5,office ke liye perfect,2025-01-24
RV005099,DH-KID-00508,C02912,O023520,5,,2026-06-09
RV005100,DH-FRO-00409,C00125,O001661,4,mast hai 👍,2025-11-15
RV005101,DH-DRE-00183,C04889,O014680,5,comfortable hai,2026-03-10
RV005102,DH-KUR-00180,C04431,O007026,4,perfect fit,2024-12-30
RV005103,DH-KUR-00047,C03720,O008960,2,nahi chahiye bas pls return,2024-11-08
RV005104,DH-KID-00431,C01204,O002905,4,loved it,2025-06-01
RV005105,DH-FRO-00410,C05480,O008645,4,perfect fit,2026-05-27
RV005106,DH-TOP-00291,C03710,O019071,5,bahut achha hai,2025-05-10
RV005107,DH-MEN-00577,C00050,O006066,5,bahut achha hai,2025-12-22
RV005108,DH-PAL-00328,C04674,O002548,1,mam kapda bahut patla hai jaldi pickup karo,2024-12-08
RV005109,DH-DRE-00204,C02139,O012187,2,"hello, smaller than usual size refund chahiye",2026-01-01
RV005110,DH-MEN-00588,C02371,O016048,1,"stitching kharab hai, dhaage nikal rahe pls return",2026-01-03
RV005111,DH-KID-00540,C04289,O010849,3,rturn 🙏,2026-05-29
RV005112,DH-KUR-00048,C01846,O003677,5,comfortable hai,2026-06-17
RV005113,DH-DRE-00204,C05181,O011437,4,kapda achha hai,2025-03-03
RV005114,DH-KUR-00034,C02586,O006190,4,value for money,2026-09-21
RV005115,DH-KID-00517,C04796,O011867,3,bhaiya fabric cheap lag raha hai,2025-04-01
RV005116,DH-FRO-00370,C03403,O019684,4,comfortable hai,2024-10-19
RV005117,DH-DRE-00217,C04859,O010423,5,kapda achha hai,2025-06-15
RV005118,DH-PAL-00316,C02933,O007441,5,nice quality for the price,2026-06-28
RV005119,DH-MEN-00554,C01525,O017446,2,stain mila delivery pe,2026-03-25
RV005120,DH-SCH-00471,C00451,O000352,1,bhaiya ek wash me rang chala gaya 🙏,2024-12-31
RV005121,DH-KID-00500,C00096,O002315,1,tight hai,2025-02-03
RV005122,DH-DRE-00222,C03042,O013239,2,BAHUT TIGHT H SHOULDERS PE REFUND CHAHIYE,2025-08-13
RV005123,DH-SCH-00481,C00310,O015355,4,nice quality for the price,2025-11-28
RV005124,DH-TOP-00282,C01442,O000809,2,ye wala shade nahi tha website pe pls return,2025-04-29
RV005125,DH-KUR-00141,C00167,O015077,2,SIR QUALITY ACHHI NAHI HAI,2025-03-01
RV005126,DH-KUR-00093,C03379,O018027,4,beti ko bahut pasand aaya,2025-01-20
RV005127,DH-DRE-00246,C02972,O010865,2,PLS PRINT UTAR RAHA HAI JALDI PICKUP KARO,2025-11-06
RV005128,DH-KUR-00058,C01948,O004466,2,TIGHT HAI,2025-05-17
RV005129,DH-TOP-00278,C03397,O015339,1,PLS PRINT UTAR RAHA HAI EXCHANGE NAHI CHAHIYE,2025-05-12
RV005130,DH-KUR-00105,C03963,O022002,5,office ke liye perfect,2025-03-19
RV005131,DH-CO--00345,C04072,O011082,2,"hello, too small, chest pe fit nahi hua",2025-04-28
RV005132,DH-KUR-00046,C00573,O022061,1,ye wala shade nahi tha websiet pe exchange nahi chahiye,2026-01-18
RV005133,DH-FRO-00388,C04937,O004341,1,bhaiya bacche ke liye bahut baa hai jaldi pickup karo,2026-08-03
RV005134,DH-TOP-00268,C03423,O018152,1,sir see through hai kapda 🙏,2026-08-02
RV005135,DH-DRE-00238,C01977,O009075,2,hi xl bhi tight hai kya ize h ye,2026-09-01
RV005136,DH-SCH-00474,C01283,O017004,1,hi length bhi kaam hai aur tight bhi refund chahiye,2025-01-20
RV005137,DH-TRA-00597,C05245,O004152,5,colour same as photo,2025-01-12
RV005138,DH-DRE-00215,C03307,O013872,5,value for money,2025-09-20
RV005139,DH-FRO-00396,C04415,O013916,4,,2025-04-21
RV005140,DH-KUR-00124,C05035,O019106,5,value for money,2025-03-07
RV005141,DH-FRO-00415,C03156,O007806,5,value for money,2026-05-22
RV005142,DH-DRE-00206,C04999,O021253,4,,2025-03-29
RV005143,DH-TOP-00281,C00028,O010785,3,quality bilku lbekar 🙏,2025-01-29
RV005144,DH-KUR-00164,C02939,O003469,3,size se chota h very disappointed,2025-10-15
RV005145,DH-TOP-00272,C00581,O008269,4,,2025-11-05
RV005146,DH-TOP-00256,C05081,O007213,1,MAM XL BHI TIGHT HAI KYA SIZE H YE,2026-02-03
RV005147,DH-KID-00444,C00002,O003787,5,,2026-01-02
RV005148,DH-MEN-00543,C00991,O021378,1,"hello, print uta rraha hai",2026-03-24
RV005149,DH-KUR-00124,C03494,O013204,1,sir XL bhi tight hai kya size h e refund chahiye,2025-01-10
RV005150,DH-KUR-00105,C02206,O021242,5,,2024-11-07
RV005151,DH-TRA-00593,C01680,O020446,1,fabric chep lag raha hai,2025-04-16
RV005152,DH-MEN-00581,C02074,O014350,4,,2025-04-24
RV005153,DH-DRE-00213,C01321,O009209,4,colour same as photo,2025-04-13
RV005154,DH-FRO-00386,C00490,O012293,5,,2025-03-02
RV005155,DH-MEN-00541,C02165,O012999,4,perfect fit,2025-04-15
RV005156,DH-SCH-00497,C01640,O022461,5,mast hai 👍,2025-03-29
RV005157,DH-MEN-00548,C00376,O020563,1,hi mustard bola tha ye to green yellow hai 🙏,2026-07-25
RV005158,DH-KUR-00037,C05906,O011563,1,bhaiya XL bhi tight hai kya size h ye exchange nahi chahiye,2026-09-18
RV005159,DH-KUR-00097,C05772,O011232,5,perfect fit,2025-07-20
RV005160,DH-KID-00503,C00555,O001727,5,,2025-01-23
RV005161,DH-KID-00531,C00414,O001006,1,"loose fitting, mere size ka nahi lagta pls return",2026-05-17
RV005162,DH-PAL-00315,C05092,O003185,5,colour same as photo,2026-06-27
RV005163,DH-SCH-00495,C03392,O020236,2,"hello, beti ke liye liya tha chhota pad gaya pls return",2026-04-12
RV005164,DH-TOP-00278,C01678,O004065,4,perfect fit,2026-07-07
RV005165,DH-KID-00460,C03893,O008477,1,sir size chart pe 38 likha tha but 36 jaisa hai exchange nahi chahiye,2026-05-27
RV005166,DH-FRO-00386,C00382,O003748,2,sir bahut tight  shoulders pe refund chahiye,2025-05-24
RV005167,DH-MEN-00580,C02358,O005082,5,office ke liye perfect,2026-07-15
RV005168,DH-DRE-00209,C00774,O022059,4,,2024-10-11
RV005169,DH-TOP-00306,C01602,O013209,5,comfortable hai,2025-11-12
RV005170,DH-KUR-00105,C02486,O022919,1,quality achi nahi hai !!,2024-11-07
RV005171,DH-KUR-00113,C05223,O005975,2,bhaiya quality bilkul bekar 🙏,2024-12-04
RV005172,DH-FRO-00383,C04253,O008178,4,,2025-04-09
RV005173,DH-KUR-00090,C02477,O006737,1,sir smaller than usual size jaldi pickup karo,2026-09-27
RV005174,DH-DRE-00244,C04170,O014623,2,sir color is different from image 🙏,2025-07-03
RV005175,DH-KUR-00159,C04222,O002755,5,,2026-07-17
RV005176,DH-PAL-00327,C05367,O004969,2,mam see through hai kapda,2026-05-31
RV005177,DH-KUR-00174,C04393,O014283,4,comfortable hai,2025-07-28
RV005178,DH-MEN-00576,C05186,O014677,4,,2025-10-16
RV005179,DH-KID-00448,C04196,O011413,5,loved it,2025-04-21
RV005180,DH-DRE-00192,C00051,O018405,2,bhaiya ek wash me rang chala gaya !!,2025-08-16
RV005181,DH-KUR-00113,C05768,O002835,4,perfect fit,2025-08-01
RV005182,DH-KUR-00154,C05902,O011203,5,loved it,2025-05-21
RV005183,DH-MEN-00561,C00633,O016465,3,ek wash me rang chaa gaya,2026-07-12
RV005184,DH-KUR-00112,C00339,O008425,3,"hi chhota aa gaya, size chart galat hi !!",2024-11-08
RV005185,DH-DRE-00234,C04323,O008866,5,value for money,2025-01-08
RV005186,DH-DRE-00192,C00771,O020678,5,colour same as photo,2026-03-01
RV005187,DH-PAL-00339,C02036,O019131,5,kapda achha hai,2026-03-21
RV005188,DH-PAL-00320,C01203,O019669,1,wron item received refund chahiye,2026-03-07
RV005189,DH-DRE-00230,C04104,O015696,2,hi XL bhi tight hai kya size h ye 🙏,2026-06-21
RV005190,DH-TOP-00312,C03616,O001788,5,beti ko bahut pasand aaya,2025-12-05
RV005191,DH-KID-00511,C00428,O000861,5,value for money,2025-03-01
RV005192,DH-KUR-00136,C05441,O006376,1,"stitching kharab hai, dhaage nikal rahe 🙏",2026-01-12
RV005193,DH-MEN-00574,C03404,O007725,2,mam size badahai pls return,2026-05-26
RV005194,DH-TOP-00258,C02298,O016547,5,loved it,2026-07-09
RV005195,DH-DRE-00240,C02949,O021781,2,bacche ke liye bahut bada hai very disappointed,2026-03-25
RV005196,DH-KUR-00137,C05274,O003462,2,hi tight hai very disappointed,2026-07-19
RV005197,DH-KUR-00043,C02667,O017391,4,loved it,2025-01-18
RV005198,DH-DRE-00245,C02261,O017888,5,perfect fit,2026-01-30
RV005199,DH-MEN-00547,C04679,O013519,1,pls kapda bahut patla hai exchange nahi chahiye,2026-05-13
RV005200,DH-MEN-00581,C05275,O017396,4,,2025-02-08
RV005201,DH-KUR-00018,C03375,O019443,4,value for money,2026-08-02
RV005202,DH-KUR-00142,C02680,O020957,4,office ke liye perfect,2026-02-26
RV005203,DH-SCH-00471,C05384,O022852,5,beti ko bahut pasand aaya,2024-11-18
RV005204,DH-PAL-00342,C05245,O009307,5,colour same as photo,2026-06-07
RV005205,DH-KUR-00029,C05279,O002973,2,bhaiya कपड़ा बहुत पतला ैह !!,2024-10-18
RV005206,DH-KID-00457,C01030,O007178,4,nice quality for the price,2025-08-08
RV005207,DH-SCH-00476,C02900,O017730,3,"hello, print utar raha hai 🙏",2025-03-05
RV005208,DH-DRE-00213,C04099,O003102,2,mam fitting bahut tight hai yaar,2025-01-20
RV005209,DH-KID-00525,C04026,O020967,4,colour same as photo,2025-11-27
RV005210,DH-MEN-00562,C03313,O023967,3,"stitching kharab hai, dhage nikal rahe exchange nahi chahiye",2026-09-11
RV005211,DH-TOP-00282,C03628,O006508,4,mast hai 👍,2025-07-30
RV005212,DH-TOP-00307,C01164,O006135,5,perfect fit,2025-07-02
RV005213,DH-KUR-00008,C03076,O018066,5,office ke liye perfect,2025-11-19
RV005214,DH-PAL-00333,C03026,O002079,4,comfortable hai,2026-05-24
RV005215,DH-KUR-00116,C00318,O003633,5,perfect fit,2026-06-04
RV005216,DH-KUR-00145,C04963,O014813,5,colour same as photo,2025-12-02
RV005217,DH-KUR-00027,C05387,O001868,5,,2026-06-15
RV005218,DH-DRE-00228,C01334,O011291,3,sir length bhi kam hai aur tight bhi pls return,2025-10-24
RV005219,DH-MEN-00541,C04840,O017633,5,nice quality for the price,2025-05-31
RV005220,DH-TRA-00595,C02251,O015624,5,office ke liye perfect,2024-12-18
RV005221,DH-DRE-00204,C01891,O021827,4,mast hai 👍,2025-03-02
RV005222,DH-KUR-00150,C01703,O000551,1,mam packet geela tha kapda kharab,2025-11-01
RV005223,DH-MEN-00576,C03701,O021828,3,colour alag hia photo se very disappointed,2026-02-10
RV005224,DH-MEN-00545,C04634,O004146,2,packet geela tha kapda kharab,2025-12-14
RV005225,DH-KID-00448,C04066,O016879,2,mam oversized lag raha hai jabki regular fit likha tha jaldi pickup karo,2026-03-28
RV005226,DH-SCH-00471,C03079,O018966,2,quality achhi nahi hai exchange nahi chahiye,2024-10-14
RV005227,DH-KUR-00097,C01508,O005713,5,office ke liye perfect,2025-11-13
RV005228,DH-TRA-00590,C01712,O008350,2,M mangaya tha bada aaya,2026-04-07
RV005229,DH-SCH-00489,C04699,O012081,5,beti ko bahut pasand aaya,2025-06-09
RV005230,DH-TOP-00271,C03113,O012007,3,pls sleeves tight hai arms me exchange nahi chahiye,2025-06-15
RV005231,DH-SCH-00488,C00490,O014891,4,colour same as photo,2024-11-03
RV005232,DH-KID-00532,C01826,O008693,1,M mangaya tah bada aaya 🙏,2025-10-28
RV005233,DH-KUR-00088,C02683,O022447,3,sir pink mangaya tha peach aaya,2024-11-11
RV005234,DH-KUR-00129,C01806,O021695,5,bahut achha hai,2026-08-04
RV005235,DH-KUR-00063,C01560,O020785,4,nice quality for the price,2025-09-16
RV005236,DH-KID-00510,C01090,O023814,4,colour same as photo,2025-12-06
RV005237,DH-SCH-00488,C00442,O012768,1,hi oversized lag raha hai jabki regular fit likha tha jaldi pickup karo,2026-08-14
RV005238,DH-KUR-00132,C03739,O022807,2,hi quality bilkul bekar 🙏,2025-05-20
RV005239,DH-TOP-00312,C00408,O001197,5,,2026-09-27
RV005240,DH-TOP-00273,C00891,O006240,1,length bhi kam hai aur tight bhi exchange nahi chahiye,2026-03-26
RV005241,DH-KUR-00118,C02797,O018255,5,loved it,2026-05-04
RV005242,DH-DRE-00190,C02697,O003902,4,kapda achha hai,2026-09-27
RV005243,DH-PAL-00318,C00249,O021848,1,mam image me bright tha real me dull hai pls return,2026-03-23
RV005244,DH-KID-00506,C02205,O013973,1,hi अच्छा नहीं लगा !!,2025-06-11
RV005245,DH-KID-00513,C01863,O018486,5,perfect fit,2026-01-19
RV005246,DH-CO--00348,C03035,O017602,5,mast hai 👍,2025-12-21
RV005247,DH-DRE-00246,C03286,O009584,3,sir fabric cheap lag raha hai very disappointed,2025-06-26
RV005248,DH-TOP-00279,C02414,O010083,5,mast hai 👍,2024-11-18
RV005249,DH-KUR-00043,C00859,O008288,3,hi ordered L but feels like S,2026-02-26
RV005250,DH-DRE-00220,C04018,O023851,5,loved it,2026-06-01
RV005251,DH-KUR-00027,C02125,O022402,5,,2025-08-11
RV005252,DH-KUR-00018,C00601,O011478,4,office ke liye perfect,2026-07-13
RV005253,DH-FRO-00411,C00988,O004581,1,"hello, chhota aa gaya, size chart galat hai jaldi pickup karo",2025-10-23
RV005254,DH-KUR-00028,C04274,O012873,4,office ke liye perfect,2026-08-01
RV005255,DH-KID-00507,C00484,O016869,5,colour same as photo,2026-03-06
RV005256,DH-KID-00427,C02496,O018139,5,loved it,2026-09-27
RV005257,DH-KUR-00033,C03607,O017804,1,sir बहुत टाइट है 🙏,2026-04-11
RV005258,DH-SCH-00473,C01165,O006195,4,beti ko bahut pasand aaya,2026-01-01
RV005259,DH-MEN-00552,C01470,O009887,4,perfect fit,2026-07-13
RV005260,DH-KID-00515,C02921,O012310,5,value for money,2026-01-14
RV005261,DH-DRE-00235,C05239,O002484,2,"PLS SIZE SMALL AAYA, MERA REGULAR  H JALDI PICKUP KARO",2026-05-08
RV005262,DH-KUR-00105,C02724,O013599,4,bahut achha hai,2026-06-27
RV005263,DH-KID-00421,C00138,O010063,1,MAM PIK MANGAYA THA PEACH AAYA 🙏,2026-05-31
RV005264,DH-PAL-00330,C04191,O012360,5,bahut achha hai,2025-08-23
RV005265,DH-DRE-00243,C04725,O003051,2,"hello, too small, chest e fit nahi hua jaldi pickup karo",2026-05-01
RV005266,DH-MEN-00565,C05839,O023456,4,perfect fit,2026-05-05
RV005267,DH-SCH-00491,C05408,O017985,4,beti ko bahut pasand aaya,2026-01-17
RV005268,DH-KUR-00173,C05903,O015815,5,loved it,2025-04-17
RV005269,DH-SCH-00472,C02189,O011929,5,bahut achha hai,2025-05-07
RV005270,DH-KID-00515,C03366,O002685,2,"TO BIG, EKDUM DHEELA JALDI PICKUP KARO",2026-06-13
RV005271,DH-KID-00462,C05574,O000135,4,office ke liye perfect,2025-03-26
RV005272,DH-MEN-00582,C00190,O010970,5,,2026-08-07
RV005273,DH-KUR-00134,C01514,O000437,5,mast hai 👍,2026-09-03
RV005274,DH-FRO-00401,C04344,O005647,2,BHAIYA ORDERED LB UT FEELS LIKE S,2026-04-23
RV005275,DH-KUR-00170,C05743,O015612,5,value for money,2026-07-29
RV005276,DH-KUR-00084,C04642,O009950,1,hi ek wash me rang chala gaya 🙏,2026-07-18
RV005277,DH-KUR-00090,C03317,O006872,5,comfortable hai,2026-09-27
RV005278,DH-KID-00527,C05638,O012393,1,bhaiya ek wash me rang chala gaya refund chahiye,2026-02-08
RV005279,DH-KUR-00063,C03005,O015085,4,colour same as photo,2026-08-05
RV005280,DH-PAL-00335,C01812,O016217,5,loved it,2025-09-22
RV005281,DH-CO--00353,C03103,O004826,4,nice quality for the price,2025-09-01
RV005282,DH-DRE-00217,C02832,O015005,5,comfortable hai,2024-12-07
RV005283,DH-KID-00537,C05959,O018094,5,colour same as photo,2025-06-07
RV005284,DH-CO--00345,C00522,O003200,2,sir size chart pe 38 likha tha but 36 jaisa hai jaldi pickup karo,2025-12-28
RV005285,DH-PAL-00321,C05626,O000086,2,theek nahi hai 🙏,2026-09-27
RV005286,DH-SCH-00480,C00778,O019134,5,kapda achha hai,2025-12-01
RV005287,DH-KUR-00004,C05548,O023817,2,bhaiya very thin cloth !!,2026-03-07
RV005288,DH-DRE-00204,C02209,O000979,2,"too small, chest pe fit nahi hua refund chahiye",2025-12-01
RV005289,DH-KUR-00108,C02976,O020575,4,,2026-05-25
RV005290,DH-TOP-00253,C03841,O023083,5,comfortable hai,2025-05-23
RV005291,DH-FRO-00399,C05403,O002715,5,kapda achha hai,2025-06-18
RV005292,DH-KID-00507,C02808,O013255,4,loved it,2024-12-16
RV005293,DH-SCH-00465,C01716,O023547,5,nice quality for the price,2026-07-29
RV005294,DH-TOP-00278,C03860,O001351,4,bahut achha hai,2025-07-08
RV005295,DH-SCH-00471,C05603,O022524,4,colour same as photo,2025-11-25
RV005296,DH-PAL-00337,C03143,O020216,1,sir print utar raha hai 🙏,2026-04-12
RV005297,DH-DRE-00250,C00017,O003699,5,,2025-02-01
RV005298,DH-KUR-00043,C02935,O005948,2,sir length bhi kam hai aur tight bhi pls return,2024-11-02
RV005299,DH-DRE-00206,C05010,O016227,4,comfortable hai,2025-02-11
RV005300,DH-KUR-00033,C02765,O011156,5,colour same as photo,2025-04-17
RV005301,DH-FRO-00386,C05918,O017593,1,length bi kam hai aur tight bhi jaldi pickup karo,2024-11-24
RV005302,DH-CO--00345,C04849,O015861,4,loved it,2026-03-09
RV005303,DH-FRO-00411,C04727,O015946,1,pls damage piece received,2026-06-30
RV005304,DH-PAL-00326,C05063,O012813,5,comfortable hai,2025-08-06
RV005305,DH-KID-00507,C05953,O017036,2,pls zip kaam nahi kar rahi refund chahiye,2025-02-27
RV005306,DH-KUR-00043,C03970,O016370,1,bhaiya pehli dhulai me shrink ho gaya jaldi pickup karo,2025-02-03
RV005307,DH-TOP-00304,C00901,O012319,5,comfortable hai,2025-10-02
RV005308,DH-KUR-00078,C02258,O013118,1,too loose at waist refund chahiye,2026-09-26
RV005309,DH-KUR-00141,C03840,O019035,4,perfect fit,2025-04-06
RV005310,DH-TRA-00591,C05798,O005142,5,kapda achha hai,2026-01-24
RV005311,DH-PAL-00314,C01013,O022982,1,mam rang bilku lalag hai refund chahiye,2026-01-27
RV005312,DH-FRO-00374,C00880,O014000,4,nice quality for the price,2026-03-30
RV005313,DH-SCH-00477,C04759,O005088,4,beti ko bahut pasand aaya,2026-06-24
RV005314,DH-KUR-00050,C01190,O012436,5,,2025-04-28
RV005315,DH-MEN-00588,C00220,O021884,4,value for money,2026-06-28
RV005316,DH-KID-00525,C00509,O009106,3,"HELLO, QUALITY BILKLU BEKAR",2026-01-06
RV005317,DH-KUR-00004,C05551,O015511,4,nice quality for the price,2026-03-31
RV005318,DH-DRE-00242,C02659,O004285,4,,2026-05-28
RV005319,DH-KUR-00154,C01728,O021145,5,comfortable hai,2024-12-06
RV005320,DH-FRO-00416,C02972,O023529,1,"hello, mustard bola tha ye to green yellow hai jaldi pickup karo",2025-04-02
RV005321,DH-TOP-00284,C02400,O004527,2,pls colour mismatch 🙏,2026-03-11
RV005322,DH-KUR-00115,C04940,O003635,2,bhaiya print utar raha ahi 🙏,2026-03-26
RV005323,DH-DRE-00231,C04152,O015968,2,bhaiya button toota hua tha,2026-02-19
RV005324,DH-KUR-00080,C01292,O021408,1,silai khuli hui thi aate hi pls return,2025-07-28
RV005325,DH-FRO-00399,C05883,O021500,2,"hello, bahut tight h shoulders pe jaldi pickup karo",2026-09-20
RV005326,DH-DRE-00184,C05868,O015858,1,no,2025-03-06
RV005327,DH-TOP-00262,C04406,O001119,2,bhaiya XL bhi tight hai kya size h ye,2025-10-16
RV005328,DH-MEN-00554,C00111,O017165,4,beti ko bahut pasand aaya,2026-08-08
RV005329,DH-DRE-00184,C00863,O016987,5,comfortable hai,2026-01-31
RV005330,DH-KUR-00093,C04771,O012083,1,"hello, very thin cloth pls return",2026-09-16
RV005331,DH-KID-00456,C00413,O012696,5,nice quality for the price,2025-06-24
RV005332,DH-MEN-00580,C00015,O005205,5,mast hai 👍,2025-11-12
RV005333,DH-KUR-00129,C05044,O014960,5,beti ko bahut pasand aaya,2025-12-30
RV005334,DH-DRE-00204,C04002,O016967,2,SIR SLEEVES TIGHT HAI ARMS ME,2026-05-20
RV005335,DH-KID-00442,C00399,O022415,5,comfortable hai,2026-06-19
RV005336,DH-FRO-00373,C01489,O007424,4,bahut achha hai,2026-05-18
RV005337,DH-KID-00537,C05342,O019429,3,"BHAIYA SIZE M BAHUT TIGHT HAI, L LENA ADEGA EXCHANGE NAHI CHAHIYE",2026-05-24
RV005338,DH-PAL-00340,C04051,O002734,1,"hello, pink mangaya tha peachaaya !!",2025-05-21
RV005339,DH-DRE-00246,C01586,O021300,2,size chart pe 38 likha tha but 36 jaisa hai jaldi pickup karo,2026-08-31
RV005340,DH-DRE-00234,C04016,O019837,1,mam fitting bhut tight hai yaar pls return,2026-05-05
RV005341,DH-FRO-00414,C00747,O013808,5,nice quality for the price,2026-08-21
RV005342,DH-TOP-00262,C05884,O017106,4,nice quality for the price,2025-03-02
RV005343,DH-DRE-00204,C01910,O009347,4,beti ko bahut pasand aaya,2024-12-14
RV005344,DH-DRE-00227,C02025,O012705,1,"size M bahut tight hai, L lena padega refund chahiye",2026-09-18
RV005345,DH-KID-00510,C04236,O006858,4,,2026-09-27
RV005346,DH-KUR-00092,C04892,O011860,5,nice quality for the price,2025-07-31
RV005347,DH-FRO-00368,C05906,O017168,2,PLS TIGHT  HAI PLS RETURN,2025-12-07
RV005348,DH-KUR-00088,C02342,O001333,5,perfect fit,2026-06-23
RV005349,DH-PAL-00321,C05085,O021326,4,,2026-08-06
RV005350,DH-DRE-00204,C05014,O023290,1,M mangaya tha bada aaya !!,2024-12-20
RV005351,DH-KUR-00060,C04581,O009239,1,bhaiya fitting bahut tight hai yaar jaldi pickup karo,2025-10-18
RV005352,DH-KID-00438,C00269,O000009,4,colour same as photo,2026-03-06
RV005353,DH-KUR-00025,C02917,O017998,5,loved it,2026-01-15
RV005354,DH-FRO-00416,C02783,O009067,5,perfect fit,2025-09-02
RV005355,DH-TOP-00279,C00657,O007217,5,bahut achha hai,2025-08-17
RV005356,DH-KUR-00137,C04263,O011601,2,COLOUR FADE SA HAI PHOTO JAISA NAHI VERY DISAPPOINTED,2026-09-27
RV005357,DH-KID-00443,C05986,O013073,5,,2025-10-18
RV005358,DH-KUR-00026,C01542,O015368,2,bhaiya bahut tight h shoulders pe pls return,2026-07-08
RV005359,DH-KUR-00176,C00606,O009719,2,SIR BUTTON TOOTA HUA THA PLS RETURN,2026-09-08
RV005360,DH-KUR-00153,C00300,O012402,3,"hello, stitching kharab hai, dhaage nikal rahe",2026-09-14
RV005361,DH-KUR-00027,C00132,O019111,4,perfect fit,2025-08-25
RV005362,DH-DRE-00181,C02516,O001999,5,mast hai 👍,2025-05-05
RV005363,DH-KID-00429,C04292,O016521,5,colour same as photo,2026-03-16
RV005364,DH-MEN-00546,C04729,O021290,2,colour alag hai photo se,2025-06-04
RV005365,DH-MEN-00561,C03884,O003104,5,colour same as photo,2025-07-04
RV005366,DH-KUR-00149,C05921,O016403,5,colour same as photo,2024-11-17
RV005367,DH-MEN-00541,C03466,O004138,5,loved it,2025-11-08
RV005368,DH-PAL-00335,C01228,O020351,5,colour same as photo,2026-05-28
RV005369,DH-KUR-00043,C04477,O021681,1,"Size small aaya, mera regular M h jaldi pickup karo",2024-12-14
RV005370,DH-DRE-00182,C00583,O009448,1,"hello, size chart pe 38 likha tha but 36 jaisaa hai 🙏",2026-06-12
RV005371,DH-KID-00428,C03165,O018178,2,SIR TOO LOOSE AT WAIT,2025-09-19
RV005372,DH-DRE-00222,C00646,O022749,1,"hello, pehli dhulai me shrink ho gaya",2025-10-15
RV005373,DH-KID-00518,C01828,O011195,4,bahut achha hai,2025-07-12
RV005374,DH-DRE-00222,C01639,O021642,5,,2025-11-09
RV005375,DH-DRE-00204,C03275,O005872,4,kapda achha hai,2025-06-30
RV005376,DH-FRO-00418,C05040,O019238,1,pls quality bilkul bekar pls return,2025-02-03
RV005377,DH-KUR-00143,C04559,O014589,3,sir kapda bahut patla hai,2025-09-26
RV005378,DH-FRO-00401,C04275,O013904,5,comfortable hai,2024-11-15
RV005379,DH-KUR-00149,C04688,O001192,4,,2025-11-23
RV005380,DH-KUR-00105,C01829,O001617,1,DAMAGED PIECE RECEIVED,2025-01-19
RV005381,DH-FRO-00405,C01347,O008795,2,sir shoulders gir rahe haini tna loose,2026-02-10
RV005382,DH-KUR-00170,C05904,O020176,5,mast hai 👍,2026-06-03
RV005383,DH-CO--00349,C03145,O002923,3,"loose fitting, mere size ka nahi lagta !!",2026-07-04
RV005384,DH-KUR-00180,C03195,O003794,2,XL bhi tight hai kya size h ye pls return,2025-09-11
RV005385,DH-SCH-00480,C02126,O019309,5,perfect fit,2025-10-08
RV005386,DH-MEN-00578,C04779,O022108,4,colour same as photo,2026-02-09
RV005387,DH-MEN-00544,C01581,O011441,5,colour same as photo,2025-04-01
RV005388,DH-KUR-00093,C02001,O004123,2,pls size chart pe 38 likha tha but 36 jaisa hai,2026-05-06
RV005389,DH-FRO-00386,C04560,O018952,5,perfect fit,2025-03-13
RV005390,DH-KUR-00053,C03510,O018555,5,office ke liye perfect,2026-04-13
RV005391,DH-FRO-00395,C04890,O009331,2,"stitching khraab hai, dhaage nikal rahe very disappointed",2026-03-19
RV005392,DH-MEN-00559,C03168,O022142,2,siz echart se bada nikla 🙏,2026-01-02
RV005393,DH-KID-00519,C02493,O017831,4,,2026-08-17
RV005394,DH-KUR-00042,C02559,O021831,5,perfect fit,2026-06-08
RV005395,DH-TOP-00301,C05959,O001105,5,,2025-12-02
RV005396,DH-KUR-00171,C02709,O012746,5,value for money,2025-09-14
RV005397,DH-KUR-00016,C01731,O009918,1,hi fabrci cheap lag raha hai very disappointed,2024-12-30
RV005398,DH-MEN-00548,C01824,O012830,5,perfect fit,2026-07-23
RV005399,DH-PAL-00314,C02113,O020175,2,"HELLO, MATERIAL NOT AS DESCRIBED, YE COTTON NAHI LAGTA",2026-02-06
RV005400,DH-KID-00505,C03491,O014489,3,too loose at waist 🙏,2026-03-12
RV005401,DH-DRE-00243,C05334,O017757,1,"bhaiya too small, hcest pe fit nahi hua",2026-07-21
RV005402,DH-KUR-00100,C05654,O019442,4,loved it,2025-10-10
RV005403,DH-KID-00534,C04610,O018224,2,bhaiya shoulders gir rahe hain itna loose,2026-09-02
RV005404,DH-KUR-00114,C01300,O020605,1,bhaiya print utar raha hai,2024-12-04
RV005405,DH-SCH-00477,C01212,O001815,1,hi साइज़ छोटा है 🙏,2026-02-16
RV005406,DH-FRO-00384,C03548,O012677,2,stain mila delivery pe jaldi pickup karo,2025-11-11
RV005407,DH-FRO-00374,C02662,O005702,5,bahut achha hai,2025-11-13
RV005408,DH-KUR-00168,C01000,O001202,4,comfortable hai,2025-10-24
RV005409,DH-KID-00424,C04783,O009612,3,SIR YE WALA SHADE NAHI THA WEBSITE PE,2025-02-05
RV005410,DH-MEN-00581,C03766,O006362,2,"hi chhota aa gaya, size chart galat hai",2025-03-05
RV005411,DH-TOP-00306,C01440,O013710,1,pls mustard bola tha ye to green yellow hai exchange nahi chahiye,2026-02-13
RV005412,DH-KID-00512,C02235,O014873,5,loved it,2026-04-07
RV005413,DH-FRO-00409,C05688,O011996,4,colour same as photo,2025-02-13
RV005414,DH-TOP-00303,C02701,O002453,4,colour same as photo,2026-07-31
RV005415,DH-SCH-00468,C02822,O007276,5,,2025-09-01
RV005416,DH-KID-00428,C03801,O011069,2,hi size chart se bada nikla refund chahiye,2025-01-23
RV005417,DH-FRO-00386,C03808,O009478,5,nice quality for the price,2026-01-17
RV005418,DH-SCH-00467,C00004,O000123,1,sir ye wala shade nahi tha website pe exchange nahi chahiye,2026-01-26
RV005419,DH-DRE-00228,C04009,O021956,5,bahut achha hai,2026-04-11
RV005420,DH-KUR-00132,C02833,O019958,5,bahut achha hai,2025-02-16
RV005421,DH-KID-00503,C00723,O020206,4,office ke liye perfect,2026-04-02
RV005422,DH-SCH-00471,C05470,O012511,2,PEHLI DHULAI ME SHRINK HO GAYA 🙏,2025-04-11
RV005423,DH-KUR-00111,C01872,O009241,4,loved it,2026-06-23
RV005424,DH-KUR-00027,C04091,O009493,4,beti ko bahut pasand aaya,2025-08-17
RV005425,DH-KUR-00053,C01100,O015292,4,nice quality for the price,2026-03-09
RV005426,DH-FRO-00390,C02051,O015841,4,perfect fit,2025-09-26
RV005427,DH-MEN-00582,C05520,O012274,2,wrong item received,2024-11-10
RV005428,DH-MEN-00567,C03315,O016996,5,colour same as photo,2026-05-14
RV005429,DH-TOP-00273,C04624,O016905,5,colour same as photo,2025-01-30
RV005430,DH-FRO-00393,C00666,O015950,5,bahut achha hai,2024-11-12
RV005431,DH-KID-00447,C01434,O019160,5,,2026-06-25
RV005432,DH-TOP-00272,C01956,O019020,4,,2024-11-08
RV005433,DH-CO--00358,C01064,O011423,2,bhaiya size chart pe 38 likha tha but 36 jaisa hai,2025-02-11
RV005434,DH-FRO-00375,C01129,O011765,5,comfortable hai,2026-05-05
RV005435,DH-MEN-00582,C03577,O021576,5,comfortable hai,2024-11-28
RV005436,DH-TOP-00253,C00479,O009574,5,nice quality for the price,2025-07-25
RV005437,DH-DRE-00205,C02044,O013624,5,value for money,2025-04-04
RV005438,DH-KUR-00066,C02150,O009154,5,beti ko bahut pasand aaya,2025-08-04
RV005439,DH-KUR-00020,C03090,O012814,3,pls bahut loose hai,2025-04-18
RV005440,DH-MEN-00570,C00116,O023244,1,hi fabric cheap lag raha hai exchange nahi chahiye,2026-05-06
RV005441,DH-DRE-00195,C03468,O007946,5,,2026-07-17
RV005442,DH-TOP-00298,C01578,O001924,5,kapda achha hai,2026-07-22
RV005443,DH-MEN-00570,C04815,O021662,4,bahut achha hai,2026-08-30
RV005444,DH-DRE-00230,C05079,O018614,4,beti ko bahut pasand aaya,2026-01-01
RV005445,DH-KUR-00057,C05978,O008295,4,nice quality for the price,2026-08-09
RV005446,DH-KUR-00132,C00276,O003350,4,perfect fit,2025-04-01
RV005447,DH-KID-00523,C05665,O017031,1,"hi loose fitting, mere size ka nahi lagta",2026-07-06
RV005448,DH-KUR-00114,C00105,O013356,1,wrong item received exchange nahi chahiye,2024-10-16
RV005449,DH-KUR-00083,C04408,O017288,5,nice quality for the price,2025-06-05
RV005450,DH-FRO-00412,C03611,O014691,5,,2026-04-28
RV005451,DH-DRE-00204,C00295,O003643,3,PLS WRONG ITEM RECEIVED,2026-06-05
RV005452,DH-PAL-00330,C02441,O009921,5,bahut achha hai,2024-12-18
RV005453,DH-DRE-00231,C02991,O015107,4,kapda achha hai,2024-11-13
RV005454,DH-SCH-00465,C01503,O021376,1,"sir material not as described, ye cotton nahi lagta",2025-04-03
RV005455,DH-KID-00448,C05120,O008256,1,"hello, ek wash me rang chala gaya",2024-11-19
RV005456,DH-DRE-00235,C00042,O011257,3,mam ye emra order nahi hai very disappointed,2025-09-19
RV005457,DH-KUR-00087,C02995,O018278,1,mam waist pe nahi aaya very disappointed,2025-11-29
RV005458,DH-SCH-00467,C05060,O018365,2,mam very thin cloth jaldi pickup karo,2025-03-23
RV005459,DH-KID-00443,C01283,O014330,2,"hello, size bada hai exchange nahi chahiye",2026-02-24
RV005460,DH-DRE-00231,C04304,O019647,1,SIZE SE CHOAT H,2025-04-14
RV005461,DH-PAL-00342,C00764,O000247,5,comfortable hai,2026-01-10
RV005462,DH-KUR-00058,C01948,O004466,5,office ke liye perfect,2025-05-30
RV005463,DH-KID-00511,C03314,O007446,4,,2026-05-11
RV005464,DH-TOP-00299,C01490,O009443,5,,2025-12-22
RV005465,DH-MEN-00578,C05000,O006521,4,kapda achha hai,2026-05-13
RV005466,DH-KUR-00113,C02619,O004241,4,value for money,2024-12-22
RV005467,DH-MEN-00541,C04562,O018494,1,pls oversized lag raha hai jabki regular fti likha tha refund chahiye,2026-06-25
RV005468,DH-SCH-00474,C04417,O019596,5,value for money,2024-11-05
RV005469,DH-TOP-00285,C04453,O004590,4,office ke liye perfect,2025-08-21
RV005470,DH-SCH-00472,C03379,O015758,4,colour same as photo,2026-02-17
RV005471,DH-MEN-00586,C05785,O022802,5,,2025-11-22
RV005472,DH-TOP-00307,C02176,O011033,3,"hello, too small, chest  pe fit nahi hua refund chahiye",2026-01-20
RV005473,DH-FRO-00394,C00862,O015366,5,colour same as photo,2026-04-03
RV005474,DH-SCH-00468,C05828,O004161,1,pls size bada hi !!,2026-02-10
RV005475,DH-FRO-00393,C05348,O015992,5,bahut achha hai,2025-12-06
RV005476,DH-TOP-00257,C01529,O022188,5,bahut achha hai,2026-05-06
RV005477,DH-KID-00528,C03083,O015609,5,colour same as photo,2025-04-24
RV005478,DH-CO--00345,C02338,O011699,4,nice quality for the price,2025-12-03
RV005479,DH-FRO-00364,C01708,O021699,5,,2025-05-09
RV005480,DH-DRE-00206,C03008,O008275,1,sir maine kurti mangayi thi top aaya,2026-06-20
RV005481,DH-KID-00502,C03615,O022737,2,MAM FABRC CHEAP LAG RAHA HAI !!,2025-11-03
RV005482,DH-SCH-00466,C01356,O016856,3,mam bahut loose hai refund chahiye,2026-05-30
RV005483,DH-KUR-00175,C02990,O005446,4,colour same as photo,2026-02-13
RV005484,DH-KUR-00099,C03630,O002229,3,HI ... 🙏,2025-12-25
RV005485,DH-KID-00431,C03720,O015820,2,"stitching kharab hai, dhaage nikal rahe",2024-11-08
RV005486,DH-KID-00443,C01283,O014330,5,beti ko bahut pasand aaya,2026-02-21
RV005487,DH-TOP-00269,C03441,O016004,5,mast hai 👍,2025-09-27
RV005488,DH-DRE-00215,C04900,O002623,4,perfect fit,2025-08-22
RV005489,DH-KID-00540,C01994,O010707,5,comfortable hai,2025-09-20
RV005490,DH-FRO-00401,C04344,O005647,2,sleeves tight hai arms me jaldi pickup karo,2026-05-06
RV005491,DH-KID-00540,C04709,O004497,5,colour same as photo,2026-06-20
RV005492,DH-DRE-00218,C00683,O004982,1,"hello, stitching kharab hai, dhaage nikal rahe very disappointed",2026-07-29
RV005493,DH-KID-00518,C01568,O020332,5,perfect fit,2026-03-17
RV005494,DH-MEN-00557,C00499,O013327,5,beti ko bahut pasand aaya,2025-11-17
RV005495,DH-TOP-00279,C01597,O016134,2,ek wash me rang chala gaya exchange nahi chahiye,2024-11-11
RV005496,DH-KUR-00121,C04977,O008214,4,kapda achha hai,2025-02-23
RV005497,DH-SCH-00488,C03337,O020180,4,mast hai 👍,2025-03-03
RV005498,DH-FRO-00374,C01173,O019944,2,"hi size M bahut tight ai, L lena padega pls return",2025-04-10
RV005499,DH-TOP-00272,C05894,O010782,1,"pls loose fitting, mere size ka nahi lagta very disappointed",2024-10-29
RV005500,DH-DRE-00220,C03021,O011285,1,"hello, Size small aaya, mera regular M h jaldi pickup karo",2026-04-17
RV005501,DH-MEN-00547,C04146,O008921,5,perfect fit,2026-05-12
RV005502,DH-KUR-00158,C06000,O023439,3,"loose fitting, mere size ka nahi lagta pls return",2026-06-11
RV005503,DH-KID-00514,C01943,O006735,4,colour same as photo,2025-07-01
RV005504,DH-KUR-00160,C03032,O019312,5,kapda achha hai,2026-03-05
RV005505,DH-MEN-00582,C03537,O022156,5,value for money,2025-03-19
RV005506,DH-KID-00445,C00536,O016682,4,beti ko bahut pasand aaya,2024-12-02
RV005507,DH-DRE-00192,C02435,O023154,1,BHAIYA EK WASH ME RANG CHALA GAYA PLS RETURN,2024-12-10
RV005508,DH-MEN-00575,C01376,O022084,4,,2026-03-17
RV005509,DH-KID-00436,C02980,O015807,3,"mam too small, chest pe fitn ahi hua refund chahiye",2025-06-26
RV005510,DH-TOP-00253,C04933,O015825,1,"sir wrong size bheja, M order kiya tha XL aaya exchange nahi chahiye",2025-05-02
RV005511,DH-KUR-00047,C01721,O007107,1,sleeves tight hai arms me,2025-11-18
RV005512,DH-DRE-00194,C03505,O007821,4,colour same as photo,2025-12-22
RV005513,DH-KUR-00087,C05298,O005171,4,mast hai 👍,2025-05-08
RV005514,DH-KUR-00179,C03959,O023345,2,"mam loose fitting, mere size ka nahi lagta pls return",2026-09-27
RV005515,DH-SCH-00490,C00236,O005655,4,loved it,2025-02-24
RV005516,DH-DRE-00228,C01334,O011291,2,pls XL bhi tight hai kya size h ye very disappointed,2025-11-03
RV005517,DH-KUR-00018,C04875,O019101,3,"bhaiya material not as described, ye cotton nahi lagta",2025-11-28
RV005518,DH-TOP-00254,C03221,O016863,5,loved it,2026-03-02
RV005519,DH-CO--00348,C03222,O006959,3,mam baccheke liye bahut bada hai exchange nahi chahiye,2025-03-15
RV005520,DH-TOP-00275,C00034,O000562,4,perfect fit,2026-08-28
RV005521,DH-KUR-00017,C04474,O004370,4,office ke liye perfect,2026-06-14
RV005522,DH-FRO-00411,C05477,O003849,5,mast hai 👍,2026-07-18
RV005523,DH-KUR-00173,C05734,O012506,4,bahut achha hai,2025-06-24
RV005524,DH-MEN-00564,C00590,O019005,5,mast hai 👍,2026-07-23
RV005525,DH-DRE-00209,C02775,O017630,5,,2024-11-24
RV005526,DH-KUR-00163,C00708,O013713,4,comfortable hai,2025-09-15
RV005527,DH-FRO-00396,C05630,O023186,4,nice quality for the price,2026-08-30
RV005528,DH-KUR-00153,C04675,O005825,2,kapda bahut ptla hai,2026-08-04
RV005529,DH-FRO-00402,C03620,O008712,5,office ke liye perfect,2026-08-11
RV005530,DH-KUR-00043,C01350,O022419,3,bhaiya same as before,2024-11-27
RV005531,DH-TOP-00289,C04999,O022478,3,hi colour fade sa hai photo jaisa nahi refund chahiye,2026-04-12
RV005532,DH-FRO-00404,C04830,O021504,2,hi quality billkul bekar exchange nahi chahiye,2026-02-10
RV005533,DH-FRO-00400,C02668,O010096,4,comfortable hai,2025-10-29
RV005534,DH-KUR-00169,C01179,O009401,2,mam no,2026-06-24
RV005535,DH-CO--00349,C03344,O020454,4,value for money,2025-08-18
RV005536,DH-CO--00345,C00085,O015998,5,,2025-03-16
RV005537,DH-FRO-00363,C01621,O008235,1,bhaiya oversized lag raah hai jabki regular fit likha tha 🙏,2025-11-30
RV005538,DH-SCH-00477,C02803,O010816,1,sir very thi ncloth refund chahiye,2025-10-16
RV005539,DH-FRO-00374,C02991,O022241,5,kapda achha hai,2025-12-24
RV005540,DH-KID-00454,C04770,O000534,4,mast hai 👍,2025-03-03
RV005541,DH-MEN-00564,C02450,O019808,5,beti ko bahut pasand aaya,2026-04-29
RV005542,DH-KUR-00055,C02630,O007292,1,hole hai sleeve pe,2026-05-30
RV005543,DH-KUR-00021,C01723,O016071,5,loved it,2025-03-11
RV005544,DH-KID-00540,C05494,O009745,5,bahut achha hai,2026-07-20
RV005545,DH-KUR-00135,C01857,O011074,2,DAMAGED PECE RECEIVED JALDI PICKUP KARO,2025-04-17
RV005546,DH-KID-00430,C03840,O004619,2,बहुत टाइट है refund chahiye,2025-12-07
RV005547,DH-SCH-00486,C03125,O009184,5,mast hai 👍,2026-03-06
RV005548,DH-KID-00518,C02591,O003257,5,colour same as photo,2026-09-09
RV005549,DH-MEN-00586,C02781,O014694,4,kapda achha hai,2026-03-13
RV005550,DH-TOP-00268,C01162,O002474,2,"Size small aaya, mera regular M h 🙏",2025-09-30
RV005551,DH-TOP-00300,C02227,O001355,4,loved it,2025-11-26
RV005552,DH-TOP-00311,C01716,O014612,5,beti ko bahut pasand aaya,2025-05-19
RV005553,DH-PAL-00326,C01071,O010606,1,"SIR MATERIAL NOT AS DESCRIBED, YE COTTON NAHI LAGTA PLS RETURN",2024-11-03
RV005554,DH-SCH-00468,C04407,O019044,5,office ke liye perfect,2024-12-27
RV005555,DH-DRE-00223,C04226,O015630,2,bahut tight h shoulders pe refund chahiye,2026-01-10
RV005556,DH-SCH-00472,C02189,O011929,5,nice quality for the price,2025-05-08
RV005557,DH-SCH-00488,C02368,O023551,4,loved it,2025-10-02
RV005558,DH-KUR-00146,C02488,O007608,4,nice quality for the price,2026-03-14
RV005559,DH-PAL-00314,C01208,O000250,5,mast hai 👍,2026-07-25
RV005560,DH-MEN-00580,C02707,O007247,5,perfect fit,2026-09-27
RV005561,DH-SCH-00481,C02898,O001968,4,,2025-11-21
RV005562,DH-CO--00355,C04565,O016995,1,pehli dhulai me shrink ho gaya,2025-05-26
RV005563,DH-SCH-00476,C05609,O004052,4,,2026-02-22
RV005564,DH-FRO-00364,C02661,O013922,3,bhaiya kapda bahut patal hai,2026-02-06
RV005565,DH-SCH-00477,C05676,O000975,4,comfortable hai,2025-10-25
RV005566,DH-TRA-00597,C03751,O010079,5,comfortable hai,2026-02-10
RV005567,DH-MEN-00550,C00365,O022263,5,nice quality for the price,2025-09-10
RV005568,DH-FRO-00409,C03373,O007462,4,,2025-12-29
RV005569,DH-SCH-00470,C03076,O014123,2,bhaiya theek nah hai 🙏,2026-08-21
RV005570,DH-KID-00429,C00440,O018588,5,value for money,2025-09-02
RV005571,DH-KID-00428,C01608,O016974,2,button toota hua tha refund chahiye,2025-10-21
RV005572,DH-DRE-00236,C03367,O006227,4,colour same as photo,2026-03-22
RV005573,DH-MEN-00567,C04630,O017618,5,,2026-05-01
RV005574,DH-TOP-00294,C03178,O020339,4,bahut achha hai,2026-08-04
RV005575,DH-MEN-00580,C05364,O020170,4,value for money,2026-09-24
RV005576,DH-KUR-00175,C03940,O011488,5,nice quality for the price,2025-10-27
RV005577,DH-KUR-00029,C00146,O016298,3,length bhi kam hai aur tight bhi very disappointed,2024-11-01
RV005578,DH-KUR-00024,C03827,O016904,2,hi zip kaam nahi kar rahi,2026-07-02
RV005579,DH-TRA-00591,C05818,O007741,5,nice quality for the price,2025-12-05
RV005580,DH-KUR-00044,C05746,O008848,5,comfortable hai,2025-07-26
RV005581,DH-DRE-00218,C01538,O006275,5,loved it,2026-07-22
RV005582,DH-KUR-00174,C00829,O004008,2,bahut loose hai exchange nahi chahiye,2025-12-01
RV005583,DH-KID-00537,C00960,O016731,4,colour same as photo,2025-11-16
RV005584,DH-CO--00351,C04067,O023560,2,"loose fitting, mere size ka nahi lagta exchange nahi chahiye",2025-01-06
RV005585,DH-DRE-00209,C02775,O017630,5,,2024-11-26
RV005586,DH-KUR-00043,C00489,O023378,3,fabric rough hai skin pe chubhta hai,2024-12-09
RV005587,DH-FRO-00364,C04050,O019009,4,loved it,2026-07-14
RV005588,DH-DRE-00193,C02902,O000933,3,sir size chart pe 38 lkiha tha but 36 jaisa hai very disappointed,2026-06-03
RV005589,DH-KUR-00004,C00080,O023589,1,length bahut zyada hai 🙏,2025-10-22
RV005590,DH-TOP-00262,C02454,O015344,3,"hello, packet geela tha kapda kharab exchange nahi chahiye",2025-10-07
RV005591,DH-KUR-00044,C03514,O003089,5,colour same as photo,2026-08-07
RV005592,DH-TOP-00263,C01406,O013641,5,office ke liye perfect,2026-08-30
RV005593,DH-MEN-00577,C03613,O006503,5,mast hai 👍,2026-01-31
RV005594,DH-KUR-00149,C03254,O007610,1,BHAIYA GALAT PRODUCT AAYA,2025-12-05
RV005595,DH-KID-00506,C02205,O013973,5,mast hai 👍,2025-06-14
RV005596,DH-FRO-00374,C02963,O005166,4,comfortable hai,2026-03-25
RV005597,DH-TOP-00267,C05010,O020939,5,,2026-09-27
RV005598,DH-KID-00517,C00237,O020773,1,"hello, too big, ekdum dheela",2026-01-07
RV005599,DH-KUR-00166,C00858,O000760,4,loved it,2026-05-25
RV005600,DH-KID-00519,C02493,O017831,2,SLEEVES TIGHT HAI ARMS ME,2026-08-12
RV005601,DH-KUR-00113,C01727,O008872,1,size se chota h 🙏,2024-10-15
RV005602,DH-KUR-00164,C04697,O005439,1,pls hole hai leeve pe jaldi pickup karo,2025-05-14
RV005603,DH-SCH-00488,C01346,O001260,5,perfect fit,2024-12-04
RV005604,DH-KUR-00084,C01822,O000655,5,,2026-08-24
RV005605,DH-KID-00462,C00188,O005053,4,,2025-04-03
RV005606,DH-KUR-00180,C02550,O021455,1,hi shoulders gir rahe hain itna loose jaldi pickup karo,2025-07-17
RV005607,DH-KID-00515,C03033,O015280,5,nice quality for the price,2026-04-15
RV005608,DH-KUR-00027,C04963,O022026,5,beti ko bahut pasand aaya,2025-10-29
RV005609,DH-SCH-00472,C03894,O020761,5,colour same as photo,2025-01-06
RV005610,DH-KUR-00052,C05840,O001437,3,रंग फोटो से अलग है jaldi pickup karo,2025-05-29
RV005611,DH-FRO-00381,C03844,O021735,4,mast hai 👍,2025-12-17
RV005612,DH-KUR-00115,C01265,O011384,2,hi packet geela tha kapda kharab 🙏,2026-07-28
RV005613,DH-DRE-00215,C02623,O021826,4,office ke liye perfect,2025-12-07
RV005614,DH-KUR-00098,C04612,O017625,4,value for money,2026-09-13
RV005615,DH-DRE-00204,C03275,O005872,5,,2025-06-14
RV005616,DH-KID-00454,C00399,O017828,4,kapda achha hai,2026-03-05
RV005617,DH-KUR-00100,C00496,O006914,5,perfect fit,2025-04-12
RV005618,DH-DRE-00215,C04888,O004155,1,bhaiya smaller than usual size exchange nahi chahiye,2026-02-26
RV005619,DH-KID-00503,C04958,O022626,4,mast hai 👍,2024-11-28
RV005620,DH-DRE-00243,C02716,O003688,2,hi sleeves tight hai arms me,2025-12-17
RV005621,DH-DRE-00210,C01674,O001321,1,"TOO BIG, EKDUM DHEELA EXCHANGE NAHI CHAHIYE",2026-02-19
RV005622,DH-KUR-00016,C05665,O023721,2,size chart se bada nikla jaldi pickup karo,2024-12-12
RV005623,DH-KID-00503,C00528,O008754,4,bahut achha hai,2024-12-07
RV005624,DH-KUR-00029,C05736,O019544,2,bhaiya quality bilkul bekar exchange nahi chahiye,2024-10-27
RV005625,DH-DRE-00214,C02780,O016447,4,nice quality for the price,2026-03-27
RV005626,DH-FRO-00412,C02168,O009114,4,loved it,2025-10-26
RV005627,DH-KUR-00108,C00458,O017763,4,colour same as photo,2025-05-26
RV005628,DH-KID-00537,C03403,O018791,5,,2025-06-27
RV005629,DH-TOP-00268,C03164,O006302,1,oversized lag raha hai jabki regular fit likha tha,2025-02-28
RV005630,DH-TOP-00278,C03043,O003472,4,nice quality for the price,2026-04-28
RV005631,DH-DRE-00246,C00993,O023566,5,colour same as photo,2026-05-12
RV005632,DH-KUR-00179,C01211,O001051,2,MAM FABRIC CHEAP LAG RAHA HAI,2025-07-09
RV005633,DH-CO--00356,C00371,O007180,2,hi color si different from image pls return,2025-11-08
RV005634,DH-SCH-00481,C03954,O016641,4,colour same as photo,2025-10-25
RV005635,DH-TRA-00595,C00931,O008248,4,,2025-09-28
RV005636,DH-FRO-00403,C02170,O022475,4,,2026-09-27
RV005637,DH-KID-00535,C03484,O021653,5,loved it,2026-03-27
RV005638,DH-PAL-00334,C00517,O015394,2,hi bekar,2026-09-05
RV005639,DH-KID-00499,C00454,O000452,2,"hello, loose fitting, mere size ka nahi lagta very disappointed",2025-11-03
RV005640,DH-TOP-00273,C02413,O003030,1,bhaiya size chota hai 🙏,2025-09-01
RV005641,DH-FRO-00383,C03993,O008431,4,colour same as photo,2025-04-15
RV005642,DH-KID-00462,C05810,O017919,4,mast hai 👍,2024-11-24
RV005643,DH-FRO-00409,C01246,O010963,4,mast hai 👍,2024-12-20
RV005644,DH-KID-00537,C02990,O021872,1,"hello, ye wala shade nahi tha website pe pls return",2026-09-13
RV005645,DH-DRE-00181,C01946,O003061,5,,2024-11-05
RV005646,DH-MEN-00550,C05475,O019062,4,office ke liye perfect,2025-12-07
RV005647,DH-KUR-00033,C03369,O022375,4,loved it,2025-04-25
RV005648,DH-KID-00441,C04961,O009959,5,value for money,2025-09-07
RV005649,DH-CO--00345,C04927,O001725,5,beti ko bahut pasand aaya,2025-11-17
RV005650,DH-KUR-00111,C05820,O021743,4,mast hai 👍,2025-11-14
RV005651,DH-KUR-00037,C02109,O003032,1,size bada hai exchange nahi chahiye,2026-09-04
RV005652,DH-TOP-00291,C03702,O011213,4,value for money,2026-03-29
RV005653,DH-TOP-00278,C01678,O004065,4,bahut achha hai,2026-06-28
RV005654,DH-TOP-00285,C03853,O001062,3,rang halka hai bbahut refund chahiye,2025-04-20
RV005655,DH-SCH-00472,C03254,O010533,5,value for money,2025-05-11
RV005656,DH-KUR-00162,C01980,O020636,5,perfect fit,2026-04-14
RV005657,DH-KUR-00105,C02775,O008236,5,perfect fit,2024-11-30
RV005658,DH-FRO-00370,C01516,O000798,4,nice quality for the price,2024-12-28
RV005659,DH-FRO-00387,C03073,O013729,1,sir M mangaya tha bada aaya pls return,2025-03-23
RV005660,DH-KUR-00145,C00303,O011737,3,mam zip kaam nahi kar rahi jaldi pickup karo,2026-04-26
RV005661,DH-DRE-00185,C02704,O009636,3,XL bhi tight hai kya size h ye jaldi pickup karo,2025-09-22
RV005662,DH-KUR-00099,C05813,O003201,5,kapda achha hai,2026-02-22
RV005663,DH-KUR-00180,C03911,O023031,2,very thin cloth 🙏,2025-07-02
RV005664,DH-DRE-00220,C02362,O010311,5,bahut achha hai,2025-10-22
RV005665,DH-FRO-00416,C03233,O004126,4,kapda achha hai,2025-12-04
RV005666,DH-KID-00515,C05944,O021764,4,value for money,2025-11-04
RV005667,DH-TOP-00269,C00076,O008093,4,perfect fit,2025-12-16
RV005668,DH-MEN-00586,C01565,O022187,5,bahut achha hai,2024-12-16
RV005669,DH-DRE-00190,C00600,O021795,2,issue hai,2026-04-02
RV005670,DH-DRE-00242,C05918,O006906,5,mast hai 👍,2026-04-27
RV005671,DH-KUR-00021,C04525,O011076,2,quality achhi nahi hai !!,2025-04-03
RV005672,DH-SCH-00483,C01068,O002717,2,OK VERY DISAPPOINTED,2026-05-21
RV005673,DH-FRO-00396,C01778,O018585,4,,2026-06-20
RV005674,DH-KUR-00056,C05944,O000284,5,bahut achha hai,2026-07-11
RV005675,DH-DRE-00205,C02020,O016045,5,mast hai 👍,2025-10-26
RV005676,DH-TOP-00301,C00268,O019776,4,office ke liye perfect,2025-02-05
RV005677,DH-DRE-00215,C00678,O008860,5,colour same as photo,2025-11-10
RV005678,DH-KUR-00141,C01790,O008528,5,office ke liye perfect,2025-02-02
RV005679,DH-KID-00534,C04050,O004156,1,BHAIYA FABRIC ROUGH HAI SKIN PE CHUBHTA HAI !!,2026-04-05
RV005680,DH-SCH-00465,C05041,O008123,5,mast hai 👍,2025-09-04
RV005681,DH-KUR-00029,C00146,O016298,1,sir बहुत टाइट है refund chahiye,2024-11-02
RV005682,DH-KUR-00017,C00772,O014134,5,perfect fit,2025-05-25
RV005683,DH-DRE-00198,C00705,O005363,1,FITTING BAHUT TIGHT HAI YAAAR,2025-10-21
RV005684,DH-KUR-00100,C03132,O021191,4,,2025-08-08
RV005685,DH-PAL-00326,C04572,O008047,5,kapda achha hai,2024-12-13
RV005686,DH-FRO-00398,C03075,O008881,5,colour same as photo,2025-09-29
RV005687,DH-KID-00444,C00069,O018217,2,"hello, kapda bahut ptala hai",2026-04-16
RV005688,DH-FRO-00383,C01408,O011449,5,loved it,2026-06-28
RV005689,DH-SCH-00488,C00667,O021121,2,M mangaya tha bada aaya refund chahiye,2025-02-20
RV005690,DH-DRE-00206,C02633,O000305,5,colour same as photo,2025-02-04
RV005691,DH-FRO-00367,C03951,O001834,1,sir see thhrough hai kapda,2026-08-25
RV005692,DH-KUR-00149,C03628,O006508,5,mast hai 👍,2025-07-25
RV005693,DH-SCH-00495,C01925,O009762,1,ORDERED L BUT FEELS LIKE S VERY DISAPPOINTED,2026-03-21
RV005694,DH-KUR-00002,C05312,O010914,1,pls fabric rough hai skin pe chubhta hai,2026-03-31
RV005695,DH-KUR-00153,C04675,O005825,4,beti ko bahut pasand aaya,2026-08-01
RV005696,DH-KID-00502,C02431,O005041,4,loved it,2026-01-19
RV005697,DH-KUR-00114,C04541,O017014,1,bhaiya color is different from image,2025-06-19
RV005698,DH-DRE-00230,C02939,O012998,5,colour same as photo,2025-12-12
RV005699,DH-CO--00350,C04769,O022890,5,kapda achha hai,2026-07-30
RV005700,DH-KID-00441,C05677,O021615,5,mast hai 👍,2025-08-15
RV005701,DH-DRE-00226,C00292,O015330,1,"HELLO, LOOSE FITTING, MERE SIZE KA NAHI LAGTA !!",2026-04-29
RV005702,DH-SCH-00479,C03317,O005270,5,perfect fit,2025-04-30
RV005703,DH-MEN-00579,C05118,O002675,2,hi ek wash me rang chala gaya !!,2026-08-16
RV005704,DH-SCH-00496,C00617,O017572,5,mast hai 👍,2026-04-05
RV005705,DH-PAL-00334,C04197,O020687,5,colour same as photo,2026-05-04
RV005706,DH-MEN-00575,C01873,O005832,2,wrong item received refund chahiye,2025-05-15
RV005707,DH-FRO-00383,C03231,O023952,2,phata hua aaya,2026-07-05
RV005708,DH-SCH-00492,C04633,O011204,5,nice quality for the price,2026-01-31
RV005709,DH-TRA-00593,C00215,O001457,3,print utar raha hai pls return,2026-09-04
RV005710,DH-KUR-00029,C00873,O023810,1,"SIZE M BAHUT TIGHT HAI, L LENA PADEGA VERY DISAPPOINTED",2024-11-09
RV005711,DH-KID-00521,C03241,O017485,2,waist pe nahi aaya refund chahiye,2025-11-03
RV005712,DH-KUR-00031,C05812,O023816,4,,2026-06-02
RV005713,DH-CO--00354,C04432,O023975,5,kapda achha hai,2025-06-18
RV005714,DH-TOP-00257,C01529,O022188,5,perfect fit,2026-04-24
RV005715,DH-KID-00422,C00926,O002063,5,mast hai 👍,2026-01-09
RV005716,DH-FRO-00415,C00954,O013534,2,"bhaiya loose fitting, mere size ka nahi lagta",2026-03-22
RV005717,DH-KUR-00090,C05146,O005671,2,smaller tha nusual size,2026-04-03
RV005718,DH-KUR-00097,C04375,O023305,2,pls quality bilkul bekar,2025-03-10
RV005719,DH-TOP-00281,C02420,O022456,2,pls size chart pe 38 likha hta but 36 jaisa hai refund chahiye,2025-12-03
RV005720,DH-KUR-00039,C05064,O013548,4,perfect fit,2026-03-27
RV005721,DH-TOP-00278,C03323,O022520,5,mast hai 👍,2025-05-02
RV005722,DH-KUR-00139,C01318,O010571,5,nice quality for the price,2025-12-16
RV005723,DH-CO--00360,C05645,O010879,1,sir quality achhi nahi hai pls return,2025-09-05
RV005724,DH-KID-00435,C04347,O018404,4,loved it,2026-06-12
RV005725,DH-KUR-00069,C01946,O003685,5,comfortable hai,2026-09-16
RV005726,DH-KUR-00180,C02753,O011550,5,colour same as photo,2025-06-13
RV005727,DH-FRO-00375,C02651,O014943,5,perfect fit,2025-09-01
RV005728,DH-KUR-00088,C00446,O016640,1,pls different design aaya very disappointed,2024-11-24
RV005729,DH-FRO-00418,C05585,O017053,4,office ke liye perfect,2025-02-05
RV005730,DH-KUR-00131,C02836,O007123,4,perfect fit,2025-06-13
RV005731,DH-KUR-00030,C02496,O003663,5,perfect fit,2026-06-19
RV005732,DH-KUR-00147,C03628,O012135,5,,2026-07-23
RV005733,DH-KUR-00104,C02388,O021143,4,mast hai 👍,2026-09-06
RV005734,DH-CO--00350,C04123,O020704,5,office ke liye perfect,2026-04-14
RV005735,DH-DRE-00231,C03646,O014904,5,nice quality for the price,2025-02-04
RV005736,DH-KUR-00155,C02694,O017427,5,,2025-03-15
RV005737,DH-TOP-00271,C05451,O000544,2,smaller than usual size 🙏,2026-07-04
RV005738,DH-SCH-00479,C05379,O023236,2,mam बहुत टाइट है,2026-04-08
RV005739,DH-PAL-00319,C00041,O023188,5,mast hai 👍,2025-12-27
RV005740,DH-KUR-00140,C05081,O008010,5,mast hai 👍,2026-01-27
RV005741,DH-KUR-00180,C01298,O004271,4,value for money,2024-11-30
RV005742,DH-KUR-00062,C00928,O013313,2,bhaiya colour fade sa hai photo jaisa nahi pls return,2026-07-16
RV005743,DH-TOP-00266,C05598,O020294,2,hi fabric rough hai skin pe chubhta hai 🙏,2025-10-04
RV005744,DH-KUR-00165,C03521,O020430,4,loved it,2026-08-20
RV005745,DH-KID-00518,C02296,O014080,2,mam sleeves tight haia rms me very disappointed,2026-09-27
RV005746,DH-KUR-00016,C01282,O022265,4,bahut achha hai,2025-02-02
RV005747,DH-DRE-00181,C04752,O002441,1,COLLOUR ALAG HAI PHOTO SE 🙏,2025-10-17
RV005748,DH-KID-00421,C02275,O017360,4,mast hai 👍,2026-06-01
RV005749,DH-KUR-00025,C04993,O002809,1,"MATERIAL NOT AS DESCRIBED, YE COTTON NAHI LAGTA 🙏",2026-08-01
RV005750,DH-FRO-00400,C05351,O021658,5,office ke liye perfect,2024-12-05
RV005751,DH-FRO-00370,C02311,O018665,5,bahut achha hai,2025-06-21
RV005752,DH-MEN-00586,C00866,O006268,1,bhaiya waist pe nahi aaya 🙏,2026-01-29
RV005753,DH-TOP-00253,C02966,O000072,4,mast hai 👍,2026-01-29
RV005754,DH-FRO-00376,C03862,O009852,5,office ke liye perfect,2026-07-24
RV005755,DH-KUR-00153,C05431,O009656,5,perfect fit,2025-08-24
RV005756,DH-PAL-00330,C02400,O007113,5,mast hai 👍,2026-02-11
RV005757,DH-KUR-00002,C04630,O014156,5,comfortable hai,2026-04-29
RV005758,DH-DRE-00246,C00010,O008316,4,beti ko bahut pasand aaya,2025-10-01
RV005759,DH-KID-00513,C00888,O011898,5,perfect fit,2026-01-06
RV005760,DH-SCH-00479,C00681,O003965,4,loved it,2026-03-12
RV005761,DH-MEN-00577,C02328,O004097,5,,2026-05-12
RV005762,DH-KUR-00114,C03823,O006255,3,pls rang bilkul alag ai,2025-10-26
RV005763,DH-KUR-00058,C02810,O003490,3,mam sleeves tight hai arms me pls return,2026-04-05
RV005764,DH-KID-00500,C01392,O020068,2,"material not as described, ye cotton nahi lagta",2025-12-17
RV005765,DH-KID-00517,C00984,O004326,4,comfortable hai,2025-07-14
RV005766,DH-TOP-00281,C03956,O006504,5,loved it,2025-11-19
RV005767,DH-MEN-00559,C03168,O022142,4,value for money,2025-12-16
RV005768,DH-DRE-00224,C04305,O004994,5,beti ko bahut pasand aaya,2025-10-30
RV005769,DH-MEN-00586,C04186,O014952,4,perfect fit,2025-09-08
RV005770,DH-KUR-00102,C05570,O016906,3,pls colour alag hai photo se refund chahiye,2026-04-03
RV005771,DH-MEN-00567,C00110,O017461,5,perfect fit,2026-01-24
RV005772,DH-KUR-00114,C01138,O010242,2,beti ke liye liya tha chhota pad gaya,2025-09-22
RV005773,DH-DRE-00181,C01660,O021784,2,mam print utar raha hai very disappointed,2025-06-11
RV005774,DH-TOP-00289,C03954,O016641,3,pehli dhulai me shrink ho gaya,2025-10-21
RV005775,DH-TOP-00298,C03204,O019701,4,kapda achha hai,2026-04-01
RV005776,DH-KUR-00180,C01235,O002591,5,colour same as photo,2025-01-30
RV005777,DH-TOP-00285,C00099,O006859,4,loved it,2024-11-28
RV005778,DH-KUR-00156,C03458,O012988,4,beti ko bahut pasand aaya,2026-05-03
RV005779,DH-FRO-00370,C01860,O021852,5,nice quality for the price,2024-11-23
RV005780,DH-KID-00528,C05520,O012885,2,bhaiya रंग फोटो से अलग है,2024-10-24
RV005781,DH-DRE-00185,C03017,O006142,5,perfect fit,2025-08-26
RV005782,DH-KUR-00140,C00371,O016060,5,perfect fit,2025-06-20
RV005783,DH-KUR-00114,C04565,O015014,1,waist pe nahi aaya !!,2024-11-10
RV005784,DH-SCH-00466,C00230,O019545,5,value for money,2026-01-10
RV005785,DH-DRE-00220,C01053,O003306,5,nice quality for the price,2026-09-24
RV005786,DH-FRO-00416,C04072,O020848,5,office ke liye perfect,2026-09-27
RV005787,DH-KUR-00054,C03018,O008820,2,"kurti bahut fit hai, breathe nahi kar pa rahi refund chahiye",2025-11-13
RV005788,DH-TOP-00261,C00734,O009461,2,HI M MANGAYA THA BADA AAYA 🙏,2026-05-29
RV005789,DH-DRE-00217,C05098,O011181,3,mam beti ke liye liya tha chhota pad gaya,2024-10-29
RV005790,DH-KUR-00100,C01625,O002935,4,mast hai 👍,2025-04-24
RV005791,DH-KUR-00051,C03025,O017733,5,,2026-07-30
RV005792,DH-KUR-00046,C00797,O009406,5,beti ko bahut pasand aaya,2026-04-08
RV005793,DH-TOP-00279,C05951,O002036,2,"hello, acha nahi laga jaldi pickup karo",2026-02-16
RV005794,DH-KUR-00125,C04343,O003874,3,pls pink mangaya tha peach aaya,2025-11-29
RV005795,DH-DRE-00244,C01151,O011924,4,colour same as photo,2025-10-31
RV005796,DH-CO--00356,C00208,O017180,5,,2026-06-02
RV005797,DH-FRO-00416,C05941,O007567,3,hi अच्छा नहीं लगा jaldi pickup karo,2025-05-26
RV005798,DH-KUR-00026,C05203,O016588,1,see through hai kapda pls return,2025-03-13
RV005799,DH-FRO-00408,C05086,O007027,4,,2026-07-05
RV005800,DH-KID-00429,C03614,O000592,5,bahut achha hai,2025-12-23
RV005801,DH-KID-00435,C04072,O007058,1,"hi Size small aaya, mera regular M h jaldi pickup karo",2026-04-07
RV005802,DH-KUR-00153,C02137,O001996,2,mam see through hai kapda !!,2025-07-27
RV005803,DH-KUR-00164,C01154,O023999,2,अच्छा नहीं लगा pls return,2026-09-27
RV005804,DH-SCH-00494,C02378,O011662,4,nice quality for the price,2025-09-28
RV005805,DH-DRE-00238,C00920,O004262,1,hi size chart se bada nikla,2026-08-20
RV005806,DH-TOP-00256,C01337,O000739,4,beti ko bahut pasand aaya,2025-08-19
RV005807,DH-KUR-00082,C00710,O000705,5,value for money,2025-10-22
RV005808,DH-KID-00431,C04688,O001192,2,bhaiya XL bhi tight hai kya size h ye,2025-11-23
RV005809,DH-FRO-00371,C00998,O022587,4,kapda achha hai,2025-08-31
RV005810,DH-KUR-00177,C00495,O005502,1,sir nahi chahiye bas,2026-04-27
RV005811,DH-TOP-00266,C02211,O017680,2,sir button toota hua tha 🙏,2026-03-07
RV005812,DH-TRA-00595,C03116,O002282,2,mustard bola tha ye to green yelow hai pls return,2025-07-14
RV005813,DH-MEN-00546,C05215,O018623,1,see through hai kapda,2024-11-28
RV005814,DH-KUR-00125,C00380,O022815,5,,2024-11-01
RV005815,DH-KID-00537,C03841,O002407,5,mast hai 👍,2025-11-22
RV005816,DH-CO--00354,C05452,O011712,5,mast hai 👍,2024-10-13
RV005817,DH-DRE-00203,C02754,O004077,1,"hi stitching kharab hai, dhaage nikal rahe exchange nahi chahiye",2025-12-09
RV005818,DH-KUR-00154,C03083,O016627,5,mast hai 👍,2025-08-29
RV005819,DH-KID-00429,C05281,O000696,1,sir image me bright tha real me dull hai refund chahiye,2026-09-25
RV005820,DH-DRE-00198,C01210,O006035,1,COLOUR FDE SA HAI PHOTO JAISA NAHI VERY DISAPPOINTED,2024-10-23
RV005821,DH-DRE-00200,C04471,O014897,2,hi beti ke liye liya tha chhota pad gaya,2026-04-16
RV005822,DH-DRE-00190,C01567,O006902,2,"material not as described, ye cotton nahi lagta jaldi pickup karo",2026-02-28
RV005823,DH-SCH-00470,C03684,O005969,4,loved it,2026-01-22
RV005824,DH-SCH-00471,C05458,O005293,5,mast hai 👍,2025-01-15
RV005825,DH-TRA-00589,C02162,O017172,5,perfect fit,2026-03-06
RV005826,DH-KID-00444,C00957,O010575,2,pls tooloose at waist,2025-06-24
RV005827,DH-MEN-00568,C04787,O001206,4,kapda achha hai,2026-08-10
RV005828,DH-KUR-00017,C01156,O018518,1,bhaiya quality bilkul bekar refund chahiye,2026-04-11
RV005829,DH-TOP-00296,C00543,O011147,1,pls waist pe nahi aaya 🙏,2026-02-16
RV005830,DH-FRO-00399,C02210,O001553,1,wrong item received,2025-10-14
RV005831,DH-PAL-00329,C01670,O005176,1,SIR M MANGAYA THA BADA AAYA,2025-07-10
RV005832,DH-FRO-00382,C05628,O014233,5,colour same as photo,2026-06-29
RV005833,DH-KUR-00041,C05584,O012944,4,kapda achha hai,2026-06-08
RV005834,DH-KUR-00083,C05498,O017210,2,bhaiya pehli dhulai me shrink ho gaya,2026-06-23
RV005835,DH-KID-00453,C00015,O014210,1,stain mila delivery pe jaldi pickup karo,2025-05-07
RV005836,DH-KID-00511,C01659,O001735,1,"bhaiya photo me maroon dikha, aaya brown jaldi pickup karo",2025-05-19
RV005837,DH-KUR-00136,C04981,O013644,5,value for money,2025-08-14
RV005838,DH-KID-00511,C00276,O002463,1,silai khuli hui thi aate hi,2025-06-16
RV005839,DH-KUR-00108,C02532,O004687,4,office ke liye perfect,2026-05-03
RV005840,DH-FRO-00379,C01779,O017696,4,colour same as photo,2026-02-15
RV005841,DH-PAL-00340,C05137,O014464,1,sir rang halka hai bahut,2026-07-10
RV005842,DH-KUR-00177,C03257,O000215,1,galat produuct aaya !!,2025-12-12
RV005843,DH-TOP-00271,C02862,O017341,1,sir smaller than uusal size,2025-06-12
RV005844,DH-KUR-00180,C04734,O004366,2,mam कपडा बहुत पतला है,2024-11-03
RV005845,DH-KUR-00100,C04589,O020412,2,HI FITTING BAHUT TIGHT HAI YAAR VERY DISAPPOINTED,2025-01-02
RV005846,DH-FRO-00389,C00509,O000324,5,kapda achha hai,2026-02-25
RV005847,DH-KID-00455,C02826,O011467,4,office ke liye perfect,2025-12-11
RV005848,DH-KID-00453,C00274,O012002,4,perfect fit,2025-11-14
RV005849,DH-KUR-00100,C01766,O018076,5,perfect fit,2024-12-06
RV005850,DH-SCH-00472,C04705,O016466,5,bahut achha hai,2025-05-06
RV005851,DH-KID-00462,C03033,O006515,1,bhaiya bacche ke liye bahut bada hai pls return,2024-11-18
RV005852,DH-TOP-00303,C03375,O004463,5,,2026-09-18
RV005853,DH-FRO-00403,C02796,O012871,3,quality achhi nahi hai,2026-03-02
RV005854,DH-CO--00358,C05702,O018891,4,loved it,2025-05-18
RV005855,DH-MEN-00574,C03746,O014959,4,comfortable hai,2026-06-20
RV005856,DH-KID-00454,C01515,O014563,2,"too big, ekdum dheela pls return",2025-12-14
RV005857,DH-DRE-00208,C03414,O021236,4,loved it,2025-12-26
RV005858,DH-KID-00526,C04705,O020399,5,bahut achha hai,2026-08-29
RV005859,DH-KUR-00033,C00702,O006736,2,sir bahut loose hai exchange nahi chahiye,2026-09-27
RV005860,DH-KID-00451,C04346,O009546,5,value for money,2025-02-25
RV005861,DH-DRE-00243,C05101,O009029,5,perfect fit,2026-09-22
RV005862,DH-KID-00441,C02877,O012315,1,fabric rough haiskin pe chubhta hai,2025-10-11
RV005863,DH-KUR-00154,C03017,O017209,5,beti ko bahut pasand aaya,2025-07-17
RV005864,DH-KUR-00112,C03853,O002275,1,mam very thin cloth refund chahiye,2026-05-23
RV005865,DH-KID-00462,C00390,O005609,2,"size M bahut tightt hai, L lena padega exchange nahi chahiye",2026-02-21
RV005866,DH-DRE-00252,C01722,O023078,5,colour same as photo,2026-04-19
RV005867,DH-FRO-00399,C01462,O008709,1,"hello, beti ke liye liya tha chhota pad gaya",2025-11-07
RV005868,DH-SCH-00489,C00218,O004263,5,,2025-05-30
RV005869,DH-TOP-00279,C00904,O009738,4,value for money,2024-11-29
RV005870,DH-SCH-00468,C02556,O020113,5,mast hai 👍,2026-05-15
RV005871,DH-DRE-00197,C04461,O014572,5,value for money,2026-06-08
RV005872,DH-KUR-00100,C02758,O021899,5,colour same as photo,2025-08-09
RV005873,DH-KID-00433,C05060,O002964,5,,2026-02-23
RV005874,DH-DRE-00206,C00537,O004978,5,loved it,2026-09-19
RV005875,DH-KUR-00049,C00800,O008244,4,office ke liye perfect,2026-08-07
RV005876,DH-PAL-00339,C05040,O023571,5,perfect fit,2026-02-15
RV005877,DH-MEN-00576,C01128,O005761,1,कपड़ा बहुत पतला है,2025-09-08
RV005878,DH-KID-00428,C00460,O022409,5,nice quality for the price,2025-07-15
RV005879,DH-FRO-00364,C01500,O009900,5,perfect fit,2026-07-28
RV005880,DH-MEN-00548,C00376,O020563,5,nice quality for the price,2026-07-29
RV005881,DH-KUR-00017,C03496,O020520,1,TOO LOOSE AT WAIST EXCHANGE NAHI CHAHIYE,2025-09-25
RV005882,DH-FRO-00413,C05155,O004331,4,,2026-06-27
RV005883,DH-DRE-00213,C02303,O013139,2,beti ke liye liya tha chhota pad gaya,2025-04-19
RV005884,DH-MEN-00569,C03012,O001253,5,comfortable hai,2026-03-14
RV005885,DH-KUR-00078,C00731,O007233,1,PRINT UTAR RAHA HAI,2026-05-28
RV005886,DH-FRO-00393,C03527,O000614,5,,2025-11-24
RV005887,DH-MEN-00555,C01044,O013434,5,nice quality for the price,2026-08-16
RV005888,DH-KUR-00153,C00927,O017963,1,bhaiya कपड़ा बहुत पता है jaldi pickup karo,2025-10-03
RV005889,DH-CO--00348,C01641,O023562,3,bhaiya fitting bahut tight hai yaar !!,2024-11-19
RV005890,DH-DRE-00184,C05106,O008632,2,"hello, ek wash me rang chala gaya !!",2025-02-18
RV005891,DH-KUR-00043,C03410,O015465,5,colour same as photo,2025-06-19
RV005892,DH-KID-00430,C05414,O009257,5,office ke liye perfect,2024-12-11
RV005893,DH-MEN-00572,C05310,O008857,2,mam galatp roduct aaya refund chahiye,2026-05-11
RV005894,DH-KUR-00085,C00539,O020805,2,packet geela tha kapda kharab refund chahiye,2026-09-24
RV005895,DH-KUR-00087,C05137,O021766,2,mam too loose at waist very disappointed,2026-05-09
RV005896,DH-KUR-00086,C00166,O010530,2,sir beti ke liye liya tha chhota pad gaya,2025-01-07
RV005897,DH-MEN-00582,C02236,O016107,3,"STTCHING KHARAB HAI, DHAAGE NIKAL RAHE VERY DISAPPOINTED",2024-10-24
RV005898,DH-MEN-00545,C04910,O010399,5,colour same as photo,2026-08-30
RV005899,DH-KUR-00047,C04083,O007290,5,beti ko bahut pasand aaya,2024-10-18
RV005900,DH-KUR-00113,C05196,O006273,5,value for money,2024-11-27
RV005901,DH-SCH-00476,C03078,O015967,2,bhaiya print uutar raha hai,2025-06-06
RV005902,DH-DRE-00182,C05629,O000339,1,"sir sttching kharab hai, dhaage nikal rahe !!",2025-10-07
RV005903,DH-FRO-00383,C03134,O022555,1,pls tight hi !!,2025-04-03
RV005904,DH-KID-00430,C02538,O018666,4,office ke liye perfect,2026-01-11
RV005905,DH-MEN-00550,C05874,O012540,5,nice quality for the price,2026-05-06
RV005906,DH-KID-00540,C03631,O000516,4,kapda achha hai,2025-09-05
RV005907,DH-DRE-00211,C04339,O022393,2,hi size chart pe 38 likha tha but 36 jaisa hai,2026-01-26
RV005908,DH-SCH-00474,C04204,O022584,4,,2026-01-29
RV005909,DH-FRO-00388,C03002,O010262,3,smaller than usual size very disappointed,2025-03-31
RV005910,DH-KID-00526,C05201,O002672,4,loved it,2024-10-20
RV005911,DH-SCH-00488,C00719,O014880,3,sir tight hai exchange nahi chahiye,2024-12-18
RV005912,DH-KUR-00164,C04061,O004217,5,office ke liye perfect,2026-07-04
RV005913,DH-SCH-00495,C03392,O020236,1,bacche ke liye bahut bada hai pls return,2026-04-09
RV005914,DH-KID-00509,C01570,O000951,3,bhaiya issue hai exchange nahi chahiye,2026-02-15
RV005915,DH-DRE-00246,C03819,O002752,2,XL bhi tight hai kya size h ye,2026-06-02
RV005916,DH-KUR-00026,C01018,O005762,5,nice quality for the price,2024-11-21
RV005917,DH-KID-00522,C00996,O019892,1,PLS STAIN MILA DELIVERY PE PLS RETURN,2026-08-27
RV005918,DH-TOP-00291,C03352,O001604,5,bahut achha hai,2025-04-10
RV005919,DH-CO--00345,C04072,O001690,5,,2025-09-21
RV005920,DH-DRE-00202,C03675,O000889,5,bahut achha hai,2025-07-02
RV005921,DH-DRE-00220,C05559,O021165,5,,2025-06-17
RV005922,DH-DRE-00204,C05667,O010651,3,"hello, zip kaam nahi kar rai pls return",2025-10-22
RV005923,DH-KID-00501,C00660,O017398,5,comfortable hai,2026-03-18
RV005924,DH-PAL-00327,C05658,O000723,4,perfect fit,2026-07-06
RV005925,DH-KUR-00025,C00731,O015483,4,beti ko bahut pasand aaya,2026-02-21
RV005926,DH-KUR-00085,C03970,O019085,3,bahut tight h shoulders pe jaldi pickup karo,2026-06-11
RV005927,DH-KUR-00017,C05507,O018664,3,MAM BAHUT LOOSE HAI PLS RETURN,2025-05-01
RV005928,DH-DRE-00193,C03646,O019326,1,"chhota aa gaya, size cahrt galat hai",2026-05-29
RV005929,DH-KUR-00034,C02740,O013452,4,,2024-12-13
RV005930,DH-KID-00457,C00042,O011257,5,,2025-09-12
RV005931,DH-KID-00500,C05528,O021793,2,"hello, beti ke liye liya tha chhota pad gaya",2025-07-16
RV005932,DH-KID-00454,C03771,O012953,4,value for money,2025-10-24
RV005933,DH-KID-00426,C01540,O023242,4,value for money,2026-07-12
RV005934,DH-TOP-00273,C00624,O006587,4,perfect fit,2026-03-01
RV005935,DH-KUR-00137,C00782,O014888,1,waist pe nahi aaya !!,2024-12-15
RV005936,DH-KUR-00029,C05092,O016704,1,XL BHI TIGHT HAI KYA SIZE H YE !!,2025-10-22
RV005937,DH-KUR-00043,C02830,O023000,1,mam tight hai very disappointed,2026-04-08
RV005938,DH-SCH-00491,C05604,O005165,2,hi size chart se badda nikla,2026-03-01
RV005939,DH-SCH-00472,C05060,O000353,5,beti ko bahut pasand aaya,2024-11-12
RV005940,DH-KUR-00035,C00276,O008574,4,nice quality for the price,2024-12-04
RV005941,DH-PAL-00334,C02998,O001664,4,value for money,2026-06-03
RV005942,DH-KUR-00066,C04101,O006980,2,pls print utar raha hai,2025-09-14
RV005943,DH-DRE-00202,C01124,O018781,5,,2025-05-05
RV005944,DH-TRA-00597,C04145,O005263,5,mast hai 👍,2025-04-17
RV005945,DH-MEN-00556,C00345,O019569,2,bahut loose hai,2026-03-01
RV005946,DH-KUR-00078,C05293,O014455,5,perfect fit,2025-09-20
RV005947,DH-KUR-00003,C02274,O001169,2,HI OK EXCHANGE NAHI CHAHIYE,2025-12-13
RV005948,DH-DRE-00228,C05404,O008549,4,colour same as photo,2025-10-26
RV005949,DH-FRO-00393,C00153,O000799,3,"loose fitting, mere size ka nahi lagta pls return",2025-10-08
RV005950,DH-CO--00353,C05735,O006197,1,"hello, photo me maroon dikha, aaya brown",2026-05-28
RV005951,DH-TOP-00273,C00393,O020770,4,nice quality for the price,2025-06-17
RV005952,DH-TOP-00285,C04129,O014221,4,bahut achha hai,2024-12-23
RV005953,DH-PAL-00340,C00242,O000956,4,colour same as photo,2026-01-06
RV005954,DH-TOP-00271,C04855,O006077,4,nice quality for the price,2025-03-11
RV005955,DH-CO--00355,C00949,O007482,5,nice quality for the price,2025-05-25
RV005956,DH-KUR-00105,C02126,O011925,2,रंग फोटो से अलग है exchange nahi chahiye,2025-11-19
RV005957,DH-KUR-00171,C05361,O006525,2,galat prduct aaya,2025-10-22
RV005958,DH-KUR-00069,C01946,O003685,3,sir colour fade sa hai photo jaisa nahi,2026-09-27
RV005959,DH-KID-00436,C05587,O020821,2,hi XL bhi tight hai kya size h ye exchange nahi chahiye,2025-09-15
RV005960,DH-KUR-00137,C01246,O010963,3,hi कपड़ा बहुत पतला है,2024-12-12
RV005961,DH-TOP-00307,C04702,O015748,3,mam rang bilkul alag hai,2026-08-17
RV005962,DH-KID-00462,C02131,O017517,2,SIR NO !!,2024-11-01
RV005963,DH-KID-00462,C00244,O019270,4,comfortable hai,2026-06-10
RV005964,DH-KUR-00137,C02817,O016294,2,size chota hai refund chahiye,2025-01-22
RV005965,DH-DRE-00247,C05944,O013155,4,colour same as photo,2026-04-18
RV005966,DH-KID-00514,C05409,O021425,4,mast hai 👍,2026-07-15
RV005967,DH-FRO-00386,C00019,O014807,4,comfortable hai,2024-12-17
RV005968,DH-KUR-00007,C01930,O000034,5,,2026-04-30
RV005969,DH-DRE-00218,C00292,O004471,2,"stitching kharab hai, dhaage nikal rahe refund chahiye",2025-02-28
RV005970,DH-KUR-00072,C03765,O001565,5,,2026-09-06
RV005971,DH-TOP-00265,C04406,O019931,5,comfortable hai,2026-06-09
RV005972,DH-KUR-00088,C05882,O006016,5,bahut achha hai,2025-03-02
RV005973,DH-FRO-00401,C02142,O012422,1,"photo me maroon dikha, aaya brown !!",2025-09-06
RV005974,DH-SCH-00476,C03184,O020660,3,hi size se chota h 🙏,2025-12-03
RV005975,DH-DRE-00213,C00823,O021319,5,mast hai 👍,2025-06-30
RV005976,DH-KUR-00022,C00580,O015411,5,office ke liye perfect,2026-04-25
RV005977,DH-FRO-00375,C04694,O019149,1,pls size baa hai,2026-05-20
RV005978,DH-TRA-00593,C04407,O012249,4,comfortable hai,2025-02-09
RV005979,DH-KUR-00132,C03666,O010152,1,hi ...,2026-05-07
RV005980,DH-DRE-00184,C05728,O015778,4,office ke liye perfect,2025-07-04
RV005981,DH-KID-00523,C03752,O003354,1,bhaiya see through hai kapda refund chahiye,2025-05-31
RV005982,DH-TOP-00261,C05258,O006056,5,loved it,2026-03-18
RV005983,DH-DRE-00215,C03944,O018325,5,bahut achha hai,2026-02-26
RV005984,DH-MEN-00554,C00842,O017387,5,beti ko bahut pasand aaya,2025-12-08
RV005985,DH-FRO-00400,C04110,O010375,5,,2024-12-31
RV005986,DH-KUR-00151,C00975,O023722,4,,2025-10-18
RV005987,DH-SCH-00479,C00056,O015060,2,"bhaiya material not as described, ye cotton nahi lagta pls return",2025-10-18
RV005988,DH-KUR-00131,C00806,O015116,5,office ke liye perfect,2025-01-25
RV005989,DH-KUR-00052,C01904,O004072,5,office ke liye perfect,2025-05-30
RV005990,DH-TOP-00272,C04859,O021249,4,value for money,2025-05-11
RV005991,DH-MEN-00576,C03590,O012251,4,kapda achha hai,2026-06-15
RV005992,DH-TOP-00289,C01071,O018236,3,... exchange nahi chahiye,2026-02-12
RV005993,DH-SCH-00477,C04220,O006765,5,,2025-09-22
RV005994,DH-TOP-00311,C04496,O023249,2,hi issue hai,2025-10-14
RV005995,DH-KUR-00171,C03038,O013459,4,office ke liye perfect,2025-02-17
RV005996,DH-KID-00513,C05195,O007232,2,"hello, mustard bola tha ye to green yellow hai refund chahiye",2026-02-25
RV005997,DH-KUR-00088,C03450,O021768,5,beti ko bahut pasand aaya,2024-12-16
RV005998,DH-FRO-00370,C05876,O012866,2,sir pehli dhulai me shrink ho gaya pls return,2025-05-31
RV005999,DH-KUR-00034,C04999,O002990,5,comfortable hai,2025-03-21
RV006000,DH-TRA-00600,C05267,O002972,4,comfortable hai,2026-09-04
